event_id,ticker,t0_utc,direction,cluster_len,peak_abs_ret_3_bp,peak_z_ret_3,peak_volume_mult,peak_range_mult,peak_impact_mult,event_window_start,event_window_end,val_window_start,val_window_end,event_return,forward_return_60m,label_proxy,reject_reason,strength_score
AAPL_20251016_132500,AAPL,2025-10-16 13:25:00+00:00,-1,3,115.56547639492098,5.326791844481974,1066.430788590604,19.031875118952424,0.1293819072861857,2025-10-16 13:05:00+00:00,2025-10-16 13:25:00+00:00,2025-10-16 13:30:00+00:00,2025-10-16 14:25:00+00:00,-0.007355983467526,-0.0032217792275784,continuation,out_of_rth,
AAPL_20251027_080000,AAPL,2025-10-27 08:00:00+00:00,1,3,77.16373756651463,4.62896247648791,2.4531498147167814,9.5337197264137,81.02654528105407,2025-10-24 23:40:00+00:00,2025-10-27 08:00:00+00:00,2025-10-27 08:05:00+00:00,2025-10-27 09:00:00+00:00,0.0068797749819453,-0.0013212533031331,unclear,out_of_rth,
AAPL_20251030_200500,AAPL,2025-10-30 20:05:00+00:00,1,19,475.4956977179248,5.776738940020808,5.5266388840905165,28.94603086759683,21.7004029450968,2025-10-30 19:45:00+00:00,2025-10-30 20:05:00+00:00,2025-10-30 20:10:00+00:00,2025-10-30 21:05:00+00:00,0.0043145269503106,0.0443033328439288,continuation,out_of_rth,
AAPL_20251110_142500,AAPL,2025-11-10 14:25:00+00:00,-1,8,118.5873605947907,5.478113240539298,909.9960784313726,36.12915810457327,0.384195840096015,2025-11-10 14:05:00+00:00,2025-11-10 14:25:00+00:00,2025-11-10 14:30:00+00:00,2025-11-10 15:25:00+00:00,-0.0034822553159961,0.0106208178438662,reversal,out_of_rth,
AAPL_20251113_142500,AAPL,2025-11-13 14:25:00+00:00,1,11,102.65532164600356,4.924604971197765,711.4939415538132,7.119544483458743,0.3418069480693197,2025-11-13 14:05:00+00:00,2025-11-13 14:25:00+00:00,2025-11-13 14:30:00+00:00,2025-11-13 15:25:00+00:00,0.0062385321100917,-0.0017140773158277,unclear,out_of_rth,
AAPL_20251119_142500,AAPL,2025-11-19 14:25:00+00:00,-1,9,148.77589453861083,6.506428550687235,448.02382843526607,18.20481515005378,0.0989284975005773,2025-11-19 14:05:00+00:00,2025-11-19 14:25:00+00:00,2025-11-19 14:30:00+00:00,2025-11-19 15:25:00+00:00,-0.0037523452157598,0.0239171374764595,reversal,out_of_rth,
AAPL_20251121_142000,AAPL,2025-11-21 14:20:00+00:00,-1,9,146.35208991480297,4.670801884485515,958.1401374338176,7.870571206667127,0.3991344221075169,2025-11-21 14:00:00+00:00,2025-11-21 14:20:00+00:00,2025-11-21 14:25:00+00:00,2025-11-21 15:20:00+00:00,-0.0033911273604462,0.0219722907920001,reversal,out_of_rth,
AAPL_20251124_142500,AAPL,2025-11-24 14:25:00+00:00,-1,9,133.88905281793262,4.04678257087362,1221.5486362539225,40.582736031410285,0.1020410916212173,2025-11-24 14:05:00+00:00,2025-11-24 14:25:00+00:00,2025-11-24 14:30:00+00:00,2025-11-24 15:25:00+00:00,-0.0044431388389085,0.0072845972263204,reversal,out_of_rth,
AAPL_20251128_175000,AAPL,2025-11-28 17:50:00+00:00,1,3,66.42119702549465,4.753464546749917,22.21149037037037,4.7704138947322505,0.9176146735698152,2025-11-28 17:30:00+00:00,2025-11-28 17:50:00+00:00,2025-11-28 17:55:00+00:00,2025-11-28 21:50:00+00:00,0.0054147714966428,-0.0007898894154817,unclear,window_gap_gt_10min,
AAPL_20251215_142500,AAPL,2025-12-15 14:25:00+00:00,1,6,189.4821064882235,7.517786312194485,1395.279811097993,54.83566601609327,0.1601552919471361,2025-12-15 14:05:00+00:00,2025-12-15 14:25:00+00:00,2025-12-15 14:30:00+00:00,2025-12-15 15:25:00+00:00,0.0037618228718832,-0.0215048006567442,reversal,out_of_rth,
AAPL_20251218_142500,AAPL,2025-12-18 14:25:00+00:00,1,4,205.16989349959937,5.938784998901993,1320.9143043336592,31.83551248629676,0.4337116163307928,2025-12-18 14:05:00+00:00,2025-12-18 14:25:00+00:00,2025-12-18 14:30:00+00:00,2025-12-18 15:25:00+00:00,0.00459145317217,-0.0101216793948918,reversal,out_of_rth,
AAPL_20260102_090000,AAPL,2026-01-02 09:00:00+00:00,1,3,64.68447940019884,4.813232840201636,0.0655282888000792,3.119379748691813,298.65698642001337,2026-01-01 00:35:00+00:00,2026-01-02 09:00:00+00:00,2026-01-02 09:05:00+00:00,2026-01-02 10:00:00+00:00,0.0047792360574978,-0.0004024733818741,unclear,out_of_rth,
AAPL_20260102_142500,AAPL,2026-01-02 14:25:00+00:00,-1,12,154.78238588528149,6.593306526154028,567.1317215506461,38.70727323005912,0.2594521320407392,2026-01-02 14:05:00+00:00,2026-01-02 14:25:00+00:00,2026-01-02 14:30:00+00:00,2026-01-02 15:25:00+00:00,-0.0029685553030858,0.0049255651534643,reversal,out_of_rth,
AAPL_20260108_113500,AAPL,2026-01-08 11:35:00+00:00,-1,3,60.98745289981,4.4106800742600925,16.450274079874706,12.261005407541465,1.1642120683872224,2026-01-08 11:15:00+00:00,2026-01-08 11:35:00+00:00,2026-01-08 11:40:00+00:00,2026-01-08 12:35:00+00:00,-0.0059850181481195,-0.0015538204560464,unclear,out_of_rth,
AAPL_20260112_090000,AAPL,2026-01-12 09:00:00+00:00,-1,3,83.59253499223173,4.956901571231498,1.4720959825486275,6.985185120264749,124.90774631890748,2026-01-10 00:40:00+00:00,2026-01-12 09:00:00+00:00,2026-01-12 09:05:00+00:00,2026-01-12 10:00:00+00:00,-0.0071742652163852,0.0014763014763015,unclear,out_of_rth,
AAPL_20260113_142500,AAPL,2026-01-13 14:25:00+00:00,-1,4,85.5821125674594,4.240342717486419,324.1999675377374,20.52987209978079,0.2221736294048536,2026-01-13 14:05:00+00:00,2026-01-13 14:25:00+00:00,2026-01-13 14:30:00+00:00,2026-01-13 15:25:00+00:00,-0.0019675925925926,0.0054122695117708,reversal,out_of_rth,
AMD_20251017_080000,AMD,2025-10-17 08:00:00+00:00,-1,6,351.5973585579157,4.992987853483172,5.976049079754601,12.236958684405408,16.541173046696915,2025-10-16 23:40:00+00:00,2025-10-17 08:00:00+00:00,2025-10-17 08:05:00+00:00,2025-10-17 09:00:00+00:00,-0.0307692307692308,0.0159619403316881,reversal,out_of_rth,
AMD_20251020_080000,AMD,2025-10-20 08:00:00+00:00,1,3,176.21919593293845,4.732068440656497,3.362379421221865,3.598135205587861,25.45883295431456,2025-10-17 23:40:00+00:00,2025-10-20 08:00:00+00:00,2025-10-20 08:05:00+00:00,2025-10-20 09:00:00+00:00,0.017094383274067,-0.0027801179443975,unclear,out_of_rth,
AMD_20251021_080000,AMD,2025-10-21 08:00:00+00:00,-1,3,93.02325581395988,4.145745826273293,2.715640181789688,12.50528261104128,29.058353793954613,2025-10-20 23:40:00+00:00,2025-10-21 08:00:00+00:00,2025-10-21 08:05:00+00:00,2025-10-21 09:00:00+00:00,-0.0086328546526105,0.0007117139747132,unclear,out_of_rth,
AMD_20251024_130000,AMD,2025-10-24 13:00:00+00:00,1,22,258.6561394851605,4.591048608896159,555.5621016151989,28.72984619555228,0.7350187273484271,2025-10-24 12:40:00+00:00,2025-10-24 13:00:00+00:00,2025-10-24 13:05:00+00:00,2025-10-24 14:00:00+00:00,0.0041958041958043,0.0285560380140914,continuation,out_of_rth,
AMD_20251027_080000,AMD,2025-10-27 08:00:00+00:00,1,3,215.58676580511136,4.972672494576391,3.359733931471885,15.982797762351524,33.422677743229904,2025-10-24 23:40:00+00:00,2025-10-27 08:00:00+00:00,2025-10-27 08:05:00+00:00,2025-10-27 09:00:00+00:00,0.0211727666273122,-0.0026206258671188,unclear,out_of_rth,
AMD_20251028_080000,AMD,2025-10-28 08:00:00+00:00,-1,3,103.99283237894964,4.442799027878343,1.6870205059464394,4.3428029855967685,30.1067459058205,2025-10-27 23:40:00+00:00,2025-10-28 08:00:00+00:00,2025-10-28 08:05:00+00:00,2025-10-28 09:00:00+00:00,-0.0079435468322215,0.0024487892097795,unclear,out_of_rth,
AMD_20251029_080000,AMD,2025-10-29 08:00:00+00:00,1,3,164.98978451101155,4.220539662022518,3.0541682020465437,32.378772979812965,29.745031955272932,2025-10-28 23:40:00+00:00,2025-10-29 08:00:00+00:00,2025-10-29 08:05:00+00:00,2025-10-29 09:00:00+00:00,0.0161888735316042,-0.0043618433529298,reversal,out_of_rth,
AMD_20251030_132000,AMD,2025-10-30 13:20:00+00:00,-1,29,158.05158165856037,4.4357396454730695,269.4960858219774,8.497263555952209,0.6137934434473614,2025-10-30 13:00:00+00:00,2025-10-30 13:20:00+00:00,2025-10-30 13:25:00+00:00,2025-10-30 14:20:00+00:00,-0.0034747693139259,0.0029828367750184,unclear,out_of_rth,
AMD_20251104_090000,AMD,2025-11-04 09:00:00+00:00,-1,3,170.09213323883722,5.056910493393059,1.2354497354497354,3.479036083088327,37.89400156529863,2025-11-04 00:40:00+00:00,2025-11-04 09:00:00+00:00,2025-11-04 09:05:00+00:00,2025-11-04 10:00:00+00:00,-0.0127469972878729,-0.0094580275499391,continuation,out_of_rth,
AMD_20251106_142500,AMD,2025-11-06 14:25:00+00:00,-1,24,273.54427234324464,6.409232150249669,343.6203185535945,10.551555916579566,0.1702049861596614,2025-11-06 14:05:00+00:00,2025-11-06 14:25:00+00:00,2025-11-06 14:30:00+00:00,2025-11-06 15:25:00+00:00,-0.0023221032745591,-0.0458006232987494,continuation,out_of_rth,
AMD_20251110_090000,AMD,2025-11-10 09:00:00+00:00,1,3,250.10597710894527,4.272651939688796,2.1037467429392915,4.349649901985234,34.47358022664636,2025-11-08 00:40:00+00:00,2025-11-10 09:00:00+00:00,2025-11-10 09:05:00+00:00,2025-11-10 10:00:00+00:00,0.0250970726229131,0.0012406947890817,unclear,out_of_rth,
AMD_20251112_142500,AMD,2025-11-12 14:25:00+00:00,1,27,329.33418083585184,4.7457767100070765,360.8244521233064,11.932852516605,1.5408156805723632,2025-11-12 14:05:00+00:00,2025-11-12 14:25:00+00:00,2025-11-12 14:30:00+00:00,2025-11-12 15:25:00+00:00,0.0038098261766807,0.0352854431881077,continuation,out_of_rth,
AMD_20251113_133000,AMD,2025-11-13 13:30:00+00:00,-1,28,218.23541207138587,4.30302343921102,264.3831421656319,11.805358607907127,0.7062972129666513,2025-11-13 13:10:00+00:00,2025-11-13 13:30:00+00:00,2025-11-13 13:35:00+00:00,2025-11-13 14:30:00+00:00,-0.0067596608447623,-0.0049567269866246,continuation,out_of_rth,
AMD_20251117_142500,AMD,2025-11-17 14:25:00+00:00,-1,10,145.8110223247444,4.024144458500167,221.5103640301124,8.245098852156568,0.900313380818953,2025-11-17 14:05:00+00:00,2025-11-17 14:25:00+00:00,2025-11-17 14:30:00+00:00,2025-11-17 15:25:00+00:00,-0.0064658700278278,0.0149312134442705,reversal,out_of_rth,
AMD_20251124_141000,AMD,2025-11-24 14:10:00+00:00,1,11,190.24106883532176,4.536909335896981,349.50790966073026,10.651340937169223,0.4948283485694597,2025-11-24 13:50:00+00:00,2025-11-24 14:10:00+00:00,2025-11-24 14:15:00+00:00,2025-11-24 15:10:00+00:00,0.0016362666149221,0.0260692095450685,continuation,out_of_rth,
AMD_20251124_224500,AMD,2025-11-24 22:45:00+00:00,-1,7,159.80975029726176,4.18724776197974,0.3229672695951766,5.337321310689088,57.989868681838814,2025-11-24 22:25:00+00:00,2025-11-24 22:45:00+00:00,2025-11-24 22:50:00+00:00,2025-11-24 23:45:00+00:00,-0.0067927621407123,-0.0116171003717472,continuation,out_of_rth,
AMD_20251126_133000,AMD,2025-11-26 13:30:00+00:00,1,6,201.93236714976416,4.543959995528451,27.747749774977496,5.881542572515788,0.5634429161890863,2025-11-26 13:10:00+00:00,2025-11-26 13:30:00+00:00,2025-11-26 13:35:00+00:00,2025-11-26 14:30:00+00:00,0.0055621770017193,0.0187784338398993,continuation,out_of_rth,
AMD_20251128_142500,AMD,2025-11-28 14:25:00+00:00,1,7,146.484375,4.253687126470195,178.0962518056717,11.194446531763392,1.4759148299571172,2025-11-28 14:05:00+00:00,2025-11-28 14:25:00+00:00,2025-11-28 14:30:00+00:00,2025-11-28 15:25:00+00:00,0.0021779425393884,0.0025509779442363,unclear,out_of_rth,
AMD_20251203_140000,AMD,2025-12-03 14:00:00+00:00,-1,12,217.77819408017817,6.781303172905949,312.03517803517803,21.70806404021104,1.0565950508927229,2025-12-03 13:40:00+00:00,2025-12-03 14:00:00+00:00,2025-12-03 14:05:00+00:00,2025-12-03 15:00:00+00:00,-0.0101498121834501,0.0053376653515897,reversal,out_of_rth,
AMD_20251209_142500,AMD,2025-12-09 14:25:00+00:00,-1,16,153.320863394788,4.3351335392225225,235.2452100544911,13.64866692731222,0.5219061838380318,2025-12-09 14:05:00+00:00,2025-12-09 14:25:00+00:00,2025-12-09 14:30:00+00:00,2025-12-09 15:25:00+00:00,-0.0036068530207394,0.0110859728506786,reversal,out_of_rth,
AMD_20251210_090000,AMD,2025-12-10 09:00:00+00:00,1,3,60.72691017855236,4.040717896919881,1.036853160206225,0.854766187714744,32.500199567833405,2025-12-10 00:40:00+00:00,2025-12-10 09:00:00+00:00,2025-12-10 09:05:00+00:00,2025-12-10 10:55:00+00:00,0.0040742417383432,-0.0009017132551849,unclear,out_of_rth,
AMD_20251218_133000,AMD,2025-12-18 13:30:00+00:00,1,5,140.84143679300888,5.087099411443953,15.84853096102072,8.740902998094047,0.8572010079054131,2025-12-18 13:10:00+00:00,2025-12-18 13:30:00+00:00,2025-12-18 13:35:00+00:00,2025-12-18 14:30:00+00:00,0.0048220536596821,0.0155148221343872,continuation,out_of_rth,
AMD_20251219_142500,AMD,2025-12-19 14:25:00+00:00,1,18,244.2290748898679,6.65480561922502,1422.3219980787703,16.52260647184715,0.2112913438127666,2025-12-19 14:05:00+00:00,2025-12-19 14:25:00+00:00,2025-12-19 14:30:00+00:00,2025-12-19 15:25:00+00:00,0.0053678672028629,0.0309593734703865,continuation,out_of_rth,
AMD_20251222_141000,AMD,2025-12-22 14:10:00+00:00,1,12,237.31491981623165,5.479526792646777,399.1980708838044,37.84276059188547,1.110626328413776,2025-12-22 13:50:00+00:00,2025-12-22 14:10:00+00:00,2025-12-22 14:15:00+00:00,2025-12-22 15:10:00+00:00,0.0068870523415978,-0.0254901960784313,reversal,out_of_rth,
AMD_20251229_090000,AMD,2025-12-29 09:00:00+00:00,-1,3,84.9765258215962,5.6651736585105805,0.924770271634858,6.21516450038216,214.59930992821575,2025-12-27 00:40:00+00:00,2025-12-29 09:00:00+00:00,2025-12-29 09:05:00+00:00,2025-12-29 10:10:00+00:00,-0.0069772060571134,-0.0024355971896955,unclear,out_of_rth,
AMD_20260102_090000,AMD,2026-01-02 09:00:00+00:00,1,3,201.27329011156547,5.113111108596088,1.8456423652339111,6.757540828902177,184.27797336767628,2026-01-01 00:40:00+00:00,2026-01-02 09:00:00+00:00,2026-01-02 09:05:00+00:00,2026-01-02 10:05:00+00:00,0.0175700934579439,-0.0006429096252754,unclear,out_of_rth,
AMD_20260105_090000,AMD,2026-01-05 09:00:00+00:00,1,4,185.5320667201932,4.855460857668427,2.8242689259360483,14.980086028901104,39.41416163949837,2026-01-03 00:40:00+00:00,2026-01-05 09:00:00+00:00,2026-01-05 09:05:00+00:00,2026-01-05 10:00:00+00:00,0.018760888015366,0.0051738501337308,continuation,out_of_rth,
AMD_20260106_141500,AMD,2026-01-06 14:15:00+00:00,1,7,276.5942762491913,7.47887764599079,464.7380468894222,26.36086686840393,0.5456375964610143,2026-01-06 13:55:00+00:00,2026-01-06 14:15:00+00:00,2026-01-06 14:20:00+00:00,2026-01-06 15:15:00+00:00,0.0034102038719565,-0.0265593561368209,reversal,out_of_rth,
AMD_20260107_142500,AMD,2026-01-07 14:25:00+00:00,-1,8,260.66958143105,6.122743479346715,483.7981827899519,32.37175757063255,0.903089990786887,2026-01-07 14:05:00+00:00,2026-01-07 14:25:00+00:00,2026-01-07 14:30:00+00:00,2026-01-07 15:25:00+00:00,-0.0046946152762781,-0.0063912079618885,continuation,out_of_rth,
AMD_20260108_142000,AMD,2026-01-08 14:20:00+00:00,-1,15,187.0740078310096,6.167041935403344,266.3201133144476,16.79696387207008,0.4982204110648334,2026-01-08 14:00:00+00:00,2026-01-08 14:20:00+00:00,2026-01-08 14:25:00+00:00,2026-01-08 15:20:00+00:00,-0.0035072752263141,-0.0140071343638524,continuation,out_of_rth,
AMD_20260112_090000,AMD,2026-01-12 09:00:00+00:00,-1,3,128.90702767270446,4.680850480639051,3.1892684971704046,9.06238140288867,59.64762124278566,2026-01-10 00:40:00+00:00,2026-01-12 09:00:00+00:00,2026-01-12 09:05:00+00:00,2026-01-12 10:05:00+00:00,-0.0124796580737849,-0.0024885526577742,unclear,out_of_rth,
AMD_20260112_142500,AMD,2026-01-12 14:25:00+00:00,-1,14,211.46686522709905,4.847299470241089,388.0538091192297,25.738644488715583,0.2787338956526537,2026-01-12 14:05:00+00:00,2026-01-12 14:25:00+00:00,2026-01-12 14:30:00+00:00,2026-01-12 15:25:00+00:00,-0.0010718049761735,0.0379435443792863,reversal,out_of_rth,
AMD_20260113_090000,AMD,2026-01-13 09:00:00+00:00,1,3,188.6792452830144,5.005505348964435,3.954488477485296,6.155272616206894,23.50119592430008,2026-01-13 00:40:00+00:00,2026-01-13 09:00:00+00:00,2026-01-13 09:05:00+00:00,2026-01-13 10:05:00+00:00,0.0169491525423728,0.0009012855177648,unclear,out_of_rth,
AMD_20260115_131000,AMD,2026-01-15 13:10:00+00:00,1,23,275.5352755352769,4.284020465293408,603.6602327561737,29.78791495691961,1.1662464959939969,2026-01-15 12:50:00+00:00,2026-01-15 13:10:00+00:00,2026-01-15 13:15:00+00:00,2026-01-15 14:10:00+00:00,0.0033311417926802,0.0012668734437115,unclear,out_of_rth,
META_20251017_080000,META,2025-10-17 08:00:00+00:00,-1,3,153.22927108692096,4.131446909370234,1.3106998406667485,2.964243803578407,47.19011500037537,2025-10-16 23:40:00+00:00,2025-10-17 08:00:00+00:00,2025-10-17 08:05:00+00:00,2025-10-17 09:10:00+00:00,-0.0143966125617502,0.0071316053272232,reversal,out_of_rth,
META_20251027_080000,META,2025-10-27 08:00:00+00:00,1,3,124.69030502416878,4.667490721881073,0.2322540473225404,3.495766591769861,120.25434976602884,2025-10-24 23:30:00+00:00,2025-10-27 08:00:00+00:00,2025-10-27 08:05:00+00:00,2025-10-27 09:10:00+00:00,0.0124416164624654,0.0042255027813435,continuation,out_of_rth,
META_20251030_131500,META,2025-10-30 13:15:00+00:00,-1,10,224.57527626924104,5.070154739284488,175.34993199875927,9.652549789782007,0.6788150845164381,2025-10-30 12:55:00+00:00,2025-10-30 13:15:00+00:00,2025-10-30 13:20:00+00:00,2025-10-30 14:15:00+00:00,-0.0045493613111645,-0.0115370301451432,continuation,out_of_rth,
META_20251031_124500,META,2025-10-31 12:45:00+00:00,-1,3,74.27777196573837,4.291616366206372,12.530725925925926,5.030919898337393,0.7988522031697676,2025-10-31 12:25:00+00:00,2025-10-31 12:45:00+00:00,2025-10-31 12:50:00+00:00,2025-10-31 13:45:00+00:00,-0.00581633861181,-0.0205053843585429,continuation,out_of_rth,
META_20251031_132500,META,2025-10-31 13:25:00+00:00,1,16,212.87738265785893,4.969129376370329,311.7467360035406,29.38079529373666,1.117154496822846,2025-10-31 13:05:00+00:00,2025-10-31 13:25:00+00:00,2025-10-31 13:30:00+00:00,2025-10-31 14:25:00+00:00,0.0078567267621623,-0.0248314190440903,reversal,out_of_rth,
META_20251104_090000,META,2025-11-04 09:00:00+00:00,-1,3,131.7191899587922,5.398185708981724,1.89637137381022,13.979845145944806,46.062739545405954,2025-11-04 00:40:00+00:00,2025-11-04 09:00:00+00:00,2025-11-04 09:05:00+00:00,2025-11-04 10:00:00+00:00,-0.0089945844125263,-0.0084426281442058,continuation,out_of_rth,
META_20251106_142500,META,2025-11-06 14:25:00+00:00,-1,14,166.97054025524682,5.83816097213446,314.92106065224016,12.625047461897465,0.547592380999582,2025-11-06 14:05:00+00:00,2025-11-06 14:25:00+00:00,2025-11-06 14:30:00+00:00,2025-11-06 15:25:00+00:00,-0.0048528490920474,-0.0167374547742646,continuation,out_of_rth,
META_20251107_142500,META,2025-11-07 14:25:00+00:00,1,9,129.859455905319,4.457111371082675,150.14559547501833,9.557397220469074,1.33187290463106,2025-11-07 14:05:00+00:00,2025-11-07 14:25:00+00:00,2025-11-07 14:30:00+00:00,2025-11-07 15:25:00+00:00,0.005876111972578,-0.0156707505070994,reversal,out_of_rth,
META_20251110_090000,META,2025-11-10 09:00:00+00:00,1,3,140.10171768543466,4.258078006438807,1.0855796140816023,4.227093559344679,47.83469703836231,2025-11-08 00:40:00+00:00,2025-11-10 09:00:00+00:00,2025-11-10 09:05:00+00:00,2025-11-10 10:00:00+00:00,0.0130960376091338,0.0002841043610017,unclear,out_of_rth,
META_20251111_113000,META,2025-11-11 11:30:00+00:00,-1,3,125.88829222804688,4.187020931665202,20.623809523809523,30.436078438009684,2.32368688095566,2025-11-11 11:10:00+00:00,2025-11-11 11:30:00+00:00,2025-11-11 11:35:00+00:00,2025-11-11 12:30:00+00:00,-0.0124009590498419,0.0038908003472779,reversal,out_of_rth,
META_20251126_120000,META,2025-11-26 12:00:00+00:00,-1,6,68.45849802371573,4.260685993199491,8.26458938473726,9.297978681774238,1.9105894989082288,2025-11-26 11:40:00+00:00,2025-11-26 12:00:00+00:00,2025-11-26 12:05:00+00:00,2025-11-26 13:00:00+00:00,-0.0041751368256449,-0.0035488277876356,continuation,out_of_rth,
META_20251202_142500,META,2025-12-02 14:25:00+00:00,-1,6,81.62535897114908,5.187434910560728,515.6617142857143,15.528476513029243,0.7959520384351312,2025-12-02 14:05:00+00:00,2025-12-02 14:25:00+00:00,2025-12-02 14:30:00+00:00,2025-12-02 15:25:00+00:00,-0.0032589465843136,-4.281621722601603e-05,unclear,out_of_rth,
META_20251203_140000,META,2025-12-03 14:00:00+00:00,-1,5,97.32451361867732,6.4564462606633946,63.371112646855565,21.509484088345783,1.2603315795715977,2025-12-03 13:40:00+00:00,2025-12-03 14:00:00+00:00,2025-12-03 14:05:00+00:00,2025-12-03 15:00:00+00:00,-0.0050886661526599,0.0042002479851208,reversal,out_of_rth,
META_20251204_113000,META,2025-12-04 11:30:00+00:00,1,3,60.424842708528544,4.063021663917809,22.361462248035533,18.844819490088287,1.506857958837302,2025-12-04 11:10:00+00:00,2025-12-04 11:30:00+00:00,2025-12-04 11:35:00+00:00,2025-12-04 12:30:00+00:00,0.0056039850560398,-0.0026315789473685,unclear,out_of_rth,
META_20251204_140000,META,2025-12-04 14:00:00+00:00,1,19,609.8640776698994,7.022725491787997,1898.5052966101696,78.67905856489686,0.1772187805142474,2025-12-04 13:40:00+00:00,2025-12-04 14:00:00+00:00,2025-12-04 14:05:00+00:00,2025-12-04 15:00:00+00:00,0.0398264994024502,-0.0042412747718821,reversal,out_of_rth,
META_20251205_142000,META,2025-12-05 14:20:00+00:00,-1,13,94.94952525237466,4.88845164471886,287.20656226696497,16.145226683474725,1.0838151147366486,2025-12-05 14:00:00+00:00,2025-12-05 14:20:00+00:00,2025-12-05 14:25:00+00:00,2025-12-05 15:20:00+00:00,-0.0024742765758427,0.0178771287697754,reversal,out_of_rth,
META_20251217_130000,META,2025-12-17 13:00:00+00:00,-1,1,67.14276994445268,4.895675716306214,43.69923932124049,23.65300281039956,0.5320220024442317,2025-12-17 12:40:00+00:00,2025-12-17 13:00:00+00:00,2025-12-17 13:05:00+00:00,2025-12-17 14:00:00+00:00,-0.0058557601868987,0.0031129829701519,reversal,out_of_rth,
META_20251218_090000,META,2025-12-18 09:00:00+00:00,1,4,140.87759815242686,5.117224508055597,3.244678847240535,7.734195570773592,55.97922837702597,2025-12-18 00:40:00+00:00,2025-12-18 09:00:00+00:00,2025-12-18 09:05:00+00:00,2025-12-18 10:00:00+00:00,0.0062888622290773,0.0006127169400915,unclear,out_of_rth,
META_20260102_090000,META,2026-01-02 09:00:00+00:00,1,3,115.4085614930156,5.354347489108255,0.983402489626556,4.0638712601310285,254.46454166951628,2026-01-01 00:40:00+00:00,2026-01-02 09:00:00+00:00,2026-01-02 09:05:00+00:00,2026-01-02 10:10:00+00:00,0.0099119611414695,-0.0004959944689102,unclear,out_of_rth,
META_20260112_090000,META,2026-01-12 09:00:00+00:00,-1,3,104.15054628741592,4.340997671615447,2.6055009823182718,6.364738741668787,43.92622127543366,2026-01-10 00:25:00+00:00,2026-01-12 09:00:00+00:00,2026-01-12 09:05:00+00:00,2026-01-12 10:00:00+00:00,-0.0104441041347627,-0.0010368627936487,unclear,out_of_rth,
MSFT_20251024_104500,MSFT,2025-10-24 10:45:00+00:00,-1,2,66.98656429942274,4.547879940416114,3.225025746652935,4.821100953996138,2.498029716147414,2025-10-24 10:25:00+00:00,2025-10-24 10:45:00+00:00,2025-10-24 10:50:00+00:00,2025-10-24 11:50:00+00:00,-0.0034429992348889,0.0019193857965451,unclear,out_of_rth,
MSFT_20251027_080000,MSFT,2025-10-27 08:00:00+00:00,1,3,112.59541984732556,4.866385498233632,0.1479089294364605,6.589880725426241,149.84632731684405,2025-10-24 23:40:00+00:00,2025-10-27 08:00:00+00:00,2025-10-27 08:05:00+00:00,2025-10-27 09:05:00+00:00,0.0112788411992594,-0.0026420079260237,unclear,out_of_rth,
MSFT_20251028_130000,MSFT,2025-10-28 13:00:00+00:00,1,9,419.7244553001855,5.198298545334472,1645.1286740692358,212.05681535998156,0.2702654955409768,2025-10-28 12:40:00+00:00,2025-10-28 13:00:00+00:00,2025-10-28 13:05:00+00:00,2025-10-28 14:00:00+00:00,0.0414510686164228,-0.0175874421702579,reversal,out_of_rth,
MSFT_20251103_140000,MSFT,2025-11-03 14:00:00+00:00,-1,8,139.24740164282358,6.085731990643028,359.0948404413958,39.44449414156801,0.981152607104789,2025-11-03 13:40:00+00:00,2025-11-03 14:00:00+00:00,2025-11-03 14:05:00+00:00,2025-11-03 15:00:00+00:00,-0.0059282447921122,0.0082414931192218,reversal,out_of_rth,
MSFT_20251104_090000,MSFT,2025-11-04 09:00:00+00:00,-1,3,80.6372884003359,4.47731370528332,1.3293395237382055,2.514714171964747,31.760909203528417,2025-11-04 00:40:00+00:00,2025-11-04 09:00:00+00:00,2025-11-04 09:05:00+00:00,2025-11-04 10:00:00+00:00,-0.0062953995157385,-0.0021247563352826,unclear,out_of_rth,
MSFT_20251110_090000,MSFT,2025-11-10 09:00:00+00:00,1,3,79.13871369461978,4.690571381609917,1.7534169367338313,7.403240625915333,77.33961337975825,2025-11-08 00:40:00+00:00,2025-11-10 09:00:00+00:00,2025-11-10 09:05:00+00:00,2025-11-10 10:00:00+00:00,0.007290913473126,0.0014356642938326,unclear,out_of_rth,
MSFT_20251114_142000,MSFT,2025-11-14 14:20:00+00:00,-1,7,94.84196355013852,4.254243873671841,338.9550650374458,6.03973037859777,0.3937432909256423,2025-11-14 14:00:00+00:00,2025-11-14 14:20:00+00:00,2025-11-14 14:25:00+00:00,2025-11-14 15:20:00+00:00,-0.002773767993905,0.0147136137869887,reversal,out_of_rth,
MSFT_20251119_142500,MSFT,2025-11-19 14:25:00+00:00,-1,4,75.11277121220905,4.342923274399372,266.9593086064098,10.571353235999675,0.2256517839590209,2025-11-19 14:05:00+00:00,2025-11-19 14:25:00+00:00,2025-11-19 14:30:00+00:00,2025-11-19 15:25:00+00:00,-0.0042073170731706,0.0097360847468004,reversal,out_of_rth,
MSFT_20251125_142500,MSFT,2025-11-25 14:25:00+00:00,1,5,143.84030093185677,5.361898841103729,325.7070480081716,9.242529036404266,0.7431967066437828,2025-11-25 14:05:00+00:00,2025-11-25 14:25:00+00:00,2025-11-25 14:30:00+00:00,2025-11-25 15:25:00+00:00,0.0091429057430205,-0.0131265670761256,reversal,out_of_rth,
MSFT_20251126_132500,MSFT,2025-11-26 13:25:00+00:00,1,9,79.54001954708411,5.437171162724048,52.01042028482112,11.458680017884184,0.7114278018754107,2025-11-26 13:05:00+00:00,2025-11-26 13:25:00+00:00,2025-11-26 13:30:00+00:00,2025-11-26 14:25:00+00:00,0.0036314306584577,0.0118530225207427,continuation,out_of_rth,
MSFT_20251203_140000,MSFT,2025-12-03 14:00:00+00:00,-1,6,218.09454241887184,6.005011993509762,402.5990783410138,61.10780115824944,0.1674861521701899,2025-12-03 13:40:00+00:00,2025-12-03 14:00:00+00:00,2025-12-03 14:05:00+00:00,2025-12-03 15:00:00+00:00,-0.0172614548648704,-0.0058306310800698,continuation,out_of_rth,
MSFT_20251208_142500,MSFT,2025-12-08 14:25:00+00:00,1,4,118.95445134575854,7.040661825237608,1043.6436271401394,23.84384651586428,0.298149831935856,2025-12-08 14:05:00+00:00,2025-12-08 14:25:00+00:00,2025-12-08 14:30:00+00:00,2025-12-08 15:25:00+00:00,0.0032476263368015,0.0084065979381442,continuation,out_of_rth,
MSFT_20251210_113000,MSFT,2025-12-10 11:30:00+00:00,-1,6,113.40248621058092,5.512597350776485,54.68587896253602,58.76920975953905,1.102057810200921,2025-12-10 11:10:00+00:00,2025-12-10 11:30:00+00:00,2025-12-10 11:35:00+00:00,2025-12-10 12:30:00+00:00,-0.0087522898432729,-0.0069815195071868,continuation,out_of_rth,
MSFT_20251218_142500,MSFT,2025-12-18 14:25:00+00:00,-1,6,79.24591257924662,4.193333399025492,400.0776233828462,9.758364118180872,0.1101261226574488,2025-12-18 14:05:00+00:00,2025-12-18 14:25:00+00:00,2025-12-18 14:30:00+00:00,2025-12-18 15:25:00+00:00,-0.0035420356287112,0.0135703084161002,reversal,out_of_rth,
MSFT_20260102_090000,MSFT,2026-01-02 09:00:00+00:00,1,3,76.54116673562194,4.961281783708641,1.204616998950682,1.4305248392098528,189.95303896803864,2026-01-01 00:40:00+00:00,2026-01-02 09:00:00+00:00,2026-01-02 09:05:00+00:00,2026-01-02 10:05:00+00:00,0.0068459152016546,-0.0020747314147202,unclear,out_of_rth,
MSFT_20260102_142500,MSFT,2026-01-02 14:25:00+00:00,-1,10,85.38998229720596,4.361794974033931,1012.8228849665246,17.65194977394788,0.3053014796997606,2026-01-02 14:05:00+00:00,2026-01-02 14:25:00+00:00,2026-01-02 14:30:00+00:00,2026-01-02 15:25:00+00:00,-0.0036008230452675,-0.018347960764068,continuation,out_of_rth,
MSFT_20260112_090000,MSFT,2026-01-12 09:00:00+00:00,-1,3,87.40732940184958,4.618046188037656,1.327720207253886,5.602099045938743,204.1592933222796,2026-01-10 00:40:00+00:00,2026-01-12 09:00:00+00:00,2026-01-12 09:05:00+00:00,2026-01-12 10:00:00+00:00,-0.0088717252896357,0.0014953664700925,unclear,out_of_rth,
MSFT_20260115_142500,MSFT,2026-01-15 14:25:00+00:00,1,4,88.92850930596552,4.983834648334707,137.49962565510356,14.346778109380272,0.7161966083736918,2026-01-15 14:05:00+00:00,2026-01-15 14:25:00+00:00,2026-01-15 14:30:00+00:00,2026-01-15 15:25:00+00:00,0.0036988968202464,-0.0111420012499731,reversal,out_of_rth,
NFLX_20251020_132500,NFLX,2025-10-20 13:25:00+00:00,1,7,125.27033771419173,6.440499437087321,86.40039890301671,19.821120694883614,10.710229927683612,2025-10-20 13:05:00+00:00,2025-10-20 13:25:00+00:00,2025-10-20 13:30:00+00:00,2025-10-20 14:25:00+00:00,0.0064475873544092,0.0123992560446373,continuation,out_of_rth,
NFLX_20251024_132500,NFLX,2025-10-24 13:25:00+00:00,-1,5,107.58520929391668,4.95171650562367,376.5024429967427,32.52147758264076,1.2049990617849224,2025-10-24 13:05:00+00:00,2025-10-24 13:25:00+00:00,2025-10-24 13:30:00+00:00,2025-10-24 14:25:00+00:00,-0.0068734358240971,-0.0021510021510021,unclear,out_of_rth,
NFLX_20251027_080500,NFLX,2025-10-27 08:05:00+00:00,1,3,93.87568555759174,4.123598609681384,0.1787445944175075,1.6628156683660242,290.1770658706529,2025-10-24 23:40:00+00:00,2025-10-27 08:05:00+00:00,2025-10-27 08:20:00+00:00,2025-10-27 10:30:00+00:00,0.0092860864081307,-0.0011500810490189,unclear,out_of_rth,
NFLX_20251103_090000,NFLX,2025-11-03 09:00:00+00:00,1,3,99.9286860402937,4.0982595111241205,0.1510315741479539,4.915220206364991,108.50604092903238,2025-10-31 23:10:00+00:00,2025-11-03 09:00:00+00:00,2025-11-03 09:05:00+00:00,2025-11-03 10:00:00+00:00,0.0106339285714285,0.0054421287911583,continuation,out_of_rth,
NFLX_20251104_090000,NFLX,2025-11-04 09:00:00+00:00,-1,3,69.98844227559032,4.220593247811006,1.670930745478606,7.412485347844638,29.106890010533835,2025-11-04 00:40:00+00:00,2025-11-04 09:00:00+00:00,2025-11-04 09:05:00+00:00,2025-11-04 10:00:00+00:00,-0.0059171597633135,-0.0028113553113553,unclear,out_of_rth,
NFLX_20251105_142500,NFLX,2025-11-05 14:25:00+00:00,-1,7,78.25870003142387,4.565781486492366,840.6678832116788,14.387628837710276,0.4162627163175676,2025-11-05 14:05:00+00:00,2025-11-05 14:25:00+00:00,2025-11-05 14:30:00+00:00,2025-11-05 15:25:00+00:00,-0.0032776048695845,0.0008336096680299,unclear,out_of_rth,
NFLX_20251114_142500,NFLX,2025-11-14 14:25:00+00:00,-1,16,125.37440029686933,5.015936496497033,421.1080550098232,14.772989347077328,0.6320853841086782,2025-11-14 14:05:00+00:00,2025-11-14 14:25:00+00:00,2025-11-14 14:30:00+00:00,2025-11-14 15:25:00+00:00,-0.001355531064909,-0.0230079201855336,continuation,out_of_rth,
NFLX_20251118_142500,NFLX,2025-11-18 14:25:00+00:00,1,22,157.43732083541852,4.306710401788417,493.6491671937592,6.459264595972892,0.2724060739530705,2025-11-18 14:05:00+00:00,2025-11-18 14:25:00+00:00,2025-11-18 14:30:00+00:00,2025-11-18 15:25:00+00:00,0.0045578851412944,0.0149727767695098,continuation,out_of_rth,
NFLX_20251119_142500,NFLX,2025-11-19 14:25:00+00:00,-1,10,198.6695433297392,6.962828272482881,552.4183780020884,8.22794346727128,0.8157485125303734,2025-11-19 14:05:00+00:00,2025-11-19 14:25:00+00:00,2025-11-19 14:30:00+00:00,2025-11-19 15:25:00+00:00,-0.0066050198150594,-0.0156028368794325,continuation,out_of_rth,
NFLX_20251120_142500,NFLX,2025-11-20 14:25:00+00:00,1,13,146.18547281863846,4.810764554203636,558.3456140350877,9.998139791452568,0.4976832448866139,2025-11-20 14:05:00+00:00,2025-11-20 14:25:00+00:00,2025-11-20 14:30:00+00:00,2025-11-20 15:25:00+00:00,0.0027088036117381,-0.0169293111211166,reversal,out_of_rth,
NFLX_20251124_142500,NFLX,2025-11-24 14:25:00+00:00,1,7,132.5309358081972,4.311850969155789,980.3984632272228,7.243684954822755,0.6037303999802828,2025-11-24 14:05:00+00:00,2025-11-24 14:25:00+00:00,2025-11-24 14:30:00+00:00,2025-11-24 15:25:00+00:00,0.0089060987415294,0.0011034350412588,unclear,out_of_rth,
NFLX_20251125_142000,NFLX,2025-11-25 14:20:00+00:00,-1,9,127.0687651763125,5.171539555565174,420.1894291754757,6.605730908575064,1.743214473475079,2025-11-25 14:00:00+00:00,2025-11-25 14:20:00+00:00,2025-11-25 14:25:00+00:00,2025-11-25 15:20:00+00:00,-0.0044910179640718,-0.0177631578947368,continuation,out_of_rth,
NFLX_20251126_142500,NFLX,2025-11-26 14:25:00+00:00,1,9,102.7006466336955,4.9431484981922935,791.7339707536557,8.700733311255467,0.4998059444053603,2025-11-26 14:05:00+00:00,2025-11-26 14:25:00+00:00,2025-11-26 14:30:00+00:00,2025-11-26 15:25:00+00:00,0.0058963385639561,0.0030254325423089,continuation,out_of_rth,
NFLX_20251128_142500,NFLX,2025-11-28 14:25:00+00:00,1,9,92.87195926833692,5.254145133797913,891.1922246220303,7.467016000748997,0.7287004578184019,2025-11-28 14:05:00+00:00,2025-11-28 14:25:00+00:00,2025-11-28 14:30:00+00:00,2025-11-28 15:25:00+00:00,0.0040160642570281,0.0088262910798122,continuation,out_of_rth,
NFLX_20251203_090000,NFLX,2025-12-03 09:00:00+00:00,-1,4,82.95695455802444,5.092450801271086,3.662749885548604,6.509692022539556,5.441035546806768,2025-12-03 00:40:00+00:00,2025-12-03 09:00:00+00:00,2025-12-03 09:05:00+00:00,2025-12-03 10:00:00+00:00,-0.0054824561403508,-0.0066152149944873,continuation,out_of_rth,
NFLX_20251203_140500,NFLX,2025-12-03 14:05:00+00:00,-1,21,281.8791946308674,6.268751719776601,649.8993193420306,20.151894758812816,0.6728314246517973,2025-12-03 13:45:00+00:00,2025-12-03 14:05:00+00:00,2025-12-03 14:10:00+00:00,2025-12-03 15:05:00+00:00,-0.0039160839160838,-0.0383787325657586,continuation,out_of_rth,
NFLX_20251204_141000,NFLX,2025-12-04 14:10:00+00:00,1,11,129.12621359223442,4.278034910126396,761.4758135444151,22.38003208897253,0.8070514220696259,2025-12-04 13:50:00+00:00,2025-12-04 14:10:00+00:00,2025-12-04 14:15:00+00:00,2025-12-04 15:10:00+00:00,0.0053799596503025,-0.0203678929765886,reversal,out_of_rth,
NFLX_20251205_120500,NFLX,2025-12-05 12:05:00+00:00,-1,16,227.1590113079136,6.988489676361992,255.03593083314615,27.421871395472117,0.8174514195907246,2025-12-05 11:45:00+00:00,2025-12-05 12:05:00+00:00,2025-12-05 12:10:00+00:00,2025-12-05 13:05:00+00:00,-0.0058765915768853,-0.0073891625615764,continuation,out_of_rth,
NFLX_20251205_135000,NFLX,2025-12-05 13:50:00+00:00,1,29,370.5203482486352,5.136486288530311,1008.8921430251704,14.55142353342949,0.5920203579338867,2025-12-05 13:30:00+00:00,2025-12-05 13:50:00+00:00,2025-12-05 13:55:00+00:00,2025-12-05 14:50:00+00:00,0.0098191005558361,0.0304078397463611,continuation,out_of_rth,
NFLX_20251208_134500,NFLX,2025-12-08 13:45:00+00:00,-1,10,290.34087978959235,5.507282294508484,518.003010369049,13.18645664964336,0.5902574213996065,2025-12-08 13:25:00+00:00,2025-12-08 13:45:00+00:00,2025-12-08 13:50:00+00:00,2025-12-08 14:45:00+00:00,-0.0055528011898858,-0.0313092033103998,continuation,out_of_rth,
NFLX_20251212_140000,NFLX,2025-12-12 14:00:00+00:00,1,9,162.11578947368687,6.622278108482137,633.8621303090949,15.03595743808912,0.5176971409248854,2025-12-12 13:40:00+00:00,2025-12-12 14:00:00+00:00,2025-12-12 14:05:00+00:00,2025-12-12 15:00:00+00:00,0.003797736168412,0.0166088798490868,continuation,out_of_rth,
NFLX_20251215_090000,NFLX,2025-12-15 09:00:00+00:00,1,3,88.87264746550771,4.4422707759106,1.010044916292364,7.255007357077028,75.03635519346099,2025-12-13 00:40:00+00:00,2025-12-15 09:00:00+00:00,2025-12-15 09:05:00+00:00,2025-12-15 10:00:00+00:00,0.0041136676871929,0.0048197820620285,continuation,out_of_rth,
NFLX_20251218_090000,NFLX,2025-12-18 09:00:00+00:00,1,3,87.83998306699291,5.094241067993369,0.5126264193088044,3.0357060903065083,260.8166367293459,2025-12-18 00:40:00+00:00,2025-12-18 09:00:00+00:00,2025-12-18 09:05:00+00:00,2025-12-18 10:00:00+00:00,0.0066673722086993,0.0025231286795626,unclear,out_of_rth,
NFLX_20260102_090000,NFLX,2026-01-02 09:00:00+00:00,1,3,95.1477023251468,4.803777706752345,1.0389192296636964,10.686367907992866,169.5508133615811,2026-01-01 00:40:00+00:00,2026-01-02 09:00:00+00:00,2026-01-02 09:05:00+00:00,2026-01-02 10:00:00+00:00,0.0091909800149621,-0.0025415651805571,unclear,out_of_rth,
NFLX_20260109_142000,NFLX,2026-01-09 14:20:00+00:00,-1,13,151.90299764230585,5.887302647535856,1061.3328710124829,11.160547747028176,0.6260430626132063,2026-01-09 14:00:00+00:00,2026-01-09 14:20:00+00:00,2026-01-09 14:25:00+00:00,2026-01-09 15:20:00+00:00,-0.0040730120216168,-0.0163974365647222,continuation,out_of_rth,
NFLX_20260112_142500,NFLX,2026-01-12 14:25:00+00:00,1,5,113.22869955156855,5.562554975891636,541.64569356301,9.089414586877783,0.4099111606278391,2026-01-12 14:05:00+00:00,2026-01-12 14:25:00+00:00,2026-01-12 14:30:00+00:00,2026-01-12 15:25:00+00:00,0.0075213291423439,0.00033426183844,unclear,out_of_rth,
NVDA_20251017_080000,NVDA,2025-10-17 08:00:00+00:00,-1,4,228.8043478260904,4.903004355550709,5.423610163368522,11.472729952469368,16.857141650091673,2025-10-16 23:40:00+00:00,2025-10-17 08:00:00+00:00,2025-10-17 08:05:00+00:00,2025-10-17 09:00:00+00:00,-0.0206949977866313,0.0029381851056617,unclear,out_of_rth,
NVDA_20251027_080000,NVDA,2025-10-27 08:00:00+00:00,1,3,195.72422145569536,5.174285929114939,5.779736238242934,18.51714322853877,45.46631727193763,2025-10-24 23:40:00+00:00,2025-10-27 08:00:00+00:00,2025-10-27 08:05:00+00:00,2025-10-27 09:00:00+00:00,0.0181840810298572,0.0040042149631189,continuation,out_of_rth,
NVDA_20251030_123000,NVDA,2025-10-30 12:30:00+00:00,-1,6,96.70626349892244,4.139338716991199,11.411533952565604,3.568758933205418,0.7076949066832647,2025-10-30 12:10:00+00:00,2025-10-30 12:30:00+00:00,2025-10-30 12:35:00+00:00,2025-10-30 13:30:00+00:00,-0.0046241058829253,-0.0080445952941855,continuation,out_of_rth,
NVDA_20251103_090000,NVDA,2025-11-03 09:00:00+00:00,1,3,96.73280031586629,4.319218334502678,2.27309773062601,6.037283201377558,17.760171143474267,2025-10-31 23:40:00+00:00,2025-11-03 09:00:00+00:00,2025-11-03 09:05:00+00:00,2025-11-03 10:00:00+00:00,0.0053257358949863,0.0071130733382389,continuation,out_of_rth,
NVDA_20251104_090000,NVDA,2025-11-04 09:00:00+00:00,-1,3,153.83103160170552,4.9335804289131175,1.5765370713538704,5.077184087990722,43.3257348672659,2025-11-04 00:40:00+00:00,2025-11-04 09:00:00+00:00,2025-11-04 09:05:00+00:00,2025-11-04 10:00:00+00:00,-0.0123050092045343,-0.0116244849911713,continuation,out_of_rth,
NVDA_20251110_090000,NVDA,2025-11-10 09:00:00+00:00,1,3,219.93054824792637,4.568166281089664,1.5199961527363663,7.665204358982145,65.40945251576699,2025-11-08 00:40:00+00:00,2025-11-10 09:00:00+00:00,2025-11-10 09:05:00+00:00,2025-11-10 10:00:00+00:00,0.0204618378833305,0.0036082474226803,continuation,out_of_rth,
NVDA_20251112_090000,NVDA,2025-11-12 09:00:00+00:00,1,3,105.6701030927809,4.469106841661797,1.5236198400755363,1.8142907650864064,33.35863725622716,2025-11-12 00:40:00+00:00,2025-11-12 09:00:00+00:00,2025-11-12 09:05:00+00:00,2025-11-12 10:00:00+00:00,0.0085505305449675,0.002093973442288,unclear,out_of_rth,
NVDA_20251114_120000,NVDA,2025-11-14 12:00:00+00:00,-1,3,119.52191235059306,4.144177412328538,10.19805705225535,5.782890426401652,1.2146339905328212,2025-11-14 11:40:00+00:00,2025-11-14 12:00:00+00:00,2025-11-14 12:05:00+00:00,2025-11-14 13:00:00+00:00,-0.0057565789473684,0.0007168458781361,unclear,out_of_rth,
NVDA_20251114_141000,NVDA,2025-11-14 14:10:00+00:00,1,20,275.9935619660769,5.391324792901134,111.37442093295547,12.698653255710695,0.5811460528659989,2025-11-14 13:50:00+00:00,2025-11-14 14:10:00+00:00,2025-11-14 14:15:00+00:00,2025-11-14 15:10:00+00:00,0.0014214148086979,0.0227977518330675,continuation,out_of_rth,
NVDA_20251118_142500,NVDA,2025-11-18 14:25:00+00:00,-1,12,144.26677092928662,4.647069074738501,149.8959139329058,6.039058862063835,0.4401591081133154,2025-11-18 14:05:00+00:00,2025-11-18 14:25:00+00:00,2025-11-18 14:30:00+00:00,2025-11-18 15:25:00+00:00,-0.0043990658773692,-0.008018765001091,continuation,out_of_rth,
NVDA_20251119_212000,NVDA,2025-11-19 21:20:00+00:00,1,4,362.50287133373416,5.560636463533681,4.403429878278635,12.75186389569168,5.56488122931154,2025-11-19 21:00:00+00:00,2025-11-19 21:20:00+00:00,2025-11-19 21:25:00+00:00,2025-11-19 22:20:00+00:00,0.0257604970008569,0.030687098626847,continuation,out_of_rth,
NVDA_20251124_224500,NVDA,2025-11-24 22:45:00+00:00,-1,7,134.20950047334568,4.25271576094216,0.4561423178016374,3.7952184002819456,28.66804292066476,2025-11-24 22:25:00+00:00,2025-11-24 22:45:00+00:00,2025-11-24 22:50:00+00:00,2025-11-24 23:45:00+00:00,-0.006046613896218,-0.0063046123216458,continuation,out_of_rth,
NVDA_20251126_130500,NVDA,2025-11-26 13:05:00+00:00,1,9,147.29767572107866,4.867088923418038,26.52037336652147,4.370428169144412,0.660263637620323,2025-11-26 12:45:00+00:00,2025-11-26 13:05:00+00:00,2025-11-26 13:10:00+00:00,2025-11-26 14:05:00+00:00,0.0034996613230977,0.0179997750028124,continuation,out_of_rth,
NVDA_20251201_142500,NVDA,2025-12-01 14:25:00+00:00,-1,8,143.6255436026568,4.506299449609205,224.4662236703697,8.338769480885496,0.4321387341802397,2025-12-01 14:05:00+00:00,2025-12-01 14:25:00+00:00,2025-12-01 14:30:00+00:00,2025-12-01 15:25:00+00:00,-0.001599634369287,0.0234607461661708,reversal,out_of_rth,
NVDA_20251203_140000,NVDA,2025-12-03 14:00:00+00:00,-1,18,177.98724701968194,5.921436556723545,276.22231820323543,15.665926394879143,1.008624995099148,2025-12-03 13:40:00+00:00,2025-12-03 14:00:00+00:00,2025-12-03 14:05:00+00:00,2025-12-03 15:00:00+00:00,-0.0121525885558582,-0.002592817344293,unclear,out_of_rth,
NVDA_20251204_140500,NVDA,2025-12-04 14:05:00+00:00,1,10,96.1192210742068,4.612867533708503,320.290033972148,17.18017014493186,0.8352138768355489,2025-12-04 13:45:00+00:00,2025-12-04 14:05:00+00:00,2025-12-04 14:10:00+00:00,2025-12-04 15:05:00+00:00,0.0064356163668983,-0.0033640273489193,reversal,out_of_rth,
NVDA_20251205_090000,NVDA,2025-12-05 09:00:00+00:00,1,3,84.03361344537342,4.012855699522086,0.990839948925776,3.150346916705252,89.53496946181812,2025-12-05 00:40:00+00:00,2025-12-05 09:00:00+00:00,2025-12-05 09:05:00+00:00,2025-12-05 10:00:00+00:00,0.008403361344538,-0.0007575757575758,unclear,out_of_rth,
NVDA_20251209_142500,NVDA,2025-12-09 14:25:00+00:00,-1,7,128.28875842574303,4.087682224897812,108.30006894501476,7.696459648997268,0.7656840884516445,2025-12-09 14:05:00+00:00,2025-12-09 14:25:00+00:00,2025-12-09 14:30:00+00:00,2025-12-09 15:25:00+00:00,-0.0037044990872973,-0.005065473945142,continuation,out_of_rth,
NVDA_20251211_142500,NVDA,2025-12-11 14:25:00+00:00,-1,13,137.27028238458504,5.297282555624381,250.963732310578,11.929682101071442,0.8968302033317246,2025-12-11 14:05:00+00:00,2025-12-11 14:25:00+00:00,2025-12-11 14:30:00+00:00,2025-12-11 15:25:00+00:00,-0.0032625525326255,-0.012011095700416,continuation,out_of_rth,
NVDA_20251212_125000,NVDA,2025-12-12 12:50:00+00:00,1,3,121.16182572613933,4.509865630715578,52.097474652842834,19.793275674959887,1.3348502163831206,2025-12-12 12:30:00+00:00,2025-12-12 12:50:00+00:00,2025-12-12 12:55:00+00:00,2025-12-12 13:50:00+00:00,0.0111651558699978,-0.0061222258664043,reversal,out_of_rth,
NVDA_20251215_090000,NVDA,2025-12-15 09:00:00+00:00,1,3,79.35148712679086,4.220647323282699,1.180891733310616,7.099070755558408,71.8153888746812,2025-12-13 00:40:00+00:00,2025-12-15 09:00:00+00:00,2025-12-15 09:05:00+00:00,2025-12-15 10:00:00+00:00,0.006225369809812,0.0051651719831988,continuation,out_of_rth,
NVDA_20251217_131000,NVDA,2025-12-17 13:10:00+00:00,-1,3,63.43961597222281,5.180696158418541,29.382974622550595,8.176429324778704,0.9928923554459532,2025-12-17 12:50:00+00:00,2025-12-17 13:10:00+00:00,2025-12-17 13:15:00+00:00,2025-12-17 14:10:00+00:00,-0.0046013130576287,-0.0023112915045944,unclear,out_of_rth,
NVDA_20251217_142500,NVDA,2025-12-17 14:25:00+00:00,-1,5,168.24576514498534,6.672523902665562,426.3845266476967,12.806767428560672,0.7526489570856602,2025-12-17 14:05:00+00:00,2025-12-17 14:25:00+00:00,2025-12-17 14:30:00+00:00,2025-12-17 15:25:00+00:00,-0.0074739662761019,-0.0094859414938939,continuation,out_of_rth,
NVDA_20251218_133000,NVDA,2025-12-18 13:30:00+00:00,1,4,76.15767759531656,4.1926345836116194,17.364395532596934,4.579944676361323,0.5304611592996321,2025-12-18 13:10:00+00:00,2025-12-18 13:30:00+00:00,2025-12-18 13:35:00+00:00,2025-12-18 14:30:00+00:00,0.0047429595790204,-8.57552969724118e-05,unclear,out_of_rth,
NVDA_20251219_142500,NVDA,2025-12-19 14:25:00+00:00,1,11,169.198121215548,4.979973315261279,1116.033952056711,10.522111077019453,0.1465766687357511,2025-12-19 14:05:00+00:00,2025-12-19 14:25:00+00:00,2025-12-19 14:30:00+00:00,2025-12-19 15:25:00+00:00,0.0034069615581171,0.0110350291437948,continuation,out_of_rth,
NVDA_20251222_090000,NVDA,2025-12-22 09:00:00+00:00,1,3,70.01874517587493,4.216090923727192,0.9918190611355684,4.924203855427038,51.92424584991314,2025-12-20 00:40:00+00:00,2025-12-22 09:00:00+00:00,2025-12-22 09:05:00+00:00,2025-12-22 10:00:00+00:00,0.0060131359140787,0.0042760813551889,continuation,out_of_rth,
NVDA_20251223_142500,NVDA,2025-12-23 14:25:00+00:00,1,4,106.22051563357716,5.932624178706248,467.88930772018847,16.475365840186722,1.0301448062554877,2025-12-23 14:05:00+00:00,2025-12-23 14:25:00+00:00,2025-12-23 14:30:00+00:00,2025-12-23 15:25:00+00:00,0.003510504086446,0.0127083902705658,continuation,out_of_rth,
NVDA_20251229_090000,NVDA,2025-12-29 09:00:00+00:00,-1,3,109.56281246676356,5.676152366017207,2.3116438356164384,11.608641758219251,31.591022694393253,2025-12-27 00:40:00+00:00,2025-12-29 09:00:00+00:00,2025-12-29 09:05:00+00:00,2025-12-29 10:00:00+00:00,-0.0076266025489325,-0.0045574986751456,continuation,out_of_rth,
NVDA_20260102_090000,NVDA,2026-01-02 09:00:00+00:00,1,3,196.8633369319761,4.890262884475196,2.6975182689570087,13.09564760412825,69.45281625864412,2026-01-01 00:40:00+00:00,2026-01-02 09:00:00+00:00,2026-01-02 09:05:00+00:00,2026-01-02 10:00:00+00:00,0.0193081255028158,0.0004735595895815,unclear,out_of_rth,
NVDA_20260102_142500,NVDA,2026-01-02 14:25:00+00:00,1,16,139.18289585097554,4.3839701660894095,380.705915139692,14.912096079070592,1.5414240620324624,2026-01-02 14:05:00+00:00,2026-01-02 14:25:00+00:00,2026-01-02 14:30:00+00:00,2026-01-02 15:25:00+00:00,0.0040714890016919,0.0036810785191427,continuation,out_of_rth,
NVDA_20260105_090000,NVDA,2026-01-05 09:00:00+00:00,1,3,68.7939884637756,4.196279436861907,1.294121601183074,5.234019096569226,34.6530966529316,2026-01-03 00:40:00+00:00,2026-01-05 09:00:00+00:00,2026-01-05 09:05:00+00:00,2026-01-05 10:00:00+00:00,0.0056652724095938,0.0010529640939243,unclear,out_of_rth,
NVDA_20260109_142000,NVDA,2026-01-09 14:20:00+00:00,-1,6,80.14344317965217,4.526428381483313,305.3465858966065,13.291019613540172,0.7211152569089775,2026-01-09 14:00:00+00:00,2026-01-09 14:20:00+00:00,2026-01-09 14:25:00+00:00,2026-01-09 15:20:00+00:00,-0.0033338654188992,-0.0057970232959446,continuation,out_of_rth,
NVDA_20260112_090000,NVDA,2026-01-12 09:00:00+00:00,-1,3,124.8425778897233,4.500443117693917,2.765623259440793,16.588279652527735,66.00762170044835,2026-01-10 00:40:00+00:00,2026-01-12 09:00:00+00:00,2026-01-12 09:05:00+00:00,2026-01-12 10:00:00+00:00,-0.0122769064359113,0.0003285330997098,unclear,out_of_rth,
NVDA_20260115_090000,NVDA,2026-01-15 09:00:00+00:00,1,3,116.55266757865546,4.15990116959052,5.000611557128544,21.45713037566938,19.76664636658456,2026-01-15 00:40:00+00:00,2026-01-15 09:00:00+00:00,2026-01-15 09:05:00+00:00,2026-01-15 10:00:00+00:00,0.0109379725782254,0.0048149751136117,continuation,out_of_rth,
PLTR_20251017_080000,PLTR,2025-10-17 08:00:00+00:00,-1,5,335.397919831717,4.9196299427230015,5.77589833479404,7.414238539273853,12.037070217902023,2025-10-16 23:40:00+00:00,2025-10-17 08:00:00+00:00,2025-10-17 08:05:00+00:00,2025-10-17 09:00:00+00:00,-0.0312252964426877,0.0110159118727051,reversal,out_of_rth,
PLTR_20251020_080000,PLTR,2025-10-20 08:00:00+00:00,1,3,104.85846652535048,4.521009692788912,3.362263216540794,7.406683549910681,15.897463724176813,2025-10-17 23:40:00+00:00,2025-10-20 08:00:00+00:00,2025-10-20 08:05:00+00:00,2025-10-20 09:00:00+00:00,0.0108177792724624,-0.0018298768991904,unclear,out_of_rth,
PLTR_20251020_132500,PLTR,2025-10-20 13:25:00+00:00,-1,13,138.34234435092796,4.241296671378708,330.499642820696,19.71610028929971,0.6405434088092701,2025-10-20 13:05:00+00:00,2025-10-20 13:25:00+00:00,2025-10-20 13:30:00+00:00,2025-10-20 14:25:00+00:00,-0.0062562285461188,0.0150426207588165,reversal,out_of_rth,
PLTR_20251021_132500,PLTR,2025-10-21 13:25:00+00:00,1,14,139.78614390732557,4.1261601792350096,478.65807478122514,31.590266639781586,1.1024271516905528,2025-10-21 13:05:00+00:00,2025-10-21 13:25:00+00:00,2025-10-21 13:30:00+00:00,2025-10-21 14:25:00+00:00,0.0029194667841798,-0.0107376283846871,reversal,out_of_rth,
PLTR_20251022_132500,PLTR,2025-10-22 13:25:00+00:00,1,30,208.8549965854769,4.624802356130164,439.3430860327412,26.502394016808235,0.9051555577892136,2025-10-22 13:05:00+00:00,2025-10-22 13:25:00+00:00,2025-10-22 13:30:00+00:00,2025-10-22 14:25:00+00:00,0.0078635507808173,-0.0339010989010988,reversal,out_of_rth,
PLTR_20251024_123000,PLTR,2025-10-24 12:30:00+00:00,1,4,110.46879074350537,5.739422836218437,62.90482026143791,25.69420673326044,0.4226727388092708,2025-10-24 12:10:00+00:00,2025-10-24 12:30:00+00:00,2025-10-24 12:35:00+00:00,2025-10-24 13:30:00+00:00,0.0071743929359824,0.0071780821917808,continuation,out_of_rth,
PLTR_20251027_080000,PLTR,2025-10-27 08:00:00+00:00,1,4,170.31630170316836,4.8124836396380255,5.425529217898339,7.300069108810591,27.427543908117567,2025-10-24 23:40:00+00:00,2025-10-27 08:00:00+00:00,2025-10-27 08:05:00+00:00,2025-10-27 09:00:00+00:00,0.0171416211539501,-0.001913875598086,unclear,out_of_rth,
PLTR_20251103_210500,PLTR,2025-11-03 21:05:00+00:00,1,6,329.4789297982481,5.189598547482378,4.581393881229065,22.194019915705358,6.679665267526045,2025-11-03 20:45:00+00:00,2025-11-03 21:05:00+00:00,2025-11-03 21:10:00+00:00,2025-11-03 22:05:00+00:00,0.0321489001692048,-0.0185480093676815,reversal,out_of_rth,
PLTR_20251107_142500,PLTR,2025-11-07 14:25:00+00:00,1,21,188.28329932963683,4.341226787311581,166.69350708617498,10.885465413016982,0.9591124663652436,2025-11-07 14:05:00+00:00,2025-11-07 14:25:00+00:00,2025-11-07 14:30:00+00:00,2025-11-07 15:25:00+00:00,0.0073289902280131,-0.0025984524771914,unclear,out_of_rth,
PLTR_20251110_090000,PLTR,2025-11-10 09:00:00+00:00,1,3,253.72543511294364,4.578851237646607,1.539423556077095,6.89717655206701,47.377994131312605,2025-11-08 00:40:00+00:00,2025-11-10 09:00:00+00:00,2025-11-10 09:05:00+00:00,2025-11-10 10:00:00+00:00,0.0238657842367955,-0.0016260162601626,unclear,out_of_rth,
PLTR_20251110_142500,PLTR,2025-11-10 14:25:00+00:00,1,21,277.89296569692203,4.716860399627624,318.4060543171002,10.916401316414962,0.36529910167595,2025-11-10 14:05:00+00:00,2025-11-10 14:25:00+00:00,2025-11-10 14:30:00+00:00,2025-11-10 15:25:00+00:00,0.0029395753946652,0.0495549283543204,continuation,out_of_rth,
PLTR_20251111_090000,PLTR,2025-11-11 09:00:00+00:00,-1,3,113.4412239163196,4.182783833919675,0.8400089792515153,4.126581737098781,150.61169662548198,2025-11-11 00:40:00+00:00,2025-11-11 09:00:00+00:00,2025-11-11 09:05:00+00:00,2025-11-11 10:00:00+00:00,-0.0096247876885069,-0.0021827252884314,unclear,out_of_rth,
PLTR_20251112_142500,PLTR,2025-11-12 14:25:00+00:00,-1,25,292.3684634814849,5.626056910838938,631.2109193095142,37.51685290729545,0.7919973196333109,2025-11-12 14:05:00+00:00,2025-11-12 14:25:00+00:00,2025-11-12 14:30:00+00:00,2025-11-12 15:25:00+00:00,-0.004338054669942,-0.0261417322834645,continuation,out_of_rth,
PLTR_20251113_142500,PLTR,2025-11-13 14:25:00+00:00,1,20,201.95439739413732,5.073051215794396,257.2729654971612,7.320311717502999,0.4891549847087286,2025-11-13 14:05:00+00:00,2025-11-13 14:25:00+00:00,2025-11-13 14:30:00+00:00,2025-11-13 15:25:00+00:00,0.008471659357131,-0.0294292508917954,reversal,out_of_rth,
PLTR_20251114_134000,PLTR,2025-11-14 13:40:00+00:00,-1,28,298.7044145873341,4.373155360680787,173.09559128724305,12.966303142343518,1.511410435756371,2025-11-14 13:20:00+00:00,2025-11-14 13:40:00+00:00,2025-11-14 13:45:00+00:00,2025-11-14 14:40:00+00:00,-0.0005183359821976,0.03773064427144,reversal,out_of_rth,
PLTR_20251117_142500,PLTR,2025-11-17 14:25:00+00:00,-1,22,199.0078666196937,4.6708072064840485,150.49865297616023,5.787269783236769,0.4695309979707279,2025-11-17 14:05:00+00:00,2025-11-17 14:25:00+00:00,2025-11-17 14:30:00+00:00,2025-11-17 15:25:00+00:00,-0.00420511622474,0.0051612903225806,reversal,out_of_rth,
PLTR_20251119_142500,PLTR,2025-11-19 14:25:00+00:00,-1,9,120.85180304300724,4.49327789753276,236.30996063780103,6.4728406487100605,0.8309788455131485,2025-11-19 14:05:00+00:00,2025-11-19 14:25:00+00:00,2025-11-19 14:30:00+00:00,2025-11-19 15:25:00+00:00,-0.0045656685443226,0.0043781272337384,reversal,out_of_rth,
PLTR_20251201_142500,PLTR,2025-12-01 14:25:00+00:00,-1,16,205.1500578316179,4.446162887457043,116.3084602917342,10.205364053443024,0.5068412636677303,2025-12-01 14:05:00+00:00,2025-12-01 14:25:00+00:00,2025-12-01 14:30:00+00:00,2025-12-01 15:25:00+00:00,-0.003563017090404,0.0075763636363637,reversal,out_of_rth,
PLTR_20251203_140000,PLTR,2025-12-03 14:00:00+00:00,-1,6,171.56717742412786,6.243767792336591,58.16450624558096,23.746892029299996,0.544635259825618,2025-12-03 13:40:00+00:00,2025-12-03 14:00:00+00:00,2025-12-03 14:05:00+00:00,2025-12-03 15:00:00+00:00,-0.0096388340494716,0.0132534005628517,reversal,out_of_rth,
PLTR_20251210_090000,PLTR,2025-12-10 09:00:00+00:00,1,3,189.8035753696803,4.739625639386526,3.2217542303997635,4.633830593721291,25.793097589211577,2025-12-10 00:40:00+00:00,2025-12-10 09:00:00+00:00,2025-12-10 09:05:00+00:00,2025-12-10 10:00:00+00:00,0.0175747892678088,-0.0011369788846777,unclear,out_of_rth,
PLTR_20251218_133000,PLTR,2025-12-18 13:30:00+00:00,1,4,118.64964924010567,5.341111788688808,26.527924750146973,8.47376238546095,0.6472957324768949,2025-12-18 13:10:00+00:00,2025-12-18 13:30:00+00:00,2025-12-18 13:35:00+00:00,2025-12-18 14:30:00+00:00,0.0065124991875347,0.0167788939176509,continuation,out_of_rth,
PLTR_20251219_141500,PLTR,2025-12-19 14:15:00+00:00,1,11,161.28168033005653,5.417204183257219,1544.9071005017486,25.10098956064856,0.2388073409943611,2025-12-19 13:55:00+00:00,2025-12-19 14:15:00+00:00,2025-12-19 14:20:00+00:00,2025-12-19 15:15:00+00:00,0.0031700227990996,0.0225839758517707,continuation,out_of_rth,
PLTR_20251223_142500,PLTR,2025-12-23 14:25:00+00:00,1,10,122.21471276318896,5.867366756141168,549.7566765578636,32.97567711520982,0.8062416694266475,2025-12-23 14:05:00+00:00,2025-12-23 14:25:00+00:00,2025-12-23 14:30:00+00:00,2025-12-23 15:25:00+00:00,0.0047420531526836,-0.0011928841865047,unclear,out_of_rth,
PLTR_20251229_090000,PLTR,2025-12-29 09:00:00+00:00,-1,3,62.50667806389831,4.798566843131582,7.4258936138391745,14.043932606000714,5.333490704973166,2025-12-27 00:40:00+00:00,2025-12-29 09:00:00+00:00,2025-12-29 09:05:00+00:00,2025-12-29 10:00:00+00:00,-0.00541315077217,-0.0010671789125445,unclear,out_of_rth,
PLTR_20260102_090000,PLTR,2026-01-02 09:00:00+00:00,1,4,272.85513361463563,5.827788782775641,4.039033124440466,8.71480102609687,145.65264035932867,2026-01-01 00:40:00+00:00,2026-01-02 09:00:00+00:00,2026-01-02 09:05:00+00:00,2026-01-02 10:00:00+00:00,0.0223815781183904,0.0055570839064649,continuation,out_of_rth,
PLTR_20260105_090000,PLTR,2026-01-05 09:00:00+00:00,1,5,320.7547169811332,4.711176527412027,1.934912848345684,7.195733652429237,98.78633422008176,2026-01-03 00:40:00+00:00,2026-01-05 09:00:00+00:00,2026-01-05 09:05:00+00:00,2026-01-05 10:00:00+00:00,0.031750616256438,-0.0065127970749542,reversal,out_of_rth,
PLTR_20260106_105500,PLTR,2026-01-06 10:55:00+00:00,1,3,85.16025087749179,4.125375698552574,8.42588932806324,17.085249027386634,3.059805500247084,2026-01-06 10:35:00+00:00,2026-01-06 10:55:00+00:00,2026-01-06 11:00:00+00:00,2026-01-06 12:00:00+00:00,0.0089224038682937,-0.002053973868888,unclear,out_of_rth,
PLTR_20260108_142500,PLTR,2026-01-08 14:25:00+00:00,-1,21,249.33227395940395,7.639487862802977,253.2017296050735,16.144112589785713,0.6889305936029352,2026-01-08 14:05:00+00:00,2026-01-08 14:25:00+00:00,2026-01-08 14:30:00+00:00,2026-01-08 15:25:00+00:00,-0.0028490028490028,-0.0208625336927223,continuation,out_of_rth,
PLTR_20260109_141500,PLTR,2026-01-09 14:15:00+00:00,-1,19,147.39488117001542,5.035490231533453,343.05566488614,19.16587842348183,0.3423255941142133,2026-01-09 13:55:00+00:00,2026-01-09 14:15:00+00:00,2026-01-09 14:20:00+00:00,2026-01-09 15:15:00+00:00,-0.002642825011246,-0.0025376331961436,unclear,out_of_rth,
PLTR_20260112_090000,PLTR,2026-01-12 09:00:00+00:00,-1,3,182.49641319942444,4.728846892310331,1.2667933233817343,9.389994471837054,336.00406907409086,2026-01-10 00:40:00+00:00,2026-01-12 09:00:00+00:00,2026-01-12 09:05:00+00:00,2026-01-12 10:00:00+00:00,-0.0178672077556081,0.0021233859397418,unclear,out_of_rth,
PLTR_20260113_133000,PLTR,2026-01-13 13:30:00+00:00,1,3,91.31652661064528,5.140350440276071,38.91499482936919,16.243744913765735,0.5551672109006195,2026-01-13 13:10:00+00:00,2026-01-13 13:30:00+00:00,2026-01-13 13:35:00+00:00,2026-01-13 14:30:00+00:00,0.0083972457034093,-0.0130811080886027,reversal,out_of_rth,
PLTR_20260113_142500,PLTR,2026-01-13 14:25:00+00:00,-1,6,106.66932172756384,4.435314872441069,483.16765793280825,20.95338756331761,1.442579626489648,2026-01-13 14:05:00+00:00,2026-01-13 14:25:00+00:00,2026-01-13 14:30:00+00:00,2026-01-13 15:25:00+00:00,-0.0042332757756363,-0.0087542652570341,continuation,out_of_rth,
QQQ_20251017_080000,QQQ,2025-10-17 08:00:00+00:00,-1,3,126.61870503597903,4.267347501280644,2.172123519016198,2.207994429306229,23.60051655539396,2025-10-16 23:40:00+00:00,2025-10-17 08:00:00+00:00,2025-10-17 08:05:00+00:00,2025-10-17 09:00:00+00:00,-0.0115615640738199,0.0031146319994583,reversal,out_of_rth,
QQQ_20251027_080000,QQQ,2025-10-27 08:00:00+00:00,1,3,106.41571777968208,5.20927442570823,1.866265060240964,6.6000139259801385,59.02506297170847,2025-10-24 23:40:00+00:00,2025-10-27 08:00:00+00:00,2025-10-27 08:05:00+00:00,2025-10-27 09:00:00+00:00,0.0104308390022676,0.0006251602975122,unclear,out_of_rth,
QQQ_20251104_090000,QQQ,2025-11-04 09:00:00+00:00,-1,3,105.4100885637288,5.44382620987277,3.6143746843965663,3.937642926351699,22.236293445181676,2025-11-04 00:40:00+00:00,2025-11-04 09:00:00+00:00,2025-11-04 09:05:00+00:00,2025-11-04 10:00:00+00:00,-0.0089421855146124,-0.0046316329310703,continuation,out_of_rth,
QQQ_20251110_090000,QQQ,2025-11-10 09:00:00+00:00,1,3,114.2490747836944,4.603709875408394,1.262073899083332,7.065160531693569,97.37152331009212,2025-11-08 00:40:00+00:00,2025-11-10 09:00:00+00:00,2025-11-10 09:05:00+00:00,2025-11-10 10:00:00+00:00,0.0114444146062369,0.0007271904592611,unclear,out_of_rth,
QQQ_20251201_090000,QQQ,2025-12-01 09:00:00+00:00,-1,3,68.1278657604656,4.303685041553506,0.0820135845980315,3.2580862318164665,176.5936439061798,2025-11-28 21:40:00+00:00,2025-12-01 09:00:00+00:00,2025-12-01 09:05:00+00:00,2025-12-01 10:00:00+00:00,-0.006557476615285,-0.0006341257194887,unclear,out_of_rth,
QQQ_20251203_140000,QQQ,2025-12-03 14:00:00+00:00,-1,3,86.04515753380282,6.693739615356562,126.33878471732694,14.364735311488088,0.3342060059784909,2025-12-03 13:40:00+00:00,2025-12-03 14:00:00+00:00,2025-12-03 14:05:00+00:00,2025-12-03 15:00:00+00:00,-0.0052125100240577,0.0019348649738009,unclear,out_of_rth,
QQQ_20260102_090000,QQQ,2026-01-02 09:00:00+00:00,1,3,113.95825871781452,5.2257000797550655,1.5166855756817026,10.35987559773842,83.61178141234593,2026-01-01 00:40:00+00:00,2026-01-02 09:00:00+00:00,2026-01-02 09:05:00+00:00,2026-01-02 10:00:00+00:00,0.010483477128439,0.000628282372652,unclear,out_of_rth,
QQQ_20260112_090000,QQQ,2026-01-12 09:00:00+00:00,-1,3,101.50812064965152,5.031793987806723,1.002756840777781,5.324673032395983,139.13683661111057,2026-01-10 00:40:00+00:00,2026-01-12 09:00:00+00:00,2026-01-12 09:05:00+00:00,2026-01-12 10:00:00+00:00,-0.010017227078415,0.0006283836040217,unclear,out_of_rth,
QQQ_20260115_090000,QQQ,2026-01-15 09:00:00+00:00,1,3,69.32661075289337,4.318013519528041,1.0422015585588975,1.744704365891508,32.96893164411525,2026-01-15 00:40:00+00:00,2026-01-15 09:00:00+00:00,2026-01-15 09:05:00+00:00,2026-01-15 10:00:00+00:00,0.006077356996234,0.0026186842316651,unclear,out_of_rth,
SPY_20251017_080000,SPY,2025-10-17 08:00:00+00:00,-1,3,110.6252397391616,4.473900241777019,3.07729573248784,8.137875116208768,20.68077464868308,2025-10-16 23:40:00+00:00,2025-10-17 08:00:00+00:00,2025-10-17 08:05:00+00:00,2025-10-17 09:00:00+00:00,-0.0096149464570517,0.0027913254194658,unclear,out_of_rth,
SPY_20251027_080000,SPY,2025-10-27 08:00:00+00:00,1,3,78.9959394610551,5.038304749411914,0.2769959132629134,4.516226399957333,233.95736089648676,2025-10-24 23:40:00+00:00,2025-10-27 08:00:00+00:00,2025-10-27 08:05:00+00:00,2025-10-27 09:00:00+00:00,0.0078995939461055,-7.324934075603196e-05,unclear,out_of_rth,
SPY_20251104_090000,SPY,2025-11-04 09:00:00+00:00,-1,3,86.3790323773439,5.322832305314714,1.4603017697049576,8.45395308096846,82.7545290819418,2025-11-04 00:40:00+00:00,2025-11-04 09:00:00+00:00,2025-11-04 09:05:00+00:00,2025-11-04 10:00:00+00:00,-0.007554864452529,-0.0039466099064342,continuation,out_of_rth,
SPY_20251110_090000,SPY,2025-11-10 09:00:00+00:00,1,3,72.72889523469495,4.411804547561175,0.5299346405228759,6.255463870412576,290.6175450038425,2025-11-08 00:45:00+00:00,2025-11-10 09:00:00+00:00,2025-11-10 09:05:00+00:00,2025-11-10 10:00:00+00:00,0.0072748370972062,0.0007532456023748,unclear,out_of_rth,
SPY_20251121_123000,SPY,2025-11-21 12:30:00+00:00,1,4,72.74684712396117,4.283041738985295,21.947763419483103,6.89053668041963,0.6077252114352816,2025-11-21 12:10:00+00:00,2025-11-21 12:30:00+00:00,2025-11-21 12:35:00+00:00,2025-11-21 13:30:00+00:00,0.0031779173127408,0.0029995102840352,unclear,out_of_rth,
SPY_20260112_090000,SPY,2026-01-12 09:00:00+00:00,-1,3,75.01233278198293,4.90269824101796,0.7431985761505212,2.710803674795412,186.5220472145412,2026-01-10 00:40:00+00:00,2026-01-12 09:00:00+00:00,2026-01-12 09:05:00+00:00,2026-01-12 10:00:00+00:00,-0.0074309466619065,0.0003337105713705,unclear,out_of_rth,
TSLA_20251017_080000,TSLA,2025-10-17 08:00:00+00:00,-1,3,237.75684725267251,4.565264713111773,5.527227036715386,5.666706526902198,12.512284435919314,2025-10-16 23:40:00+00:00,2025-10-17 08:00:00+00:00,2025-10-17 08:05:00+00:00,2025-10-17 09:00:00+00:00,-0.0199387947269303,0.0039151634520693,reversal,out_of_rth,
TSLA_20251020_080000,TSLA,2025-10-20 08:00:00+00:00,1,3,142.09267903905643,4.331215493792975,5.67794440380395,11.520890560576738,14.495065810582442,2025-10-17 23:40:00+00:00,2025-10-20 08:00:00+00:00,2025-10-20 08:05:00+00:00,2025-10-20 09:00:00+00:00,0.0142554596588708,-0.0037944273558004,reversal,out_of_rth,
TSLA_20251021_080000,TSLA,2025-10-21 08:00:00+00:00,-1,3,94.62297599422742,4.594964771001457,3.8093742111020727,10.205386096194353,13.741214914675224,2025-10-20 23:40:00+00:00,2025-10-21 08:00:00+00:00,2025-10-21 08:05:00+00:00,2025-10-21 09:00:00+00:00,-0.0083650190114068,0.0018946228798266,unclear,out_of_rth,
TSLA_20251022_212500,TSLA,2025-10-22 21:25:00+00:00,1,11,290.3872423722676,4.385633675105396,1.2732414858178651,7.408908304074109,14.94819660143321,2025-10-22 21:05:00+00:00,2025-10-22 21:25:00+00:00,2025-10-22 21:30:00+00:00,2025-10-22 22:25:00+00:00,0.0036379293536541,-0.0131809459669792,reversal,out_of_rth,
TSLA_20251023_132500,TSLA,2025-10-23 13:25:00+00:00,-1,8,199.6083888147826,5.273078783886583,208.01787740333015,7.757854135125727,0.7199273220642431,2025-10-23 13:05:00+00:00,2025-10-23 13:25:00+00:00,2025-10-23 13:30:00+00:00,2025-10-23 14:25:00+00:00,-0.0073972537990688,0.0106188095238095,reversal,out_of_rth,
TSLA_20251027_080000,TSLA,2025-10-27 08:00:00+00:00,1,3,157.9250720461056,4.582260012216759,2.8925467521908037,7.268943711637127,39.0477663408063,2025-10-24 23:40:00+00:00,2025-10-27 08:00:00+00:00,2025-10-27 08:05:00+00:00,2025-10-27 09:00:00+00:00,0.0137968272067745,0.0012047645026367,unclear,out_of_rth,
TSLA_20251104_090000,TSLA,2025-11-04 09:00:00+00:00,-1,3,171.60345392939868,4.881509815127469,1.8044321424299896,3.586805069552766,28.53442803085542,2025-11-04 00:40:00+00:00,2025-11-04 09:00:00+00:00,2025-11-04 09:05:00+00:00,2025-11-04 10:00:00+00:00,-0.0152527444198586,-0.0077008660747397,continuation,out_of_rth,
TSLA_20251107_142000,TSLA,2025-11-07 14:20:00+00:00,-1,17,280.97931973428246,5.2269034239728684,120.2883910006308,8.508523262278377,0.4519475481919535,2025-11-07 14:00:00+00:00,2025-11-07 14:20:00+00:00,2025-11-07 14:25:00+00:00,2025-11-07 15:20:00+00:00,-0.0068480725623581,-0.0110548426868807,continuation,out_of_rth,
TSLA_20251110_090000,TSLA,2025-11-10 09:00:00+00:00,1,4,228.70370370369653,4.182071091328884,1.856708357442768,4.314679041334994,73.29100593889736,2025-11-08 00:40:00+00:00,2025-11-10 09:00:00+00:00,2025-11-10 09:05:00+00:00,2025-11-10 10:00:00+00:00,0.0228703703703703,-0.0021272743731329,unclear,out_of_rth,
TSLA_20251114_090000,TSLA,2025-11-14 09:00:00+00:00,-1,4,195.55917702179127,4.487216230195206,2.2258628408194587,2.676629947015064,22.80456422669541,2025-11-14 00:40:00+00:00,2025-11-14 09:00:00+00:00,2025-11-14 09:05:00+00:00,2025-11-14 10:00:00+00:00,-0.0152666052349762,-0.0117602427921091,continuation,out_of_rth,
TSLA_20251118_141500,TSLA,2025-11-18 14:15:00+00:00,1,20,145.71098730110864,4.033536592637923,228.1365246830958,8.311476458933676,0.6697476678854944,2025-11-18 13:55:00+00:00,2025-11-18 14:15:00+00:00,2025-11-18 14:20:00+00:00,2025-11-18 15:15:00+00:00,0.0050573578389045,-0.0244108983799705,reversal,out_of_rth,
TSLA_20251119_142500,TSLA,2025-11-19 14:25:00+00:00,1,23,168.2650392327778,4.47052077784027,154.9093885733378,7.071556423110562,0.4828969490485412,2025-11-19 14:05:00+00:00,2025-11-19 14:25:00+00:00,2025-11-19 14:30:00+00:00,2025-11-19 15:25:00+00:00,0.0033586881359279,0.0115314561386237,continuation,out_of_rth,
TSLA_20251120_142500,TSLA,2025-11-20 14:25:00+00:00,1,35,188.2433768049596,6.396948540435393,254.17202871576708,10.81909775460988,1.1212967717615616,2025-11-20 14:05:00+00:00,2025-11-20 14:25:00+00:00,2025-11-20 14:30:00+00:00,2025-11-20 15:25:00+00:00,0.0047995814445249,0.0312855868669093,continuation,out_of_rth,
TSLA_20251124_140500,TSLA,2025-11-24 14:05:00+00:00,1,11,227.84620381243403,4.748580955947501,318.3849239864865,14.676620574486504,0.6021446110100768,2025-11-24 13:45:00+00:00,2025-11-24 14:05:00+00:00,2025-11-24 14:10:00+00:00,2025-11-24 15:05:00+00:00,0.0033143844435263,0.0341320029973537,continuation,out_of_rth,
TSLA_20251125_090000,TSLA,2025-11-25 09:00:00+00:00,-1,3,127.37781432129668,4.945546265923932,1.783278723179368,5.577131430036027,27.20893089302967,2025-11-25 00:40:00+00:00,2025-11-25 09:00:00+00:00,2025-11-25 09:05:00+00:00,2025-11-25 10:00:00+00:00,-0.0074091075360592,-0.0019510080208107,unclear,out_of_rth,
TSLA_20251128_142000,TSLA,2025-11-28 14:20:00+00:00,-1,9,132.31361141087916,4.648805793815351,317.8690092028206,23.897392117829977,0.927335647696556,2025-11-28 14:00:00+00:00,2025-11-28 14:20:00+00:00,2025-11-28 14:25:00+00:00,2025-11-28 15:20:00+00:00,-0.0045538404054085,0.0028503730117768,unclear,out_of_rth,
TSLA_20251203_130500,TSLA,2025-12-03 13:05:00+00:00,1,6,65.03600464576209,5.242008321800973,42.543446116378185,7.515253406990102,0.5848784769470615,2025-12-03 12:45:00+00:00,2025-12-03 13:05:00+00:00,2025-12-03 13:10:00+00:00,2025-12-03 14:05:00+00:00,0.0040872250992778,-0.0054814163794898,reversal,out_of_rth,
TSLA_20251203_140000,TSLA,2025-12-03 14:00:00+00:00,-1,21,102.57072372212627,4.787370737058103,609.6767145135566,18.721353221288865,0.9935821504962687,2025-12-03 13:40:00+00:00,2025-12-03 14:00:00+00:00,2025-12-03 14:05:00+00:00,2025-12-03 15:00:00+00:00,-0.0077335604299492,0.023868618218088,reversal,out_of_rth,
TSLA_20251208_090000,TSLA,2025-12-08 09:00:00+00:00,-1,3,86.31018415797831,4.581730864339366,1.626028044745549,13.059603755064934,59.49476247013216,2025-12-06 00:40:00+00:00,2025-12-08 09:00:00+00:00,2025-12-08 09:05:00+00:00,2025-12-08 10:00:00+00:00,-0.0087970090169342,-0.0034390947415132,continuation,out_of_rth,
TSLA_20251209_142500,TSLA,2025-12-09 14:25:00+00:00,1,7,121.30959218839664,5.906485317272479,291.3264596848934,11.442809658247194,1.3740826349920576,2025-12-09 14:05:00+00:00,2025-12-09 14:25:00+00:00,2025-12-09 14:30:00+00:00,2025-12-09 15:25:00+00:00,0.0039690733475576,0.0178126142595977,continuation,out_of_rth,
TSLA_20251215_090000,TSLA,2025-12-15 09:00:00+00:00,1,3,139.6522896469876,4.384759924179086,1.3543641082684463,4.109276627212072,61.21119831993467,2025-12-13 00:40:00+00:00,2025-12-15 09:00:00+00:00,2025-12-15 09:05:00+00:00,2025-12-15 10:00:00+00:00,0.0128919096689321,0.0048919866660894,continuation,out_of_rth,
TSLA_20251218_133000,TSLA,2025-12-18 13:30:00+00:00,1,3,86.65036262438531,4.180515511212722,22.190119982224857,5.97364700281208,0.456118025143047,2025-12-18 13:10:00+00:00,2025-12-18 13:30:00+00:00,2025-12-18 13:35:00+00:00,2025-12-18 14:30:00+00:00,0.00581983805668,-0.0013207547169811,unclear,out_of_rth,
TSLA_20251219_142000,TSLA,2025-12-19 14:20:00+00:00,1,6,88.20127241179642,4.284123306962093,365.22458946772366,14.276581163221651,0.656159142645343,2025-12-19 14:00:00+00:00,2025-12-19 14:20:00+00:00,2025-12-19 14:25:00+00:00,2025-12-19 15:20:00+00:00,0.0038023595182306,-0.0128790515776325,reversal,out_of_rth,
TSLA_20251222_090000,TSLA,2025-12-22 09:00:00+00:00,1,3,114.36148172702998,4.163089475489606,0.7094702067784168,2.44878165396404,104.96186208478608,2025-12-20 00:40:00+00:00,2025-12-22 09:00:00+00:00,2025-12-22 09:05:00+00:00,2025-12-22 10:00:00+00:00,0.0090655076063335,0.0009845547966278,unclear,out_of_rth,
TSLA_20251222_142500,TSLA,2025-12-22 14:25:00+00:00,1,10,150.38469791251342,4.796984237967697,488.3065852992076,27.434080337706195,0.5827686115528308,2025-12-22 14:05:00+00:00,2025-12-22 14:25:00+00:00,2025-12-22 14:30:00+00:00,2025-12-22 15:25:00+00:00,0.0038530906706017,-0.0037464271131074,reversal,out_of_rth,
TSLA_20251229_090000,TSLA,2025-12-29 09:00:00+00:00,-1,3,115.92903349771922,5.926982555606127,2.723061322516945,14.860050695057351,70.33677182491667,2025-12-27 00:40:00+00:00,2025-12-29 09:00:00+00:00,2025-12-29 09:05:00+00:00,2025-12-29 10:00:00+00:00,-0.0090920597417939,-0.0026185255359462,unclear,out_of_rth,
TSLA_20251230_090000,TSLA,2025-12-30 09:00:00+00:00,1,4,138.44052454582646,4.729786760357052,0.6397818725537623,3.162658459832023,119.0084372368554,2025-12-30 00:40:00+00:00,2025-12-30 09:00:00+00:00,2025-12-30 09:05:00+00:00,2025-12-30 10:00:00+00:00,0.0119944943304712,0.0024611398963729,unclear,out_of_rth,
TSLA_20251230_142500,TSLA,2025-12-30 14:25:00+00:00,-1,8,148.77809405096087,4.225378523096016,259.64646363454216,18.904689577682863,1.091795527610936,2025-12-30 14:05:00+00:00,2025-12-30 14:25:00+00:00,2025-12-30 14:30:00+00:00,2025-12-30 15:25:00+00:00,-0.0036982306047054,-0.0010369543466862,unclear,out_of_rth,
TSLA_20260102_090000,TSLA,2026-01-02 09:00:00+00:00,1,3,242.89336714266477,5.195403860035062,3.396090027928372,14.541654562162414,83.66146943870513,2026-01-01 00:40:00+00:00,2026-01-02 09:00:00+00:00,2026-01-02 09:05:00+00:00,2026-01-02 10:00:00+00:00,0.0234809703983975,0.0054148091769055,continuation,out_of_rth,
TSLA_20260105_090000,TSLA,2026-01-05 09:00:00+00:00,1,3,103.11614730878604,4.048637723283144,1.8679300462069368,5.731794640225054,49.96068577949952,2026-01-03 00:40:00+00:00,2026-01-05 09:00:00+00:00,2026-01-05 09:05:00+00:00,2026-01-05 10:00:00+00:00,0.0112544591149685,-0.0050471063257065,reversal,out_of_rth,
TSLA_20260105_142500,TSLA,2026-01-05 14:25:00+00:00,1,5,123.89559133516136,4.423901465320906,257.00782519941026,13.01713045080994,0.6518353560433741,2026-01-05 14:05:00+00:00,2026-01-05 14:25:00+00:00,2026-01-05 14:30:00+00:00,2026-01-05 15:25:00+00:00,0.0064476994967648,0.0163619723654544,continuation,out_of_rth,
TSLA_20260106_142500,TSLA,2026-01-06 14:25:00+00:00,-1,8,193.6522111978656,6.002547108578336,368.5148307971837,18.002940810978803,0.6004104060606938,2026-01-06 14:05:00+00:00,2026-01-06 14:25:00+00:00,2026-01-06 14:30:00+00:00,2026-01-06 15:25:00+00:00,-0.0034974951217736,-0.0160920132664037,continuation,out_of_rth,
TSLA_20260109_142500,TSLA,2026-01-09 14:25:00+00:00,-1,15,102.87307326347197,5.9587890993641,459.1764070932922,18.315666255232525,0.7742909009075389,2026-01-09 14:05:00+00:00,2026-01-09 14:25:00+00:00,2026-01-09 14:30:00+00:00,2026-01-09 15:25:00+00:00,-0.0050414374101047,0.0179398065817992,reversal,out_of_rth,
TSLA_20260112_090000,TSLA,2026-01-12 09:00:00+00:00,-1,3,109.34912316522104,5.098404347614429,2.8880697784752383,7.896793049601308,67.72502435038818,2026-01-10 00:40:00+00:00,2026-01-12 09:00:00+00:00,2026-01-12 09:05:00+00:00,2026-01-12 10:00:00+00:00,-0.0082843159265412,-0.001516763633894,unclear,out_of_rth,
XLK_20251016_232500,XLK,2025-10-16 23:25:00+00:00,-1,4,180.97115212327708,4.708678884439141,0.2792925875187746,3.2077725543980717,533.2254369185073,2025-10-16 21:20:00+00:00,2025-10-16 23:25:00+00:00,2025-10-17 08:00:00+00:00,2025-10-17 09:20:00+00:00,-0.0021510079542849,-0.0085023889549541,continuation,out_of_rth,
XLK_20251024_120000,XLK,2025-10-24 12:00:00+00:00,-1,4,96.53840849537464,5.187780551861312,0.193940211890141,12.189824819373891,306.9925960655209,2025-10-24 09:55:00+00:00,2025-10-24 12:00:00+00:00,2025-10-24 12:05:00+00:00,2025-10-24 13:25:00+00:00,-0.0030934213239842,0.0084815887463798,reversal,out_of_rth,
XLK_20251027_080000,XLK,2025-10-27 08:00:00+00:00,1,3,124.55334354261936,4.863639585234571,0.0780326363514625,13.063371464464849,630.3803356477796,2025-10-24 21:45:00+00:00,2025-10-27 08:00:00+00:00,2025-10-27 08:05:00+00:00,2025-10-27 09:10:00+00:00,0.0128729055986924,0.0,unclear,out_of_rth,
XLK_20251030_203000,XLK,2025-10-30 20:30:00+00:00,-1,5,118.74979152072918,5.114374396700759,0.0659302582606981,3.733843014084367,2830.559105922292,2025-10-30 20:05:00+00:00,2025-10-30 20:30:00+00:00,2025-10-30 20:35:00+00:00,2025-10-30 23:05:00+00:00,-0.0038875598086123,0.0084739317522264,reversal,out_of_rth,
XLK_20251104_090000,XLK,2025-11-04 09:00:00+00:00,-1,3,146.3907117617369,4.971065959443932,0.016293360958291,2.831847302131096,2321.466546702024,2025-11-04 00:25:00+00:00,2025-11-04 09:00:00+00:00,2025-11-04 09:05:00+00:00,2025-11-04 10:10:00+00:00,-0.0115244104948523,-0.0056781910425696,continuation,out_of_rth,
XLK_20251125_090000,XLK,2025-11-25 09:00:00+00:00,-1,3,71.68071464592751,5.136793175130082,0.0393969973433284,4.96656778483391,240.7332462020819,2025-11-25 00:00:00+00:00,2025-11-25 09:00:00+00:00,2025-11-25 09:20:00+00:00,2025-11-25 10:55:00+00:00,-0.0059359914178436,-0.0025540487067881,unclear,out_of_rth,
XLK_20251201_090000,XLK,2025-12-01 09:00:00+00:00,-1,3,88.47373986605733,4.46963055409618,0.0234128645179294,4.732568180552598,2128.604200851296,2025-11-28 21:00:00+00:00,2025-12-01 09:00:00+00:00,2025-12-01 09:10:00+00:00,2025-12-01 12:10:00+00:00,-0.0073010549849785,-0.0027096456346554,unclear,out_of_rth,
XLK_20251203_140000,XLK,2025-12-03 14:00:00+00:00,-1,3,110.10452961672136,5.430892242192548,0.2334590116389039,9.357868942557264,38.37413998676679,2025-12-03 13:35:00+00:00,2025-12-03 14:00:00+00:00,2025-12-03 14:05:00+00:00,2025-12-03 15:00:00+00:00,-0.0081264748952678,0.0014236111111112,unclear,out_of_rth,
XLK_20260102_090000,XLK,2026-01-02 09:00:00+00:00,1,3,136.90062543433302,5.010301197894105,0.1095999078777332,10.687127552113626,366.3433273393165,2025-12-31 23:45:00+00:00,2026-01-02 09:00:00+00:00,2026-01-02 09:05:00+00:00,2026-01-02 11:15:00+00:00,0.0136290939433976,0.000480208547712,unclear,out_of_rth,
XLK_20260112_090000,XLK,2026-01-12 09:00:00+00:00,-1,3,120.81774081773575,4.549197980035726,0.047343675968559,1.6451318436931133,3118.767135886802,2026-01-10 00:40:00+00:00,2026-01-12 09:00:00+00:00,2026-01-12 09:05:00+00:00,2026-01-12 10:15:00+00:00,-0.0126582278481012,0.0018711018711017,unclear,out_of_rth,
XLK_20260115_090000,XLK,2026-01-15 09:00:00+00:00,1,4,97.63866768229155,4.032708750008727,0.0180927662424648,1.6287400682753428,2035.5279883285416,2026-01-15 00:25:00+00:00,2026-01-15 09:00:00+00:00,2026-01-15 09:05:00+00:00,2026-01-15 10:50:00+00:00,0.0086979161978173,0.0043248438250842,continuation,out_of_rth,
AAPL_20251021_133000,AAPL,2025-10-21 13:30:00+00:00,1,5,111.14081656036224,5.0613246199543065,531.1460162601626,9.272536155204389,0.0366498383854294,2025-10-21 13:10:00+00:00,2025-10-21 13:30:00+00:00,2025-10-21 13:35:00+00:00,2025-10-21 14:30:00+00:00,0.0060751948647408,0.0003038243895028,unclear,low_strength_unclear,0.552931868244738
AAPL_20251029_133500,AAPL,2025-10-29 13:35:00+00:00,1,1,73.96368236957107,4.071829281374336,328.8829239469908,9.008470590347397,0.0363054501686887,2025-10-29 13:15:00+00:00,2025-10-29 13:35:00+00:00,2025-10-29 13:40:00+00:00,2025-10-29 14:35:00+00:00,0.0064226765799257,-0.0035375028118661,reversal,over_cap_or_below_cutoff,0.20579127697369298
AAPL_20251030_150500,AAPL,2025-10-30 15:05:00+00:00,1,3,75.12086277427166,4.0307451497741695,35.97192189769243,2.5809606999376387,0.1064663598657841,2025-10-30 14:45:00+00:00,2025-10-30 15:05:00+00:00,2025-10-30 15:10:00+00:00,2025-10-30 16:05:00+00:00,0.0040473803423564,0.0042899408284025,continuation,over_cap_or_below_cutoff,0.3667228385506903
AAPL_20251106_151500,AAPL,2025-11-06 15:15:00+00:00,1,4,108.00096330190634,4.500911768090404,511.2758845235511,10.497479123451438,0.0436754181721002,2025-11-06 14:55:00+00:00,2025-11-06 15:15:00+00:00,2025-11-06 15:20:00+00:00,2025-11-06 16:15:00+00:00,0.0061828325448896,0.0005154449394351,unclear,low_strength_unclear,0.53114881504279
AAPL_20251112_143000,AAPL,2025-11-12 14:30:00+00:00,-1,6,103.2399086588276,4.932031345349385,734.287456445993,25.470174921895783,0.0497975118856017,2025-11-12 14:10:00+00:00,2025-11-12 14:30:00+00:00,2025-11-12 14:35:00+00:00,2025-11-12 15:30:00+00:00,-0.0080267315584933,0.0005492091388399,unclear,low_strength_unclear,0.6128479005698424
AAPL_20251202_143000,AAPL,2025-12-02 14:30:00+00:00,1,6,62.01495446330085,4.868536730982814,519.0348517273005,14.662460437390177,0.0594204524525618,2025-12-02 14:10:00+00:00,2025-12-02 14:30:00+00:00,2025-12-02 14:35:00+00:00,2025-12-02 15:30:00+00:00,0.0034342933974949,0.0035769873895679,continuation,over_cap_or_below_cutoff,0.48934737699343706
AAPL_20251203_143000,AAPL,2025-12-03 14:30:00+00:00,1,3,70.58350803633928,5.381081633547622,1298.8181818181818,23.20864919245388,0.0186491277147559,2025-12-03 14:10:00+00:00,2025-12-03 14:30:00+00:00,2025-12-03 14:35:00+00:00,2025-12-03 15:30:00+00:00,0.0066858022962754,-0.000938836538127,unclear,over_cap_or_below_cutoff,0.4838223335370912
AAPL_20251209_143500,AAPL,2025-12-09 14:35:00+00:00,1,1,68.73021582733729,5.274560482848711,479.3706714844926,10.754280746919328,0.0304232042335679,2025-12-09 14:15:00+00:00,2025-12-09 14:35:00+00:00,2025-12-09 14:40:00+00:00,2025-12-09 15:35:00+00:00,0.0065471609910461,-0.0086838409535612,reversal,over_cap_or_below_cutoff,0.27589745750150874
AAPL_20251217_205500,AAPL,2025-12-17 20:55:00+00:00,-1,2,69.73908730853573,4.431690201252785,14.891524071649757,3.2217736140843845,2.158644585294605,2025-12-17 20:35:00+00:00,2025-12-17 20:55:00+00:00,2025-12-17 21:00:00+00:00,2025-12-17 21:55:00+00:00,-0.0059054758204589,0.0014768630912969,unclear,over_cap_or_below_cutoff,0.32640296091588505
AAPL_20251219_205000,AAPL,2025-12-19 20:50:00+00:00,1,4,111.97753058131975,4.126555256366904,52.312205164074825,8.076834603708635,0.8300822541806281,2025-12-19 20:30:00+00:00,2025-12-19 20:50:00+00:00,2025-12-19 20:55:00+00:00,2025-12-19 21:50:00+00:00,0.0014028869937607,0.0040552995391704,continuation,over_cap_or_below_cutoff,0.5158759298436493
AAPL_20251224_143000,AAPL,2025-12-24 14:30:00+00:00,1,3,78.04752635252487,5.88077220860008,1171.6193005754758,120.4692791359968,0.0367137705971243,2025-12-24 14:10:00+00:00,2025-12-24 14:30:00+00:00,2025-12-24 14:35:00+00:00,2025-12-24 15:30:00+00:00,0.0060313391600648,0.0010223828823894,unclear,over_cap_or_below_cutoff,0.577962558522934
AMD_20251119_143000,AMD,2025-11-19 14:30:00+00:00,-1,12,134.47807613123695,4.022687134585867,134.5953421619153,5.468231618236083,0.059562725353453,2025-11-19 14:10:00+00:00,2025-11-19 14:30:00+00:00,2025-11-19 14:35:00+00:00,2025-11-19 15:30:00+00:00,-0.007204861111111,0.0248754043892629,reversal,over_cap_or_below_cutoff,0.3852093478635433
AMD_20251202_153500,AMD,2025-12-02 15:35:00+00:00,-1,13,223.28876699805988,4.465221981982265,150.0953086942709,11.5503324393916,0.2533707861006312,2025-12-02 15:15:00+00:00,2025-12-02 15:35:00+00:00,2025-12-02 15:40:00+00:00,2025-12-02 16:35:00+00:00,-0.0039305527480179,-0.0169342473166771,continuation,over_cap_or_below_cutoff,0.5783483548236705
AMD_20251208_175500,AMD,2025-12-08 17:55:00+00:00,1,3,178.2421634910869,4.213814577017049,8.261957529969058,6.271594743520705,0.9691086265491784,2025-12-08 17:35:00+00:00,2025-12-08 17:55:00+00:00,2025-12-08 18:00:00+00:00,2025-12-08 18:55:00+00:00,0.0044728655406489,-0.0042115750384928,reversal,over_cap_or_below_cutoff,0.4563648861501528
AMD_20251215_144000,AMD,2025-12-15 14:40:00+00:00,1,23,140.04809732635292,4.519223502152742,233.9905700814402,13.143038106403075,0.3119689087388099,2025-12-15 14:20:00+00:00,2025-12-15 14:40:00+00:00,2025-12-15 14:45:00+00:00,2025-12-15 15:40:00+00:00,0.0070336102719033,-0.0085782590352975,reversal,over_cap_or_below_cutoff,0.525678385453993
AMD_20251217_143000,AMD,2025-12-17 14:30:00+00:00,-1,19,166.17357001971865,4.316498382926028,299.9704314938972,10.990858507130282,0.1080638262122619,2025-12-17 14:10:00+00:00,2025-12-17 14:30:00+00:00,2025-12-17 14:35:00+00:00,2025-12-17 15:30:00+00:00,-0.0030964176829266,-0.0148133989582837,continuation,over_cap_or_below_cutoff,0.524414490317985
AMD_20251223_143000,AMD,2025-12-23 14:30:00+00:00,1,13,133.94693590044193,4.212702174048314,625.0779048125498,41.426344104771815,0.0875509366351993,2025-12-23 14:10:00+00:00,2025-12-23 14:30:00+00:00,2025-12-23 14:35:00+00:00,2025-12-23 15:30:00+00:00,0.0131568075117372,-0.0083919363269361,reversal,over_cap_or_below_cutoff,0.5537859726914081
AMD_20251226_143500,AMD,2025-12-26 14:35:00+00:00,-1,13,100.67270858638012,4.257178305866825,142.52461873638345,14.161231255256,0.2495364998326479,2025-12-26 14:15:00+00:00,2025-12-26 14:35:00+00:00,2025-12-26 14:40:00+00:00,2025-12-26 15:35:00+00:00,-0.006212619963837,0.0094704921856776,reversal,over_cap_or_below_cutoff,0.41927418005931305
AMD_20251231_144500,AMD,2025-12-31 14:45:00+00:00,1,2,81.68948711997581,4.380257638245802,455.1897435897436,20.477326581558568,0.0486137151695017,2025-12-31 14:25:00+00:00,2025-12-31 14:45:00+00:00,2025-12-31 14:50:00+00:00,2025-12-31 15:45:00+00:00,0.0053036268470054,-0.004976155919552,reversal,over_cap_or_below_cutoff,0.41493782123718936
AMD_20260105_144000,AMD,2026-01-05 14:40:00+00:00,-1,6,179.47236408958565,4.145112148956413,153.85889570552146,12.48490810158519,0.1476262312717713,2026-01-05 14:20:00+00:00,2026-01-05 14:40:00+00:00,2026-01-05 14:45:00+00:00,2026-01-05 15:40:00+00:00,-0.0054995217807147,-0.0173766693624183,continuation,over_cap_or_below_cutoff,0.473386463650871
AMD_20260109_150000,AMD,2026-01-09 15:00:00+00:00,-1,12,122.44295830054595,5.5595606368887,164.9312851460705,10.675314907208644,0.1545229801950781,2026-01-09 14:40:00+00:00,2026-01-09 15:00:00+00:00,2026-01-09 15:05:00+00:00,2026-01-09 16:00:00+00:00,-0.0064875109340072,0.0103450805840201,reversal,over_cap_or_below_cutoff,0.5534273572395584
META_20251020_134000,META,2025-10-20 13:40:00+00:00,1,6,98.99758036640448,4.507049299852598,281.81687155574394,21.97724947340799,0.0674369462812276,2025-10-20 13:20:00+00:00,2025-10-20 13:40:00+00:00,2025-10-20 13:45:00+00:00,2025-10-20 14:40:00+00:00,0.0024135546334715,0.0094433214440941,continuation,over_cap_or_below_cutoff,0.46092496333210436
META_20251023_133500,META,2025-10-23 13:35:00+00:00,1,5,87.94619762027223,5.11292966936954,394.98523985239854,244.549551010342,0.0387070630147483,2025-10-23 13:15:00+00:00,2025-10-23 13:35:00+00:00,2025-10-23 13:40:00+00:00,2025-10-23 14:35:00+00:00,0.0052517426236888,0.004773794338752,continuation,over_cap_or_below_cutoff,0.46232374710554497
META_20251029_134000,META,2025-10-29 13:40:00+00:00,-1,2,86.82864877511243,5.597113642517913,173.90181234228035,13.132102107957255,0.0537466941834915,2025-10-29 13:20:00+00:00,2025-10-29 13:40:00+00:00,2025-10-29 13:45:00+00:00,2025-10-29 14:40:00+00:00,-0.0062109738275542,0.0013168009090605,unclear,low_strength_unclear,0.33346201160742706
META_20251119_143000,META,2025-11-19 14:30:00+00:00,-1,8,121.43391478799391,5.669175892878543,330.5672137193436,12.441050887507062,0.0552183870258682,2025-11-19 14:10:00+00:00,2025-11-19 14:30:00+00:00,2025-11-19 14:35:00+00:00,2025-11-19 15:30:00+00:00,-0.0091092436974788,0.0048678720445063,reversal,over_cap_or_below_cutoff,0.62779408197147
META_20251128_144000,META,2025-11-28 14:40:00+00:00,1,4,66.55831920105548,4.794958664107698,400.3308763308763,16.25609988045353,0.0401325674884457,2025-11-28 14:20:00+00:00,2025-11-28 14:40:00+00:00,2025-11-28 14:45:00+00:00,2025-11-28 15:40:00+00:00,0.0064467994779791,0.0051397451702501,continuation,over_cap_or_below_cutoff,0.38808558575222507
META_20251208_143000,META,2025-12-08 14:30:00+00:00,1,6,97.66123104157032,4.730681457200752,380.66206420434935,22.591189456742065,0.0881172963886126,2025-12-08 14:10:00+00:00,2025-12-08 14:30:00+00:00,2025-12-08 14:35:00+00:00,2025-12-08 15:30:00+00:00,0.0038777032065622,-0.0059277967612538,reversal,over_cap_or_below_cutoff,0.5585863979340738
META_20251209_143000,META,2025-12-09 14:30:00+00:00,-1,7,113.87021539306376,5.068675370334956,572.6554762903903,31.46741597195626,0.0531491357851458,2025-12-09 14:10:00+00:00,2025-12-09 14:30:00+00:00,2025-12-09 14:35:00+00:00,2025-12-09 15:30:00+00:00,-0.0084867229933615,0.0002434663521895,unclear,low_strength_unclear,0.652776425810266
META_20251223_143500,META,2025-12-23 14:35:00+00:00,1,5,60.53801453519636,4.585919991898519,313.3165137614679,17.19729419629693,0.0768073346794024,2025-12-23 14:15:00+00:00,2025-12-23 14:35:00+00:00,2025-12-23 14:40:00+00:00,2025-12-23 15:35:00+00:00,0.0038923470701379,0.0001961257618732,unclear,low_strength_unclear,0.40819522762949356
META_20251230_143000,META,2025-12-30 14:30:00+00:00,1,9,106.42168455521129,4.0911719301466105,893.0644122383253,45.64200843339487,0.0671713229961665,2025-12-30 14:10:00+00:00,2025-12-30 14:30:00+00:00,2025-12-30 14:35:00+00:00,2025-12-30 15:30:00+00:00,0.0108567096285063,-0.0015450154501545,unclear,over_cap_or_below_cutoff,0.6044704029358297
META_20251231_143000,META,2025-12-31 14:30:00+00:00,-1,3,66.68539173137145,6.080359987044982,592.1152597402597,17.911547851017374,0.0225465002107113,2025-12-31 14:10:00+00:00,2025-12-31 14:30:00+00:00,2025-12-31 14:35:00+00:00,2025-12-31 15:30:00+00:00,-0.0053345931191697,-0.0002759252920963,unclear,low_strength_unclear,0.5040456729812085
META_20260106_143500,META,2026-01-06 14:35:00+00:00,-1,6,86.0632557286367,5.228152578056238,407.6074014481094,20.220134672239368,0.0982363108967054,2026-01-06 14:15:00+00:00,2026-01-06 14:35:00+00:00,2026-01-06 14:40:00+00:00,2026-01-06 15:35:00+00:00,-0.0054566680817513,0.0041831755241545,reversal,over_cap_or_below_cutoff,0.5910957793829947
META_20260114_143500,META,2026-01-14 14:35:00+00:00,-1,7,69.72093885811992,4.295638621750396,269.8307189542484,11.92719129381368,0.1235453953707375,2026-01-14 14:15:00+00:00,2026-01-14 14:35:00+00:00,2026-01-14 14:40:00+00:00,2026-01-14 15:35:00+00:00,-0.0038762163024405,-0.006197255272471,continuation,over_cap_or_below_cutoff,0.42188840464818483
MSFT_20251029_133000,MSFT,2025-10-29 13:30:00+00:00,-1,6,71.94111554963412,4.4334321428316965,348.7012332581885,11.259291312787443,0.0619679795824692,2025-10-29 13:10:00+00:00,2025-10-29 13:30:00+00:00,2025-10-29 13:35:00+00:00,2025-10-29 14:30:00+00:00,-0.0041703690104645,-0.0081455911969211,continuation,over_cap_or_below_cutoff,0.4628268706199767
MSFT_20251106_153500,MSFT,2025-11-06 15:35:00+00:00,-1,4,78.31192070290038,4.417140943533146,243.83456737888724,7.318863411447162,0.0705869893167714,2025-11-06 15:15:00+00:00,2025-11-06 15:35:00+00:00,2025-11-06 15:40:00+00:00,2025-11-06 16:35:00+00:00,-0.0035563738166221,-0.0036873008556942,continuation,over_cap_or_below_cutoff,0.45725475028260126
MSFT_20251107_143000,MSFT,2025-11-07 14:30:00+00:00,1,3,75.061878062328,4.1697125683066325,405.8542210617929,8.321689515625414,0.023474886585004,2025-11-07 14:10:00+00:00,2025-11-07 14:30:00+00:00,2025-11-07 14:35:00+00:00,2025-11-07 15:30:00+00:00,0.0059310066572524,-0.0058559281244985,reversal,over_cap_or_below_cutoff,0.36953467946217644
MSFT_20251112_143000,MSFT,2025-11-12 14:30:00+00:00,-1,3,61.6736616027258,4.953651730501526,491.421686746988,12.964844172615496,0.0801664579992943,2025-11-12 14:10:00+00:00,2025-11-12 14:30:00+00:00,2025-11-12 14:35:00+00:00,2025-11-12 15:30:00+00:00,-0.0060517038777908,-0.0057043210971211,continuation,over_cap_or_below_cutoff,0.5128563615781655
MSFT_20251117_143000,MSFT,2025-11-17 14:30:00+00:00,1,7,62.97077314203703,4.219983397400419,976.647209421403,17.63496661677055,0.0672207539975765,2025-11-17 14:10:00+00:00,2025-11-17 14:30:00+00:00,2025-11-17 14:35:00+00:00,2025-11-17 15:30:00+00:00,0.0033841613379244,-0.0052356020942408,reversal,over_cap_or_below_cutoff,0.5287560092500039
MSFT_20251119_154000,MSFT,2025-11-19 15:40:00+00:00,-1,5,94.66461853559372,4.299724503329808,141.84837229626393,6.908838920414631,0.1116876055256704,2025-11-19 15:20:00+00:00,2025-11-19 15:40:00+00:00,2025-11-19 15:45:00+00:00,2025-11-19 16:40:00+00:00,-0.00312086000627,-0.0082007093119511,continuation,over_cap_or_below_cutoff,0.5544217629591501
MSFT_20260108_143500,MSFT,2026-01-08 14:35:00+00:00,-1,3,90.22998153432438,5.134076590320508,328.2087415222306,11.930387030833591,0.0463644848707695,2026-01-08 14:15:00+00:00,2026-01-08 14:35:00+00:00,2026-01-08 14:40:00+00:00,2026-01-08 15:35:00+00:00,-0.0056059630836948,-0.0029231829286118,unclear,low_strength_unclear,0.5481406990826363
MSFT_20260112_143000,MSFT,2026-01-12 14:30:00+00:00,1,3,99.5077207893269,4.112544135561079,729.9683184402925,30.633603758300065,0.0381745607681061,2026-01-12 14:10:00+00:00,2026-01-12 14:30:00+00:00,2026-01-12 14:35:00+00:00,2026-01-12 15:30:00+00:00,0.0092308339290971,-0.0020313769610601,unclear,low_strength_unclear,0.6027347190903397
MSFT_20260114_144000,MSFT,2026-01-14 14:40:00+00:00,-1,2,65.09996341489632,4.765492880215197,392.5195030338053,9.546383739945645,0.0377478416666321,2026-01-14 14:20:00+00:00,2026-01-14 14:40:00+00:00,2026-01-14 14:45:00+00:00,2026-01-14 15:40:00+00:00,-0.0058353538016537,-0.0021542206568219,unclear,low_strength_unclear,0.3518081653901267
NFLX_20251016_140000,NFLX,2025-10-16 14:00:00+00:00,-1,3,91.78278075222312,4.199696629435612,5.756970295525337,5.772956105752924,1.3751838955779296,2025-10-16 13:40:00+00:00,2025-10-16 14:00:00+00:00,2025-10-16 14:05:00+00:00,2025-10-16 15:00:00+00:00,-0.0102770440950193,-0.0013883808320308,unclear,over_cap_or_below_cutoff,0.3828793103857625
NFLX_20251021_133500,NFLX,2025-10-21 13:35:00+00:00,-1,6,74.38817248326623,4.00579517289531,244.1601334445371,60.2498014257412,0.1197665273672256,2025-10-21 13:15:00+00:00,2025-10-21 13:35:00+00:00,2025-10-21 13:40:00+00:00,2025-10-21 14:35:00+00:00,-0.0046698549210304,0.0004602936188768,unclear,low_strength_unclear,0.37412297124899496
NFLX_20251030_135000,NFLX,2025-10-30 13:50:00+00:00,1,10,102.8057497950785,4.295849972680275,52.68287526427061,11.798056165265193,0.45933628399919,2025-10-30 13:30:00+00:00,2025-10-30 13:50:00+00:00,2025-10-30 13:55:00+00:00,2025-10-30 14:50:00+00:00,0.0016820512820512,-0.0046736202126109,reversal,over_cap_or_below_cutoff,0.4828903477233592
NFLX_20251103_143000,NFLX,2025-11-03 14:30:00+00:00,-1,14,124.86136453078169,4.198147091553182,303.73603504928803,12.07864395488801,0.1768627459647429,2025-11-03 14:10:00+00:00,2025-11-03 14:30:00+00:00,2025-11-03 14:35:00+00:00,2025-11-03 15:30:00+00:00,-0.0053860440435128,-0.0215007869394723,continuation,over_cap_or_below_cutoff,0.5585744667958881
NFLX_20251106_143000,NFLX,2025-11-06 14:30:00+00:00,-1,3,75.78962859402738,4.334253376561999,677.9677419354839,24.265790209674403,0.0403130003583437,2025-11-06 14:10:00+00:00,2025-11-06 14:30:00+00:00,2025-11-06 14:35:00+00:00,2025-11-06 15:30:00+00:00,-0.0039058569559927,0.0064465177784307,reversal,over_cap_or_below_cutoff,0.40306450744670363
NFLX_20251112_143000,NFLX,2025-11-12 14:30:00+00:00,-1,6,69.90469954252454,4.376730018163332,324.5645390070922,17.678613481649023,0.1293004259763696,2025-11-12 14:10:00+00:00,2025-11-12 14:30:00+00:00,2025-11-12 14:35:00+00:00,2025-11-12 15:30:00+00:00,-0.0044941847706824,0.0049729748794231,reversal,over_cap_or_below_cutoff,0.42396010932509276
NFLX_20251117_144000,NFLX,2025-11-17 14:40:00+00:00,1,8,91.0202418149786,4.239129161527111,124.52911813643928,4.219017955842221,0.1211758435393987,2025-11-17 14:20:00+00:00,2025-11-17 14:40:00+00:00,2025-11-17 14:45:00+00:00,2025-11-17 15:40:00+00:00,0.0072248999500765,-0.0034955633234738,reversal,over_cap_or_below_cutoff,0.4027109600219381
NFLX_20251202_144000,NFLX,2025-12-02 14:40:00+00:00,-1,4,97.80992625214368,4.781575295557929,302.62047440699126,7.869761818357914,0.0572149342825831,2025-12-02 14:20:00+00:00,2025-12-02 14:40:00+00:00,2025-12-02 14:45:00+00:00,2025-12-02 15:40:00+00:00,-0.0076102705181109,0.0012465336845928,unclear,low_strength_unclear,0.4885012674290059
NFLX_20251209_143000,NFLX,2025-12-09 14:30:00+00:00,-1,4,72.98514415859492,4.189647043535262,324.9895100069013,7.1814634371949095,0.060283212426736,2025-12-09 14:10:00+00:00,2025-12-09 14:30:00+00:00,2025-12-09 14:35:00+00:00,2025-12-09 15:30:00+00:00,-0.0032928586128834,-0.0032521164567416,continuation,over_cap_or_below_cutoff,0.357929039278064
NFLX_20251216_143000,NFLX,2025-12-16 14:30:00+00:00,1,6,78.07145305003482,4.649431976723855,348.82980089916504,6.222554836870123,0.0847750687336346,2025-12-16 14:10:00+00:00,2025-12-16 14:30:00+00:00,2025-12-16 14:35:00+00:00,2025-12-16 15:30:00+00:00,0.0048237349979278,-0.0014031805425631,unclear,low_strength_unclear,0.4542960668990251
NFLX_20251222_143000,NFLX,2025-12-22 14:30:00+00:00,-1,4,138.16394798206844,4.898418702248278,459.7340537295513,9.835151887383482,0.0538986591620715,2025-12-22 14:10:00+00:00,2025-12-22 14:30:00+00:00,2025-12-22 14:35:00+00:00,2025-12-22 15:30:00+00:00,-0.0089925111719535,-0.0003550738777585,unclear,low_strength_unclear,0.6343412598785235
NFLX_20260115_143000,NFLX,2026-01-15 14:30:00+00:00,1,8,78.71766029246885,4.641608046744625,436.0070914127424,8.889550517793312,0.1126624071443672,2026-01-15 14:10:00+00:00,2026-01-15 14:30:00+00:00,2026-01-15 14:35:00+00:00,2026-01-15 15:30:00+00:00,0.0078855469190042,-0.0019559628925897,unclear,low_strength_unclear,0.49486108726653455
NVDA_20251021_133000,NVDA,2025-10-21 13:30:00+00:00,-1,14,82.18875834298478,5.983082862926344,185.8836153701341,7.624667329010287,0.1792484314021646,2025-10-21 13:10:00+00:00,2025-10-21 13:30:00+00:00,2025-10-21 13:35:00+00:00,2025-10-21 14:30:00+00:00,-0.0034733120370603,-0.0106708002963045,continuation,over_cap_or_below_cutoff,0.5604986875491027
NVDA_20251022_133000,NVDA,2025-10-22 13:30:00+00:00,-1,14,124.77915194345712,5.862676626322641,203.0049168723335,8.883863818311427,0.1177538357893671,2025-10-22 13:10:00+00:00,2025-10-22 13:30:00+00:00,2025-10-22 13:35:00+00:00,2025-10-22 14:30:00+00:00,-0.0033653315679134,0.0009969554386934,unclear,low_strength_unclear,0.5968744982761102
NVDA_20251024_133000,NVDA,2025-10-24 13:30:00+00:00,1,3,100.6474076491992,5.09815157736056,356.80033421378903,16.558255549284993,0.0932870297361727,2025-10-24 13:10:00+00:00,2025-10-24 13:30:00+00:00,2025-10-24 13:35:00+00:00,2025-10-24 14:30:00+00:00,0.005268875611081,-0.0009185713513805,unclear,low_strength_unclear,0.4827640971145698
NVDA_20251105_205000,NVDA,2025-11-05 20:50:00+00:00,-1,7,152.9592621060738,4.079270670443501,11.341961639911446,3.448806288923195,8.842621171281287,2025-11-05 20:30:00+00:00,2025-11-05 20:50:00+00:00,2025-11-05 20:55:00+00:00,2025-11-05 21:50:00+00:00,-0.0144505038827875,-0.0018359853121175,unclear,over_cap_or_below_cutoff,0.5329356997355801
NVDA_20251106_144000,NVDA,2025-11-06 14:40:00+00:00,-1,7,152.60043600125118,5.124390057322295,117.5814558668386,7.763828912013333,0.1986427258825676,2025-11-06 14:20:00+00:00,2025-11-06 14:40:00+00:00,2025-11-06 14:45:00+00:00,2025-11-06 15:40:00+00:00,-0.0055535741580475,-0.0241315708576699,continuation,over_cap_or_below_cutoff,0.6179784999959388
NVDA_20251106_153000,NVDA,2025-11-06 15:30:00+00:00,-1,4,136.2419278626592,4.16058998256062,112.61982119384714,6.4023241025410735,0.1885089536650502,2025-11-06 15:10:00+00:00,2025-11-06 15:30:00+00:00,2025-11-06 15:35:00+00:00,2025-11-06 16:30:00+00:00,-0.0028040294942363,-0.0105446781920433,continuation,near_duplicate,0.493930222730166
NVDA_20251110_150000,NVDA,2025-11-10 15:00:00+00:00,1,11,101.06739703586108,4.194276446145538,53.43983041223455,3.497761865994009,0.2749690248399117,2025-11-10 14:40:00+00:00,2025-11-10 15:00:00+00:00,2025-11-10 15:05:00+00:00,2025-11-10 16:00:00+00:00,0.0021275176395125,-0.0022039064036181,unclear,low_strength_unclear,0.45152236432575615
NVDA_20251112_143000,NVDA,2025-11-12 14:30:00+00:00,-1,9,143.55306799336276,5.176619920481807,154.15631474817343,9.3515719074664,0.1362175692125874,2025-11-12 14:10:00+00:00,2025-11-12 14:30:00+00:00,2025-11-12 14:35:00+00:00,2025-11-12 15:30:00+00:00,-0.0063380353674741,-0.0124210536061381,continuation,over_cap_or_below_cutoff,0.5721338747861601
NVDA_20251119_143500,NVDA,2025-11-19 14:35:00+00:00,1,6,117.9874425902394,4.636382645148835,81.55313983996338,5.176438229959956,0.1641579960360258,2025-11-19 14:15:00+00:00,2025-11-19 14:35:00+00:00,2025-11-19 14:40:00+00:00,2025-11-19 15:35:00+00:00,0.0042616720955483,0.010525177717112,continuation,over_cap_or_below_cutoff,0.46231222257262444
NVDA_20251120_143000,NVDA,2025-11-20 14:30:00+00:00,-1,11,173.23651452282542,4.083188845499172,155.90914532705196,8.28229519988064,0.2244441968445909,2025-11-20 14:10:00+00:00,2025-11-20 14:30:00+00:00,2025-11-20 14:35:00+00:00,2025-11-20 15:30:00+00:00,-0.0167278661770705,0.0062463692946057,reversal,over_cap_or_below_cutoff,0.612285150440091
NVDA_20251124_153500,NVDA,2025-11-24 15:35:00+00:00,1,13,158.8021270640927,4.232488887237467,47.98710573404909,3.7343149303269545,0.4968297079829706,2025-11-24 15:15:00+00:00,2025-11-24 15:35:00+00:00,2025-11-24 15:40:00+00:00,2025-11-24 16:35:00+00:00,0.0042888414907948,0.0166042472758001,continuation,near_duplicate,0.5742743332482276
NVDA_20251128_143500,NVDA,2025-11-28 14:35:00+00:00,-1,4,87.2023715806125,4.006923435299249,240.53533842915695,12.65643688262989,0.0975324839627626,2025-11-28 14:15:00+00:00,2025-11-28 14:35:00+00:00,2025-11-28 14:40:00+00:00,2025-11-28 15:35:00+00:00,-0.0098040089086859,-0.002573110990153,unclear,low_strength_unclear,0.3656313196527501
NVDA_20251226_143000,NVDA,2025-12-26 14:30:00+00:00,1,8,115.84434732241134,4.679489160010577,642.0312048772662,21.052460735200903,0.1393656364656467,2025-12-26 14:10:00+00:00,2025-12-26 14:30:00+00:00,2025-12-26 14:35:00+00:00,2025-12-26 15:30:00+00:00,0.005202858944713,0.0036074658859204,continuation,over_cap_or_below_cutoff,0.5890569812504292
NVDA_20251231_143000,NVDA,2025-12-31 14:30:00+00:00,1,3,88.5847655421168,5.078035288343612,373.65690350796143,10.99862702203938,0.0672939379841595,2025-12-31 14:10:00+00:00,2025-12-31 14:30:00+00:00,2025-12-31 14:35:00+00:00,2025-12-31 15:30:00+00:00,0.002847350382283,-0.0066480887533518,reversal,over_cap_or_below_cutoff,0.4434107637455983
NVDA_20260106_144500,NVDA,2026-01-06 14:45:00+00:00,1,14,98.19043957861152,5.080325163281442,165.31084420634235,8.185671811685427,0.2495111098993136,2026-01-06 14:25:00+00:00,2026-01-06 14:45:00+00:00,2026-01-06 14:50:00+00:00,2026-01-06 15:45:00+00:00,0.0037528868360277,-0.0068763563155281,reversal,over_cap_or_below_cutoff,0.5591976592415606
NVDA_20260108_143000,NVDA,2026-01-08 14:30:00+00:00,-1,8,110.67151411462194,5.811837990607803,320.26193516998114,10.929135679671528,0.0880566058528896,2026-01-08 14:10:00+00:00,2026-01-08 14:30:00+00:00,2026-01-08 14:35:00+00:00,2026-01-08 15:30:00+00:00,-0.0065193948168936,-0.0094572696118799,continuation,over_cap_or_below_cutoff,0.5926182257902988
NVDA_20260113_164000,NVDA,2026-01-13 16:40:00+00:00,1,8,89.69471813923047,4.055895438264312,42.89022080434073,3.23509004810792,0.6340457501858522,2026-01-13 16:20:00+00:00,2026-01-13 16:40:00+00:00,2026-01-13 16:45:00+00:00,2026-01-13 17:40:00+00:00,0.0052719156062703,-0.0050353546175273,reversal,over_cap_or_below_cutoff,0.41135602796661724
PLTR_20251024_133500,PLTR,2025-10-24 13:35:00+00:00,1,4,134.48502077411328,5.149264357995515,470.45566502463055,27.244214711609835,0.0563587924589447,2025-10-24 13:15:00+00:00,2025-10-24 13:35:00+00:00,2025-10-24 13:40:00+00:00,2025-10-24 14:35:00+00:00,0.0093248991165886,-0.0019449997298611,unclear,low_strength_unclear,0.611565003194064
PLTR_20251119_154500,PLTR,2025-11-19 15:45:00+00:00,-1,5,141.36428962023828,4.079826249750774,63.81334262323637,3.153111344467244,0.204096691291243,2025-11-19 15:25:00+00:00,2025-11-19 15:45:00+00:00,2025-11-19 15:50:00+00:00,2025-11-19 16:45:00+00:00,-0.0063161640423449,-0.0083199045061176,continuation,over_cap_or_below_cutoff,0.46089893605927706
PLTR_20251120_143000,PLTR,2025-11-20 14:30:00+00:00,1,10,153.19146440177178,4.07647041989463,231.85009549541155,6.166570442579631,0.1548002772009962,2025-11-20 14:10:00+00:00,2025-11-20 14:30:00+00:00,2025-11-20 14:35:00+00:00,2025-11-20 15:30:00+00:00,0.0087678415380134,-0.0130230140625451,reversal,over_cap_or_below_cutoff,0.4983811434743437
PLTR_20251125_143500,PLTR,2025-11-25 14:35:00+00:00,-1,11,202.93086970372576,4.808357001251115,155.5304899964059,6.170804621876994,0.1762476347671104,2025-11-25 14:15:00+00:00,2025-11-25 14:35:00+00:00,2025-11-25 14:40:00+00:00,2025-11-25 15:35:00+00:00,-0.0047470331043097,-0.0023848374544997,unclear,over_cap_or_below_cutoff,0.6011933141687636
PLTR_20251212_143000,PLTR,2025-12-12 14:30:00+00:00,-1,4,114.53454969620137,5.01406317327355,289.77665761923225,12.76468329194377,0.0374829609953072,2025-12-12 14:10:00+00:00,2025-12-12 14:30:00+00:00,2025-12-12 14:35:00+00:00,2025-12-12 15:30:00+00:00,-0.0088751744123644,-0.019580239346524,continuation,over_cap_or_below_cutoff,0.45527095996613653
PLTR_20251216_143000,PLTR,2025-12-16 14:30:00+00:00,1,10,185.3578283520707,5.196611599653003,235.08639830099432,10.298524784691557,0.08408526899998,2025-12-16 14:10:00+00:00,2025-12-16 14:30:00+00:00,2025-12-16 14:35:00+00:00,2025-12-16 15:30:00+00:00,0.009148513759444,0.0047057499116065,continuation,over_cap_or_below_cutoff,0.5782841985966536
PLTR_20251217_143000,PLTR,2025-12-17 14:30:00+00:00,-1,5,117.62178419894242,5.2743890690487785,282.7471521107885,9.666059167973192,0.0505750573108453,2025-12-17 14:10:00+00:00,2025-12-17 14:30:00+00:00,2025-12-17 14:35:00+00:00,2025-12-17 15:30:00+00:00,-0.0081296493092455,-0.0053752611560508,continuation,near_duplicate,0.4882410659670045
PLTR_20251217_151500,PLTR,2025-12-17 15:15:00+00:00,1,17,182.7224276702255,4.823574035706146,155.69726435887463,8.643473457137453,0.1181068706921047,2025-12-17 14:55:00+00:00,2025-12-17 15:15:00+00:00,2025-12-17 15:20:00+00:00,2025-12-17 16:15:00+00:00,-0.0010502320932754,-0.0280356330756267,reversal,over_cap_or_below_cutoff,0.5230496966237254
PLTR_20251229_145000,PLTR,2025-12-29 14:50:00+00:00,-1,8,122.37383582412996,4.380629458205419,161.73120425815037,12.713580983487134,0.1344463979750346,2025-12-29 14:30:00+00:00,2025-12-29 14:50:00+00:00,2025-12-29 14:55:00+00:00,2025-12-29 15:50:00+00:00,-0.0061144554163485,0.0055998310792519,reversal,over_cap_or_below_cutoff,0.4174560218675211
PLTR_20251230_143000,PLTR,2025-12-30 14:30:00+00:00,-1,5,121.33523663115486,5.897004441750398,364.1113725490196,18.49565385710098,0.089795236810632,2025-12-30 14:10:00+00:00,2025-12-30 14:30:00+00:00,2025-12-30 14:35:00+00:00,2025-12-30 15:30:00+00:00,-0.0056170628459785,0.0026470186928639,unclear,low_strength_unclear,0.6305171061006651
PLTR_20251231_143500,PLTR,2025-12-31 14:35:00+00:00,-1,3,86.71966201567294,5.80075421929472,292.05110525248426,15.762257052994402,0.0600326469679522,2025-12-31 14:15:00+00:00,2025-12-31 14:35:00+00:00,2025-12-31 14:40:00+00:00,2025-12-31 15:35:00+00:00,-0.0078318901329216,0.0025015287119907,unclear,low_strength_unclear,0.45152157133820225
PLTR_20260115_144500,PLTR,2026-01-15 14:45:00+00:00,1,14,140.02530577814863,5.12799844895628,196.28241888541555,14.71339750589296,0.1238212951518045,2026-01-15 14:25:00+00:00,2026-01-15 14:45:00+00:00,2026-01-15 14:50:00+00:00,2026-01-15 15:45:00+00:00,0.0050623706438439,-0.0047869764853207,reversal,over_cap_or_below_cutoff,0.5174043471341885
QQQ_20251029_183500,QQQ,2025-10-29 18:35:00+00:00,-1,5,68.1684871351762,4.273612920260333,7.256058208734595,10.975182711520008,2.9177341767968112,2025-10-29 18:15:00+00:00,2025-10-29 18:35:00+00:00,2025-10-29 18:40:00+00:00,2025-10-29 19:35:00+00:00,-0.0063625986838945,0.0049918387398379,reversal,over_cap_or_below_cutoff,0.513588987097116
QQQ_20251030_133500,QQQ,2025-10-30 13:35:00+00:00,-1,4,66.05966062844803,4.517202361570338,134.46689132266218,5.135074435403299,0.1632463223150091,2025-10-30 13:15:00+00:00,2025-10-30 13:35:00+00:00,2025-10-30 13:40:00+00:00,2025-10-30 14:35:00+00:00,-0.0057450344227268,0.0030562541784724,reversal,over_cap_or_below_cutoff,0.6085196342185
QQQ_20251114_143000,QQQ,2025-11-14 14:30:00+00:00,-1,5,102.74259132210472,4.730863369300901,64.86162297549015,4.983983085476607,0.110297293490037,2025-11-14 14:10:00+00:00,2025-11-14 14:30:00+00:00,2025-11-14 14:35:00+00:00,2025-11-14 15:30:00+00:00,-0.0033188792528352,0.0148591891032612,reversal,over_cap_or_below_cutoff,0.6110520582137444
QQQ_20251118_144500,QQQ,2025-11-18 14:45:00+00:00,-1,4,73.5356124875608,4.103022920576861,74.4834752276221,4.44260931024563,0.0961649120639584,2025-11-18 14:25:00+00:00,2025-11-18 14:45:00+00:00,2025-11-18 14:50:00+00:00,2025-11-18 15:45:00+00:00,-0.0038526968878215,-0.0057071341269442,continuation,over_cap_or_below_cutoff,0.46060423448178306
QQQ_20251211_143000,QQQ,2025-12-11 14:30:00+00:00,-1,8,67.60581604100979,4.210854853215745,127.61528014764774,8.23172747684252,0.1454522723546546,2025-12-11 14:10:00+00:00,2025-12-11 14:30:00+00:00,2025-12-11 14:35:00+00:00,2025-12-11 15:30:00+00:00,-0.0036670670189766,0.0001605696025828,unclear,low_strength_unclear,0.5643086312438648
QQQ_20251217_153500,QQQ,2025-12-17 15:35:00+00:00,-1,5,69.39143091837741,5.418721624321664,73.4367378540551,5.613789815149942,0.1861498546469905,2025-12-17 15:15:00+00:00,2025-12-17 15:35:00+00:00,2025-12-17 15:40:00+00:00,2025-12-17 16:35:00+00:00,-0.0039175538571456,-0.0064833555478764,continuation,over_cap_or_below_cutoff,0.6193545253749349
QQQ_20251218_144000,QQQ,2025-12-18 14:40:00+00:00,-1,8,65.98107774578921,4.620342301784348,108.07593773335633,5.266313401526256,0.1705472015434051,2025-12-18 14:20:00+00:00,2025-12-18 14:40:00+00:00,2025-12-18 14:45:00+00:00,2025-12-18 15:40:00+00:00,-0.0027238120241535,0.0071818750205667,reversal,over_cap_or_below_cutoff,0.571918551536186
QQQ_20251219_143000,QQQ,2025-12-19 14:30:00+00:00,1,5,70.33624154495044,4.320958591134474,210.58529116225657,8.401599116852722,0.0695247810302878,2025-12-19 14:10:00+00:00,2025-12-19 14:30:00+00:00,2025-12-19 14:35:00+00:00,2025-12-19 15:30:00+00:00,0.0044403375637838,0.0025970642590225,unclear,low_strength_unclear,0.5918463645154831
QQQ_20260108_143000,QQQ,2026-01-08 14:30:00+00:00,-1,3,63.32385629361559,6.535034163612895,287.78109172763084,10.992159616643017,0.0485162958350812,2026-01-08 14:10:00+00:00,2026-01-08 14:30:00+00:00,2026-01-08 14:35:00+00:00,2026-01-08 15:30:00+00:00,-0.0034177337055935,-0.0015134682574184,unclear,low_strength_unclear,0.626276638941252
QQQ_20260109_150500,QQQ,2026-01-09 15:05:00+00:00,-1,5,60.7238680092137,4.2183135810562025,168.5231009070295,9.535534934369466,0.106057719875756,2026-01-09 14:45:00+00:00,2026-01-09 15:05:00+00:00,2026-01-09 15:10:00+00:00,2026-01-09 16:05:00+00:00,-0.0024196326524041,0.0093481289299828,reversal,over_cap_or_below_cutoff,0.5354924271998811
SPY_20251212_155500,SPY,2025-12-12 15:55:00+00:00,-1,3,67.29158708236093,5.885702324011325,132.8449448548647,9.13761183794443,0.11579000139666,2025-12-12 15:35:00+00:00,2025-12-12 15:55:00+00:00,2025-12-12 16:00:00+00:00,2025-12-12 16:55:00+00:00,-0.0047011417058429,-0.0016437833714723,unclear,low_strength_unclear,0.6039412027078636
TSLA_20251022_140500,TSLA,2025-10-22 14:05:00+00:00,-1,14,112.806075608749,4.6373018468468965,123.3461143883047,8.027920531465162,0.1416191503402739,2025-10-22 13:45:00+00:00,2025-10-22 14:05:00+00:00,2025-10-22 14:10:00+00:00,2025-10-22 15:05:00+00:00,-0.0019926408151712,-0.0076234557397134,continuation,over_cap_or_below_cutoff,0.4560464575972483
TSLA_20251024_133000,TSLA,2025-10-24 13:30:00+00:00,-1,12,90.072169598554,4.526124881724715,455.5756889050036,23.229208905238828,0.09666496033262,2025-10-24 13:10:00+00:00,2025-10-24 13:30:00+00:00,2025-10-24 13:35:00+00:00,2025-10-24 14:30:00+00:00,-0.0036500215741106,-0.0121356495943547,continuation,over_cap_or_below_cutoff,0.5401782343743708
TSLA_20251027_133000,TSLA,2025-10-27 13:30:00+00:00,1,8,147.94107141555156,4.244038417259336,224.0274127371113,15.218108088663048,0.1214868265537937,2025-10-27 13:10:00+00:00,2025-10-27 13:30:00+00:00,2025-10-27 13:35:00+00:00,2025-10-27 14:30:00+00:00,0.0084510250569476,0.0121587495200019,continuation,over_cap_or_below_cutoff,0.5382374597014006
TSLA_20251027_150500,TSLA,2025-10-27 15:05:00+00:00,1,6,138.06908931180084,4.353604255421784,105.766066881974,10.392915825597878,0.3092396729927961,2025-10-27 14:45:00+00:00,2025-10-27 15:05:00+00:00,2025-10-27 15:10:00+00:00,2025-10-27 16:05:00+00:00,0.0040830519465997,0.0155542376116302,continuation,over_cap_or_below_cutoff,0.5397795823662841
TSLA_20251031_133000,TSLA,2025-10-31 13:30:00+00:00,1,11,90.98683443187204,4.211712243855831,193.48828024383965,7.907317662674231,0.1004510394682942,2025-10-31 13:10:00+00:00,2025-10-31 13:30:00+00:00,2025-10-31 13:35:00+00:00,2025-10-31 14:30:00+00:00,0.0046263253486551,0.0146439445479182,continuation,over_cap_or_below_cutoff,0.3765994728223676
TSLA_20251112_143000,TSLA,2025-11-12 14:30:00+00:00,-1,6,105.72507699804888,4.146339780566357,271.7082009818077,17.66201827807649,0.1230788612626945,2025-11-12 14:10:00+00:00,2025-11-12 14:30:00+00:00,2025-11-12 14:35:00+00:00,2025-11-12 15:30:00+00:00,-0.0072183002986695,-0.0150985778875392,continuation,over_cap_or_below_cutoff,0.480614073202443
TSLA_20251126_143000,TSLA,2025-11-26 14:30:00+00:00,-1,5,107.6574967250199,4.346401369713387,155.4353991416309,10.278330421347803,0.13927072852872,2025-11-26 14:10:00+00:00,2025-11-26 14:30:00+00:00,2025-11-26 14:35:00+00:00,2025-11-26 15:30:00+00:00,-0.0067589538171536,-0.0024944755018307,unclear,low_strength_unclear,0.4375920393287923
TSLA_20251208_143000,TSLA,2025-12-08 14:30:00+00:00,-1,5,119.13834650812528,4.708120457680107,270.0354547363999,9.74417003543774,0.0966851060612783,2025-12-08 14:10:00+00:00,2025-12-08 14:30:00+00:00,2025-12-08 14:35:00+00:00,2025-12-08 15:30:00+00:00,-0.0040321384232182,-0.0067590103151344,continuation,over_cap_or_below_cutoff,0.5334468973600617
TSLA_20251226_143500,TSLA,2025-12-26 14:35:00+00:00,1,15,88.88911895641449,5.006520318977719,555.4085554866708,12.815150354690926,0.0757780985005512,2025-12-26 14:15:00+00:00,2025-12-26 14:35:00+00:00,2025-12-26 14:40:00+00:00,2025-12-26 15:35:00+00:00,0.0031559984352804,-0.0261068965807403,reversal,over_cap_or_below_cutoff,0.562980151975887
TSLA_20251231_143000,TSLA,2025-12-31 14:30:00+00:00,-1,3,62.1357299709957,4.5514566234387575,290.6506900133551,14.508509474521494,0.0311263956432063,2025-12-31 14:10:00+00:00,2025-12-31 14:30:00+00:00,2025-12-31 14:35:00+00:00,2025-12-31 15:30:00+00:00,-0.0041133603238866,-0.0003331352687409,unclear,low_strength_unclear,0.36657690084803696
TSLA_20260112_143000,TSLA,2026-01-12 14:30:00+00:00,1,7,139.27198733890256,4.320260772872557,340.7076086956522,12.767055780134164,0.1270182205825323,2026-01-12 14:10:00+00:00,2026-01-12 14:30:00+00:00,2026-01-12 14:35:00+00:00,2026-01-12 15:30:00+00:00,0.0062046279491834,0.0118930862276933,continuation,over_cap_or_below_cutoff,0.619037950992078
TSLA_20260114_143000,TSLA,2026-01-14 14:30:00+00:00,-1,3,87.7295653930843,4.993107472851659,292.5461923784161,11.199943547441062,0.0816536155878839,2026-01-14 14:10:00+00:00,2026-01-14 14:30:00+00:00,2026-01-14 14:35:00+00:00,2026-01-14 15:30:00+00:00,-0.0084509295774647,-0.0002043182282541,unclear,low_strength_unclear,0.4491974365994817
TSLA_20260114_150000,TSLA,2026-01-14 15:00:00+00:00,-1,10,100.07186903014498,4.138267929590696,161.5910176236498,7.032801759454065,0.1513107264104976,2026-01-14 14:40:00+00:00,2026-01-14 15:00:00+00:00,2026-01-14 15:05:00+00:00,2026-01-14 16:00:00+00:00,-0.0024781175400705,-0.0030084784392377,continuation,near_duplicate,0.41925521002649
XLK_20251202_143000,XLK,2025-12-02 14:30:00+00:00,1,3,80.5220047202626,5.15050995881762,98.73641997812614,10.42909493696646,0.1027146809934209,2025-12-02 14:10:00+00:00,2025-12-02 14:30:00+00:00,2025-12-02 14:35:00+00:00,2025-12-02 15:30:00+00:00,0.0046170936610427,-0.0004146653305228,unclear,low_strength_unclear,0.49989097584667
XLK_20251222_143000,XLK,2025-12-22 14:30:00+00:00,-1,4,76.66804807294314,5.076869677723427,514.0550660792951,24.224757117828933,0.0468603547309552,2025-12-22 14:10:00+00:00,2025-12-22 14:30:00+00:00,2025-12-22 14:35:00+00:00,2025-12-22 15:30:00+00:00,-0.0041163556531284,-0.0017911270322402,unclear,low_strength_unclear,0.5154049125055504
XLK_20251229_143000,XLK,2025-12-29 14:30:00+00:00,1,5,77.82650786705148,5.106421455220197,276.7220149253731,17.554501325195684,0.0620345129083696,2025-12-29 14:10:00+00:00,2025-12-29 14:30:00+00:00,2025-12-29 14:35:00+00:00,2025-12-29 15:30:00+00:00,0.0026152787336544,0.0008580450302031,unclear,low_strength_unclear,0.5048170135575605
XLK_20260106_144500,XLK,2026-01-06 14:45:00+00:00,1,4,69.62156200455149,5.031592234219407,814.0,15.18191000075777,0.0171254984743747,2026-01-06 14:25:00+00:00,2026-01-06 14:45:00+00:00,2026-01-06 14:50:00+00:00,2026-01-06 15:45:00+00:00,0.0025480338819641,0.0026789394147546,unclear,over_cap_or_below_cutoff,0.4893848700878338
