event_id,ticker,t0_utc,direction,cluster_len,peak_abs_ret_3_bp,peak_z_ret_3,peak_volume_mult,peak_range_mult,peak_impact_mult,event_window_start,event_window_end,val_window_start,val_window_end,event_return,forward_return_60m,label_proxy,reject_reason,strength_score
JPM_20250423_130500,JPM,2025-04-23 13:05:00+00:00,-1,12,187.2855953372232,4.755633612075286,547.2882205513785,16.318671554841906,1.3391547269406006,2025-04-23 12:50:00+00:00,2025-04-23 13:05:00+00:00,2025-04-23 13:20:00+00:00,2025-04-23 14:15:00+00:00,-0.003595041322314,0.0147223489404055,reversal,window_gap_gt_10min,
AAPL_20240529_133000,AAPL,2024-05-29 13:30:00+00:00,1,6,79.11809694604256,4.678376859052369,592.8367075119872,15.0992563618663,0.04475256614278,2024-05-29 13:15:00+00:00,2024-05-29 13:30:00+00:00,2024-05-29 13:35:00+00:00,2024-05-29 14:30:00+00:00,0.0036866791399046,0.0070514165792234,continuation,over_cap_or_below_cutoff,0.5426827761984889
AAPL_20240530_133000,AAPL,2024-05-30 13:30:00+00:00,1,6,61.58926512213503,4.878508837697829,964.5144170497284,10.696058432255178,0.036187896069721,2024-05-30 13:15:00+00:00,2024-05-30 13:30:00+00:00,2024-05-30 13:35:00+00:00,2024-05-30 14:30:00+00:00,0.0041981528127623,-0.0014501463210702,unclear,over_cap_or_below_cutoff,0.5862765886976751
AAPL_20240603_134000,AAPL,2024-06-03 13:40:00+00:00,1,3,62.13431367472877,4.629304736420128,366.843182340768,9.955124568008076,0.0547945372352941,2024-06-03 13:25:00+00:00,2024-06-03 13:40:00+00:00,2024-06-03 13:45:00+00:00,2024-06-03 14:40:00+00:00,0.0044557276825034,0.0039201526796306,continuation,over_cap_or_below_cutoff,0.4112604942771277
AAPL_20240604_132500,AAPL,2024-06-04 13:25:00+00:00,1,2,63.59875904860868,4.470083299111389,272.6974753958066,19.65706692676229,0.1749193596507004,2024-06-04 13:10:00+00:00,2024-06-04 13:25:00+00:00,2024-06-04 13:30:00+00:00,2024-06-04 14:25:00+00:00,0.0030923053136113,-0.0030827724400143,reversal,over_cap_or_below_cutoff,0.3498474629199205
AAPL_20240607_123500,AAPL,2024-06-07 12:35:00+00:00,-1,5,67.5780242455537,5.719226177751079,51.06402512684223,16.264346619177413,0.5970466635447472,2024-06-07 12:20:00+00:00,2024-06-07 12:35:00+00:00,2024-06-07 12:40:00+00:00,2024-06-07 13:35:00+00:00,-0.003790595225899,-0.0007198683669271,unclear,low_strength_unclear,0.5847077371723179
AAPL_20240610_133500,AAPL,2024-06-10 13:35:00+00:00,-1,3,75.24439455111276,5.387171963445524,231.3459630864298,11.210938974180223,0.0999166532163942,2024-06-10 13:20:00+00:00,2024-06-10 13:35:00+00:00,2024-06-10 13:40:00+00:00,2024-06-10 14:35:00+00:00,-0.0068258226300128,-0.0014804226862014,unclear,low_strength_unclear,0.48863229554700227
AAPL_20240610_173000,AAPL,2024-06-10 17:30:00+00:00,-1,3,107.02527530369154,5.074054570158581,5.589432630827882,5.5011095242151535,1.4680417906227403,2024-06-10 17:15:00+00:00,2024-06-10 17:30:00+00:00,2024-06-10 17:35:00+00:00,2024-06-10 18:30:00+00:00,-0.0068844384355561,-0.0112268268885121,continuation,near_duplicate,0.5707321175870291
AAPL_20240610_181500,AAPL,2024-06-10 18:15:00+00:00,-1,4,154.86955617919352,4.630166127775679,6.61091683232122,10.592294314037163,2.4928914325499862,2024-06-10 18:00:00+00:00,2024-06-10 18:15:00+00:00,2024-06-10 18:20:00+00:00,2024-06-10 19:15:00+00:00,-0.0152507676560901,0.0083151439559299,reversal,over_cap_or_below_cutoff,0.6899935632808014
AAPL_20240617_140000,AAPL,2024-06-17 14:00:00+00:00,1,4,109.8103488644342,5.669036645651016,267.66290643662904,6.303859822180957,0.1034316742337929,2024-06-17 13:45:00+00:00,2024-06-17 14:00:00+00:00,2024-06-17 14:05:00+00:00,2024-06-17 15:00:00+00:00,0.0042047103994007,0.0106869090027417,continuation,over_cap_or_below_cutoff,0.6476446559780402
AAPL_20240618_133000,AAPL,2024-06-18 13:30:00+00:00,1,8,139.52111011626522,4.727479913963721,510.17805175256257,18.614049228040844,0.0811986000484569,2024-06-18 13:15:00+00:00,2024-06-18 13:30:00+00:00,2024-06-18 13:35:00+00:00,2024-06-18 14:30:00+00:00,0.0049684869117172,-0.0134982833600366,reversal,over_cap_or_below_cutoff,0.6723361519769696
AAPL_20240621_195000,AAPL,2024-06-21 19:50:00+00:00,-1,3,164.8882236492688,5.299877881034215,18.150046305688104,6.264158907963316,1.503644343728102,2024-06-21 19:35:00+00:00,2024-06-21 19:50:00+00:00,2024-06-21 19:55:00+00:00,2024-06-21 20:50:00+00:00,-0.0069876883586063,-0.0057204404021062,continuation,over_cap_or_below_cutoff,0.7068219982276085
AAPL_20240624_133500,AAPL,2024-06-24 13:35:00+00:00,-1,5,82.81170163037422,4.711305287237322,176.94797266514806,14.733969341618907,0.1554843510997099,2024-06-24 13:20:00+00:00,2024-06-24 13:35:00+00:00,2024-06-24 13:40:00+00:00,2024-06-24 14:35:00+00:00,-0.0044894172179185,0.0122455549921229,reversal,over_cap_or_below_cutoff,0.4942214897252652
AAPL_20240624_144000,AAPL,2024-06-24 14:40:00+00:00,1,6,106.99273977837542,4.231170739327335,102.96211507293354,8.387191239526373,0.1958632251974949,2024-06-24 14:25:00+00:00,2024-06-24 14:40:00+00:00,2024-06-24 14:45:00+00:00,2024-06-24 15:40:00+00:00,0.0035645080261237,0.0118712753277712,continuation,over_cap_or_below_cutoff,0.49858527900729016
AAPL_20240626_103500,AAPL,2024-06-26 10:35:00+00:00,1,3,95.4426151276566,5.855862574974702,25.723633704989947,13.779811962907395,3.606910980242974,2024-06-26 10:15:00+00:00,2024-06-26 10:35:00+00:00,2024-06-26 10:40:00+00:00,2024-06-26 11:35:00+00:00,0.0051539012168932,0.0010444855908464,unclear,over_cap_or_below_cutoff,0.6167079782732362
AAPL_20240627_132500,AAPL,2024-06-27 13:25:00+00:00,1,5,61.635514018691936,4.217787088551977,937.3594515181196,12.36633850578399,0.3182649142021062,2024-06-27 13:10:00+00:00,2024-06-27 13:25:00+00:00,2024-06-27 13:30:00+00:00,2024-06-27 14:25:00+00:00,0.0033093376000719,-0.0047479402318112,reversal,over_cap_or_below_cutoff,0.5615154648122864
AAPL_20240628_195000,AAPL,2024-06-28 19:50:00+00:00,-1,3,137.6952661317188,4.531822835104316,16.70247191110973,5.28257126609468,1.6174104174547723,2024-06-28 19:35:00+00:00,2024-06-28 19:50:00+00:00,2024-06-28 19:55:00+00:00,2024-06-28 20:50:00+00:00,-0.0047486952842163,-0.0022675736961451,unclear,low_strength_unclear,0.5940300088106124
AAPL_20240702_134000,AAPL,2024-07-02 13:40:00+00:00,1,4,83.0271824844564,5.041421660955262,339.4237006237006,9.840133180572602,0.0483143385631564,2024-07-02 13:25:00+00:00,2024-07-02 13:40:00+00:00,2024-07-02 13:45:00+00:00,2024-07-02 14:40:00+00:00,0.0066194510021757,0.0060700818541341,continuation,over_cap_or_below_cutoff,0.5382895599980109
AAPL_20240703_135500,AAPL,2024-07-03 13:55:00+00:00,1,6,64.2515379357489,4.277032823092654,227.85504825538237,13.145822547750782,0.1487010681213741,2024-07-03 13:40:00+00:00,2024-07-03 13:55:00+00:00,2024-07-03 14:00:00+00:00,2024-07-03 14:55:00+00:00,0.0031754672473234,-0.0027132133490096,unclear,low_strength_unclear,0.4229098499314224
AAPL_20240705_133500,AAPL,2024-07-05 13:35:00+00:00,1,9,78.05098127678711,4.947038499196798,355.62251805054154,9.126814400202488,0.0578168828952519,2024-07-05 13:20:00+00:00,2024-07-05 13:35:00+00:00,2024-07-05 13:40:00+00:00,2024-07-05 14:35:00+00:00,0.0031672902673218,0.0094700731488328,continuation,over_cap_or_below_cutoff,0.5230673343074379
AAPL_20240710_133000,AAPL,2024-07-10 13:30:00+00:00,1,4,69.57166535810356,4.758746679350296,1117.0403838464615,21.64317984641078,0.0318896911654665,2024-07-10 13:15:00+00:00,2024-07-10 13:30:00+00:00,2024-07-10 13:35:00+00:00,2024-07-10 14:30:00+00:00,0.0053674288706579,0.0008246885715526,unclear,over_cap_or_below_cutoff,0.5959939185272689
AAPL_20240712_132500,AAPL,2024-07-12 13:25:00+00:00,1,7,94.72437837126702,5.326367866587174,651.0107392607392,11.983061228671058,0.4293828059484503,2024-07-12 13:10:00+00:00,2024-07-12 13:25:00+00:00,2024-07-12 13:30:00+00:00,2024-07-12 14:25:00+00:00,0.0030654696737464,0.0079895219384413,continuation,over_cap_or_below_cutoff,0.6961098933198311
AAPL_20240716_133000,AAPL,2024-07-16 13:30:00+00:00,1,7,76.3489016847929,4.334742809580767,514.0881414191014,22.717831609680747,0.0827467498859145,2024-07-16 13:15:00+00:00,2024-07-16 13:30:00+00:00,2024-07-16 13:35:00+00:00,2024-07-16 14:30:00+00:00,0.0057045551298424,-0.0091432441584828,reversal,over_cap_or_below_cutoff,0.497444492420951
AAPL_20240718_133000,AAPL,2024-07-18 13:30:00+00:00,-1,8,150.01103022280526,5.081384409437449,455.0931026078479,10.079562822560376,0.0579350847239469,2024-07-18 13:15:00+00:00,2024-07-18 13:30:00+00:00,2024-07-18 13:35:00+00:00,2024-07-18 14:30:00+00:00,-0.0040697120588871,-0.0124781476987315,continuation,over_cap_or_below_cutoff,0.7137847105858031
AAPL_20240724_133000,AAPL,2024-07-24 13:30:00+00:00,-1,4,124.06499288150962,4.815301210700389,389.7911221005534,10.405121187070444,0.0339713273856789,2024-07-24 13:15:00+00:00,2024-07-24 13:30:00+00:00,2024-07-24 13:35:00+00:00,2024-07-24 14:30:00+00:00,-0.0066853857467575,-0.0113967783909901,continuation,over_cap_or_below_cutoff,0.6175348742388741
AAPL_20240725_132500,AAPL,2024-07-25 13:25:00+00:00,1,16,118.99239190943824,4.107692997707806,251.93954365208347,5.8398248145855325,0.2187521944289806,2024-07-25 13:10:00+00:00,2024-07-25 13:25:00+00:00,2024-07-25 13:30:00+00:00,2024-07-25 14:25:00+00:00,0.0035300050428643,-0.0141160347190497,reversal,over_cap_or_below_cutoff,0.5443906567111328
AAPL_20240726_132500,AAPL,2024-07-26 13:25:00+00:00,-1,4,104.53603499884557,4.418384245649605,631.8482127135059,19.508916494995805,0.3976912306179946,2024-07-26 13:10:00+00:00,2024-07-26 13:25:00+00:00,2024-07-26 13:30:00+00:00,2024-07-26 14:25:00+00:00,-0.0033734500364697,-0.0055804592443509,continuation,over_cap_or_below_cutoff,0.6310776905255657
AAPL_20240801_201000,AAPL,2024-08-01 20:10:00+00:00,-1,27,272.8127939793068,4.561131215034104,3.081149910571709,17.03669175101792,27.165599918236108,2024-08-01 19:55:00+00:00,2024-08-01 20:10:00+00:00,2024-08-01 20:15:00+00:00,2024-08-01 21:10:00+00:00,-0.0043980208905992,-0.0072243695932265,continuation,over_cap_or_below_cutoff,0.6920717820070621
AAPL_20240806_123000,AAPL,2024-08-06 12:30:00+00:00,-1,16,180.50183477140047,4.482736049714508,296.84441863581543,6.049992284842356,0.6798390651957207,2024-08-06 12:15:00+00:00,2024-08-06 12:30:00+00:00,2024-08-06 12:35:00+00:00,2024-08-06 13:30:00+00:00,-0.0042922594646731,-0.0054732151506344,continuation,over_cap_or_below_cutoff,0.7341756632316092
AAPL_20240807_132500,AAPL,2024-08-07 13:25:00+00:00,-1,12,215.5221572512445,4.874457570494669,387.2859970737585,12.652696243444847,0.2975657391609254,2024-08-07 13:10:00+00:00,2024-08-07 13:25:00+00:00,2024-08-07 13:30:00+00:00,2024-08-07 14:25:00+00:00,-0.0038031966108221,0.0230512733774705,reversal,over_cap_or_below_cutoff,0.7334589468472574
AAPL_20240809_095500,AAPL,2024-08-09 09:55:00+00:00,-1,3,73.11320754716854,4.09880470615468,7.75207628422024,4.738469899534321,1.1866527315371271,2024-08-09 09:35:00+00:00,2024-08-09 09:55:00+00:00,2024-08-09 10:00:00+00:00,2024-08-09 10:55:00+00:00,-0.0057100065524665,-0.0006590096027112,unclear,low_strength_unclear,0.4099527269374904
AAPL_20240809_132500,AAPL,2024-08-09 13:25:00+00:00,1,3,93.6613055818336,4.458602330814265,270.92686868686866,5.364383737433014,0.8320056781048937,2024-08-09 13:10:00+00:00,2024-08-09 13:25:00+00:00,2024-08-09 13:30:00+00:00,2024-08-09 14:25:00+00:00,0.0030244317376304,0.0115429917550058,continuation,over_cap_or_below_cutoff,0.5345051131520084
AAPL_20240813_132500,AAPL,2024-08-13 13:25:00+00:00,1,7,109.83981693364564,4.806025145016261,1488.2070301688348,18.154974487797507,0.2916365900522941,2024-08-13 13:10:00+00:00,2024-08-13 13:25:00+00:00,2024-08-13 13:30:00+00:00,2024-08-13 14:25:00+00:00,0.003619702176403,0.0089481373265156,continuation,over_cap_or_below_cutoff,0.7250513473244844
AAPL_20240819_133000,AAPL,2024-08-19 13:30:00+00:00,-1,2,60.95390638903631,4.762157642289888,622.0655120481928,11.24299773941802,0.0292383284420793,2024-08-19 13:15:00+00:00,2024-08-19 13:30:00+00:00,2024-08-19 13:35:00+00:00,2024-08-19 14:30:00+00:00,-0.0060584619466678,-0.0043157145399537,continuation,over_cap_or_below_cutoff,0.4124779876774308
AAPL_20240820_133000,AAPL,2024-08-20 13:30:00+00:00,1,2,67.41463414633664,6.16596196645249,861.0284175889919,21.61419809916113,0.0200858450958345,2024-08-20 13:15:00+00:00,2024-08-20 13:30:00+00:00,2024-08-20 13:35:00+00:00,2024-08-20 14:30:00+00:00,0.0036604492490364,-0.0006453714682246,unclear,over_cap_or_below_cutoff,0.5864215837025608
AAPL_20240823_143500,AAPL,2024-08-23 14:35:00+00:00,-1,5,72.53106894874239,4.123562339986739,320.06055960137985,23.219650728317458,0.0994024769960022,2024-08-23 14:20:00+00:00,2024-08-23 14:35:00+00:00,2024-08-23 14:40:00+00:00,2024-08-23 15:35:00+00:00,-0.0036611566624281,-0.0041586903425969,continuation,over_cap_or_below_cutoff,0.4379487260493184
AAPL_20240826_140500,AAPL,2024-08-26 14:05:00+00:00,-1,4,82.74021352313588,5.380112057287573,318.8990775908844,18.447907812494066,0.0667531801719981,2024-08-26 13:50:00+00:00,2024-08-26 14:05:00+00:00,2024-08-26 14:10:00+00:00,2024-08-26 15:05:00+00:00,-0.0040636042402827,-0.0028827390455915,unclear,low_strength_unclear,0.5660347250191204
AAPL_20240827_133500,AAPL,2024-08-27 13:35:00+00:00,-1,6,66.88294373834003,4.46890837648253,405.65938144329897,8.033774633976943,0.0299785989673071,2024-08-27 13:20:00+00:00,2024-08-27 13:35:00+00:00,2024-08-27 13:40:00+00:00,2024-08-27 14:35:00+00:00,-0.0049430037791116,0.0132432672651319,reversal,over_cap_or_below_cutoff,0.4615071443248182
AAPL_20240903_133000,AAPL,2024-09-03 13:30:00+00:00,-1,5,113.46796133683944,5.4519836359733365,796.3692140134326,17.48511184286947,0.0349364500818185,2024-09-03 13:15:00+00:00,2024-09-03 13:30:00+00:00,2024-09-03 13:35:00+00:00,2024-09-03 14:30:00+00:00,-0.0056930151083861,-0.009623430962343,continuation,over_cap_or_below_cutoff,0.7223184701797674
AAPL_20240905_133000,AAPL,2024-09-05 13:30:00+00:00,1,5,115.65068135722888,4.423441054216548,834.4726901480348,9.873943150220711,0.0321902378249532,2024-09-05 13:15:00+00:00,2024-09-05 13:30:00+00:00,2024-09-05 13:35:00+00:00,2024-09-05 14:30:00+00:00,0.0100836536287587,0.0073860685826843,continuation,over_cap_or_below_cutoff,0.6437849578813644
AAPL_20240909_133500,AAPL,2024-09-09 13:35:00+00:00,-1,17,128.87543569987338,4.118602267934144,339.3612987798729,12.09194442018288,0.1950245007351844,2024-09-09 13:20:00+00:00,2024-09-09 13:35:00+00:00,2024-09-09 13:40:00+00:00,2024-09-09 14:35:00+00:00,-0.0079483695652174,-0.004724599968043,continuation,over_cap_or_below_cutoff,0.5799482088262415
AAPL_20240911_133000,AAPL,2024-09-11 13:30:00+00:00,1,4,85.63273073263211,4.049948590466297,1247.258809234508,36.53803253130584,0.0267820631351007,2024-09-11 13:15:00+00:00,2024-09-11 13:30:00+00:00,2024-09-11 13:35:00+00:00,2024-09-11 14:30:00+00:00,0.0065566357675785,-0.0182349505840071,reversal,over_cap_or_below_cutoff,0.5693472657262739
AAPL_20240912_133000,AAPL,2024-09-12 13:30:00+00:00,-1,8,87.90989914353231,5.512559781702441,679.6984246061515,18.81814572786693,0.0439439322927389,2024-09-12 13:15:00+00:00,2024-09-12 13:30:00+00:00,2024-09-12 13:35:00+00:00,2024-09-12 14:30:00+00:00,-0.0055632823365785,0.0028423189713511,unclear,low_strength_unclear,0.6506984496682673
AAPL_20240913_133000,AAPL,2024-09-13 13:30:00+00:00,-1,3,71.9327428854033,5.480481142270623,681.063829787234,22.975122106009792,0.0327885561270544,2024-09-13 13:15:00+00:00,2024-09-13 13:30:00+00:00,2024-09-13 13:35:00+00:00,2024-09-13 14:30:00+00:00,-0.0058639400022031,-0.0027812668221782,unclear,low_strength_unclear,0.5608650731855171
AAPL_20240917_112500,AAPL,2024-09-17 11:25:00+00:00,-1,4,68.83080643660833,5.132045776401536,19.838819523269013,20.49636906602141,1.1492291809889696,2024-09-17 11:10:00+00:00,2024-09-17 11:25:00+00:00,2024-09-17 11:30:00+00:00,2024-09-17 12:25:00+00:00,-0.0068360277136257,0.0046042228629894,reversal,over_cap_or_below_cutoff,0.5429259542453153
AAPL_20240918_133000,AAPL,2024-09-18 13:30:00+00:00,1,3,71.74722899324193,4.181623195676073,807.9308565531476,17.936107675325804,0.0161154249320104,2024-09-18 13:15:00+00:00,2024-09-18 13:30:00+00:00,2024-09-18 13:35:00+00:00,2024-09-18 14:30:00+00:00,0.0051057957681692,0.0098851311152807,continuation,over_cap_or_below_cutoff,0.4674287862769356
AAPL_20240920_132500,AAPL,2024-09-20 13:25:00+00:00,1,4,84.24270631495423,4.7360205230166,3872.376358105172,10.75506385501963,0.1727700905485769,2024-09-20 13:10:00+00:00,2024-09-20 13:25:00+00:00,2024-09-20 13:30:00+00:00,2024-09-20 14:25:00+00:00,0.0034907059952875,0.000236977128446,unclear,over_cap_or_below_cutoff,0.6457083537215418
AAPL_20240920_195000,AAPL,2024-09-20 19:50:00+00:00,-1,4,195.35698642137112,5.0190283097709765,20.15875675055532,9.859824165862198,1.2002735202693506,2024-09-20 19:35:00+00:00,2024-09-20 19:50:00+00:00,2024-09-20 19:55:00+00:00,2024-09-20 20:50:00+00:00,-0.0036507322939485,-0.0168980084490041,continuation,over_cap_or_below_cutoff,0.7326410759626265
AAPL_20240930_133000,AAPL,2024-09-30 13:30:00+00:00,1,4,102.97714907508526,4.276618887504499,416.6637478108581,15.717561691800364,0.0524276388069272,2024-09-30 13:15:00+00:00,2024-09-30 13:30:00+00:00,2024-09-30 13:35:00+00:00,2024-09-30 14:30:00+00:00,0.0095614759441957,-0.004584786258556,reversal,over_cap_or_below_cutoff,0.5305139216020209
AAPL_20241001_110000,AAPL,2024-10-01 11:00:00+00:00,-1,5,103.0303030303048,6.223677398969857,55.21098993288591,32.37498490469461,1.0821041011071983,2024-10-01 10:45:00+00:00,2024-10-01 11:00:00+00:00,2024-10-01 11:05:00+00:00,2024-10-01 12:00:00+00:00,-0.0063852581958431,-0.0077417407055982,continuation,over_cap_or_below_cutoff,0.7113481909925619
AAPL_20241002_133000,AAPL,2024-10-02 13:30:00+00:00,-1,9,100.15197846994228,5.309909159304947,517.3202858030444,12.480119340620666,0.0832044014622191,2024-10-02 13:15:00+00:00,2024-10-02 13:30:00+00:00,2024-10-02 13:35:00+00:00,2024-10-02 14:30:00+00:00,-0.0032623169107857,0.0044307884131542,reversal,over_cap_or_below_cutoff,0.636602919800896
AAPL_20241004_133000,AAPL,2024-10-04 13:30:00+00:00,-1,6,84.96703102181202,5.709862770094932,522.8632265490121,15.749513968750106,0.0806819814355216,2024-10-04 13:15:00+00:00,2024-10-04 13:30:00+00:00,2024-10-04 13:35:00+00:00,2024-10-04 14:30:00+00:00,-0.0030736805128656,-0.0106148696264974,continuation,over_cap_or_below_cutoff,0.6381965625344486
AAPL_20241011_133000,AAPL,2024-10-11 13:30:00+00:00,-1,3,88.80291906625092,4.9966427851406525,960.4212614042046,30.58864075794434,0.0331222407162076,2024-10-11 13:15:00+00:00,2024-10-11 13:30:00+00:00,2024-10-11 13:35:00+00:00,2024-10-11 14:30:00+00:00,-0.0050436879760485,0.0028929604628737,unclear,over_cap_or_below_cutoff,0.6064046451240552
AAPL_20241014_133000,AAPL,2024-10-14 13:30:00+00:00,1,3,101.87128366562214,5.2176867512574,902.6085423197492,18.994670058799905,0.032700913177564,2024-10-14 13:15:00+00:00,2024-10-14 13:30:00+00:00,2024-10-14 13:35:00+00:00,2024-10-14 14:30:00+00:00,0.0044461121607057,0.0014856130108424,unclear,over_cap_or_below_cutoff,0.6445857191577169
AAPL_20241015_103000,AAPL,2024-10-15 10:30:00+00:00,1,3,78.35497835498195,4.766257586439651,18.641224970553598,22.683066213422883,1.8946046348165828,2024-10-15 10:10:00+00:00,2024-10-15 10:30:00+00:00,2024-10-15 10:35:00+00:00,2024-10-15 11:30:00+00:00,0.0064524510653041,0.0042597134374597,continuation,over_cap_or_below_cutoff,0.48268550239839936
AAPL_20241015_133500,AAPL,2024-10-15 13:35:00+00:00,1,4,115.9113506981746,5.109391320813853,588.3792498354902,8.446128017256244,0.0400761828174784,2024-10-15 13:20:00+00:00,2024-10-15 13:35:00+00:00,2024-10-15 13:40:00+00:00,2024-10-15 14:35:00+00:00,0.0038410652554308,0.0036137919306151,continuation,over_cap_or_below_cutoff,0.6613240263586824
AAPL_20241016_132500,AAPL,2024-10-16 13:25:00+00:00,-1,5,90.01192929183111,5.542076122569793,1030.4662447257383,12.363681094377318,0.1471268208367267,2024-10-16 13:10:00+00:00,2024-10-16 13:25:00+00:00,2024-10-16 13:30:00+00:00,2024-10-16 14:25:00+00:00,-0.0062617944758963,-0.0041877427708242,continuation,over_cap_or_below_cutoff,0.7256317839499493
AAPL_20241023_155000,AAPL,2024-10-23 15:50:00+00:00,-1,3,116.91348402181887,4.930251365304813,245.56402655421485,12.888910808574249,0.3132889669036053,2024-10-23 15:35:00+00:00,2024-10-23 15:50:00+00:00,2024-10-23 15:55:00+00:00,2024-10-23 16:50:00+00:00,-0.0080075365049459,-0.0104174220840886,continuation,over_cap_or_below_cutoff,0.5731124990081414
AAPL_20241107_143000,AAPL,2024-11-07 14:30:00+00:00,1,3,74.02782732786494,4.806696788717385,936.1314473003276,27.90254679924088,0.0293251894047795,2024-11-07 14:15:00+00:00,2024-11-07 14:30:00+00:00,2024-11-07 14:35:00+00:00,2024-11-07 15:30:00+00:00,0.0074027827327862,-0.0020783532536521,unclear,over_cap_or_below_cutoff,0.5518624345730379
AAPL_20241118_130000,AAPL,2024-11-18 13:00:00+00:00,-1,2,64.69492688403466,4.651089564105656,24.312997347480103,93.83228994367292,0.9898496573040292,2024-11-18 12:45:00+00:00,2024-11-18 13:00:00+00:00,2024-11-18 13:05:00+00:00,2024-11-18 14:00:00+00:00,-0.0064279073885519,0.0058011566668747,reversal,over_cap_or_below_cutoff,0.4047607645603617
AAPL_20241120_143000,AAPL,2024-11-20 14:30:00+00:00,1,9,80.98854308415059,4.783241031618808,1163.7036011080334,28.92855978675388,0.0716798751923686,2024-11-20 14:15:00+00:00,2024-11-20 14:30:00+00:00,2024-11-20 14:35:00+00:00,2024-11-20 15:30:00+00:00,0.0080988543084148,-0.0127364960484205,reversal,over_cap_or_below_cutoff,0.629025555436731
AAPL_20241121_142500,AAPL,2024-11-21 14:25:00+00:00,-1,15,96.61304166024732,4.713741104860934,221.25167179704917,13.872475547146168,0.1936272286941052,2024-11-21 14:10:00+00:00,2024-11-21 14:25:00+00:00,2024-11-21 14:30:00+00:00,2024-11-21 15:25:00+00:00,-0.0030038402976394,-0.012672055931833,continuation,over_cap_or_below_cutoff,0.5383735431604871
AAPL_20241122_143500,AAPL,2024-11-22 14:35:00+00:00,1,3,74.24766744053457,4.45312632497554,662.6477487703368,14.50822918891965,0.0262992090608328,2024-11-22 14:20:00+00:00,2024-11-22 14:35:00+00:00,2024-11-22 14:40:00+00:00,2024-11-22 15:35:00+00:00,0.0056815324394423,-0.0019124241911658,unclear,low_strength_unclear,0.4721169041385457
AAPL_20241125_143000,AAPL,2024-11-25 14:30:00+00:00,1,3,76.50084280588887,6.087920803825455,990.7036457168418,13.870082401016138,0.0277541264035744,2024-11-25 14:15:00+00:00,2024-11-25 14:30:00+00:00,2024-11-25 14:35:00+00:00,2024-11-25 15:30:00+00:00,0.003282519987269,-0.0018939393939393,unclear,over_cap_or_below_cutoff,0.6771014575762434
AAPL_20241202_143000,AAPL,2024-12-02 14:30:00+00:00,1,6,89.22759085926657,4.618455692837557,712.1795496916678,39.84550824027762,0.0521996201341175,2024-12-02 14:15:00+00:00,2024-12-02 14:30:00+00:00,2024-12-02 14:35:00+00:00,2024-12-02 15:30:00+00:00,0.0089227590859262,0.0058241602565523,continuation,over_cap_or_below_cutoff,0.582440128292395
AAPL_20241206_144500,AAPL,2024-12-06 14:45:00+00:00,1,2,64.35643564357107,5.366574661979356,549.70505160239,14.074450048536672,0.0328466936171965,2024-12-06 14:30:00+00:00,2024-12-06 14:45:00+00:00,2024-12-06 14:50:00+00:00,2024-12-06 15:45:00+00:00,0.0064356435643564,-0.0015170519757337,unclear,low_strength_unclear,0.46044581632543435
AAPL_20241218_203500,AAPL,2024-12-18 20:35:00+00:00,-1,10,136.07376416588934,4.968703988204845,4.698373304425345,5.722963095375049,19.5157086029638,2024-12-18 20:20:00+00:00,2024-12-18 20:35:00+00:00,2024-12-18 20:40:00+00:00,2024-12-18 21:35:00+00:00,-0.0051185668012956,-0.0049841231560753,continuation,over_cap_or_below_cutoff,0.676608005176204
AAPL_20241224_143000,AAPL,2024-12-24 14:30:00+00:00,1,3,63.44730348959659,4.377796581501518,1394.44287604764,33.97904798217737,0.0226585067246868,2024-12-24 14:15:00+00:00,2024-12-24 14:30:00+00:00,2024-12-24 14:35:00+00:00,2024-12-24 15:30:00+00:00,0.0063447303489601,0.0020626581046896,unclear,over_cap_or_below_cutoff,0.49775597598865995
AAPL_20241226_143000,AAPL,2024-12-26 14:30:00+00:00,1,5,67.64341085271353,4.773903471600728,562.5739514348786,18.588906026260265,0.0514584134304544,2024-12-26 14:15:00+00:00,2024-12-26 14:30:00+00:00,2024-12-26 14:35:00+00:00,2024-12-26 15:30:00+00:00,0.0057344337246698,-0.0036984243171398,reversal,over_cap_or_below_cutoff,0.5208124651548602
AAPL_20241227_143000,AAPL,2024-12-27 14:30:00+00:00,-1,3,78.24848283802366,7.32600638766699,881.5840867992766,40.792850273307,0.0389341443269449,2024-12-27 14:15:00+00:00,2024-12-27 14:30:00+00:00,2024-12-27 14:35:00+00:00,2024-12-27 15:30:00+00:00,-0.0053071414747436,-0.0086734747483159,continuation,over_cap_or_below_cutoff,0.6668845229212298
AAPL_20250107_113000,AAPL,2025-01-07 11:30:00+00:00,-1,3,89.03177939902918,4.19838470387411,30.26017601760176,40.20381729718056,2.022966000719379,2025-01-07 11:15:00+00:00,2025-01-07 11:30:00+00:00,2025-01-07 11:35:00+00:00,2025-01-07 12:30:00+00:00,-0.0087088069343365,-0.0016498247061248,unclear,low_strength_unclear,0.46011247651246623
AAPL_20250110_133000,AAPL,2025-01-10 13:30:00+00:00,-1,3,78.16722797388431,4.072909119605887,36.95317220543807,37.42705429918303,0.97691864325464,2025-01-10 13:15:00+00:00,2025-01-10 13:30:00+00:00,2025-01-10 13:35:00+00:00,2025-01-10 14:30:00+00:00,-0.0077560955484962,-0.0089393372416946,continuation,near_duplicate,0.42431923983905206
AAPL_20250110_142500,AAPL,2025-01-10 14:25:00+00:00,-1,10,125.5661801711061,4.638034939438434,1874.7134502923975,25.863146812612737,0.1515091755391453,2025-01-10 14:10:00+00:00,2025-01-10 14:25:00+00:00,2025-01-10 14:30:00+00:00,2025-01-10 15:25:00+00:00,-0.005181347150259,-0.0107291666666665,continuation,over_cap_or_below_cutoff,0.7268514862707471
AAPL_20250115_133000,AAPL,2025-01-15 13:30:00+00:00,1,5,123.79524523452146,4.828657168495746,72.69585432003099,56.6565530796477,0.6051464853076819,2025-01-15 13:15:00+00:00,2025-01-15 13:30:00+00:00,2025-01-15 13:35:00+00:00,2025-01-15 14:30:00+00:00,0.0123795245234525,0.0019040365575018,unclear,low_strength_unclear,0.6377498365651214
AAPL_20250116_142500,AAPL,2025-01-16 14:25:00+00:00,-1,19,100.74926977945653,4.568806155473345,1185.7413509060957,21.17717856329884,0.2355499285233442,2025-01-16 14:10:00+00:00,2025-01-16 14:25:00+00:00,2025-01-16 14:30:00+00:00,2025-01-16 15:25:00+00:00,-0.0047806760043613,-0.0189701668633068,continuation,over_cap_or_below_cutoff,0.6764624639586774
AAPL_20250117_143500,AAPL,2025-01-17 14:35:00+00:00,-1,3,89.21696992896688,4.666628226066668,214.44099240053643,9.468762620048045,0.113523478373292,2025-01-17 14:20:00+00:00,2025-01-17 14:35:00+00:00,2025-01-17 14:40:00+00:00,2025-01-17 15:35:00+00:00,-0.0052729653222239,0.0052578977099899,reversal,over_cap_or_below_cutoff,0.4557599046057771
AAPL_20250121_142500,AAPL,2025-01-21 14:25:00+00:00,-1,6,142.13745951780598,4.3731570357505385,364.99399826754114,9.154263255072596,0.380864363609835,2025-01-21 14:10:00+00:00,2025-01-21 14:25:00+00:00,2025-01-21 14:30:00+00:00,2025-01-21 15:25:00+00:00,-0.0068705673758864,-0.0101749609462175,continuation,over_cap_or_below_cutoff,0.6613356996730569
AAPL_20250124_142500,AAPL,2025-01-24 14:25:00+00:00,-1,3,75.49606930494335,4.470196176032778,544.2101538461538,11.556188241149393,0.3780752575741741,2025-01-24 14:10:00+00:00,2025-01-24 14:25:00+00:00,2025-01-24 14:30:00+00:00,2025-01-24 15:25:00+00:00,-0.0055522374853451,-0.0091200284722841,continuation,over_cap_or_below_cutoff,0.5022606117479149
AAPL_20250128_143000,AAPL,2025-01-28 14:30:00+00:00,1,4,180.03557329399956,5.135488496912617,438.5119677225888,12.089972668140785,0.041628847191215,2025-01-28 14:15:00+00:00,2025-01-28 14:30:00+00:00,2025-01-28 14:35:00+00:00,2025-01-28 15:30:00+00:00,0.0174241157060339,0.0167819625928773,continuation,over_cap_or_below_cutoff,0.7312026665892593
AAPL_20250129_121500,AAPL,2025-01-29 12:15:00+00:00,-1,3,97.75171065493194,5.136989282294191,59.80106382978723,20.77883058515315,0.5144718523388496,2025-01-29 12:00:00+00:00,2025-01-29 12:15:00+00:00,2025-01-29 12:20:00+00:00,2025-01-29 13:15:00+00:00,-0.0096805421103581,0.0004675081813931,unclear,low_strength_unclear,0.5419289358920188
AAPL_20250130_142000,AAPL,2025-01-30 14:20:00+00:00,-1,3,86.58316169980918,4.260802685930801,608.6137733142037,15.810103577601726,0.4740597950340851,2025-01-30 14:05:00+00:00,2025-01-30 14:20:00+00:00,2025-01-30 14:25:00+00:00,2025-01-30 15:20:00+00:00,-0.004862916072776,0.0062650602409639,reversal,over_cap_or_below_cutoff,0.5331574466871434
AAPL_20250206_143500,AAPL,2025-02-06 14:35:00+00:00,1,4,85.56242167581551,4.754365884658072,342.1481144934121,18.09228354853192,0.0532178134287443,2025-02-06 14:20:00+00:00,2025-02-06 14:35:00+00:00,2025-02-06 14:40:00+00:00,2025-02-06 15:35:00+00:00,0.0056174920058769,-0.0051993812306635,reversal,over_cap_or_below_cutoff,0.5200282156712414
AAPL_20250207_143000,AAPL,2025-02-07 14:30:00+00:00,1,7,104.21642277129052,5.12266617829991,671.0279114533205,22.278535701950496,0.0941054744421284,2025-02-07 14:15:00+00:00,2025-02-07 14:30:00+00:00,2025-02-07 14:35:00+00:00,2025-02-07 15:30:00+00:00,0.00352336729868,-0.0134077661791829,reversal,over_cap_or_below_cutoff,0.6583078058485223
AAPL_20250212_133000,AAPL,2025-02-12 13:30:00+00:00,-1,3,85.23872253605403,5.809087244859472,81.71876165609847,49.85750037036736,0.3628639540813064,2025-02-12 13:15:00+00:00,2025-02-12 13:30:00+00:00,2025-02-12 13:35:00+00:00,2025-02-12 14:30:00+00:00,-0.0060537500536641,-0.0012089673501067,unclear,low_strength_unclear,0.5562764617458815
AAPL_20250214_143000,AAPL,2025-02-14 14:30:00+00:00,1,6,101.8883585806174,5.968787876493242,626.920610917889,15.387793870122389,0.0453814974553375,2025-02-14 14:15:00+00:00,2025-02-14 14:30:00+00:00,2025-02-14 14:35:00+00:00,2025-02-14 15:30:00+00:00,0.0080166147455866,0.0045327179825283,continuation,over_cap_or_below_cutoff,0.7126175503850525
AAPL_20250227_143000,AAPL,2025-02-27 14:30:00+00:00,1,10,132.64153311853377,4.840408809295238,545.6596225197612,16.0123077654792,0.0520772246761013,2025-02-27 14:15:00+00:00,2025-02-27 14:30:00+00:00,2025-02-27 14:35:00+00:00,2025-02-27 15:30:00+00:00,0.0103291096892903,-0.003080298013245,reversal,over_cap_or_below_cutoff,0.669250433098058
AAPL_20250303_143000,AAPL,2025-03-03 14:30:00+00:00,1,8,94.88414583505688,4.954518794824218,522.3428318322752,28.39588914182673,0.1432726608778881,2025-03-03 14:15:00+00:00,2025-03-03 14:30:00+00:00,2025-03-03 14:35:00+00:00,2025-03-03 15:30:00+00:00,0.0058307832271937,-0.0051597253628252,reversal,over_cap_or_below_cutoff,0.6026842131138863
AAPL_20250305_142500,AAPL,2025-03-05 14:25:00+00:00,-1,12,116.4649856376454,5.395915472672686,670.5213369770864,14.947499501338513,0.1734125058486427,2025-03-05 14:10:00+00:00,2025-03-05 14:25:00+00:00,2025-03-05 14:30:00+00:00,2025-03-05 15:25:00+00:00,-0.0045222082921951,-0.0191564371575415,continuation,over_cap_or_below_cutoff,0.72013279620153
AAPL_20250306_143500,AAPL,2025-03-06 14:35:00+00:00,1,7,95.82887700534614,4.1772643805070775,780.02078891258,16.19104675854381,0.0378886492473453,2025-03-06 14:20:00+00:00,2025-03-06 14:35:00+00:00,2025-03-06 14:40:00+00:00,2025-03-06 15:35:00+00:00,0.0095828877005348,0.005805330734353,continuation,over_cap_or_below_cutoff,0.5688993374299938
AAPL_20250311_132500,AAPL,2025-03-11 13:25:00+00:00,-1,14,145.84942523512723,4.332793975801581,609.522625083708,12.183975101395516,0.2191273814961986,2025-03-11 13:10:00+00:00,2025-03-11 13:25:00+00:00,2025-03-11 13:30:00+00:00,2025-03-11 14:25:00+00:00,-0.0070969172765579,-0.0059414786687512,continuation,over_cap_or_below_cutoff,0.6882470239708649
AAPL_20250314_133000,AAPL,2025-03-14 13:30:00+00:00,1,12,106.08069710172252,4.082741053606351,771.5704577509937,20.199316824280235,0.0566346180007332,2025-03-14 13:15:00+00:00,2025-03-14 13:30:00+00:00,2025-03-14 13:35:00+00:00,2025-03-14 14:30:00+00:00,0.0106080697101724,-0.0136832239925024,reversal,over_cap_or_below_cutoff,0.5845952354549949
AAPL_20250320_101000,AAPL,2025-03-20 10:10:00+00:00,-1,3,64.01869158878748,4.563568300361864,6.1703327693175405,7.052334931423001,3.7546132395896423,2025-03-20 09:55:00+00:00,2025-03-20 10:10:00+00:00,2025-03-20 10:15:00+00:00,2025-03-20 11:10:00+00:00,-0.0034353094099623,-0.0016304094656914,unclear,over_cap_or_below_cutoff,0.4300699032947457
AAPL_20250321_195000,AAPL,2025-03-21 19:50:00+00:00,1,3,138.83084923620447,4.375254417135562,16.978039175769297,5.226141748003654,1.1158048048828406,2025-03-21 19:35:00+00:00,2025-03-21 19:50:00+00:00,2025-03-21 19:55:00+00:00,2025-03-21 20:50:00+00:00,0.0098050605264992,0.0009893927889372,unclear,low_strength_unclear,0.5829417882315373
AAPL_20250326_132500,AAPL,2025-03-26 13:25:00+00:00,-1,6,64.66771089729929,5.154089277394691,467.7979987492183,19.07864075253085,0.2474475205875168,2025-03-26 13:10:00+00:00,2025-03-26 13:25:00+00:00,2025-03-26 13:30:00+00:00,2025-03-26 14:25:00+00:00,-0.0038783880171183,0.0027948086820317,unclear,low_strength_unclear,0.556622178297338
AAPL_20250328_134000,AAPL,2025-03-28 13:40:00+00:00,1,2,81.60137054235238,4.732127177230354,502.9497559575079,11.149454905911265,0.0325752441364471,2025-03-28 13:25:00+00:00,2025-03-28 13:40:00+00:00,2025-03-28 13:45:00+00:00,2025-03-28 14:40:00+00:00,0.0058648380402419,-0.0112127735916756,reversal,near_duplicate,0.43522747850801924
AAPL_20250328_140500,AAPL,2025-03-28 14:05:00+00:00,-1,8,127.81204644411793,5.211671372013938,386.8414872798434,13.649587358008962,0.0635335938097085,2025-03-28 13:50:00+00:00,2025-03-28 14:05:00+00:00,2025-03-28 14:10:00+00:00,2025-03-28 15:05:00+00:00,-0.0030729890987394,-0.0104880188997638,continuation,over_cap_or_below_cutoff,0.6639874111298516
AAPL_20250328_203000,AAPL,2025-03-28 20:30:00+00:00,1,2,289.5886003217707,4.588329580898311,0.0654045022376887,16.528075712230745,540.6048788733151,2025-03-28 20:15:00+00:00,2025-03-28 20:30:00+00:00,2025-03-28 20:35:00+00:00,2025-03-28 21:30:00+00:00,0.0289588600321764,-0.0288139379048469,reversal,over_cap_or_below_cutoff,0.5943573353321658
AAPL_20250401_132500,AAPL,2025-04-01 13:25:00+00:00,-1,7,112.99820385149096,4.588058072865616,179.82026635784598,8.52629606461933,0.1254909513123214,2025-04-01 13:10:00+00:00,2025-04-01 13:25:00+00:00,2025-04-01 13:30:00+00:00,2025-04-01 14:25:00+00:00,-0.0033102072280415,0.007824840764331,reversal,over_cap_or_below_cutoff,0.5475607705700782
AAPL_20250402_133500,AAPL,2025-04-02 13:35:00+00:00,1,4,73.24020073240067,4.504351563012597,259.8574863387978,9.06828749994639,0.0391837181535741,2025-04-02 13:20:00+00:00,2025-04-02 13:35:00+00:00,2025-04-02 13:40:00+00:00,2025-04-02 14:35:00+00:00,0.0065134792835173,0.0068982563365089,continuation,over_cap_or_below_cutoff,0.4539826244141447
AAPL_20250409_110000,AAPL,2025-04-09 11:00:00+00:00,-1,3,437.35224586288535,4.079396406810575,16.158714634998255,12.29793999825975,1.0714233872852443,2025-04-09 10:45:00+00:00,2025-04-09 11:00:00+00:00,2025-04-09 11:05:00+00:00,2025-04-09 12:00:00+00:00,-0.0303408382011003,0.0229085273131359,reversal,over_cap_or_below_cutoff,0.5998211391735312
AAPL_20250411_125500,AAPL,2025-04-11 12:55:00+00:00,-1,11,241.1256108694526,4.427324691822977,244.9609206905179,4.907538192397543,0.7061125915242487,2025-04-11 12:40:00+00:00,2025-04-11 12:55:00+00:00,2025-04-11 13:00:00+00:00,2025-04-11 13:55:00+00:00,-0.007901976284585,0.0175420423626804,reversal,over_cap_or_below_cutoff,0.7211657692997286
AAPL_20250422_211500,AAPL,2025-04-22 21:15:00+00:00,1,10,161.50882985641823,4.140937455094631,0.240130307547899,4.812775881945645,72.66769450606576,2025-04-22 21:00:00+00:00,2025-04-22 21:15:00+00:00,2025-04-22 21:20:00+00:00,2025-04-22 22:15:00+00:00,0.0045022511255627,0.0161354581673305,continuation,over_cap_or_below_cutoff,0.6531682402312242
AAPL_20250425_132500,AAPL,2025-04-25 13:25:00+00:00,1,5,117.72859922178692,5.05784016900051,215.424785423882,6.267418503639665,0.4429586643496373,2025-04-25 13:10:00+00:00,2025-04-25 13:25:00+00:00,2025-04-25 13:30:00+00:00,2025-04-25 14:25:00+00:00,0.0034046692607003,0.0016228793019874,unclear,low_strength_unclear,0.6480366826740092
AAPL_20250430_123000,AAPL,2025-04-30 12:30:00+00:00,-1,5,79.64858080710124,5.084322068909168,19.617333649064648,8.30274643982428,0.465603309841565,2025-04-30 12:15:00+00:00,2025-04-30 12:30:00+00:00,2025-04-30 12:35:00+00:00,2025-04-30 13:30:00+00:00,-0.003596923458155,-0.0007231294286894,unclear,near_duplicate,0.5330560484478244
AAPL_20250430_132000,AAPL,2025-04-30 13:20:00+00:00,1,5,92.58812750156495,4.1694525792967525,672.6275498510199,11.265010162288217,0.4426739296785981,2025-04-30 13:05:00+00:00,2025-04-30 13:20:00+00:00,2025-04-30 13:25:00+00:00,2025-04-30 14:20:00+00:00,0.0042993092121155,0.0055834535834535,continuation,over_cap_or_below_cutoff,0.5958812517566774
AAPL_20250501_133000,AAPL,2025-05-01 13:30:00+00:00,1,12,137.86500718046878,5.579862162674129,211.66860488756964,12.272039779623144,0.2203330943608397,2025-05-01 13:15:00+00:00,2025-05-01 13:30:00+00:00,2025-05-01 13:35:00+00:00,2025-05-01 14:30:00+00:00,0.0085123414844785,0.0032716927453768,continuation,over_cap_or_below_cutoff,0.7082999667041869
AAPL_20250501_203000,AAPL,2025-05-01 20:30:00+00:00,-1,3,229.75416328603785,4.84531969294236,3.840803457627768,15.219653849090143,7.167730789233825,2025-05-01 20:15:00+00:00,2025-05-01 20:30:00+00:00,2025-05-01 20:35:00+00:00,2025-05-01 21:30:00+00:00,-0.0202067669172932,-0.0039808153477218,continuation,over_cap_or_below_cutoff,0.6665787536077712
AAPL_20250506_220000,AAPL,2025-05-06 22:00:00+00:00,1,4,168.04473111328377,4.327434921953508,0.4926874909731801,10.04100993948601,24.60677553439061,2025-05-06 21:45:00+00:00,2025-05-06 22:00:00+00:00,2025-05-06 22:05:00+00:00,2025-05-06 23:00:00+00:00,0.0125789340742612,0.0030931949710637,continuation,over_cap_or_below_cutoff,0.6703997787849354
AAPL_20250507_133000,AAPL,2025-05-07 13:30:00+00:00,-1,4,86.92857749194482,4.578431079865676,267.13943268078305,6.873072959342422,0.0399177621272954,2025-05-07 13:15:00+00:00,2025-05-07 13:30:00+00:00,2025-05-07 13:35:00+00:00,2025-05-07 14:30:00+00:00,-0.0059073842302879,0.0020144029813164,unclear,low_strength_unclear,0.49251356022865017
AAPL_20250509_112500,AAPL,2025-05-09 11:25:00+00:00,-1,3,60.28063421305907,5.071930239763404,26.875977653631285,22.008269641615065,1.120037592308818,2025-05-09 11:10:00+00:00,2025-05-09 11:25:00+00:00,2025-05-09 11:30:00+00:00,2025-05-09 12:25:00+00:00,-0.0040271834885478,0.0019206469547636,unclear,low_strength_unclear,0.46966562084156416
AAPL_20250509_133000,AAPL,2025-05-09 13:30:00+00:00,1,8,80.84013297068981,4.774748220739189,404.1939424155553,15.740978084186434,0.0975826985575946,2025-05-09 13:15:00+00:00,2025-05-09 13:30:00+00:00,2025-05-09 13:35:00+00:00,2025-05-09 14:30:00+00:00,0.0080840132970687,-0.0103175197981463,reversal,over_cap_or_below_cutoff,0.5282696809634102
AAPL_20250519_133000,AAPL,2025-05-19 13:30:00+00:00,-1,10,121.15019705152052,4.856531751515639,375.72497283873975,16.839681653396557,0.0905199990879582,2025-05-19 13:15:00+00:00,2025-05-19 13:30:00+00:00,2025-05-19 13:35:00+00:00,2025-05-19 14:30:00+00:00,-0.0092483628659476,0.0038671399057053,reversal,over_cap_or_below_cutoff,0.6196558554786185
AAPL_20250521_132500,AAPL,2025-05-21 13:25:00+00:00,-1,8,78.7920317165125,5.137868175439373,674.9502859656841,12.034431298963945,0.2235130091460367,2025-05-21 13:10:00+00:00,2025-05-21 13:25:00+00:00,2025-05-21 13:30:00+00:00,2025-05-21 14:25:00+00:00,-0.0030126336248785,0.0030704747051368,reversal,over_cap_or_below_cutoff,0.6207054356952684
AAPL_20250521_165500,AAPL,2025-05-21 16:55:00+00:00,-1,6,134.2975206611552,4.608811865803742,12.608570252166665,8.727946066836322,1.8684411724044412,2025-05-21 16:40:00+00:00,2025-05-21 16:55:00+00:00,2025-05-21 17:00:00+00:00,2025-05-21 17:55:00+00:00,-0.0039084310441094,-0.0100745759407292,continuation,over_cap_or_below_cutoff,0.6424150136865323
AAPL_20250528_132500,AAPL,2025-05-28 13:25:00+00:00,-1,6,110.65317846884248,4.336146639132035,670.9017054263566,31.53917673211761,0.3253577930327891,2025-05-28 13:10:00+00:00,2025-05-28 13:25:00+00:00,2025-05-28 13:30:00+00:00,2025-05-28 14:25:00+00:00,-0.0041715526828015,0.0012468827930174,unclear,low_strength_unclear,0.6349057218871467
AAPL_20250530_120500,AAPL,2025-05-30 12:05:00+00:00,-1,4,102.43730130695906,5.221523744966391,55.62765357880894,37.8837806686408,0.7481152663176934,2025-05-30 11:50:00+00:00,2025-05-30 12:05:00+00:00,2025-05-30 12:10:00+00:00,2025-05-30 13:05:00+00:00,-0.0038450014980524,-0.003759586946714,continuation,over_cap_or_below_cutoff,0.6322966239976533
AAPL_20250602_133000,AAPL,2025-06-02 13:30:00+00:00,1,5,93.8203652739511,4.739348187802988,593.3709172259507,21.751888582186027,0.0570592963621735,2025-06-02 13:15:00+00:00,2025-06-02 13:30:00+00:00,2025-06-02 13:35:00+00:00,2025-06-02 14:30:00+00:00,0.0093820365273955,-0.0040401536745569,reversal,over_cap_or_below_cutoff,0.5826794305664382
AAPL_20250603_133000,AAPL,2025-06-03 13:30:00+00:00,-1,4,75.44400177421639,4.53276036580763,750.6607453848833,16.446710659191876,0.0408797229430145,2025-06-03 13:15:00+00:00,2025-06-03 13:30:00+00:00,2025-06-03 13:35:00+00:00,2025-06-03 14:30:00+00:00,-0.0034549058473737,0.0031685287325686,reversal,over_cap_or_below_cutoff,0.5494541980738334
AAPL_20250604_101500,AAPL,2025-06-04 10:15:00+00:00,-1,3,88.67531952839292,4.036656313411308,41.76964882943144,29.146100614304363,0.7523955094271721,2025-06-04 09:55:00+00:00,2025-06-04 10:15:00+00:00,2025-06-04 10:20:00+00:00,2025-06-04 11:15:00+00:00,-0.0078178778640968,0.0019327023142872,unclear,low_strength_unclear,0.44546266696530323
AAPL_20250605_133500,AAPL,2025-06-05 13:35:00+00:00,-1,4,96.24925580472564,4.024482428396164,192.3990550251009,11.982191195184177,0.1002580643523777,2025-06-05 13:20:00+00:00,2025-06-05 13:35:00+00:00,2025-06-05 13:40:00+00:00,2025-06-05 14:35:00+00:00,-0.0037783993326462,-0.0026711654024235,unclear,low_strength_unclear,0.45968088208061814
AAPL_20250611_122500,AAPL,2025-06-11 12:25:00+00:00,1,3,64.65304510907322,4.668720573942498,46.3510498687664,18.740169387348644,0.3382119022356559,2025-06-11 12:10:00+00:00,2025-06-11 12:25:00+00:00,2025-06-11 12:30:00+00:00,2025-06-11 13:25:00+00:00,0.0030123456790123,0.0019201417950862,unclear,low_strength_unclear,0.40090222666469066
AAPL_20250612_133000,AAPL,2025-06-12 13:30:00+00:00,-1,3,69.17794384972753,4.427546315846302,378.1601049868767,10.858419922315356,0.0363539804029364,2025-06-12 13:15:00+00:00,2025-06-12 13:30:00+00:00,2025-06-12 13:35:00+00:00,2025-06-12 14:30:00+00:00,-0.0068702672885011,0.0012618662896384,unclear,low_strength_unclear,0.4089647347839876
AAPL_20250613_133000,AAPL,2025-06-13 13:30:00+00:00,-1,7,113.92405063290757,4.352965929614636,327.58262093935434,6.895143553215521,0.058401697682655,2025-06-13 13:15:00+00:00,2025-06-13 13:30:00+00:00,2025-06-13 13:35:00+00:00,2025-06-13 14:30:00+00:00,-0.0047535651738803,-0.0130904977375565,continuation,over_cap_or_below_cutoff,0.5465603155202954
AAPL_20250623_133000,AAPL,2025-06-23 13:30:00+00:00,-1,4,80.38745755941878,4.057628769655592,338.33659491193737,11.00332008064643,0.0476237200747988,2025-06-23 13:15:00+00:00,2025-06-23 13:30:00+00:00,2025-06-23 13:35:00+00:00,2025-06-23 14:30:00+00:00,-0.0079746396552576,0.0040443379269023,reversal,over_cap_or_below_cutoff,0.4461277953968286
AAPL_20250624_132500,AAPL,2025-06-24 13:25:00+00:00,-1,7,95.36595712823949,4.641138023407877,303.6500873091872,9.662292020647284,0.763982488557263,2025-06-24 13:10:00+00:00,2025-06-24 13:25:00+00:00,2025-06-24 13:30:00+00:00,2025-06-24 14:25:00+00:00,-0.005879812317176,-0.0077398173290545,continuation,over_cap_or_below_cutoff,0.6101283254257801
AAPL_20250625_133000,AAPL,2025-06-25 13:30:00+00:00,1,6,88.50816086117818,5.350215867422268,601.6967141971481,19.830767736468783,0.0484454464050197,2025-06-25 13:15:00+00:00,2025-06-25 13:30:00+00:00,2025-06-25 13:35:00+00:00,2025-06-25 14:30:00+00:00,0.0087598870070542,-0.0016345313981849,unclear,low_strength_unclear,0.6244969373918892
AAPL_20250626_100000,AAPL,2025-06-26 10:00:00+00:00,-1,2,84.70353761834026,4.666194377882679,29.943804034582133,27.88202581493843,2.814056524130078,2025-06-26 09:40:00+00:00,2025-06-26 10:00:00+00:00,2025-06-26 10:05:00+00:00,2025-06-26 11:00:00+00:00,-0.0083992094861661,0.0019930244145491,unclear,low_strength_unclear,0.43945967319258494
AAPL_20250701_133500,AAPL,2025-07-01 13:35:00+00:00,1,5,83.54907264296551,4.143068115425859,269.8813760379597,10.170499014123312,0.0686434589710897,2025-07-01 13:20:00+00:00,2025-07-01 13:35:00+00:00,2025-07-01 13:40:00+00:00,2025-07-01 14:35:00+00:00,0.0043280622854102,0.0045020102559163,continuation,over_cap_or_below_cutoff,0.4512358823409384
AAPL_20250701_143500,AAPL,2025-07-01 14:35:00+00:00,-1,12,107.81476469993834,4.1771643612004965,148.2841737545565,5.89629535025556,0.3162702407178352,2025-07-01 14:20:00+00:00,2025-07-01 14:35:00+00:00,2025-07-01 14:40:00+00:00,2025-07-01 15:35:00+00:00,-0.0035583789076493,-0.0068545681142747,continuation,over_cap_or_below_cutoff,0.5199218526251206
AAPL_20250702_133500,AAPL,2025-07-02 13:35:00+00:00,1,6,125.35654662532814,5.932947229822042,408.8089995982322,14.919249075115117,0.0978114155656207,2025-07-02 13:20:00+00:00,2025-07-02 13:35:00+00:00,2025-07-02 13:40:00+00:00,2025-07-02 14:35:00+00:00,0.0074100238663483,0.0048452422242057,continuation,over_cap_or_below_cutoff,0.7300280719208798
AAPL_20250703_095500,AAPL,2025-07-03 09:55:00+00:00,-1,3,82.39664698037829,4.793441837549183,8.408114558472553,14.744960698590727,2.519167766245739,2025-07-03 09:40:00+00:00,2025-07-03 09:55:00+00:00,2025-07-03 10:00:00+00:00,2025-07-03 10:55:00+00:00,-0.0058112066521779,0.0022335218362401,unclear,low_strength_unclear,0.49269213438338055
AAPL_20250707_133000,AAPL,2025-07-07 13:30:00+00:00,1,3,103.91611687088354,5.1286590338576135,842.9131985731273,39.1551540429429,0.0413767984434579,2025-07-07 13:15:00+00:00,2025-07-07 13:30:00+00:00,2025-07-07 13:35:00+00:00,2025-07-07 14:30:00+00:00,0.0103916116870876,-0.0113574723735583,reversal,over_cap_or_below_cutoff,0.6318644225962273
AAPL_20250708_133000,AAPL,2025-07-08 13:30:00+00:00,-1,3,84.72666420526798,4.685998658000612,454.99782135076254,17.695136396882912,0.047004963314321,2025-07-08 13:15:00+00:00,2025-07-08 13:30:00+00:00,2025-07-08 13:35:00+00:00,2025-07-08 14:30:00+00:00,-0.0039016034638625,0.0036780511105805,reversal,over_cap_or_below_cutoff,0.4815454866407639
AAPL_20250710_143000,AAPL,2025-07-10 14:30:00+00:00,1,4,63.676241686712046,4.039088593983349,256.34869431643625,6.046405486702322,0.0545565324841027,2025-07-10 14:15:00+00:00,2025-07-10 14:30:00+00:00,2025-07-10 14:35:00+00:00,2025-07-10 15:30:00+00:00,0.0032117891554883,0.0009887005649718,unclear,low_strength_unclear,0.3933370324962465
AAPL_20250714_134000,AAPL,2025-07-14 13:40:00+00:00,-1,3,83.06443868242309,4.966167529431109,350.0585106382979,15.943994956458647,0.0683506249964225,2025-07-14 13:25:00+00:00,2025-07-14 13:40:00+00:00,2025-07-14 13:45:00+00:00,2025-07-14 14:40:00+00:00,-0.0082380152569243,0.0010083549409392,unclear,low_strength_unclear,0.48638026129309425
AAPL_20250716_141500,AAPL,2025-07-16 14:15:00+00:00,1,6,63.4882555498284,4.3504320198976885,323.8378649292069,9.801939904907467,0.0737933478767472,2025-07-16 14:00:00+00:00,2025-07-16 14:15:00+00:00,2025-07-16 14:20:00+00:00,2025-07-16 15:15:00+00:00,0.0063488255549828,-0.0121077923301611,reversal,over_cap_or_below_cutoff,0.43477067562762084
AAPL_20250723_133000,AAPL,2025-07-23 13:30:00+00:00,-1,6,87.47707500587953,6.044174812237599,756.4684822521419,12.006311048889897,0.0514410711915194,2025-07-23 13:15:00+00:00,2025-07-23 13:30:00+00:00,2025-07-23 13:35:00+00:00,2025-07-23 14:30:00+00:00,-0.0038534410699359,-0.0084154506405755,continuation,over_cap_or_below_cutoff,0.7109214614278596
AAPL_20250724_133000,AAPL,2025-07-24 13:30:00+00:00,1,6,83.8155392969986,5.43389705925476,674.5501708212072,24.828120160769608,0.0971590064045451,2025-07-24 13:15:00+00:00,2025-07-24 13:30:00+00:00,2025-07-24 13:35:00+00:00,2025-07-24 14:30:00+00:00,0.0083815539296994,-0.0035536767779997,reversal,over_cap_or_below_cutoff,0.6408514448389302
AAPL_20250729_134500,AAPL,2025-07-29 13:45:00+00:00,-1,4,91.01626974770129,6.613225262160023,570.050243719535,35.33588450493376,0.0794114468093285,2025-07-29 13:30:00+00:00,2025-07-29 13:45:00+00:00,2025-07-29 13:50:00+00:00,2025-07-29 14:45:00+00:00,-0.0071351956349391,-0.0030295913574448,continuation,over_cap_or_below_cutoff,0.6951458967806284
AAPL_20250730_120500,AAPL,2025-07-30 12:05:00+00:00,-1,5,91.47212958551476,6.946351645284342,72.95027949396881,27.6275176854536,1.075466670307777,2025-07-30 11:50:00+00:00,2025-07-30 12:05:00+00:00,2025-07-30 12:10:00+00:00,2025-07-30 13:05:00+00:00,-0.0051449070140658,-0.0003245243630497,unclear,low_strength_unclear,0.6886366890583908
AAPL_20250731_132500,AAPL,2025-07-31 13:25:00+00:00,-1,2,60.93172767835719,4.34016377765661,260.38701554631047,10.829535095715208,0.7506315480566678,2025-07-31 13:10:00+00:00,2025-07-31 13:25:00+00:00,2025-07-31 13:30:00+00:00,2025-07-31 14:25:00+00:00,-0.0060562708631377,0.0019786019287051,unclear,low_strength_unclear,0.39896836197989927
AAPL_20250731_195500,AAPL,2025-07-31 19:55:00+00:00,-1,22,248.93688183859956,4.824122197503229,7.388907919708316,18.94598674734889,30.95921320951612,2025-07-31 19:40:00+00:00,2025-07-31 19:55:00+00:00,2025-07-31 20:00:00+00:00,2025-07-31 20:55:00+00:00,-0.0050797910576506,0.0134386590241317,reversal,over_cap_or_below_cutoff,0.7153933446582943
AAPL_20250804_142500,AAPL,2025-08-04 14:25:00+00:00,1,5,73.25740866829244,4.06644978623024,223.0824963322424,13.19307129910345,0.0735529916984488,2025-08-04 14:10:00+00:00,2025-08-04 14:25:00+00:00,2025-08-04 14:30:00+00:00,2025-08-04 15:25:00+00:00,0.0034944670937682,-0.0047881601857224,reversal,over_cap_or_below_cutoff,0.41377391082091525
AAPL_20250808_133000,AAPL,2025-08-08 13:30:00+00:00,-1,7,87.63657795711532,4.83270346461605,335.52103658536583,13.62714951202119,0.0724405178408718,2025-08-08 13:15:00+00:00,2025-08-08 13:30:00+00:00,2025-08-08 13:35:00+00:00,2025-08-08 14:30:00+00:00,-0.0050244432373709,0.0159000955370547,reversal,over_cap_or_below_cutoff,0.5329037445002383
AAPL_20250812_123000,AAPL,2025-08-12 12:30:00+00:00,1,4,73.32600411926293,6.527880870515026,53.77896613190731,21.042525308563008,0.4573552271784626,2025-08-12 12:15:00+00:00,2025-08-12 12:30:00+00:00,2025-08-12 12:35:00+00:00,2025-08-12 13:30:00+00:00,0.0043812917515884,0.0116643190421692,continuation,over_cap_or_below_cutoff,0.6136923650642778
AAPL_20250812_133000,AAPL,2025-08-12 13:30:00+00:00,1,3,106.63353928013876,4.655771987406805,1057.281273983116,28.30099372051219,0.0980918377003351,2025-08-12 13:15:00+00:00,2025-08-12 13:30:00+00:00,2025-08-12 13:35:00+00:00,2025-08-12 14:30:00+00:00,0.0091323819978046,-0.0056124116139806,reversal,over_cap_or_below_cutoff,0.6288549434765166
AAPL_20250813_143500,AAPL,2025-08-13 14:35:00+00:00,1,7,76.20113655932181,4.204107961304204,291.48927320490367,9.841998368622056,0.0910796629883511,2025-08-13 14:20:00+00:00,2025-08-13 14:35:00+00:00,2025-08-13 14:40:00+00:00,2025-08-13 15:35:00+00:00,0.0040958042560523,-0.0020996109670565,unclear,low_strength_unclear,0.44698040308516956
AAPL_20250814_123000,AAPL,2025-08-14 12:30:00+00:00,-1,3,82.91545465702433,5.38510469591038,38.52200614124872,13.52238725094107,0.6316730603977745,2025-08-14 12:15:00+00:00,2025-08-14 12:30:00+00:00,2025-08-14 12:35:00+00:00,2025-08-14 13:30:00+00:00,-0.0056779371584699,0.0027049074749903,unclear,low_strength_unclear,0.5422494023734321
AAPL_20250815_134000,AAPL,2025-08-15 13:40:00+00:00,-1,4,65.04135079255846,5.458144177726454,354.64330763840223,9.830392760025278,0.0353865282723937,2025-08-15 13:25:00+00:00,2025-08-15 13:40:00+00:00,2025-08-15 13:45:00+00:00,2025-08-15 14:40:00+00:00,-0.0031041274190786,-0.0050464921510942,continuation,over_cap_or_below_cutoff,0.535415421630687
AAPL_20250818_141000,AAPL,2025-08-18 14:10:00+00:00,-1,5,72.68322228952017,5.521320400938931,352.12356880535754,14.257137052081529,0.1035977125402327,2025-08-18 13:55:00+00:00,2025-08-18 14:10:00+00:00,2025-08-18 14:15:00+00:00,2025-08-18 15:10:00+00:00,-0.0034430815579943,-0.0030878859857482,continuation,over_cap_or_below_cutoff,0.5667228963557602
AAPL_20250820_132500,AAPL,2025-08-20 13:25:00+00:00,1,5,103.84877159856698,5.099521169204828,510.4691466083151,12.688736940548392,0.3002465983354383,2025-08-20 13:10:00+00:00,2025-08-20 13:25:00+00:00,2025-08-20 13:30:00+00:00,2025-08-20 14:25:00+00:00,0.0040581227909413,-0.0146888309430681,reversal,over_cap_or_below_cutoff,0.6543022112491191
AAPL_20250822_135500,AAPL,2025-08-22 13:55:00+00:00,-1,4,72.12585184529496,4.3771998686232445,642.8039800995025,23.457420279111474,0.0350022506478932,2025-08-22 13:40:00+00:00,2025-08-22 13:55:00+00:00,2025-08-22 14:00:00+00:00,2025-08-22 14:55:00+00:00,-0.0035276479407355,0.0099345074785379,reversal,over_cap_or_below_cutoff,0.5083435625244432
AAPL_20250825_134000,AAPL,2025-08-25 13:40:00+00:00,1,3,70.95821579689465,5.117420826917622,446.8321851749793,13.6702072692668,0.0473626030647219,2025-08-25 13:25:00+00:00,2025-08-25 13:40:00+00:00,2025-08-25 13:45:00+00:00,2025-08-25 14:40:00+00:00,0.0070209759328769,0.0013817757331062,unclear,low_strength_unclear,0.4869933626879897
AAPL_20250826_133500,AAPL,2025-08-26 13:35:00+00:00,-1,4,83.20541057642572,6.860896116928614,920.2396265560166,23.903683910217744,0.0281292791935626,2025-08-26 13:20:00+00:00,2025-08-26 13:35:00+00:00,2025-08-26 13:40:00+00:00,2025-08-26 14:35:00+00:00,-0.003996558874134,0.0040125954480805,reversal,over_cap_or_below_cutoff,0.7334581931468231
AAPL_20250903_131500,AAPL,2025-09-03 13:15:00+00:00,-1,7,113.64363233193453,4.864457529057896,387.8668278852568,8.727084727762858,0.6483536691166786,2025-09-03 13:00:00+00:00,2025-09-03 13:15:00+00:00,2025-09-03 13:20:00+00:00,2025-09-03 14:15:00+00:00,-0.0037349448151411,-0.0017059814658804,unclear,low_strength_unclear,0.6803195269249603
AAPL_20250911_130000,AAPL,2025-09-11 13:00:00+00:00,1,2,63.45009914077826,4.565091473721173,25.818452935694317,5.299546666776626,0.3941491324116027,2025-09-11 12:45:00+00:00,2025-09-11 13:00:00+00:00,2025-09-11 13:05:00+00:00,2025-09-11 14:00:00+00:00,0.0033867629574177,0.0049631548619299,continuation,over_cap_or_below_cutoff,0.3429604754545552
AAPL_20250912_133000,AAPL,2025-09-12 13:30:00+00:00,1,11,99.83072181952046,4.470268782875742,620.6892148403797,18.64618147789649,0.0652701527432559,2025-09-12 13:15:00+00:00,2025-09-12 13:30:00+00:00,2025-09-12 13:35:00+00:00,2025-09-12 14:30:00+00:00,0.005846422338569,0.0160058991931986,continuation,over_cap_or_below_cutoff,0.5786150808827586
AAPL_20250918_134000,AAPL,2025-09-18 13:40:00+00:00,-1,3,80.8060612526562,4.044169857465283,175.1650617644198,11.395074622294455,0.0856333603943872,2025-09-18 13:25:00+00:00,2025-09-18 13:40:00+00:00,2025-09-18 13:45:00+00:00,2025-09-18 14:40:00+00:00,-0.0080158333333333,-0.000572085743976,unclear,low_strength_unclear,0.37177435484107424
AAPL_20250922_133000,AAPL,2025-09-22 13:30:00+00:00,1,3,95.054369714056,4.559940320759168,944.0708111472236,13.764628064608573,0.0155445337757494,2025-09-22 13:15:00+00:00,2025-09-22 13:30:00+00:00,2025-09-22 13:35:00+00:00,2025-09-22 14:30:00+00:00,0.0068879400628374,0.0107216866023922,continuation,over_cap_or_below_cutoff,0.5769699907927541
AAPL_20250923_132500,AAPL,2025-09-23 13:25:00+00:00,1,4,79.19642156478446,5.270147376797024,673.6385054945055,11.5899830283677,0.5251415719978784,2025-09-23 13:10:00+00:00,2025-09-23 13:25:00+00:00,2025-09-23 13:30:00+00:00,2025-09-23 14:25:00+00:00,0.0037651488410401,0.0026854999413901,unclear,low_strength_unclear,0.6732776085317875
AAPL_20250929_132500,AAPL,2025-09-29 13:25:00+00:00,-1,3,84.16689693285795,5.708201067822658,497.8548266400599,12.5159337023489,0.5518627452803588,2025-09-29 13:10:00+00:00,2025-09-29 13:25:00+00:00,2025-09-29 13:30:00+00:00,2025-09-29 14:25:00+00:00,-0.0043408548746627,-0.00149293008641,unclear,low_strength_unclear,0.64480464231727
AAPL_20251006_133500,AAPL,2025-10-06 13:35:00+00:00,-1,3,87.78618491798396,5.413994022333319,378.6226309921962,13.31329593932844,0.0742324039710168,2025-10-06 13:20:00+00:00,2025-10-06 13:35:00+00:00,2025-10-06 13:40:00+00:00,2025-10-06 14:35:00+00:00,-0.0078533565486553,0.0053022323115603,reversal,over_cap_or_below_cutoff,0.5419839018519015
AAPL_20251006_140500,AAPL,2025-10-06 14:05:00+00:00,1,3,82.91873963515606,4.281858614127233,142.38858820291716,5.887081957855055,0.0608579770253058,2025-10-06 13:50:00+00:00,2025-10-06 14:05:00+00:00,2025-10-06 14:10:00+00:00,2025-10-06 15:05:00+00:00,0.0066199300904137,-0.0003879878947777,unclear,near_duplicate,0.3880960720317239
AAPL_20251009_134000,AAPL,2025-10-09 13:40:00+00:00,-1,2,84.762390613351,4.457090777828021,562.9382151029748,15.644333410766873,0.0644630387715373,2025-10-09 13:25:00+00:00,2025-10-09 13:40:00+00:00,2025-10-09 13:45:00+00:00,2025-10-09 14:40:00+00:00,-0.0081076887268212,-0.0031874535570417,continuation,over_cap_or_below_cutoff,0.4332741431470296
AAPL_20251015_135500,AAPL,2025-10-15 13:55:00+00:00,1,3,81.06051503864676,4.374883377846298,246.1273115220484,7.542495158219251,0.0682032752215838,2025-10-15 13:40:00+00:00,2025-10-15 13:55:00+00:00,2025-10-15 14:00:00+00:00,2025-10-15 14:55:00+00:00,0.0048685686808782,-0.0009458678097896,unclear,low_strength_unclear,0.41160872787762914
AAPL_20251016_132500,AAPL,2025-10-16 13:25:00+00:00,-1,3,115.56547639492098,5.326791844481796,1066.430788590604,19.031875118952424,0.1293819072861857,2025-10-16 13:10:00+00:00,2025-10-16 13:25:00+00:00,2025-10-16 13:30:00+00:00,2025-10-16 14:25:00+00:00,-0.0087029422332228,-0.0032217792275784,continuation,over_cap_or_below_cutoff,0.711677169725995
AAPL_20251021_133000,AAPL,2025-10-21 13:30:00+00:00,1,5,111.14081656036224,5.061324619954143,531.1460162601626,9.272536155204389,0.0366498383854294,2025-10-21 13:15:00+00:00,2025-10-21 13:30:00+00:00,2025-10-21 13:35:00+00:00,2025-10-21 14:30:00+00:00,0.0057677616501146,0.0003038243895028,unclear,low_strength_unclear,0.6357399763984393
AAPL_20251029_133500,AAPL,2025-10-29 13:35:00+00:00,1,1,73.96368236957107,4.071829281374145,328.8829239469908,9.008470590347397,0.0363054501686887,2025-10-29 13:20:00+00:00,2025-10-29 13:35:00+00:00,2025-10-29 13:40:00+00:00,2025-10-29 14:35:00+00:00,0.0073963682369577,-0.0035375028118661,reversal,over_cap_or_below_cutoff,0.27977633640110533
AAPL_20251030_150500,AAPL,2025-10-30 15:05:00+00:00,1,3,75.12086277427166,4.030745149773992,35.97192189769243,2.5809606999376387,0.1064663598657841,2025-10-30 14:50:00+00:00,2025-10-30 15:05:00+00:00,2025-10-30 15:10:00+00:00,2025-10-30 16:05:00+00:00,0.005552853256221,0.0042899408284025,continuation,over_cap_or_below_cutoff,0.3357471732537561
AAPL_20251106_151500,AAPL,2025-11-06 15:15:00+00:00,1,4,108.00096330190634,4.500911768090277,511.2758845235511,10.497479123451438,0.0436754181721002,2025-11-06 15:00:00+00:00,2025-11-06 15:15:00+00:00,2025-11-06 15:20:00+00:00,2025-11-06 16:15:00+00:00,0.0075302322130723,0.0005154449394351,unclear,low_strength_unclear,0.5771235801394645
AAPL_20251112_143000,AAPL,2025-11-12 14:30:00+00:00,-1,6,103.2399086588276,4.932031345349204,734.287456445993,25.470174921895783,0.0497975118856017,2025-11-12 14:15:00+00:00,2025-11-12 14:30:00+00:00,2025-11-12 14:35:00+00:00,2025-11-12 15:30:00+00:00,-0.0076302594288206,0.0005492091388399,unclear,over_cap_or_below_cutoff,0.6448570834371277
AAPL_20251113_142500,AAPL,2025-11-13 14:25:00+00:00,1,11,102.65532164600356,4.924604971197581,711.4939415538132,7.119544483458743,0.3418069480693197,2025-11-13 14:10:00+00:00,2025-11-13 14:25:00+00:00,2025-11-13 14:30:00+00:00,2025-11-13 15:25:00+00:00,0.0057218309859154,-0.0017140773158277,unclear,low_strength_unclear,0.6778763834786032
AAPL_20251117_143000,AAPL,2025-11-17 14:30:00+00:00,-1,4,79.6489614986462,4.268936251444101,737.8314838709678,13.630918490945527,0.054287861781455,2025-11-17 14:15:00+00:00,2025-11-17 14:30:00+00:00,2025-11-17 14:35:00+00:00,2025-11-17 15:30:00+00:00,-0.0051721573585187,0.0049374133336324,reversal,over_cap_or_below_cutoff,0.5353165929552137
AAPL_20251124_142500,AAPL,2025-11-24 14:25:00+00:00,-1,9,133.88905281793262,4.046782570873561,1221.5486362539225,40.582736031410285,0.1020410916212173,2025-11-24 14:10:00+00:00,2025-11-24 14:25:00+00:00,2025-11-24 14:30:00+00:00,2025-11-24 15:25:00+00:00,-0.0041505968778695,0.0072845972263204,reversal,over_cap_or_below_cutoff,0.6872120882353523
AAPL_20251202_143000,AAPL,2025-12-02 14:30:00+00:00,1,6,62.01495446330085,4.868536730982344,519.0348517273005,14.662460437390177,0.0594204524525618,2025-12-02 14:15:00+00:00,2025-12-02 14:30:00+00:00,2025-12-02 14:35:00+00:00,2025-12-02 15:30:00+00:00,0.0036828879844275,0.0035769873895679,continuation,over_cap_or_below_cutoff,0.509749678477299
AAPL_20251203_143000,AAPL,2025-12-03 14:30:00+00:00,1,3,70.58350803633928,5.381081633547131,1298.8181818181818,23.20864919245388,0.0186491277147559,2025-12-03 14:15:00+00:00,2025-12-03 14:30:00+00:00,2025-12-03 14:35:00+00:00,2025-12-03 15:30:00+00:00,0.006368758092172,-0.000938836538127,unclear,over_cap_or_below_cutoff,0.6008681734713115
AAPL_20251209_143500,AAPL,2025-12-09 14:35:00+00:00,1,1,68.73021582733729,5.274560482848225,479.3706714844926,10.754280746919328,0.0304232042335679,2025-12-09 14:20:00+00:00,2025-12-09 14:35:00+00:00,2025-12-09 14:40:00+00:00,2025-12-09 15:35:00+00:00,0.0068730215827339,-0.0086838409535612,reversal,over_cap_or_below_cutoff,0.39929116807481546
AAPL_20251217_205500,AAPL,2025-12-17 20:55:00+00:00,-1,2,69.73908730853573,4.431690201252511,14.891524071649757,3.2217736140843845,2.158644585294605,2025-12-17 20:40:00+00:00,2025-12-17 20:55:00+00:00,2025-12-17 21:00:00+00:00,2025-12-17 21:55:00+00:00,-0.0059963436928701,0.0014768630912969,unclear,low_strength_unclear,0.3827607854446967
AAPL_20251219_205000,AAPL,2025-12-19 20:50:00+00:00,1,4,111.97753058131975,4.126555256366819,52.312205164074825,8.076834603708635,0.8300822541806281,2025-12-19 20:35:00+00:00,2025-12-19 20:50:00+00:00,2025-12-19 20:55:00+00:00,2025-12-19 21:50:00+00:00,0.0030318370625164,0.0040552995391704,continuation,over_cap_or_below_cutoff,0.5573924666776904
AAPL_20251224_143000,AAPL,2025-12-24 14:30:00+00:00,1,3,78.04752635252487,5.880772208599565,1171.6193005754758,120.4692791359968,0.0367137705971243,2025-12-24 14:15:00+00:00,2025-12-24 14:30:00+00:00,2025-12-24 14:35:00+00:00,2025-12-24 15:30:00+00:00,0.0055814230150259,0.0010223828823894,unclear,over_cap_or_below_cutoff,0.6636633359129428
AAPL_20251229_143000,AAPL,2025-12-29 14:30:00+00:00,1,3,80.31478689368265,6.530751520868483,820.7650825749915,36.86735746787426,0.0570069360052985,2025-12-29 14:15:00+00:00,2025-12-29 14:30:00+00:00,2025-12-29 14:35:00+00:00,2025-12-29 15:30:00+00:00,0.0051106699021985,0.0019387643121042,unclear,over_cap_or_below_cutoff,0.6630462330982412
AAPL_20260108_113500,AAPL,2026-01-08 11:35:00+00:00,-1,3,60.98745289981,4.410680074259735,16.450274079874706,12.261005407541465,1.1642120683872224,2026-01-08 11:20:00+00:00,2026-01-08 11:35:00+00:00,2026-01-08 11:40:00+00:00,2026-01-08 12:35:00+00:00,-0.006061776061776,-0.0015538204560464,unclear,low_strength_unclear,0.4116035801704784
AAPL_20260113_142500,AAPL,2026-01-13 14:25:00+00:00,-1,4,85.5821125674594,4.240342717486257,324.1999675377374,20.52987209978079,0.2221736294048536,2026-01-13 14:10:00+00:00,2026-01-13 14:25:00+00:00,2026-01-13 14:30:00+00:00,2026-01-13 15:25:00+00:00,-0.0030061278760551,0.0054122695117708,reversal,over_cap_or_below_cutoff,0.4945435558329847
AAPL_20260121_192500,AAPL,2026-01-21 19:25:00+00:00,1,6,108.39943054707923,4.05790675842412,8.177951495558853,4.297919781188461,2.318152808173382,2026-01-21 19:10:00+00:00,2026-01-21 19:25:00+00:00,2026-01-21 19:30:00+00:00,2026-01-21 20:25:00+00:00,0.0049423534435428,0.0051495222983422,continuation,over_cap_or_below_cutoff,0.5354828606402058
AAPL_20260128_135000,AAPL,2026-01-28 13:50:00+00:00,-1,2,60.61761371759733,4.753203651173831,15.737188528443818,4.723648854808049,0.4360511710254757,2026-01-28 13:35:00+00:00,2026-01-28 13:50:00+00:00,2026-01-28 13:55:00+00:00,2026-01-28 14:50:00+00:00,-0.0038179205344311,-0.0015868250632586,unclear,low_strength_unclear,0.3568542678034621
AAPL_20260129_144000,AAPL,2026-01-29 14:40:00+00:00,-1,2,71.02993404363822,4.057922952971991,143.01127607592557,5.466185168582818,0.0520740877645561,2026-01-29 14:25:00+00:00,2026-01-29 14:40:00+00:00,2026-01-29 14:45:00+00:00,2026-01-29 15:40:00+00:00,-0.0070528967254407,-0.0042539905553605,continuation,over_cap_or_below_cutoff,0.29083902157352803
AAPL_20260206_142500,AAPL,2026-02-06 14:25:00+00:00,1,9,118.8405797101444,4.6417924758812354,412.3493694535264,6.690103712273705,0.7924276283081458,2026-02-06 14:10:00+00:00,2026-02-06 14:25:00+00:00,2026-02-06 14:30:00+00:00,2026-02-06 15:25:00+00:00,0.004688352335024,0.007576030881345,continuation,over_cap_or_below_cutoff,0.6822108052248321
AAPL_20260218_150000,AAPL,2026-02-18 15:00:00+00:00,1,2,77.99273335996392,4.08447007743754,220.30970913560017,6.202222807086907,0.038700668711956,2026-02-18 14:45:00+00:00,2026-02-18 15:00:00+00:00,2026-02-18 15:05:00+00:00,2026-02-18 16:00:00+00:00,0.0077992733359963,0.0016421601011722,unclear,low_strength_unclear,0.32079613852824385
AAPL_20260220_143500,AAPL,2026-02-20 14:35:00+00:00,1,5,124.4540640822489,5.461154878874271,298.7039640987285,12.230171392612586,0.0358972943645495,2026-02-20 14:20:00+00:00,2026-02-20 14:35:00+00:00,2026-02-20 14:40:00+00:00,2026-02-20 15:35:00+00:00,0.0044324595994742,0.0063258617471078,continuation,over_cap_or_below_cutoff,0.6587983453026871
AAPL_20260226_150000,AAPL,2026-02-26 15:00:00+00:00,-1,5,83.94893177372964,4.656205665497087,321.5409570154096,13.703554042484612,0.0368155100054342,2026-02-26 14:45:00+00:00,2026-02-26 15:00:00+00:00,2026-02-26 15:05:00+00:00,2026-02-26 16:00:00+00:00,-0.0033316341392366,-0.0076134806831674,continuation,over_cap_or_below_cutoff,0.5019561198900199
AAPL_20260319_133000,AAPL,2026-03-19 13:30:00+00:00,-1,6,107.5203987298523,4.730520055598071,769.3132992327365,10.247923770914117,0.0352415327039402,2026-03-19 13:15:00+00:00,2026-03-19 13:30:00+00:00,2026-03-19 13:35:00+00:00,2026-03-19 14:30:00+00:00,-0.0038438438438438,0.0068330720688132,reversal,over_cap_or_below_cutoff,0.6411567003517261
AAPL_20260320_135000,AAPL,2026-03-20 13:50:00+00:00,1,3,70.8875116458052,4.336680165888658,165.52879045996593,6.948239454303339,0.0496399682429096,2026-03-20 13:35:00+00:00,2026-03-20 13:50:00+00:00,2026-03-20 13:55:00+00:00,2026-03-20 14:50:00+00:00,0.0070887511645805,-0.0019708792534792,unclear,low_strength_unclear,0.3685814234003537
AAPL_20260324_202000,AAPL,2026-03-24 20:20:00+00:00,1,3,124.7963117523132,4.105260101772224,0.338100228862319,7.080751015823604,41.38163133802868,2026-03-24 20:05:00+00:00,2026-03-24 20:20:00+00:00,2026-03-24 20:25:00+00:00,2026-03-24 21:25:00+00:00,0.0124796311752315,-0.006594700686948,reversal,over_cap_or_below_cutoff,0.5261469116338497
AAPL_20260326_135000,AAPL,2026-03-26 13:50:00+00:00,1,8,86.78422825440846,5.029189296474449,315.311042674879,10.780308079007012,0.0419835187971467,2026-03-26 13:35:00+00:00,2026-03-26 13:50:00+00:00,2026-03-26 13:55:00+00:00,2026-03-26 14:50:00+00:00,0.0062281120662208,0.012161600980838,continuation,over_cap_or_below_cutoff,0.5404734595465637
AAPL_20260330_133000,AAPL,2026-03-30 13:30:00+00:00,-1,3,105.4801163918495,4.325144363558344,734.3860667634252,23.0351635994048,0.0352577873253709,2026-03-30 13:15:00+00:00,2026-03-30 13:30:00+00:00,2026-03-30 13:35:00+00:00,2026-03-30 14:30:00+00:00,-0.0063800564221586,-0.0017949338496289,unclear,over_cap_or_below_cutoff,0.5449180323780695
AAPL_20260402_133000,AAPL,2026-04-02 13:30:00+00:00,-1,5,133.9499282411105,5.249380827377264,580.776,15.513776936445907,0.0562847320547501,2026-04-02 13:15:00+00:00,2026-04-02 13:30:00+00:00,2026-04-02 13:35:00+00:00,2026-04-02 14:30:00+00:00,-0.0056664037854888,0.0019511189191117,unclear,low_strength_unclear,0.7147629735755072
AAPL_20260406_133000,AAPL,2026-04-06 13:30:00+00:00,1,12,89.2649227664366,4.35977323133021,730.6872160934458,16.799797053846596,0.0981843564398314,2026-04-06 13:15:00+00:00,2026-04-06 13:30:00+00:00,2026-04-06 13:35:00+00:00,2026-04-06 14:30:00+00:00,0.0073583948159425,0.013814884423863,continuation,over_cap_or_below_cutoff,0.5693826154251354
AAPL_20260408_132500,AAPL,2026-04-08 13:25:00+00:00,-1,8,99.41197087114162,5.196317276992058,192.52640935672517,7.0243155312646905,1.4459418571551252,2026-04-08 13:10:00+00:00,2026-04-08 13:25:00+00:00,2026-04-08 13:30:00+00:00,2026-04-08 14:25:00+00:00,-0.0045090180360721,-0.0006968371336766,unclear,low_strength_unclear,0.6478158637952773
AAPL_20260409_132500,AAPL,2026-04-09 13:25:00+00:00,1,10,76.68054960881187,4.672074927513102,539.1921289969937,16.108844962756436,0.4588876000855839,2026-04-09 13:10:00+00:00,2026-04-09 13:25:00+00:00,2026-04-09 13:30:00+00:00,2026-04-09 14:25:00+00:00,0.0053141970519783,-0.0051317667939964,reversal,over_cap_or_below_cutoff,0.5824640618501427
AAPL_20260414_133500,AAPL,2026-04-14 13:35:00+00:00,1,11,89.89544349705226,6.051353733331045,238.8187754096341,8.580074807566088,0.1496859571798156,2026-04-14 13:20:00+00:00,2026-04-14 13:35:00+00:00,2026-04-14 13:40:00+00:00,2026-04-14 14:35:00+00:00,0.0053761078998073,-0.0078771122953249,reversal,over_cap_or_below_cutoff,0.6374744419606099
AAPL_20260415_133000,AAPL,2026-04-15 13:30:00+00:00,1,9,68.70790431214414,4.883303205718248,429.56201702685,27.00266279464594,0.0735432550549882,2026-04-15 13:15:00+00:00,2026-04-15 13:30:00+00:00,2026-04-15 13:35:00+00:00,2026-04-15 14:30:00+00:00,0.0058102461470994,0.0041982821707815,continuation,over_cap_or_below_cutoff,0.5119078068007723
AAPL_20260417_112500,AAPL,2026-04-17 11:25:00+00:00,1,5,77.84453765634636,5.085625304197201,19.0690279734353,10.511476404414664,0.8099876091400281,2026-04-17 11:10:00+00:00,2026-04-17 11:25:00+00:00,2026-04-17 11:30:00+00:00,2026-04-17 12:25:00+00:00,0.005139833711262,0.0057023612573321,continuation,over_cap_or_below_cutoff,0.5588016482093301
AAPL_20260420_133000,AAPL,2026-04-20 13:30:00+00:00,1,6,104.94697025884348,4.754979178641129,482.1665179140635,11.834186676762576,0.0522128974191014,2026-04-20 13:15:00+00:00,2026-04-20 13:30:00+00:00,2026-04-20 13:35:00+00:00,2026-04-20 14:30:00+00:00,0.0093729518203304,0.0024075547077255,unclear,low_strength_unclear,0.5884168976791828
AAPL_20260420_203500,AAPL,2026-04-20 20:35:00+00:00,-1,5,85.44514222385891,4.0422180316008856,1.986154266205443,10.828159370607132,8.960175544950102,2026-04-20 20:20:00+00:00,2026-04-20 20:35:00+00:00,2026-04-20 20:40:00+00:00,2026-04-20 21:35:00+00:00,-0.0084721240380494,0.0026601403768009,unclear,over_cap_or_below_cutoff,0.48317747024448143
AAPL_20260422_140500,AAPL,2026-04-22 14:05:00+00:00,1,7,84.545775498448,5.574736201629138,421.8915989159892,6.86837375325986,0.0738749904030064,2026-04-22 13:50:00+00:00,2026-04-22 14:05:00+00:00,2026-04-22 14:10:00+00:00,2026-04-22 15:05:00+00:00,0.0041703902293714,0.0074907297537822,continuation,over_cap_or_below_cutoff,0.6064670892905998
AAPL_20260430_132500,AAPL,2026-04-30 13:25:00+00:00,-1,8,90.01971506156448,5.263126366530095,229.7779047346997,8.874073390314791,0.6880613697478859,2026-04-30 13:10:00+00:00,2026-04-30 13:25:00+00:00,2026-04-30 13:30:00+00:00,2026-04-30 14:25:00+00:00,-0.003646274538691,0.005171521514121,reversal,over_cap_or_below_cutoff,0.6392680556758279
AAPL_20260430_195000,AAPL,2026-04-30 19:50:00+00:00,-1,3,121.1260854335272,4.13631988690655,19.177335983545447,9.69858571323426,0.6461878747930627,2026-04-30 19:35:00+00:00,2026-04-30 19:50:00+00:00,2026-04-30 19:55:00+00:00,2026-04-30 20:50:00+00:00,-0.0064594633929088,-0.0091231161774694,continuation,near_duplicate,0.5171885856353545
AAPL_20260430_202000,AAPL,2026-04-30 20:20:00+00:00,1,6,168.38654397794528,5.095424029631435,1.4166339037927844,7.30911148235671,9.422491607226124,2026-04-30 20:05:00+00:00,2026-04-30 20:20:00+00:00,2026-04-30 20:25:00+00:00,2026-04-30 21:20:00+00:00,0.003125574554146,-0.0153958944281524,reversal,over_cap_or_below_cutoff,0.73701708362564
AMD_20240530_102500,AMD,2024-05-30 10:25:00+00:00,1,3,182.92682926829283,5.119702067651063,9.364384288747344,23.293024852522016,4.872907175925476,2024-05-30 10:10:00+00:00,2024-05-30 10:25:00+00:00,2024-05-30 10:30:00+00:00,2024-05-30 11:25:00+00:00,0.0182926829268292,-0.0023952095808383,unclear,over_cap_or_below_cutoff,0.5579841530285647
AMD_20240531_123000,AMD,2024-05-31 12:30:00+00:00,1,6,123.56147789218451,4.823696852621522,17.33609437751004,8.940174631648818,0.8556483822411654,2024-05-31 12:15:00+00:00,2024-05-31 12:30:00+00:00,2024-05-31 12:35:00+00:00,2024-05-31 13:30:00+00:00,0.0081369800742481,-0.0016461251728493,unclear,low_strength_unclear,0.4716467087083874
AMD_20240531_133500,AMD,2024-05-31 13:35:00+00:00,1,11,306.20320204540974,5.463773502959539,318.7334649555775,14.75940408937325,0.081433115201013,2024-05-31 13:20:00+00:00,2024-05-31 13:35:00+00:00,2024-05-31 13:40:00+00:00,2024-05-31 14:35:00+00:00,0.0108303249097474,-0.0262499999999999,reversal,over_cap_or_below_cutoff,0.736559532586651
AMD_20240603_132500,AMD,2024-06-03 13:25:00+00:00,1,20,181.47947839673327,4.675781520601941,390.0095936794583,12.7736812807042,0.6077007576605409,2024-06-03 13:10:00+00:00,2024-06-03 13:25:00+00:00,2024-06-03 13:30:00+00:00,2024-06-03 14:25:00+00:00,0.0041137752703339,-0.0264544071169379,reversal,over_cap_or_below_cutoff,0.6147897115758834
AMD_20240605_133500,AMD,2024-06-05 13:35:00+00:00,1,23,132.1288102261553,5.65663753452657,304.5287107258938,12.17155690131505,0.9138969681815614,2024-06-05 13:20:00+00:00,2024-06-05 13:35:00+00:00,2024-06-05 13:40:00+00:00,2024-06-05 14:35:00+00:00,0.003763109191857,0.0228934914879233,continuation,over_cap_or_below_cutoff,0.6494751728308723
AMD_20240607_123000,AMD,2024-06-07 12:30:00+00:00,-1,4,108.75528700906132,4.2349816560918105,125.67031070195628,28.718676698866584,0.6789516924478722,2024-06-07 12:15:00+00:00,2024-06-07 12:30:00+00:00,2024-06-07 12:35:00+00:00,2024-06-07 13:30:00+00:00,-0.0087829360100376,0.0021705846895718,unclear,low_strength_unclear,0.41845669935319424
AMD_20240611_133500,AMD,2024-06-11 13:35:00+00:00,-1,9,155.64474713296585,5.068521842260534,327.97250329960406,22.55190021438089,0.1010569704083184,2024-06-11 13:20:00+00:00,2024-06-11 13:35:00+00:00,2024-06-11 13:40:00+00:00,2024-06-11 14:35:00+00:00,-0.014667336175643,0.000251968503937,unclear,low_strength_unclear,0.553115699248452
AMD_20240612_123000,AMD,2024-06-12 12:30:00+00:00,1,3,111.56377311187347,4.760980173730378,82.80020491803279,27.33405712302011,0.2695559312689698,2024-06-12 12:15:00+00:00,2024-06-12 12:30:00+00:00,2024-06-12 12:35:00+00:00,2024-06-12 13:30:00+00:00,0.0107985936715218,-0.0047826086956522,reversal,over_cap_or_below_cutoff,0.3664446530193894
AMD_20240613_132500,AMD,2024-06-13 13:25:00+00:00,-1,20,183.715826435924,4.117157094020285,447.20611741489887,24.766359646849665,0.7295844076564559,2024-06-13 13:10:00+00:00,2024-06-13 13:25:00+00:00,2024-06-13 13:30:00+00:00,2024-06-13 14:25:00+00:00,-0.0058918382535352,-0.0074870547133319,continuation,over_cap_or_below_cutoff,0.596535386196462
AMD_20240614_133500,AMD,2024-06-14 13:35:00+00:00,1,6,108.91463107529198,4.672593667362005,363.0624566273421,14.89375928213308,0.0398458397868452,2024-06-14 13:20:00+00:00,2024-06-14 13:35:00+00:00,2024-06-14 13:40:00+00:00,2024-06-14 14:35:00+00:00,0.0034026465028356,-0.0041453152474252,reversal,over_cap_or_below_cutoff,0.4694572525355235
AMD_20240618_133000,AMD,2024-06-18 13:30:00+00:00,-1,8,101.98191264190416,5.940430930952038,973.3568572100684,34.0713524973417,0.0590173014507183,2024-06-18 13:15:00+00:00,2024-06-18 13:30:00+00:00,2024-06-18 13:35:00+00:00,2024-06-18 14:30:00+00:00,-0.0057878017789072,-0.0073104179846507,continuation,over_cap_or_below_cutoff,0.6649325145268883
AMD_20240620_101000,AMD,2024-06-20 10:10:00+00:00,1,6,85.12284774617297,4.460937788746168,4.640380693405846,10.030746150768136,4.918457318052929,2024-06-20 09:55:00+00:00,2024-06-20 10:10:00+00:00,2024-06-20 10:15:00+00:00,2024-06-20 11:10:00+00:00,0.0045782821769408,0.0062905192887863,continuation,over_cap_or_below_cutoff,0.4337621070221507
AMD_20240620_120000,AMD,2024-06-20 12:00:00+00:00,-1,2,218.7397975840666,4.653387289039952,52.70067911714771,37.191289217864906,0.9664467887097268,2024-06-20 11:45:00+00:00,2024-06-20 12:00:00+00:00,2024-06-20 12:05:00+00:00,2024-06-20 13:00:00+00:00,-0.0214057507987219,0.0201762977473065,reversal,over_cap_or_below_cutoff,0.4860781681919266
AMD_20240624_133500,AMD,2024-06-24 13:35:00+00:00,-1,7,144.3781000221156,4.6406459088422976,396.942731277533,20.41042353338205,0.0761959632684426,2024-06-24 13:20:00+00:00,2024-06-24 13:35:00+00:00,2024-06-24 13:40:00+00:00,2024-06-24 14:35:00+00:00,-0.0047560991613244,0.0100831946755408,reversal,over_cap_or_below_cutoff,0.5207860877011941
AMD_20240627_133000,AMD,2024-06-27 13:30:00+00:00,1,4,132.6043991074255,6.445132901195574,890.9358490566037,34.33878384905967,0.0319296089340161,2024-06-27 13:15:00+00:00,2024-06-27 13:30:00+00:00,2024-06-27 13:35:00+00:00,2024-06-27 14:30:00+00:00,0.0068807339449539,0.0067071627436092,continuation,over_cap_or_below_cutoff,0.7017692236604671
AMD_20240628_133500,AMD,2024-06-28 13:35:00+00:00,1,18,170.73475248142734,5.497397656915306,801.3136716963877,30.54539239814549,0.1413073122587516,2024-06-28 13:20:00+00:00,2024-06-28 13:35:00+00:00,2024-06-28 13:40:00+00:00,2024-06-28 14:35:00+00:00,0.0156855393075865,0.0159662831477265,continuation,over_cap_or_below_cutoff,0.7113533869193174
AMD_20240703_105500,AMD,2024-07-03 10:55:00+00:00,-1,3,60.550458715593614,5.087911848834035,8.901503164556962,11.444293914604817,4.952425965809295,2024-07-03 10:35:00+00:00,2024-07-03 10:55:00+00:00,2024-07-03 11:00:00+00:00,2024-07-03 11:55:00+00:00,-0.0036496350364962,-0.0003052503052504,unclear,over_cap_or_below_cutoff,0.423275551748973
AMD_20240703_132500,AMD,2024-07-03 13:25:00+00:00,1,4,114.4570938915468,4.816589847052254,689.024959008927,21.84548935314453,1.118668707222429,2024-07-03 13:10:00+00:00,2024-07-03 13:25:00+00:00,2024-07-03 13:30:00+00:00,2024-07-03 14:25:00+00:00,0.0048980591440641,-0.0050575763114603,reversal,over_cap_or_below_cutoff,0.6798478002819526
AMD_20240705_132000,AMD,2024-07-05 13:20:00+00:00,1,18,189.09531013615145,4.552741632521762,369.7958475198611,12.42732814430001,0.9553207861949596,2024-07-05 13:05:00+00:00,2024-07-05 13:20:00+00:00,2024-07-05 13:25:00+00:00,2024-07-05 14:20:00+00:00,0.005712549377089,0.0293673333736177,continuation,over_cap_or_below_cutoff,0.639469075958305
AMD_20240709_131500,AMD,2024-07-09 13:15:00+00:00,-1,7,155.63138006880806,5.285038700152094,361.4758174810394,19.445776198094016,0.575255385142777,2024-07-09 13:00:00+00:00,2024-07-09 13:15:00+00:00,2024-07-09 13:20:00+00:00,2024-07-09 14:15:00+00:00,-0.0033164699269252,-0.0006485815802831,unclear,low_strength_unclear,0.6280513108313943
AMD_20240711_123000,AMD,2024-07-11 12:30:00+00:00,1,6,99.35582487170302,4.873984308765301,65.56570223025919,25.174430806237183,0.7132032018588769,2024-07-11 12:15:00+00:00,2024-07-11 12:30:00+00:00,2024-07-11 12:35:00+00:00,2024-07-11 13:30:00+00:00,0.0099355824871709,0.0079729729729729,continuation,over_cap_or_below_cutoff,0.44978452163499977
AMD_20240712_133000,AMD,2024-07-12 13:30:00+00:00,-1,7,167.8912788728115,4.411108447230548,514.2365269461078,15.712220910083914,0.0378384962418095,2024-07-12 13:15:00+00:00,2024-07-12 13:30:00+00:00,2024-07-12 13:35:00+00:00,2024-07-12 14:30:00+00:00,-0.0053478500551268,0.0202854404951728,reversal,over_cap_or_below_cutoff,0.5592709107269724
AMD_20240715_133000,AMD,2024-07-15 13:30:00+00:00,-1,4,185.5334431173117,4.356397517069483,760.0656200388075,28.96782560186968,0.047694864368302,2024-07-15 13:15:00+00:00,2024-07-15 13:30:00+00:00,2024-07-15 13:35:00+00:00,2024-07-15 14:30:00+00:00,-0.009248923703014,-0.0069972120483244,continuation,over_cap_or_below_cutoff,0.617168001403577
AMD_20240716_133000,AMD,2024-07-16 13:30:00+00:00,-1,8,185.459940652819,4.89459393250102,544.0604188122211,23.402571354281424,0.0643470496705818,2024-07-16 13:15:00+00:00,2024-07-16 13:30:00+00:00,2024-07-16 13:35:00+00:00,2024-07-16 14:30:00+00:00,-0.0071698532681191,-0.014611207523932,continuation,over_cap_or_below_cutoff,0.6341740128397755
AMD_20240717_120000,AMD,2024-07-17 12:00:00+00:00,1,2,337.32381907177535,4.1526512156295015,76.99503684764626,66.19549263281833,0.9742018843111824,2024-07-17 11:45:00+00:00,2024-07-17 12:00:00+00:00,2024-07-17 12:05:00+00:00,2024-07-17 13:00:00+00:00,0.0337323819071768,-0.0300074162815904,reversal,over_cap_or_below_cutoff,0.5305080279389132
AMD_20240729_132500,AMD,2024-07-29 13:25:00+00:00,-1,12,221.6513111268625,4.679452595385857,515.6010949359213,19.57199538816273,0.7149039175541653,2024-07-29 13:10:00+00:00,2024-07-29 13:25:00+00:00,2024-07-29 13:30:00+00:00,2024-07-29 14:25:00+00:00,-0.0040234347427119,0.006024096385542,reversal,over_cap_or_below_cutoff,0.709534294825741
AMD_20240730_145000,AMD,2024-07-30 14:50:00+00:00,-1,17,174.91217798594195,4.7086961864164,163.86265060240964,11.402796045850287,1.2285297241313866,2024-07-30 14:35:00+00:00,2024-07-30 14:50:00+00:00,2024-07-30 14:55:00+00:00,2024-07-30 15:50:00+00:00,-0.008132981379753,-0.0201158023448175,continuation,over_cap_or_below_cutoff,0.6002925938147466
AMD_20240730_200000,AMD,2024-07-30 20:00:00+00:00,-1,12,639.869957144965,4.854369126832292,1.8111533742632973,13.059068704365258,26.79109195381385,2024-07-30 19:45:00+00:00,2024-07-30 20:00:00+00:00,2024-07-30 20:05:00+00:00,2024-07-30 21:00:00+00:00,-0.0273805246137261,0.0898477907492241,reversal,over_cap_or_below_cutoff,0.7028785674203368
AMD_20240801_130500,AMD,2024-08-01 13:05:00+00:00,-1,34,207.38343771746548,4.546825866116875,331.0671218758052,10.977502668763794,1.099987658020379,2024-08-01 12:50:00+00:00,2024-08-01 13:05:00+00:00,2024-08-01 13:10:00+00:00,2024-08-01 14:05:00+00:00,-0.0036885518895155,-0.0191517515147294,continuation,over_cap_or_below_cutoff,0.661694640206112
AMD_20240808_122000,AMD,2024-08-08 12:20:00+00:00,-1,7,221.7054263565954,4.18306985658743,20.05217980573752,11.256002334052347,0.7782376101864165,2024-08-08 12:05:00+00:00,2024-08-08 12:20:00+00:00,2024-08-08 12:25:00+00:00,2024-08-08 13:20:00+00:00,-0.0046292724326828,0.0208510968142003,reversal,over_cap_or_below_cutoff,0.5193876369219552
AMD_20240809_112500,AMD,2024-08-09 11:25:00+00:00,-1,3,94.1245679829339,4.08455339756698,5.901263212168084,6.003511809707092,1.2020279864960175,2024-08-09 11:10:00+00:00,2024-08-09 11:25:00+00:00,2024-08-09 11:30:00+00:00,2024-08-09 12:25:00+00:00,-0.0045084351367074,-0.0101533966398832,continuation,over_cap_or_below_cutoff,0.35167667641210454
AMD_20240809_132500,AMD,2024-08-09 13:25:00+00:00,-1,17,181.88650883127264,4.373241957107141,260.35900008360505,8.282673455723359,0.3566112259119721,2024-08-09 13:10:00+00:00,2024-08-09 13:25:00+00:00,2024-08-09 13:30:00+00:00,2024-08-09 14:25:00+00:00,-0.0063445223164885,-0.0115079070458089,continuation,over_cap_or_below_cutoff,0.5244638732762663
AMD_20240813_104500,AMD,2024-08-13 10:45:00+00:00,-1,5,143.86896857015995,4.159050812570032,15.63066037735849,35.09556547291622,4.923306528670886,2024-08-13 10:30:00+00:00,2024-08-13 10:45:00+00:00,2024-08-13 10:50:00+00:00,2024-08-13 11:45:00+00:00,-0.0141828496617937,0.010033938320791,reversal,over_cap_or_below_cutoff,0.48124631596084483
AMD_20240814_120500,AMD,2024-08-14 12:05:00+00:00,-1,7,105.9824688516664,4.134718982597096,20.281949934123848,16.559282263607848,8.454773271055311,2024-08-14 11:50:00+00:00,2024-08-14 12:05:00+00:00,2024-08-14 12:10:00+00:00,2024-08-14 13:05:00+00:00,-0.0104871019891756,0.0157837162056571,reversal,over_cap_or_below_cutoff,0.4314438154323264
AMD_20240814_133000,AMD,2024-08-14 13:30:00+00:00,-1,5,247.88651669294336,4.921748638585538,487.54100507448027,23.90313756562425,0.0578449124646049,2024-08-14 13:15:00+00:00,2024-08-14 13:30:00+00:00,2024-08-14 13:35:00+00:00,2024-08-14 14:30:00+00:00,-0.0142757221794781,-0.0224155425781775,continuation,over_cap_or_below_cutoff,0.6896565609885643
AMD_20240815_123000,AMD,2024-08-15 12:30:00+00:00,1,5,142.0454545454541,4.975209838324611,32.9759807846277,25.01205892675297,1.0547365178663033,2024-08-15 12:15:00+00:00,2024-08-15 12:30:00+00:00,2024-08-15 12:35:00+00:00,2024-08-15 13:30:00+00:00,0.0101346562721473,0.0001052410018942,unclear,low_strength_unclear,0.5300392812556072
AMD_20240819_124000,AMD,2024-08-19 12:40:00+00:00,-1,23,249.64227861770996,4.1245366366219,136.88956748979652,16.810145601363217,0.3933048782323523,2024-08-19 12:25:00+00:00,2024-08-19 12:40:00+00:00,2024-08-19 12:45:00+00:00,2024-08-19 13:40:00+00:00,-0.0040685084323116,0.0005844369770044,unclear,over_cap_or_below_cutoff,0.5449413906290127
AMD_20240820_125000,AMD,2024-08-20 12:50:00+00:00,-1,25,199.065480381484,5.198608298856695,278.2795394316001,6.9865864406257465,0.7407627287850213,2024-08-20 12:35:00+00:00,2024-08-20 12:50:00+00:00,2024-08-20 12:55:00+00:00,2024-08-20 13:50:00+00:00,-0.0050632911392405,0.0136132315521628,reversal,over_cap_or_below_cutoff,0.660036501055979
AMD_20240822_140500,AMD,2024-08-22 14:05:00+00:00,-1,24,161.78686054889147,4.696314819010751,121.22767746722732,6.9865621308185,0.7184311267498928,2024-08-22 13:50:00+00:00,2024-08-22 14:05:00+00:00,2024-08-22 14:10:00+00:00,2024-08-22 15:05:00+00:00,-0.0066868533938935,-0.0077479994919344,continuation,over_cap_or_below_cutoff,0.5224471902076704
AMD_20240828_131000,AMD,2024-08-28 13:10:00+00:00,-1,22,134.40424035912946,5.106359904548813,700.1864354289254,19.010438096335434,0.4506685609805529,2024-08-28 12:55:00+00:00,2024-08-28 13:10:00+00:00,2024-08-28 13:15:00+00:00,2024-08-28 14:10:00+00:00,-0.0030572909743453,-0.0143179999999999,continuation,over_cap_or_below_cutoff,0.6646189955023112
AMD_20240910_133500,AMD,2024-09-10 13:35:00+00:00,-1,12,149.4817239498136,4.551458928849153,356.19919709424585,22.217752070205297,0.0885297807295102,2024-09-10 13:20:00+00:00,2024-09-10 13:35:00+00:00,2024-09-10 13:40:00+00:00,2024-09-10 14:35:00+00:00,-0.0147280154805419,0.0098563375159121,reversal,over_cap_or_below_cutoff,0.5073050540201018
AMD_20240911_123000,AMD,2024-09-11 12:30:00+00:00,-1,25,127.7484701413778,4.268847850539692,728.5322580645161,25.03335094949388,1.5989303285985257,2024-09-11 12:15:00+00:00,2024-09-11 12:30:00+00:00,2024-09-11 12:35:00+00:00,2024-09-11 13:30:00+00:00,-0.0040538546584363,0.0150259794972618,reversal,over_cap_or_below_cutoff,0.6613491771506281
AMD_20240917_132000,AMD,2024-09-17 13:20:00+00:00,-1,21,111.28671144475577,4.318782708160318,400.68791312559017,15.312749240916892,0.2135016935368582,2024-09-17 13:05:00+00:00,2024-09-17 13:20:00+00:00,2024-09-17 13:25:00+00:00,2024-09-17 14:20:00+00:00,-0.0033722438391697,-0.0071251952108276,continuation,over_cap_or_below_cutoff,0.4686291900311424
AMD_20240918_133000,AMD,2024-09-18 13:30:00+00:00,-1,10,129.92408252423982,5.213950481153938,400.2210495455878,23.074914217777785,0.0589247689822689,2024-09-18 13:15:00+00:00,2024-09-18 13:30:00+00:00,2024-09-18 13:35:00+00:00,2024-09-18 14:30:00+00:00,-0.0048757252393208,-0.0069139742055577,continuation,over_cap_or_below_cutoff,0.5549879885634914
AMD_20240924_135500,AMD,2024-09-24 13:55:00+00:00,-1,21,128.70540114489071,4.060802469930462,500.8849364791288,21.43656907608488,0.2110531910875442,2024-09-24 13:40:00+00:00,2024-09-24 13:55:00+00:00,2024-09-24 14:00:00+00:00,2024-09-24 14:55:00+00:00,-0.0047543581616481,-0.0048407643312101,continuation,over_cap_or_below_cutoff,0.4958310753630401
AMD_20240925_133000,AMD,2024-09-25 13:30:00+00:00,1,11,131.2800404755876,4.686566241759754,970.1288423806408,43.14224706085646,0.0443545830259753,2024-09-25 13:15:00+00:00,2024-09-25 13:30:00+00:00,2024-09-25 13:35:00+00:00,2024-09-25 14:30:00+00:00,0.0107465233881165,0.0013752336615173,unclear,over_cap_or_below_cutoff,0.5846847670984754
AMD_20241001_132500,AMD,2024-10-01 13:25:00+00:00,-1,25,118.3479487336725,5.952923639174615,744.5841952834091,23.00230246618318,0.448810421916884,2024-10-01 13:10:00+00:00,2024-10-01 13:25:00+00:00,2024-10-01 13:30:00+00:00,2024-10-01 14:25:00+00:00,-0.0039384391662627,-0.0259748159863737,continuation,over_cap_or_below_cutoff,0.7219116976410418
AMD_20241004_123000,AMD,2024-10-04 12:30:00+00:00,1,6,137.4045801526802,6.04732943625745,62.27777777777778,14.129731890535227,0.6421801620421941,2024-10-04 12:15:00+00:00,2024-10-04 12:30:00+00:00,2024-10-04 12:35:00+00:00,2024-10-04 13:30:00+00:00,0.0062252059810803,0.0186213380238975,continuation,over_cap_or_below_cutoff,0.5852607827390297
AMD_20241004_133000,AMD,2024-10-04 13:30:00+00:00,1,9,196.26014613219888,5.06308766224852,777.5170204245094,14.295936365076834,0.1043696732925789,2024-10-04 13:15:00+00:00,2024-10-04 13:30:00+00:00,2024-10-04 13:35:00+00:00,2024-10-04 14:30:00+00:00,0.0056293413173653,-0.0137852722488553,reversal,over_cap_or_below_cutoff,0.6980006160314187
AMD_20241010_151000,AMD,2024-10-10 15:10:00+00:00,1,17,195.08411884022524,4.282259170799213,56.6425086372867,6.709576600503227,0.5342482278684525,2024-10-10 14:55:00+00:00,2024-10-10 15:10:00+00:00,2024-10-10 15:15:00+00:00,2024-10-10 16:10:00+00:00,0.0044217899584935,0.0008802300334487,unclear,low_strength_unclear,0.48588231822353334
AMD_20241015_133000,AMD,2024-10-15 13:30:00+00:00,-1,17,159.36254980079667,5.147940180444256,533.1126084970306,22.48014164601628,0.239544490604828,2024-10-15 13:15:00+00:00,2024-10-15 13:30:00+00:00,2024-10-15 13:35:00+00:00,2024-10-15 14:30:00+00:00,-0.0120570414346042,-0.0195143104943623,continuation,over_cap_or_below_cutoff,0.6405454967553244
AMD_20241016_133000,AMD,2024-10-16 13:30:00+00:00,-1,3,123.46468781985642,5.151503390254303,278.553778268064,10.24476831095619,0.0720866527031231,2024-10-16 13:15:00+00:00,2024-10-16 13:30:00+00:00,2024-10-16 13:35:00+00:00,2024-10-16 14:30:00+00:00,-0.0053204965796808,-0.0037570045848192,continuation,over_cap_or_below_cutoff,0.4560298259684536
AMD_20241016_140000,AMD,2024-10-16 14:00:00+00:00,-1,12,146.2788493323286,4.225491262297484,154.30279877086622,5.083377580889539,0.1494241645411902,2024-10-16 13:45:00+00:00,2024-10-16 14:00:00+00:00,2024-10-16 14:05:00+00:00,2024-10-16 15:00:00+00:00,-0.005091325653917,0.0016324441885753,unclear,near_duplicate,0.4184528395028188
AMD_20241018_132500,AMD,2024-10-18 13:25:00+00:00,-1,6,140.55580514729326,5.1399467606637605,622.1287400938056,20.651143929104197,0.3769493200027676,2024-10-18 13:10:00+00:00,2024-10-18 13:25:00+00:00,2024-10-18 13:30:00+00:00,2024-10-18 14:25:00+00:00,-0.0060682680151705,-0.00248028491478,unclear,low_strength_unclear,0.6588512607886337
AMD_20241021_142500,AMD,2024-10-21 14:25:00+00:00,-1,5,105.845079529292,4.385562932319149,163.18597701149426,7.277160974242214,0.0620158882973678,2024-10-21 14:10:00+00:00,2024-10-21 14:25:00+00:00,2024-10-21 14:30:00+00:00,2024-10-21 15:25:00+00:00,-0.0034797902276798,-0.0063164285544671,continuation,over_cap_or_below_cutoff,0.381158217239273
AMD_20241023_135500,AMD,2024-10-23 13:55:00+00:00,-1,7,81.88055871595657,4.283860288905031,223.44962930658525,7.62255083741193,0.061085536360378,2024-10-23 13:40:00+00:00,2024-10-23 13:55:00+00:00,2024-10-23 14:00:00+00:00,2024-10-23 14:55:00+00:00,-0.004375938867481,-0.0004591970611387,unclear,low_strength_unclear,0.3631849600278767
AMD_20241025_133000,AMD,2024-10-25 13:30:00+00:00,1,9,124.83912483912896,6.813633219065999,604.6744822196171,16.075916364126304,0.057325607674612,2024-10-25 13:15:00+00:00,2024-10-25 13:30:00+00:00,2024-10-25 13:35:00+00:00,2024-10-25 14:30:00+00:00,0.0066937198067631,0.010771697596507,continuation,over_cap_or_below_cutoff,0.6812929867529902
AMD_20241029_133000,AMD,2024-10-29 13:30:00+00:00,-1,7,128.76892510609972,4.4315351183679565,165.51187212249755,11.565488418445783,0.1284323874603204,2024-10-29 13:15:00+00:00,2024-10-29 13:30:00+00:00,2024-10-29 13:35:00+00:00,2024-10-29 14:30:00+00:00,-0.0127131861787199,0.0204158419697497,reversal,over_cap_or_below_cutoff,0.41840046503986905
AMD_20241030_131000,AMD,2024-10-30 13:10:00+00:00,-1,9,199.72039145197184,4.068383294050046,179.6687370600414,7.91049787333892,0.8084356353637498,2024-10-30 12:55:00+00:00,2024-10-30 13:10:00+00:00,2024-10-30 13:15:00+00:00,2024-10-30 14:10:00+00:00,-0.0050140001302336,-0.0109332460732984,continuation,over_cap_or_below_cutoff,0.5359244543886703
AMD_20241031_133000,AMD,2024-10-31 13:30:00+00:00,-1,7,175.6216310206904,5.201617374480708,241.64228811021263,18.46068303418042,0.1085511963356268,2024-10-31 13:15:00+00:00,2024-10-31 13:30:00+00:00,2024-10-31 13:35:00+00:00,2024-10-31 14:30:00+00:00,-0.0094052774018945,-0.0118154578344769,continuation,over_cap_or_below_cutoff,0.5620017223425671
AMD_20241104_143000,AMD,2024-11-04 14:30:00+00:00,-1,13,132.62977752424464,5.274527965761145,737.3417019889142,22.3372154912899,0.0757193881954116,2024-11-04 14:15:00+00:00,2024-11-04 14:30:00+00:00,2024-11-04 14:35:00+00:00,2024-11-04 15:30:00+00:00,-0.0130893736805065,0.0173894751853962,reversal,over_cap_or_below_cutoff,0.6418137849486687
AMD_20241106_142500,AMD,2024-11-06 14:25:00+00:00,1,10,160.42780748663833,4.03257116610105,212.92075705864104,7.527525357228211,1.2604506760131369,2024-11-06 14:10:00+00:00,2024-11-06 14:25:00+00:00,2024-11-06 14:30:00+00:00,2024-11-06 15:25:00+00:00,0.0080645161290322,-0.0102758620689655,reversal,over_cap_or_below_cutoff,0.5414205606698892
AMD_20241111_143000,AMD,2024-11-11 14:30:00+00:00,-1,14,132.3811539485664,4.122035347623828,230.4710834553441,11.889158919441956,0.1083156702841213,2024-11-11 14:15:00+00:00,2024-11-11 14:30:00+00:00,2024-11-11 14:35:00+00:00,2024-11-11 15:30:00+00:00,-0.0087661061958893,0.0104558501913614,reversal,over_cap_or_below_cutoff,0.4128055453638891
AMD_20241113_133000,AMD,2024-11-13 13:30:00+00:00,1,7,94.306671323785,5.2649767729842205,48.249765258215966,11.866493811397204,0.6077077661047751,2024-11-13 13:15:00+00:00,2024-11-13 13:30:00+00:00,2024-11-13 13:35:00+00:00,2024-11-13 14:30:00+00:00,0.0065826330532212,0.0032002226241825,continuation,over_cap_or_below_cutoff,0.46363138694208145
AMD_20241115_141500,AMD,2024-11-15 14:15:00+00:00,-1,9,96.57943236270006,4.196178924105324,642.0083819787457,14.287429975048008,0.5272368441359785,2024-11-15 14:00:00+00:00,2024-11-15 14:15:00+00:00,2024-11-15 14:20:00+00:00,2024-11-15 15:15:00+00:00,-0.0035396941005099,-0.0071652023915681,continuation,over_cap_or_below_cutoff,0.5448670854086775
AMD_20241120_143000,AMD,2024-11-20 14:30:00+00:00,-1,4,124.91423630022646,5.469581210457867,354.5679058471885,33.215489300160435,0.0814781949784067,2024-11-20 14:15:00+00:00,2024-11-20 14:30:00+00:00,2024-11-20 14:35:00+00:00,2024-11-20 15:30:00+00:00,-0.0097696184305255,0.0030317791527012,reversal,over_cap_or_below_cutoff,0.5603235649849534
AMD_20241121_141000,AMD,2024-11-21 14:10:00+00:00,1,20,188.40368044398704,4.270500758489852,216.28603284005675,12.935834847173105,0.2400684301146565,2024-11-21 13:55:00+00:00,2024-11-21 14:10:00+00:00,2024-11-21 14:15:00+00:00,2024-11-21 15:10:00+00:00,0.0037364374506001,-0.0197508769417995,reversal,over_cap_or_below_cutoff,0.49804192095149424
AMD_20241125_143000,AMD,2024-11-25 14:30:00+00:00,-1,8,168.09653394442847,4.157254070747765,384.8483522142121,15.131657805253194,0.1274967269027759,2024-11-25 14:15:00+00:00,2024-11-25 14:30:00+00:00,2024-11-25 14:35:00+00:00,2024-11-25 15:30:00+00:00,-0.0045786823877328,-0.0023544520547944,unclear,low_strength_unclear,0.5057137126263731
AMD_20241202_142500,AMD,2024-12-02 14:25:00+00:00,-1,7,143.56883959457446,4.118302853356468,391.2901449275362,13.481783808967387,0.4672406581715381,2024-12-02 14:10:00+00:00,2024-12-02 14:25:00+00:00,2024-12-02 14:30:00+00:00,2024-12-02 15:25:00+00:00,-0.0059912995347066,0.0218829915044889,reversal,over_cap_or_below_cutoff,0.5087757954768088
AMD_20241203_140000,AMD,2024-12-03 14:00:00+00:00,-1,6,86.79826403471758,4.985690833783342,171.53496369889186,13.37677062167806,1.2608766805999574,2024-12-03 13:45:00+00:00,2024-12-03 14:00:00+00:00,2024-12-03 14:05:00+00:00,2024-12-03 15:00:00+00:00,-0.0045110694704698,-0.0113636363636363,continuation,over_cap_or_below_cutoff,0.5303062259173181
AMD_20241204_130000,AMD,2024-12-04 13:00:00+00:00,-1,2,143.61769731546127,4.759601146368375,57.88772213247173,28.304363252510846,0.473026369376656,2024-12-04 12:45:00+00:00,2024-12-04 13:00:00+00:00,2024-12-04 13:05:00+00:00,2024-12-04 14:00:00+00:00,-0.0141584296255046,0.0139381187070168,reversal,over_cap_or_below_cutoff,0.36458442648919387
AMD_20241205_143000,AMD,2024-12-05 14:30:00+00:00,-1,7,122.8929217963115,5.248215910711388,516.7641509433962,23.152684304110515,0.0779745000178254,2024-12-05 14:15:00+00:00,2024-12-05 14:30:00+00:00,2024-12-05 14:35:00+00:00,2024-12-05 15:30:00+00:00,-0.0066673611111112,-0.0080390156872313,continuation,over_cap_or_below_cutoff,0.587590961673075
AMD_20241209_104000,AMD,2024-12-09 10:40:00+00:00,-1,4,214.09652736904096,5.412711629875248,24.78840628696975,22.20683186073528,3.6231251455057527,2024-12-09 10:25:00+00:00,2024-12-09 10:40:00+00:00,2024-12-09 10:45:00+00:00,2024-12-09 11:40:00+00:00,-0.0063350370743646,-0.0144171556907919,continuation,over_cap_or_below_cutoff,0.6701015932433214
AMD_20241209_142500,AMD,2024-12-09 14:25:00+00:00,-1,8,250.526632560939,4.344361880493264,361.35553862016405,16.432326376984918,0.4793857877754701,2024-12-09 14:10:00+00:00,2024-12-09 14:25:00+00:00,2024-12-09 14:30:00+00:00,2024-12-09 15:25:00+00:00,-0.005790090882439,-0.0174714338370807,continuation,over_cap_or_below_cutoff,0.6426232459415162
AMD_20241210_143000,AMD,2024-12-10 14:30:00+00:00,-1,12,125.37126104938956,4.733712334756674,311.3912416651649,12.144510170231657,0.1464151573587906,2024-12-10 14:15:00+00:00,2024-12-10 14:30:00+00:00,2024-12-10 14:35:00+00:00,2024-12-10 15:30:00+00:00,-0.0123569100144037,-0.0062173779551735,continuation,over_cap_or_below_cutoff,0.4879898132226349
AMD_20241212_143500,AMD,2024-12-12 14:35:00+00:00,1,13,158.63237332511827,4.298062777244194,224.95559574040587,14.489037305676865,0.1496128523580581,2024-12-12 14:20:00+00:00,2024-12-12 14:35:00+00:00,2024-12-12 14:40:00+00:00,2024-12-12 15:35:00+00:00,0.0137142558065073,-0.0118044113739039,reversal,over_cap_or_below_cutoff,0.46066271412478027
AMD_20241224_143000,AMD,2024-12-24 14:30:00+00:00,-1,9,244.07839365155223,5.631339624812667,433.321968787515,14.677613949241296,0.0782292996352217,2024-12-24 14:15:00+00:00,2024-12-24 14:30:00+00:00,2024-12-24 14:35:00+00:00,2024-12-24 15:30:00+00:00,-0.0166825831702545,-0.0025378366932338,unclear,over_cap_or_below_cutoff,0.7341360901043801
AMD_20241226_143000,AMD,2024-12-26 14:30:00+00:00,1,7,118.410143712131,4.999074588199418,229.49043433298863,8.781678792859283,0.0899723796847135,2024-12-26 14:15:00+00:00,2024-12-26 14:30:00+00:00,2024-12-26 14:35:00+00:00,2024-12-26 15:30:00+00:00,0.0040605095541401,-0.0026952660375861,unclear,low_strength_unclear,0.4733200882364234
AMD_20241230_142500,AMD,2024-12-30 14:25:00+00:00,-1,3,89.56196059273668,4.144036368165382,352.3962355212355,13.62098917341839,0.362637722181807,2024-12-30 14:10:00+00:00,2024-12-30 14:25:00+00:00,2024-12-30 14:30:00+00:00,2024-12-30 15:25:00+00:00,-0.0034688609228782,-0.0067190156237351,continuation,over_cap_or_below_cutoff,0.3777438354928249
AMD_20241231_143000,AMD,2024-12-31 14:30:00+00:00,-1,9,80.82952318745562,5.838143341237013,204.52456570393264,11.43060055711766,0.1963952662305601,2024-12-31 14:15:00+00:00,2024-12-31 14:30:00+00:00,2024-12-31 14:35:00+00:00,2024-12-31 15:30:00+00:00,-0.005272356445018,-0.0010602232906853,unclear,low_strength_unclear,0.5081607960727823
AMD_20250103_143000,AMD,2025-01-03 14:30:00+00:00,1,5,154.0362438220799,5.821286605727496,502.89088499484615,19.39741117205556,0.0547245153283263,2025-01-03 14:15:00+00:00,2025-01-03 14:30:00+00:00,2025-01-03 14:35:00+00:00,2025-01-03 15:30:00+00:00,0.013028331411629,-0.0005837308204182,unclear,low_strength_unclear,0.6678001942140962
AMD_20250107_142500,AMD,2025-01-07 14:25:00+00:00,-1,16,190.094853055518,5.467101747542826,266.6578366445916,13.03197140381656,0.3385837508205454,2025-01-07 14:10:00+00:00,2025-01-07 14:25:00+00:00,2025-01-07 14:30:00+00:00,2025-01-07 15:25:00+00:00,-0.0038931297709923,-0.0130891256034945,continuation,over_cap_or_below_cutoff,0.6318586876206843
AMD_20250108_103000,AMD,2025-01-08 10:30:00+00:00,-1,3,254.68524747717103,4.525099557778526,20.785556838459115,38.91835585083188,6.224180493999564,2025-01-08 10:15:00+00:00,2025-01-08 10:30:00+00:00,2025-01-08 10:35:00+00:00,2025-01-08 11:30:00+00:00,-0.0248359887535144,-0.0062469966362326,continuation,over_cap_or_below_cutoff,0.5911887636550558
AMD_20250114_140000,AMD,2025-01-14 14:00:00+00:00,-1,11,173.24199093903923,4.302171806688642,236.30976922375265,8.949740414229622,0.6137538952364188,2025-01-14 13:45:00+00:00,2025-01-14 14:00:00+00:00,2025-01-14 14:05:00+00:00,2025-01-14 15:00:00+00:00,-0.0046381221327282,-0.0175061290049878,continuation,over_cap_or_below_cutoff,0.5254786440975612
AMD_20250115_133000,AMD,2025-01-15 13:30:00+00:00,1,3,152.42400757771168,4.652848270671981,68.79586973788722,25.613969063688195,0.5085826572351042,2025-01-15 13:15:00+00:00,2025-01-15 13:30:00+00:00,2025-01-15 13:35:00+00:00,2025-01-15 14:30:00+00:00,0.0152424007577713,0.0030771814442906,continuation,over_cap_or_below_cutoff,0.4217902209212082
AMD_20250117_142500,AMD,2025-01-17 14:25:00+00:00,1,7,157.50000000000597,5.332283883097657,1160.9057665260198,20.7122094418342,0.5372931842315205,2025-01-17 14:10:00+00:00,2025-01-17 14:25:00+00:00,2025-01-17 14:30:00+00:00,2025-01-17 15:25:00+00:00,0.0079993333888841,0.000702653550467,unclear,over_cap_or_below_cutoff,0.7193729135700975
AMD_20250131_142500,AMD,2025-01-31 14:25:00+00:00,-1,9,184.29924001188704,5.41094053800346,526.403243641725,21.885038588720345,0.3607853017347741,2025-01-31 14:10:00+00:00,2025-01-31 14:25:00+00:00,2025-01-31 14:30:00+00:00,2025-01-31 15:25:00+00:00,-0.0081693897965987,-0.0006723819129265,unclear,over_cap_or_below_cutoff,0.7019616897558183
AMD_20250203_130500,AMD,2025-02-03 13:05:00+00:00,1,2,230.9597523219864,4.281360480344549,6.022201228153047,20.897236564126285,4.960464571892088,2025-02-03 12:50:00+00:00,2025-02-03 13:05:00+00:00,2025-02-03 13:10:00+00:00,2025-02-03 14:05:00+00:00,0.0230959752321981,-0.0203266442448188,reversal,over_cap_or_below_cutoff,0.48688063241862023
AMD_20250204_142000,AMD,2025-02-04 14:20:00+00:00,-1,9,192.33573854284148,4.4519524528455525,122.79292058015464,9.431025918403495,0.611559219319769,2025-02-04 14:05:00+00:00,2025-02-04 14:20:00+00:00,2025-02-04 14:25:00+00:00,2025-02-04 15:20:00+00:00,-0.0038875001188111,0.0178686675919499,reversal,over_cap_or_below_cutoff,0.5255959427727528
AMD_20250204_205500,AMD,2025-02-04 20:55:00+00:00,1,26,540.4956219767154,4.846268670558128,6.32467076928031,22.29037760462663,13.489068473414251,2025-02-04 20:40:00+00:00,2025-02-04 20:55:00+00:00,2025-02-04 21:00:00+00:00,2025-02-04 21:55:00+00:00,0.0050086586524766,-0.0470696430064375,reversal,over_cap_or_below_cutoff,0.7049827751629916
AMD_20250207_145000,AMD,2025-02-07 14:50:00+00:00,1,6,150.61910922195443,5.002209407723507,285.7882011605416,11.677812667880008,0.0896644305687028,2025-02-07 14:35:00+00:00,2025-02-07 14:50:00+00:00,2025-02-07 14:55:00+00:00,2025-02-07 15:50:00+00:00,0.0031260304084996,-0.0237515442201653,reversal,over_cap_or_below_cutoff,0.5274525943622675
AMD_20250210_143000,AMD,2025-02-10 14:30:00+00:00,1,10,140.33791893639068,4.19272481490822,352.5876288659793,16.770401521678185,0.0845730479815252,2025-02-10 14:15:00+00:00,2025-02-10 14:30:00+00:00,2025-02-10 14:35:00+00:00,2025-02-10 15:30:00+00:00,0.0030164297581687,0.013372989726393,continuation,over_cap_or_below_cutoff,0.46333048152387596
AMD_20250211_143000,AMD,2025-02-11 14:30:00+00:00,1,6,135.743782692479,4.922201332519963,364.4952346041056,16.192448557344587,0.0824288341668691,2025-02-11 14:15:00+00:00,2025-02-11 14:30:00+00:00,2025-02-11 14:35:00+00:00,2025-02-11 15:30:00+00:00,0.0080783546404092,0.010712664548343,continuation,over_cap_or_below_cutoff,0.5268059750756954
AMD_20250212_133000,AMD,2025-02-12 13:30:00+00:00,-1,3,164.84887108521474,5.559935024263079,108.82719900187148,33.94783026430838,0.3718032495005517,2025-02-12 13:15:00+00:00,2025-02-12 13:30:00+00:00,2025-02-12 13:35:00+00:00,2025-02-12 14:30:00+00:00,-0.0142673943995352,-0.0050258738084431,continuation,over_cap_or_below_cutoff,0.516261109566974
AMD_20250213_142500,AMD,2025-02-13 14:25:00+00:00,-1,10,140.68255447565957,4.044109360253511,324.52031267202466,11.580235520442088,0.6364934361791862,2025-02-13 14:10:00+00:00,2025-02-13 14:25:00+00:00,2025-02-13 14:30:00+00:00,2025-02-13 15:25:00+00:00,-0.0095634463827151,0.0136987036209208,reversal,over_cap_or_below_cutoff,0.494569479602053
AMD_20250214_142500,AMD,2025-02-14 14:25:00+00:00,1,5,135.41202672605613,4.688714573262621,402.8526973078104,14.716862284707169,0.502991295929669,2025-02-14 14:10:00+00:00,2025-02-14 14:25:00+00:00,2025-02-14 14:30:00+00:00,2025-02-14 15:25:00+00:00,0.0045462649313601,0.0083423551335521,continuation,over_cap_or_below_cutoff,0.5574858917676337
AMD_20250220_143000,AMD,2025-02-20 14:30:00+00:00,1,6,151.604622541035,5.502382718291305,472.3193418401612,18.932562365041463,0.0655685371559787,2025-02-20 14:15:00+00:00,2025-02-20 14:30:00+00:00,2025-02-20 14:35:00+00:00,2025-02-20 15:30:00+00:00,0.0037368558268879,-0.0120077922077921,reversal,over_cap_or_below_cutoff,0.6281748742991622
AMD_20250221_152500,AMD,2025-02-21 15:25:00+00:00,-1,6,97.52438109527084,4.207654353301471,112.72174573879056,6.1049684739770775,0.1309672773152984,2025-02-21 15:10:00+00:00,2025-02-21 15:25:00+00:00,2025-02-21 15:30:00+00:00,2025-02-21 16:25:00+00:00,-0.0051996382860323,-0.013984791539201,continuation,over_cap_or_below_cutoff,0.3469053720074423
AMD_20250224_143000,AMD,2025-02-24 14:30:00+00:00,-1,13,137.6778338687501,4.44498755862833,462.25451327433626,17.462690415420923,0.0646742597550949,2025-02-24 14:15:00+00:00,2025-02-24 14:30:00+00:00,2025-02-24 14:35:00+00:00,2025-02-24 15:30:00+00:00,-0.0120913569189432,-0.0145058930190389,continuation,over_cap_or_below_cutoff,0.5145764977500954
AMD_20250228_123000,AMD,2025-02-28 12:30:00+00:00,-1,3,86.74601573533059,4.137903277092515,8.072618334331935,5.220366808587828,2.144910418092424,2025-02-28 12:15:00+00:00,2025-02-28 12:30:00+00:00,2025-02-28 12:35:00+00:00,2025-02-28 13:30:00+00:00,-0.0058941058941057,0.0020098482564565,unclear,low_strength_unclear,0.3561106039269959
AMD_20250303_142500,AMD,2025-03-03 14:25:00+00:00,1,21,173.3027156549549,5.66232317136254,410.8992207792208,13.007331205759632,0.4564216171100088,2025-03-03 14:10:00+00:00,2025-03-03 14:25:00+00:00,2025-03-03 14:30:00+00:00,2025-03-03 15:25:00+00:00,0.0048495645288992,-0.0026593125184674,unclear,low_strength_unclear,0.6856877376937633
AMD_20250304_125500,AMD,2025-03-04 12:55:00+00:00,-1,20,233.85416666666717,4.807574660427616,433.49920056848464,21.62504450951287,0.4366857768552173,2025-03-04 12:40:00+00:00,2025-03-04 12:55:00+00:00,2025-03-04 13:00:00+00:00,2025-03-04 13:55:00+00:00,-0.0056900475894888,-0.0023930912496098,unclear,over_cap_or_below_cutoff,0.6831269117879597
AMD_20250307_152000,AMD,2025-03-07 15:20:00+00:00,1,18,131.1510195420751,4.411480250788065,168.35898102417468,7.242319372816236,0.5460829240102615,2025-03-07 15:05:00+00:00,2025-03-07 15:20:00+00:00,2025-03-07 15:25:00+00:00,2025-03-07 16:20:00+00:00,0.003131313131313,-0.0141979659651595,reversal,over_cap_or_below_cutoff,0.4600994216235911
AMD_20250317_103500,AMD,2025-03-17 10:35:00+00:00,1,8,95.92563291139334,4.383159033573455,17.392416841125844,10.10628907199207,1.6714745601607428,2025-03-17 10:20:00+00:00,2025-03-17 10:35:00+00:00,2025-03-17 10:40:00+00:00,2025-03-17 11:35:00+00:00,0.0053688606084709,0.0128560126582277,continuation,over_cap_or_below_cutoff,0.4413456923993003
AMD_20250317_133000,AMD,2025-03-17 13:30:00+00:00,1,7,249.39113492449928,4.215364986224925,557.6711272882989,17.754944431842357,0.0675131688000119,2025-03-17 13:15:00+00:00,2025-03-17 13:30:00+00:00,2025-03-17 13:35:00+00:00,2025-03-17 14:30:00+00:00,0.0249391134924499,-0.002749738618002,unclear,over_cap_or_below_cutoff,0.6505919708341847
AMD_20250320_101000,AMD,2025-03-20 10:10:00+00:00,-1,3,86.50190114067868,4.381171805518766,6.440752669944058,7.870501781940471,2.5743227667665924,2025-03-20 09:55:00+00:00,2025-03-20 10:10:00+00:00,2025-03-20 10:15:00+00:00,2025-03-20 11:10:00+00:00,-0.0040520165849982,-0.0007569306462295,unclear,low_strength_unclear,0.3775328967337866
AMD_20250320_133000,AMD,2025-03-20 13:30:00+00:00,1,5,187.434858962221,5.298637005639757,365.3717873831776,12.419131837653246,0.071369611251725,2025-03-20 13:15:00+00:00,2025-03-20 13:30:00+00:00,2025-03-20 13:35:00+00:00,2025-03-20 14:30:00+00:00,0.0116644511963541,0.0044252148082797,continuation,over_cap_or_below_cutoff,0.6184778311768081
AMD_20250321_133000,AMD,2025-03-21 13:30:00+00:00,-1,3,114.89850631941634,4.219467747559588,2043.5881372875708,12.317901420179355,0.0168172728351996,2025-03-21 13:15:00+00:00,2025-03-21 13:30:00+00:00,2025-03-21 13:35:00+00:00,2025-03-21 14:30:00+00:00,-0.011359333585763,0.0098621217924166,reversal,over_cap_or_below_cutoff,0.47163856574093493
AMD_20250324_134500,AMD,2025-03-24 13:45:00+00:00,1,7,160.30603880134552,4.108768463052507,208.1722872619256,7.594478169333046,0.0954061875327788,2025-03-24 13:30:00+00:00,2025-03-24 13:45:00+00:00,2025-03-24 13:50:00+00:00,2025-03-24 14:45:00+00:00,0.0031733720765103,0.0220326278899676,continuation,over_cap_or_below_cutoff,0.4353093911536029
AMD_20250331_131000,AMD,2025-03-31 13:10:00+00:00,1,16,218.40242669362465,4.588160811073882,337.8787646268943,7.71453021135213,0.4972948740165986,2025-03-31 12:55:00+00:00,2025-03-31 13:10:00+00:00,2025-03-31 13:15:00+00:00,2025-03-31 14:10:00+00:00,0.0035365610679418,0.012160619447064,continuation,over_cap_or_below_cutoff,0.6224165226003966
AMD_20250402_132500,AMD,2025-04-02 13:25:00+00:00,1,5,163.98738680529766,5.237595254888493,600.1590214067278,17.836773952331775,0.7880640060499519,2025-04-02 13:10:00+00:00,2025-04-02 13:25:00+00:00,2025-04-02 13:30:00+00:00,2025-04-02 14:25:00+00:00,0.0042532146389713,0.0129813848123707,continuation,over_cap_or_below_cutoff,0.7267885592361667
AMD_20250409_171500,AMD,2025-04-09 17:15:00+00:00,1,5,696.1032693931735,4.988530836286368,9.25376766774833,6.616268258581809,1.2971753404015622,2025-04-09 17:00:00+00:00,2025-04-09 17:15:00+00:00,2025-04-09 17:20:00+00:00,2025-04-09 18:15:00+00:00,0.0154509522098456,0.1073366359990564,continuation,over_cap_or_below_cutoff,0.7137140511392144
AMD_20250411_123000,AMD,2025-04-11 12:30:00+00:00,1,34,313.91621532000033,4.586282405748904,340.0575122903899,8.393025515657532,0.4288239439034403,2025-04-11 12:15:00+00:00,2025-04-11 12:30:00+00:00,2025-04-11 12:35:00+00:00,2025-04-11 13:30:00+00:00,0.0069741955880364,0.0128688706456623,continuation,over_cap_or_below_cutoff,0.6977944941845513
AMD_20250416_130000,AMD,2025-04-16 13:00:00+00:00,1,13,321.2034711121259,4.478840139002604,140.29591836734693,7.916398492300634,0.8244175289754317,2025-04-16 12:45:00+00:00,2025-04-16 13:00:00+00:00,2025-04-16 13:05:00+00:00,2025-04-16 14:00:00+00:00,0.0045146726862304,0.0005617977528089,unclear,over_cap_or_below_cutoff,0.6647718559920841
AMD_20250422_132500,AMD,2025-04-22 13:25:00+00:00,-1,6,123.60170601219966,4.102066735303724,554.9591642924976,10.974432717691288,0.457570881610066,2025-04-22 13:10:00+00:00,2025-04-22 13:25:00+00:00,2025-04-22 13:30:00+00:00,2025-04-22 14:25:00+00:00,-0.0076115788259716,-0.0039511911679256,continuation,over_cap_or_below_cutoff,0.533846453305804
AMD_20250422_212000,AMD,2025-04-22 21:20:00+00:00,1,4,214.20542094960027,4.665836271753083,0.2344502377092034,3.4392532929516952,42.84681565745946,2025-04-22 21:05:00+00:00,2025-04-22 21:20:00+00:00,2025-04-22 21:25:00+00:00,2025-04-22 22:20:00+00:00,0.0118398142774229,0.013422048870024,continuation,over_cap_or_below_cutoff,0.5968706563401636
AMD_20250423_123000,AMD,2025-04-23 12:30:00+00:00,1,5,112.22678353489444,4.081390261813824,15.29421958163139,6.51742969962014,0.4942965890196736,2025-04-23 12:15:00+00:00,2025-04-23 12:30:00+00:00,2025-04-23 12:35:00+00:00,2025-04-23 13:30:00+00:00,0.004554037543041,0.0211753648827952,continuation,near_duplicate,0.35719532175920543
AMD_20250423_132500,AMD,2025-04-23 13:25:00+00:00,1,8,125.54544457844764,4.147900504495491,273.4748324934935,10.887426583447976,0.4868335090319311,2025-04-23 13:10:00+00:00,2025-04-23 13:25:00+00:00,2025-04-23 13:30:00+00:00,2025-04-23 14:25:00+00:00,0.0087815587266741,0.0110990206746464,continuation,over_cap_or_below_cutoff,0.4566953962947242
AMD_20250428_132500,AMD,2025-04-28 13:25:00+00:00,-1,10,179.01622187336264,4.748734666706096,236.4693558474046,12.33027739578648,0.7020512914905835,2025-04-28 13:10:00+00:00,2025-04-28 13:25:00+00:00,2025-04-28 13:30:00+00:00,2025-04-28 14:25:00+00:00,-0.0038085686016725,0.0053898482469911,reversal,over_cap_or_below_cutoff,0.580479916483336
AMD_20250430_121000,AMD,2025-04-30 12:10:00+00:00,-1,8,93.41780307097648,4.335253944149274,16.305505505505504,7.1827953412667,0.8023052245000192,2025-04-30 11:55:00+00:00,2025-04-30 12:10:00+00:00,2025-04-30 12:15:00+00:00,2025-04-30 13:10:00+00:00,-0.0030561703024555,-0.0208245243128963,continuation,over_cap_or_below_cutoff,0.38825826871837066
AMD_20250501_132500,AMD,2025-05-01 13:25:00+00:00,-1,9,129.72890493870625,4.756292684720023,262.60320901994794,10.493022994723288,1.7040734822395809,2025-05-01 13:10:00+00:00,2025-05-01 13:25:00+00:00,2025-05-01 13:30:00+00:00,2025-05-01 14:25:00+00:00,-0.0041156394298335,-0.0017639350871887,unclear,low_strength_unclear,0.5883099122769462
AMD_20250505_132500,AMD,2025-05-05 13:25:00+00:00,1,6,188.4379721208651,5.421948620588886,551.1070369371798,14.520560986248247,0.547074873873097,2025-05-05 13:10:00+00:00,2025-05-05 13:25:00+00:00,2025-05-05 13:30:00+00:00,2025-05-05 14:25:00+00:00,0.0040563837339013,0.0184324815675183,continuation,over_cap_or_below_cutoff,0.7330256180851766
AMD_20250506_132500,AMD,2025-05-06 13:25:00+00:00,-1,11,149.61705464065167,4.390386563277432,264.85745194308066,8.307517232858643,0.7778431824695595,2025-05-06 13:10:00+00:00,2025-05-06 13:25:00+00:00,2025-05-06 13:30:00+00:00,2025-05-06 14:25:00+00:00,-0.0108651911468814,0.0062042310821808,reversal,over_cap_or_below_cutoff,0.5309313935644842
AMD_20250506_201500,AMD,2025-05-06 20:15:00+00:00,1,3,517.8156858786754,4.397505202683669,7.832267659733933,24.528047654391447,4.66744138051279,2025-05-06 20:00:00+00:00,2025-05-06 20:15:00+00:00,2025-05-06 20:20:00+00:00,2025-05-06 21:15:00+00:00,0.0517815685878673,-0.0292706333973128,reversal,over_cap_or_below_cutoff,0.6155238670189354
AMD_20250507_132000,AMD,2025-05-07 13:20:00+00:00,1,26,277.5293829873426,4.393358804902647,169.3186872430757,9.77138542677419,0.5873624536584581,2025-05-07 13:05:00+00:00,2025-05-07 13:20:00+00:00,2025-05-07 13:25:00+00:00,2025-05-07 14:20:00+00:00,0.0076389586893155,-0.0181017456359102,reversal,over_cap_or_below_cutoff,0.6291858441382314
AMD_20250513_101500,AMD,2025-05-13 10:15:00+00:00,1,3,133.51877607788109,6.526311981379859,5.703180212014134,8.069629231879423,5.44122573356149,2025-05-13 10:00:00+00:00,2025-05-13 10:15:00+00:00,2025-05-13 10:20:00+00:00,2025-05-13 11:15:00+00:00,0.0102939812668088,0.0004589682393978,unclear,over_cap_or_below_cutoff,0.575148886914969
AMD_20250514_110500,AMD,2025-05-14 11:05:00+00:00,1,3,93.11635192759128,4.335610010390379,5.8831344568827655,4.557399798116398,1.4609516192533782,2025-05-14 10:50:00+00:00,2025-05-14 11:05:00+00:00,2025-05-14 11:10:00+00:00,2025-05-14 12:05:00+00:00,0.0063555632944454,0.0069210139285404,continuation,over_cap_or_below_cutoff,0.38037038606213786
AMD_20250520_133000,AMD,2025-05-20 13:30:00+00:00,-1,4,116.3871310350939,6.430751232243846,328.4456660700588,18.484828644739636,0.0581234989452359,2025-05-20 13:15:00+00:00,2025-05-20 13:30:00+00:00,2025-05-20 13:35:00+00:00,2025-05-20 14:30:00+00:00,-0.0069832402234636,-0.0039996483825597,continuation,over_cap_or_below_cutoff,0.5871096397793378
AMD_20250520_201500,AMD,2025-05-20 20:15:00+00:00,1,5,128.00278078962003,4.808134411273948,0.7746229450134293,6.818980294659722,41.44739542832456,2025-05-20 20:00:00+00:00,2025-05-20 20:15:00+00:00,2025-05-20 20:20:00+00:00,2025-05-20 21:15:00+00:00,0.0039682539682539,0.0035133948177425,continuation,over_cap_or_below_cutoff,0.5126019040809386
AMD_20250523_114000,AMD,2025-05-23 11:40:00+00:00,-1,7,201.4534081501296,6.805236723848847,243.46637914134485,37.61241193842043,0.4797821408920589,2025-05-23 11:25:00+00:00,2025-05-23 11:40:00+00:00,2025-05-23 11:45:00+00:00,2025-05-23 12:40:00+00:00,-0.0096544256970133,-0.0175701530612244,continuation,over_cap_or_below_cutoff,0.6981046300460263
AMD_20250528_132500,AMD,2025-05-28 13:25:00+00:00,-1,5,102.25485055059823,4.930098860381751,273.3745635910224,8.52663859281372,0.8447111701156174,2025-05-28 13:10:00+00:00,2025-05-28 13:25:00+00:00,2025-05-28 13:30:00+00:00,2025-05-28 14:25:00+00:00,-0.0066626287098727,-0.0074041811846689,continuation,over_cap_or_below_cutoff,0.5343493349035708
AMD_20250530_133000,AMD,2025-05-30 13:30:00+00:00,-1,3,106.435979890398,4.229724414283688,401.2463926940639,11.65646217270122,0.0330434859563539,2025-05-30 13:15:00+00:00,2025-05-30 13:30:00+00:00,2025-05-30 13:35:00+00:00,2025-05-30 14:30:00+00:00,-0.0095493083444889,0.0033970084699945,reversal,over_cap_or_below_cutoff,0.3880721038032627
AMD_20250602_132500,AMD,2025-06-02 13:25:00+00:00,-1,6,192.3595505618025,4.963977624913205,439.51794430089006,20.35779272580479,0.2252502565210328,2025-06-02 13:10:00+00:00,2025-06-02 13:25:00+00:00,2025-06-02 13:30:00+00:00,2025-06-02 14:25:00+00:00,-0.0037678299093927,0.0205763169743358,reversal,over_cap_or_below_cutoff,0.6315675971027462
AMD_20250605_133000,AMD,2025-06-05 13:30:00+00:00,-1,6,140.6795024147156,4.70043749910946,427.8054815378759,14.94610381878741,0.0693411108788777,2025-06-05 13:15:00+00:00,2025-06-05 13:30:00+00:00,2025-06-05 13:35:00+00:00,2025-06-05 14:30:00+00:00,-0.0033585222502098,-0.0161752316764953,continuation,over_cap_or_below_cutoff,0.5307311023512505
AMD_20250609_133000,AMD,2025-06-09 13:30:00+00:00,1,14,190.25170468894848,5.506036046548436,935.5580886586068,21.49086815340803,0.081146178318694,2025-06-09 13:15:00+00:00,2025-06-09 13:30:00+00:00,2025-06-09 13:35:00+00:00,2025-06-09 14:30:00+00:00,0.0190251704688946,0.0072449401073937,continuation,over_cap_or_below_cutoff,0.7285726655213856
AMD_20250610_132500,AMD,2025-06-10 13:25:00+00:00,-1,5,121.17714945181211,4.232740231622545,259.46895804304074,12.853564055998838,0.7946294420020562,2025-06-10 13:10:00+00:00,2025-06-10 13:25:00+00:00,2025-06-10 13:30:00+00:00,2025-06-10 14:25:00+00:00,-0.0047689183954922,0.0190241282432654,reversal,over_cap_or_below_cutoff,0.4844385929023423
AMD_20250611_123000,AMD,2025-06-11 12:30:00+00:00,1,3,112.0958570268038,5.380844616150289,29.651612903225807,16.124676569946907,1.0538754558701229,2025-06-11 12:15:00+00:00,2025-06-11 12:30:00+00:00,2025-06-11 12:35:00+00:00,2025-06-11 13:30:00+00:00,0.0108898821617229,-0.0066733660262079,reversal,over_cap_or_below_cutoff,0.4811646225323616
AMD_20250611_133000,AMD,2025-06-11 13:30:00+00:00,-1,6,122.85707778454169,4.42969103106548,413.9007287226729,13.098452523046635,0.081585588614695,2025-06-11 13:15:00+00:00,2025-06-11 13:30:00+00:00,2025-06-11 13:35:00+00:00,2025-06-11 14:30:00+00:00,-0.0067532154340836,-0.0073640396277432,continuation,over_cap_or_below_cutoff,0.4831517823946036
AMD_20250623_100000,AMD,2025-06-23 10:00:00+00:00,1,3,146.93239546697657,5.1166122823174325,26.090662446303416,24.22111607949672,2.3838974997695512,2025-06-23 09:45:00+00:00,2025-06-23 10:00:00+00:00,2025-06-23 10:05:00+00:00,2025-06-23 11:00:00+00:00,0.0117096018735363,-0.0012345679012345,unclear,low_strength_unclear,0.5176304259986729
AMD_20250624_133000,AMD,2025-06-24 13:30:00+00:00,1,14,152.70411203813117,5.201508378163292,339.73262425580305,13.728612078489256,0.0850538958773467,2025-06-24 13:15:00+00:00,2025-06-24 13:30:00+00:00,2025-06-24 13:35:00+00:00,2025-06-24 14:30:00+00:00,0.0082389451393669,0.010586924219911,continuation,over_cap_or_below_cutoff,0.5637424064776642
AMD_20250625_133500,AMD,2025-06-25 13:35:00+00:00,1,22,173.04533112403985,4.601462353520151,183.6015748992797,8.792262114517799,0.3255869050533078,2025-06-25 13:20:00+00:00,2025-06-25 13:35:00+00:00,2025-06-25 13:40:00+00:00,2025-06-25 14:35:00+00:00,0.0054751459340522,0.0130620156133891,continuation,over_cap_or_below_cutoff,0.5083386611975365
AMD_20250626_132500,AMD,2025-06-26 13:25:00+00:00,-1,12,217.69564608708384,4.6259749434360655,244.4855677824509,12.61574913236673,0.2197759515893983,2025-06-26 13:10:00+00:00,2025-06-26 13:25:00+00:00,2025-06-26 13:30:00+00:00,2025-06-26 14:25:00+00:00,-0.0030719888976764,-0.0220593272590258,continuation,over_cap_or_below_cutoff,0.5698557861045449
AMD_20250630_132500,AMD,2025-06-30 13:25:00+00:00,-1,12,205.55301942705609,5.24907528484457,359.784534650409,37.67198749491408,0.9200757962894728,2025-06-30 13:10:00+00:00,2025-06-30 13:25:00+00:00,2025-06-30 13:30:00+00:00,2025-06-30 14:25:00+00:00,-0.0061451356763102,-0.0064631096290119,continuation,over_cap_or_below_cutoff,0.7140409217934254
AMD_20250701_093000,AMD,2025-07-01 09:30:00+00:00,-1,5,85.48850574711997,4.395023349245782,5.478031878031878,6.475288659614864,3.382736455243001,2025-07-01 09:15:00+00:00,2025-07-01 09:30:00+00:00,2025-07-01 09:35:00+00:00,2025-07-01 10:30:00+00:00,-0.0055468638884937,-0.0007151029748283,unclear,over_cap_or_below_cutoff,0.4271919693937597
AMD_20250703_132500,AMD,2025-07-03 13:25:00+00:00,-1,11,154.4933633132639,5.307499579516742,402.6825341267064,10.344267322842382,0.5474362719418318,2025-07-03 13:10:00+00:00,2025-07-03 13:25:00+00:00,2025-07-03 13:30:00+00:00,2025-07-03 14:25:00+00:00,-0.0045815734841433,-0.0030204962243798,continuation,over_cap_or_below_cutoff,0.6387353053718605
AMD_20250710_084500,AMD,2025-07-10 08:45:00+00:00,1,3,115.56518598772492,4.444436098006029,19.49447583705828,22.21432684936626,5.492766373940954,2025-07-10 08:30:00+00:00,2025-07-10 08:45:00+00:00,2025-07-10 08:50:00+00:00,2025-07-10 09:45:00+00:00,0.011415360161838,0.0002857346953353,unclear,over_cap_or_below_cutoff,0.42063998744352893
AMD_20250714_133000,AMD,2025-07-14 13:30:00+00:00,-1,10,207.62950450450512,6.356631589173941,384.27038132807365,15.234245413532657,0.0686845904321468,2025-07-14 13:15:00+00:00,2025-07-14 13:30:00+00:00,2025-07-14 13:35:00+00:00,2025-07-14 14:30:00+00:00,-0.0101886272889989,0.0039643900403394,reversal,over_cap_or_below_cutoff,0.7089911079237949
AMD_20250718_133000,AMD,2025-07-18 13:30:00+00:00,1,4,84.80468346554471,5.0598910575139815,511.3343788506777,13.458495574946348,0.0496187284199795,2025-07-18 13:15:00+00:00,2025-07-18 13:30:00+00:00,2025-07-18 13:35:00+00:00,2025-07-18 14:30:00+00:00,0.0039587784340833,-0.0142604994679852,reversal,near_duplicate,0.523054715146074
AMD_20250718_142000,AMD,2025-07-18 14:20:00+00:00,-1,14,133.66253153843655,5.75105207350864,401.727004136301,10.788097577400034,0.3814401438240252,2025-07-18 14:05:00+00:00,2025-07-18 14:20:00+00:00,2025-07-18 14:25:00+00:00,2025-07-18 15:20:00+00:00,-0.0078924898604954,-0.0074097793393153,continuation,over_cap_or_below_cutoff,0.6385682086368045
AMD_20250723_121000,AMD,2025-07-23 12:10:00+00:00,1,5,92.987749090383,4.414886584088068,32.0437636761488,8.759132681618436,0.650978597346844,2025-07-23 11:55:00+00:00,2025-07-23 12:10:00+00:00,2025-07-23 12:15:00+00:00,2025-07-23 13:10:00+00:00,0.0036001285760205,0.0031388123758886,continuation,over_cap_or_below_cutoff,0.3852545848430934
AMD_20250724_132500,AMD,2025-07-24 13:25:00+00:00,-1,7,152.64777938312602,5.302685511997342,335.86809551208285,19.49564569482147,0.9119150766420956,2025-07-24 13:10:00+00:00,2025-07-24 13:25:00+00:00,2025-07-24 13:30:00+00:00,2025-07-24 14:25:00+00:00,-0.0038199010583003,0.0039602715614783,reversal,over_cap_or_below_cutoff,0.6505614403369399
AMD_20250725_135000,AMD,2025-07-25 13:50:00+00:00,1,7,147.09457816679316,5.30775617247262,336.95850995504173,9.90586075084753,0.0592816234368798,2025-07-25 13:35:00+00:00,2025-07-25 13:50:00+00:00,2025-07-25 13:55:00+00:00,2025-07-25 14:50:00+00:00,0.0046716130805166,0.0038293216630196,continuation,over_cap_or_below_cutoff,0.5635545331316734
AMD_20250728_132500,AMD,2025-07-28 13:25:00+00:00,-1,9,192.60355029585784,5.335013067319295,592.1648560564911,19.28311911312107,0.4090322513604439,2025-07-28 13:10:00+00:00,2025-07-28 13:25:00+00:00,2025-07-28 13:30:00+00:00,2025-07-28 14:25:00+00:00,-0.0035377358490565,0.0259171597633136,reversal,over_cap_or_below_cutoff,0.7293761476195231
AMD_20250729_133000,AMD,2025-07-29 13:30:00+00:00,1,27,181.3117187053992,5.453722871468913,278.21442572654183,15.359327273417602,0.2411632834782582,2025-07-29 13:15:00+00:00,2025-07-29 13:30:00+00:00,2025-07-29 13:35:00+00:00,2025-07-29 14:30:00+00:00,0.0094994311717859,0.0181439116470389,continuation,over_cap_or_below_cutoff,0.6149049704626813
AMD_20250731_131000,AMD,2025-07-31 13:10:00+00:00,-1,14,186.9941389896712,6.419338711244714,232.89265824396145,12.30326973304938,0.5730131742278847,2025-07-31 12:55:00+00:00,2025-07-31 13:10:00+00:00,2025-07-31 13:15:00+00:00,2025-07-31 14:10:00+00:00,-0.0047424366312345,-0.0041351736225218,continuation,over_cap_or_below_cutoff,0.687329964275589
AMD_20250805_130500,AMD,2025-08-05 13:05:00+00:00,-1,7,157.2533462712955,4.869682540240719,162.32563814729855,11.479919366580978,0.960141869564032,2025-08-05 12:50:00+00:00,2025-08-05 13:05:00+00:00,2025-08-05 13:10:00+00:00,2025-08-05 14:05:00+00:00,-0.0045912653975364,-0.0045421307233659,continuation,over_cap_or_below_cutoff,0.568492653751018
AMD_20250807_133000,AMD,2025-08-07 13:30:00+00:00,1,21,179.61766082356334,5.52222655535808,188.38796890841505,8.966519448082643,0.2051792379476286,2025-08-07 13:15:00+00:00,2025-08-07 13:30:00+00:00,2025-08-07 13:35:00+00:00,2025-08-07 14:30:00+00:00,0.0096766690766687,0.0202083333333333,continuation,over_cap_or_below_cutoff,0.5881413472736465
AMD_20250808_133000,AMD,2025-08-08 13:30:00+00:00,-1,10,171.2694526682279,5.78358598352351,116.38929601021104,7.190562160390007,0.2125957504632303,2025-08-08 13:15:00+00:00,2025-08-08 13:30:00+00:00,2025-08-08 13:35:00+00:00,2025-08-08 14:30:00+00:00,-0.0051564204121462,-0.0022543198179927,unclear,low_strength_unclear,0.5806730039774168
AMD_20250812_123000,AMD,2025-08-12 12:30:00+00:00,1,3,96.54898927625722,4.257039666907814,51.87948613376835,10.211302825385562,0.3389123019900459,2025-08-12 12:15:00+00:00,2025-08-12 12:30:00+00:00,2025-08-12 12:35:00+00:00,2025-08-12 13:30:00+00:00,0.0096548989276252,-0.0148293743104463,reversal,near_duplicate,0.30144104382192116
AMD_20250812_130000,AMD,2025-08-12 13:00:00+00:00,-1,17,195.8000591540965,4.963176641003689,477.5806884970613,18.747232168153925,0.4411896366587445,2025-08-12 12:45:00+00:00,2025-08-12 13:00:00+00:00,2025-08-12 13:05:00+00:00,2025-08-12 14:00:00+00:00,-0.0046386439124956,-0.0273862263391058,continuation,over_cap_or_below_cutoff,0.6677081885880178
AMD_20250815_133000,AMD,2025-08-15 13:30:00+00:00,-1,16,152.26144854286306,4.851066996392243,600.4364439324116,18.29985340610775,0.0621476897512652,2025-08-15 13:15:00+00:00,2025-08-15 13:30:00+00:00,2025-08-15 13:35:00+00:00,2025-08-15 14:30:00+00:00,-0.0149977863862754,-0.0050980420799157,continuation,over_cap_or_below_cutoff,0.6095910077811297
AMD_20250818_132500,AMD,2025-08-18 13:25:00+00:00,1,15,104.51012868606612,4.155409885817312,258.63732859028056,12.494053626963147,1.3126777147132818,2025-08-18 13:10:00+00:00,2025-08-18 13:25:00+00:00,2025-08-18 13:30:00+00:00,2025-08-18 14:25:00+00:00,0.0055192034139401,-0.0035083748302399,reversal,over_cap_or_below_cutoff,0.5046619600222944
AMD_20250819_110000,AMD,2025-08-19 11:00:00+00:00,-1,3,66.19466989006062,4.36353152290619,8.822826808228267,7.550112255620667,1.4533321675849171,2025-08-19 10:45:00+00:00,2025-08-19 11:00:00+00:00,2025-08-19 11:05:00+00:00,2025-08-19 12:00:00+00:00,-0.0033720066297079,-0.0027526092441793,unclear,low_strength_unclear,0.3576720061490766
AMD_20250819_133000,AMD,2025-08-19 13:30:00+00:00,-1,3,203.73364692047423,5.022486946414458,499.71768516788137,22.697598810211364,0.0471713779082174,2025-08-19 13:15:00+00:00,2025-08-19 13:30:00+00:00,2025-08-19 13:35:00+00:00,2025-08-19 14:30:00+00:00,-0.0199665783104759,-0.0102595913567543,continuation,over_cap_or_below_cutoff,0.6011668454515874
AMD_20250820_133500,AMD,2025-08-20 13:35:00+00:00,-1,21,157.16908750092128,5.342845865196467,141.8765725820987,8.80537228861655,0.2813516070816861,2025-08-20 13:20:00+00:00,2025-08-20 13:35:00+00:00,2025-08-20 13:40:00+00:00,2025-08-20 14:35:00+00:00,-0.0069347283898046,-0.021010719754977,continuation,over_cap_or_below_cutoff,0.539591258259652
AMD_20250822_133000,AMD,2025-08-22 13:30:00+00:00,1,18,254.0165641117453,5.254849509154566,344.5362477846232,17.599271196177558,0.1003740946945284,2025-08-22 13:15:00+00:00,2025-08-22 13:30:00+00:00,2025-08-22 13:35:00+00:00,2025-08-22 14:30:00+00:00,0.0048771453265836,0.0270934447379738,continuation,over_cap_or_below_cutoff,0.6866676335167885
AMD_20250825_133000,AMD,2025-08-25 13:30:00+00:00,-1,9,191.3492893619684,5.295544260717757,555.1528279181708,22.026193313384617,0.066716026817039,2025-08-25 13:15:00+00:00,2025-08-25 13:30:00+00:00,2025-08-25 13:35:00+00:00,2025-08-25 14:30:00+00:00,-0.013595166163142,0.0032802450229709,reversal,over_cap_or_below_cutoff,0.6803646553225846
AMD_20250827_103000,AMD,2025-08-27 10:30:00+00:00,1,3,70.73492387004165,5.661639948742857,8.120678147109865,9.569571766462245,1.6416975240401346,2025-08-27 10:15:00+00:00,2025-08-27 10:30:00+00:00,2025-08-27 10:35:00+00:00,2025-08-27 11:30:00+00:00,0.0048584452975048,-0.0013131976362442,unclear,low_strength_unclear,0.4746682384663784
AMD_20250827_202000,AMD,2025-08-27 20:20:00+00:00,-1,9,195.7785255429823,4.484606151298494,1.14950429179894,16.750602044155638,21.75626634911025,2025-08-27 20:05:00+00:00,2025-08-27 20:20:00+00:00,2025-08-27 20:25:00+00:00,2025-08-27 21:20:00+00:00,-0.0192019201920192,0.0086264912817377,reversal,over_cap_or_below_cutoff,0.5637816818861903
AMD_20250828_133000,AMD,2025-08-28 13:30:00+00:00,1,12,175.2567470742772,4.6360039972199845,751.3569714742736,17.153856198727905,0.1425802748227096,2025-08-28 13:15:00+00:00,2025-08-28 13:30:00+00:00,2025-08-28 13:35:00+00:00,2025-08-28 14:30:00+00:00,0.0058091286307055,-0.0108457095709572,reversal,over_cap_or_below_cutoff,0.639560769070374
AMD_20250829_133000,AMD,2025-08-29 13:30:00+00:00,1,11,174.2374942983127,6.110705964177532,550.5726573699988,16.245277252726012,0.0798142591015848,2025-08-29 13:15:00+00:00,2025-08-29 13:30:00+00:00,2025-08-29 13:35:00+00:00,2025-08-29 14:30:00+00:00,0.0035386922615476,-0.0235513321485636,reversal,over_cap_or_below_cutoff,0.7230413272509564
AMD_20250903_132500,AMD,2025-09-03 13:25:00+00:00,-1,6,112.26894926187558,5.150059999781016,412.6336106489185,11.179323675710783,0.7295290274989086,2025-09-03 13:10:00+00:00,2025-09-03 13:25:00+00:00,2025-09-03 13:30:00+00:00,2025-09-03 14:25:00+00:00,-0.0067419811656486,0.0047566098344453,reversal,over_cap_or_below_cutoff,0.5970822440114518
AMD_20250904_114500,AMD,2025-09-04 11:45:00+00:00,-1,3,144.9728175966958,4.526688906897869,70.83907748121275,65.65688770493401,0.5321998190610953,2025-09-04 11:30:00+00:00,2025-09-04 11:45:00+00:00,2025-09-04 11:50:00+00:00,2025-09-04 12:45:00+00:00,-0.0142901139513396,0.0012491407861026,unclear,low_strength_unclear,0.4049136621990097
AMD_20250905_114500,AMD,2025-09-05 11:45:00+00:00,-1,9,94.3396226415083,4.73702736080082,77.12199735199546,30.40669695850568,1.8165787934913773,2025-09-05 11:30:00+00:00,2025-09-05 11:45:00+00:00,2025-09-05 11:50:00+00:00,2025-09-05 12:45:00+00:00,-0.0039147455415398,-0.0144728633811604,continuation,over_cap_or_below_cutoff,0.4895012123418148
AMD_20250909_133000,AMD,2025-09-09 13:30:00+00:00,1,12,158.26958586125482,6.398664266503748,526.246904315197,15.14649971746554,0.1097217820776478,2025-09-09 13:15:00+00:00,2025-09-09 13:30:00+00:00,2025-09-09 13:35:00+00:00,2025-09-09 14:30:00+00:00,0.0088349706599855,0.0005332984772237,unclear,over_cap_or_below_cutoff,0.7002854737595794
AMD_20250909_201000,AMD,2025-09-09 20:10:00+00:00,1,8,208.89800628245413,6.168881732682899,0.569415351761416,4.850979673669167,19.67581554318889,2025-09-09 19:55:00+00:00,2025-09-09 20:10:00+00:00,2025-09-09 20:15:00+00:00,2025-09-09 21:10:00+00:00,0.0075088237181544,0.0154770602056941,continuation,over_cap_or_below_cutoff,0.7098875207056825
AMD_20250910_131500,AMD,2025-09-10 13:15:00+00:00,1,11,212.60862450800832,5.142662458574784,302.11572076557144,15.15240505200278,0.3010254827525008,2025-09-10 13:00:00+00:00,2025-09-10 13:15:00+00:00,2025-09-10 13:20:00+00:00,2025-09-10 14:15:00+00:00,0.003941857600394,-0.0132208588957055,reversal,over_cap_or_below_cutoff,0.6357159621304322
AMD_20250912_144500,AMD,2025-09-12 14:45:00+00:00,1,6,109.00929785188085,4.452464417902239,154.86444626330038,9.544369256672146,0.141890117277944,2025-09-12 14:30:00+00:00,2025-09-12 14:45:00+00:00,2025-09-12 14:50:00+00:00,2025-09-12 15:45:00+00:00,0.004235928374302,0.0093947721607976,continuation,over_cap_or_below_cutoff,0.39582434967195385
AMD_20250916_133000,AMD,2025-09-16 13:30:00+00:00,-1,11,118.35120042290148,4.603602990294434,354.77966101694915,23.189832639827685,0.0869744380159281,2025-09-16 13:15:00+00:00,2025-09-16 13:30:00+00:00,2025-09-16 13:35:00+00:00,2025-09-16 14:30:00+00:00,-0.0116966883317858,0.0062921049928472,reversal,over_cap_or_below_cutoff,0.4759828651329463
AMD_20250917_132500,AMD,2025-09-17 13:25:00+00:00,1,8,132.90598586081614,4.750346749034539,262.89766777724896,10.199258623475098,1.0500413258932733,2025-09-17 13:10:00+00:00,2025-09-17 13:25:00+00:00,2025-09-17 13:30:00+00:00,2025-09-17 14:25:00+00:00,0.0059974747474746,0.0058989645434577,continuation,over_cap_or_below_cutoff,0.5695385917247904
AMD_20250922_133000,AMD,2025-09-22 13:30:00+00:00,1,8,169.80304955527492,4.060594703702629,533.909109947644,18.596384271409995,0.0483614978531519,2025-09-22 13:15:00+00:00,2025-09-22 13:30:00+00:00,2025-09-22 13:35:00+00:00,2025-09-22 14:30:00+00:00,0.0141452584839834,0.0086940205153867,continuation,over_cap_or_below_cutoff,0.5371235507779236
AMD_20250925_125000,AMD,2025-09-25 12:50:00+00:00,-1,14,149.84176193244548,5.13343492076964,343.9881604911204,9.09532597370696,0.74658679863994,2025-09-25 12:35:00+00:00,2025-09-25 12:50:00+00:00,2025-09-25 12:55:00+00:00,2025-09-25 13:50:00+00:00,-0.0040416798231763,-0.0074820873755627,continuation,over_cap_or_below_cutoff,0.6189190324585034
AMD_20250929_133000,AMD,2025-09-29 13:30:00+00:00,1,7,133.74999999999915,4.57804553284153,495.3876048873841,13.894644115960403,0.0303019833783723,2025-09-29 13:15:00+00:00,2025-09-29 13:30:00+00:00,2025-09-29 13:35:00+00:00,2025-09-29 14:30:00+00:00,0.0047003429996881,0.0124230542191146,continuation,over_cap_or_below_cutoff,0.5288810429459194
AMD_20251007_132500,AMD,2025-10-07 13:25:00+00:00,1,8,180.0832592731183,4.10290254845605,210.19429129055868,7.46551579637116,0.2463537279470777,2025-10-07 13:10:00+00:00,2025-10-07 13:25:00+00:00,2025-10-07 13:30:00+00:00,2025-10-07 14:25:00+00:00,0.0079711164251887,-0.003395822672931,reversal,over_cap_or_below_cutoff,0.47232073287703463
AMD_20251010_132000,AMD,2025-10-10 13:20:00+00:00,-1,29,255.30921820303251,5.15474465903069,197.4758430289884,7.945591842792332,0.8307760026124923,2025-10-10 13:05:00+00:00,2025-10-10 13:20:00+00:00,2025-10-10 13:25:00+00:00,2025-10-10 14:20:00+00:00,-0.0057560137457044,-0.0127883867622915,continuation,over_cap_or_below_cutoff,0.7039161199749031
AMD_20251015_132500,AMD,2025-10-15 13:25:00+00:00,-1,31,332.3303543360145,4.887618114247326,269.1098601913171,17.575383095541394,0.4599470490671591,2025-10-15 13:10:00+00:00,2025-10-15 13:25:00+00:00,2025-10-15 13:30:00+00:00,2025-10-15 14:25:00+00:00,-0.003401056117426,0.0496852267624607,reversal,over_cap_or_below_cutoff,0.7059837860067695
AMD_20251022_133000,AMD,2025-10-22 13:30:00+00:00,-1,30,218.33214908597571,5.150988176430878,382.5383754754979,12.922517213681292,0.5922908248668032,2025-10-22 13:15:00+00:00,2025-10-22 13:30:00+00:00,2025-10-22 13:35:00+00:00,2025-10-22 14:30:00+00:00,-0.0038380430198228,-0.0168296710275625,continuation,over_cap_or_below_cutoff,0.6954484164398935
AMD_20251030_132000,AMD,2025-10-30 13:20:00+00:00,-1,29,158.05158165856037,4.435739645473,269.4960858219774,8.497263555952209,0.6137934434473614,2025-10-30 13:05:00+00:00,2025-10-30 13:20:00+00:00,2025-10-30 13:25:00+00:00,2025-10-30 14:20:00+00:00,-0.0032388654586794,0.0029828367750184,unclear,low_strength_unclear,0.5303252167416557
AMD_20251104_143000,AMD,2025-11-04 14:30:00+00:00,-1,11,232.04330938437323,4.708187607162336,246.75353119971396,7.260076229872428,0.1689049304959477,2025-11-04 14:15:00+00:00,2025-11-04 14:30:00+00:00,2025-11-04 14:35:00+00:00,2025-11-04 15:30:00+00:00,-0.0083235440982588,0.0322204109561472,reversal,over_cap_or_below_cutoff,0.5893607376614928
AMD_20251104_205500,AMD,2025-11-04 20:55:00+00:00,-1,9,274.1092343730789,4.410038868580704,5.59258910476623,8.556811451845416,8.690377383555319,2025-11-04 20:40:00+00:00,2025-11-04 20:55:00+00:00,2025-11-04 21:00:00+00:00,2025-11-04 21:55:00+00:00,-0.0085229525093156,-0.0137139658550238,continuation,over_cap_or_below_cutoff,0.643681802742538
AMD_20251111_182500,AMD,2025-11-11 18:25:00+00:00,-1,7,347.3841743602724,4.497895300765205,16.335527634377428,10.70982757240127,1.6023307402511284,2025-11-11 18:10:00+00:00,2025-11-11 18:25:00+00:00,2025-11-11 18:30:00+00:00,2025-11-11 19:25:00+00:00,-0.0065457577652698,0.005161994292429,reversal,over_cap_or_below_cutoff,0.671993855210429
AMD_20251113_133000,AMD,2025-11-13 13:30:00+00:00,-1,28,218.23541207138587,4.303023439210984,264.3831421656319,11.805358607907127,0.7062972129666513,2025-11-13 13:15:00+00:00,2025-11-13 13:30:00+00:00,2025-11-13 13:35:00+00:00,2025-11-13 14:30:00+00:00,-0.0046985121378231,-0.0049567269866246,continuation,over_cap_or_below_cutoff,0.5941699748770188
AMD_20251114_143000,AMD,2025-11-14 14:30:00+00:00,-1,21,320.70044889173533,4.613494378648266,252.3661933860532,9.10622079719015,0.2917483975267371,2025-11-14 14:15:00+00:00,2025-11-14 14:30:00+00:00,2025-11-14 14:35:00+00:00,2025-11-14 15:30:00+00:00,-0.018167650236888,0.0406876657417929,reversal,over_cap_or_below_cutoff,0.6602574368893619
AMD_20251117_142500,AMD,2025-11-17 14:25:00+00:00,-1,10,145.8110223247444,4.024144458500087,221.5103640301124,8.245098852156568,0.900313380818953,2025-11-17 14:10:00+00:00,2025-11-17 14:25:00+00:00,2025-11-17 14:30:00+00:00,2025-11-17 15:25:00+00:00,-0.0052446119806605,0.0149312134442705,reversal,over_cap_or_below_cutoff,0.49226060692716855
AMD_20251118_143000,AMD,2025-11-18 14:30:00+00:00,-1,14,255.1542326080547,5.7070449364093685,324.2675229070405,11.418183078123878,0.0554155300627447,2025-11-18 14:15:00+00:00,2025-11-18 14:30:00+00:00,2025-11-18 14:35:00+00:00,2025-11-18 15:30:00+00:00,-0.0097136703408082,-0.0283590039485709,continuation,over_cap_or_below_cutoff,0.7179055999132549
AMD_20251119_143000,AMD,2025-11-19 14:30:00+00:00,-1,12,134.47807613123695,4.022687134585773,134.5953421619153,5.468231618236083,0.059562725353453,2025-11-19 14:15:00+00:00,2025-11-19 14:30:00+00:00,2025-11-19 14:35:00+00:00,2025-11-19 15:30:00+00:00,-0.0074202646995008,0.0248754043892629,reversal,over_cap_or_below_cutoff,0.3722638746930966
AMD_20251119_210000,AMD,2025-11-19 21:00:00+00:00,1,11,378.720767406453,4.316893150347167,0.6396332226446895,8.716259696485455,34.15726400166076,2025-11-19 20:45:00+00:00,2025-11-19 21:00:00+00:00,2025-11-19 21:05:00+00:00,2025-11-19 22:00:00+00:00,0.037872076740645,0.0093924581308151,continuation,over_cap_or_below_cutoff,0.6534672638150913
AMD_20251121_143000,AMD,2025-11-21 14:30:00+00:00,-1,31,312.27628428250887,4.071890410524726,105.0560940206958,4.965229637456719,0.5748747072449925,2025-11-21 14:15:00+00:00,2025-11-21 14:30:00+00:00,2025-11-21 14:35:00+00:00,2025-11-21 15:30:00+00:00,-0.0104337349397589,-0.038449363235688,continuation,over_cap_or_below_cutoff,0.5937220465776916
AMD_20251124_141000,AMD,2025-11-24 14:10:00+00:00,1,11,190.24106883532176,4.536909335896909,349.50790966073026,10.651340937169223,0.4948283485694597,2025-11-24 13:55:00+00:00,2025-11-24 14:10:00+00:00,2025-11-24 14:15:00+00:00,2025-11-24 15:10:00+00:00,0.0030473645858635,0.0260692095450685,continuation,over_cap_or_below_cutoff,0.5891332194734116
AMD_20251124_224500,AMD,2025-11-24 22:45:00+00:00,-1,7,159.80975029726176,4.187248050518585,0.3229672695951766,5.337321310689088,57.989868681838814,2025-11-24 22:30:00+00:00,2025-11-24 22:45:00+00:00,2025-11-24 22:50:00+00:00,2025-11-24 23:45:00+00:00,-0.0066923640398635,-0.0116171003717472,continuation,over_cap_or_below_cutoff,0.49277825101543243
AMD_20251126_133000,AMD,2025-11-26 13:30:00+00:00,1,6,201.93236714976416,4.543959995528392,27.747749774977496,5.881542572515788,0.5634429161890863,2025-11-26 13:15:00+00:00,2025-11-26 13:30:00+00:00,2025-11-26 13:35:00+00:00,2025-11-26 14:30:00+00:00,0.0042772431223874,0.0187784338398993,continuation,over_cap_or_below_cutoff,0.5110166002271627
AMD_20251128_142500,AMD,2025-11-28 14:25:00+00:00,1,7,146.484375,4.253687126470103,178.0962518056717,11.194446531763392,1.4759148299571172,2025-11-28 14:10:00+00:00,2025-11-28 14:25:00+00:00,2025-11-28 14:30:00+00:00,2025-11-28 15:25:00+00:00,0.0041322314049587,0.0025509779442363,unclear,low_strength_unclear,0.53650761585904
AMD_20251202_143500,AMD,2025-12-02 14:35:00+00:00,1,6,176.52762119504172,6.3475315957052585,266.62008091210004,7.307469162330011,0.0459220118090469,2025-12-02 14:20:00+00:00,2025-12-02 14:35:00+00:00,2025-12-02 14:40:00+00:00,2025-12-02 15:35:00+00:00,0.0079989214937312,-0.0114573581204582,reversal,over_cap_or_below_cutoff,0.6353925212256493
AMD_20251202_153500,AMD,2025-12-02 15:35:00+00:00,-1,13,223.28876699805988,4.4652219819822205,150.0953086942709,11.5503324393916,0.2533707861006312,2025-12-02 15:20:00+00:00,2025-12-02 15:35:00+00:00,2025-12-02 15:40:00+00:00,2025-12-02 16:35:00+00:00,-0.0055164371888594,-0.0169342473166771,continuation,over_cap_or_below_cutoff,0.5361216585448305
AMD_20251205_143000,AMD,2025-12-05 14:30:00+00:00,1,19,224.98615469817463,4.792179950838538,698.3070671378092,38.77663547494041,0.0818246612419706,2025-12-05 14:15:00+00:00,2025-12-05 14:30:00+00:00,2025-12-05 14:35:00+00:00,2025-12-05 15:30:00+00:00,0.0224986154698172,-0.0028435377220102,unclear,over_cap_or_below_cutoff,0.7042804557393765
AMD_20251208_143000,AMD,2025-12-08 14:30:00+00:00,1,10,151.31458827825517,6.584640532391041,556.7664867402018,32.842081037527294,0.0810146716516343,2025-12-08 14:15:00+00:00,2025-12-08 14:30:00+00:00,2025-12-08 14:35:00+00:00,2025-12-08 15:30:00+00:00,0.0088309910567623,-0.0050448810784847,reversal,over_cap_or_below_cutoff,0.6989850255833804
AMD_20251208_175500,AMD,2025-12-08 17:55:00+00:00,1,3,178.2421634910869,4.2138145770169935,8.261957529969058,6.271594743520705,0.9691086265491784,2025-12-08 17:40:00+00:00,2025-12-08 17:55:00+00:00,2025-12-08 18:00:00+00:00,2025-12-08 18:55:00+00:00,0.0052351254153959,-0.0042115750384928,reversal,over_cap_or_below_cutoff,0.4373363880284424
AMD_20251209_142500,AMD,2025-12-09 14:25:00+00:00,-1,16,153.320863394788,4.335133539222404,235.2452100544911,13.64866692731222,0.5219061838380318,2025-12-09 14:10:00+00:00,2025-12-09 14:25:00+00:00,2025-12-09 14:30:00+00:00,2025-12-09 15:25:00+00:00,-0.004400459867878,0.0110859728506786,reversal,over_cap_or_below_cutoff,0.49666862188217814
AMD_20251211_143000,AMD,2025-12-11 14:30:00+00:00,-1,18,221.1888891075464,4.76716324267911,422.096872920825,20.858895541879875,0.0993784355733359,2025-12-11 14:15:00+00:00,2025-12-11 14:30:00+00:00,2025-12-11 14:35:00+00:00,2025-12-11 15:30:00+00:00,-0.0216402310442834,0.0020644796115067,unclear,over_cap_or_below_cutoff,0.6293804259753666
AMD_20251215_144000,AMD,2025-12-15 14:40:00+00:00,1,23,140.04809732635292,4.519223502152624,233.9905700814402,13.143038106403075,0.3119689087388099,2025-12-15 14:25:00+00:00,2025-12-15 14:40:00+00:00,2025-12-15 14:45:00+00:00,2025-12-15 15:40:00+00:00,0.0041421510943753,-0.0085782590352975,reversal,over_cap_or_below_cutoff,0.47759566834832207
AMD_20251217_143000,AMD,2025-12-17 14:30:00+00:00,-1,19,166.17357001971865,4.31649838292591,299.9704314938972,10.990858507130282,0.1080638262122619,2025-12-17 14:15:00+00:00,2025-12-17 14:30:00+00:00,2025-12-17 14:35:00+00:00,2025-12-17 15:30:00+00:00,-0.0055597795095988,-0.0148133989582837,continuation,over_cap_or_below_cutoff,0.48990515570369664
AMD_20251218_133000,AMD,2025-12-18 13:30:00+00:00,1,5,140.84143679300888,5.087099411443781,15.84853096102072,8.740902998094047,0.8572010079054131,2025-12-18 13:15:00+00:00,2025-12-18 13:30:00+00:00,2025-12-18 13:35:00+00:00,2025-12-18 14:30:00+00:00,0.005414534797079,0.0155148221343872,continuation,over_cap_or_below_cutoff,0.5145538080840246
AMD_20251223_143000,AMD,2025-12-23 14:30:00+00:00,1,13,133.94693590044193,4.212702174048207,625.0779048125498,41.426344104771815,0.0875509366351993,2025-12-23 14:15:00+00:00,2025-12-23 14:30:00+00:00,2025-12-23 14:35:00+00:00,2025-12-23 15:30:00+00:00,0.0133946935900446,-0.0083919363269361,reversal,over_cap_or_below_cutoff,0.541635945873832
AMD_20251226_143500,AMD,2025-12-26 14:35:00+00:00,-1,13,100.67270858638012,4.2571783058666295,142.52461873638345,14.161231255256,0.2495364998326479,2025-12-26 14:20:00+00:00,2025-12-26 14:35:00+00:00,2025-12-26 14:40:00+00:00,2025-12-26 15:35:00+00:00,-0.0063968849951328,0.0094704921856776,reversal,over_cap_or_below_cutoff,0.3753795185202083
AMD_20251229_143500,AMD,2025-12-29 14:35:00+00:00,1,16,172.31598354843226,5.327227035232755,436.1455160744501,37.091295452833215,0.1494198440213745,2025-12-29 14:20:00+00:00,2025-12-29 14:35:00+00:00,2025-12-29 14:40:00+00:00,2025-12-29 15:35:00+00:00,0.0120699570252116,-0.0018194117235426,unclear,low_strength_unclear,0.6329879912316427
AMD_20251231_144500,AMD,2025-12-31 14:45:00+00:00,1,2,81.68948711997581,4.380257638245479,455.1897435897436,20.477326581558568,0.0486137151695017,2025-12-31 14:30:00+00:00,2025-12-31 14:45:00+00:00,2025-12-31 14:50:00+00:00,2025-12-31 15:45:00+00:00,0.0081175210439625,-0.004976155919552,reversal,over_cap_or_below_cutoff,0.3414136147886105
AMD_20260105_144000,AMD,2026-01-05 14:40:00+00:00,-1,6,179.47236408958565,4.145112148956357,153.85889570552146,12.48490810158519,0.1476262312717713,2026-01-05 14:25:00+00:00,2026-01-05 14:40:00+00:00,2026-01-05 14:45:00+00:00,2026-01-05 15:40:00+00:00,-0.0065792330742172,-0.0173766693624183,continuation,over_cap_or_below_cutoff,0.4487038883161501
AMD_20260108_142000,AMD,2026-01-08 14:20:00+00:00,-1,15,187.0740078310096,6.167041935403174,266.3201133144476,16.79696387207008,0.4982204110648334,2026-01-08 14:05:00+00:00,2026-01-08 14:20:00+00:00,2026-01-08 14:25:00+00:00,2026-01-08 15:20:00+00:00,-0.0041208791208791,-0.0140071343638524,continuation,over_cap_or_below_cutoff,0.6905169667474778
AMD_20260109_150000,AMD,2026-01-09 15:00:00+00:00,-1,12,122.44295830054595,5.559560636888413,164.9312851460705,10.675314907208644,0.1545229801950781,2026-01-09 14:45:00+00:00,2026-01-09 15:00:00+00:00,2026-01-09 15:05:00+00:00,2026-01-09 16:00:00+00:00,-0.0043101349047874,0.0103450805840201,reversal,over_cap_or_below_cutoff,0.5144303561839736
AMD_20260112_142500,AMD,2026-01-12 14:25:00+00:00,-1,14,211.46686522709905,4.847299470241023,388.0538091192297,25.738644488715583,0.2787338956526537,2026-01-12 14:10:00+00:00,2026-01-12 14:25:00+00:00,2026-01-12 14:30:00+00:00,2026-01-12 15:25:00+00:00,-0.0031211295516472,0.0379435443792863,reversal,over_cap_or_below_cutoff,0.632200128621619
AMD_20260114_143500,AMD,2026-01-14 14:35:00+00:00,-1,23,257.30724971231746,5.251554569264826,269.9484596659112,11.501387804504953,0.7431913788572839,2026-01-14 14:20:00+00:00,2026-01-14 14:35:00+00:00,2026-01-14 14:40:00+00:00,2026-01-14 15:35:00+00:00,-0.005963029218843,0.0304093027548335,reversal,over_cap_or_below_cutoff,0.7286873727404781
AMD_20260121_141000,AMD,2026-01-21 14:10:00+00:00,1,30,242.381260299116,4.634338585113633,308.79017786872345,11.44084296859824,0.55203118725334,2026-01-21 13:55:00+00:00,2026-01-21 14:10:00+00:00,2026-01-21 14:15:00+00:00,2026-01-21 15:10:00+00:00,0.0099638066851182,0.0360892111809099,continuation,over_cap_or_below_cutoff,0.6501341092206177
AMD_20260122_142500,AMD,2026-01-22 14:25:00+00:00,-1,8,145.13788098694525,4.4952431348321085,273.0489390276659,11.528072187718292,0.8410279430856511,2026-01-22 14:10:00+00:00,2026-01-22 14:25:00+00:00,2026-01-22 14:30:00+00:00,2026-01-22 15:25:00+00:00,-0.0034059405940594,-0.0054740899697981,continuation,over_cap_or_below_cutoff,0.5437657715432845
AMD_20260126_130000,AMD,2026-01-26 13:00:00+00:00,-1,7,113.90416339355669,4.211706215484739,71.0768962510898,59.99708295059256,0.7417223988813689,2026-01-26 12:45:00+00:00,2026-01-26 13:00:00+00:00,2026-01-26 13:05:00+00:00,2026-01-26 14:00:00+00:00,-0.0112621359223301,0.0082875098193244,reversal,over_cap_or_below_cutoff,0.41149900427372166
AMD_20260202_143000,AMD,2026-02-02 14:30:00+00:00,1,14,377.1583725764671,4.649556838033371,406.52008608321376,16.27270751263291,0.0793732656577964,2026-02-02 14:15:00+00:00,2026-02-02 14:30:00+00:00,2026-02-02 14:35:00+00:00,2026-02-02 15:30:00+00:00,0.0233878484874161,0.0280284838950071,continuation,over_cap_or_below_cutoff,0.6904273966489851
AMD_20260203_211500,AMD,2026-02-03 21:15:00+00:00,-1,5,601.4120723469185,4.569421058846438,4.746636639436559,22.241549684639693,5.487918323740108,2026-02-03 21:00:00+00:00,2026-02-03 21:15:00+00:00,2026-02-03 21:20:00+00:00,2026-02-03 22:15:00+00:00,-0.0567294307817409,-0.0246241011113531,continuation,over_cap_or_below_cutoff,0.6802021107309513
AMD_20260205_134000,AMD,2026-02-05 13:40:00+00:00,1,33,345.74061815774826,4.956302535069438,125.76386030032056,9.521789438858642,1.0455369356727429,2026-02-05 13:25:00+00:00,2026-02-05 13:40:00+00:00,2026-02-05 13:45:00+00:00,2026-02-05 14:40:00+00:00,0.0095590678008758,0.0028464005671859,unclear,over_cap_or_below_cutoff,0.7241611579366745
AMD_20260209_142500,AMD,2026-02-09 14:25:00+00:00,-1,16,205.5750806412804,4.392609268671454,192.545010602069,10.162407514721425,1.023830985556942,2026-02-09 14:10:00+00:00,2026-02-09 14:25:00+00:00,2026-02-09 14:30:00+00:00,2026-02-09 15:25:00+00:00,-0.0054347826086956,0.0264519560907201,reversal,over_cap_or_below_cutoff,0.5961160754962025
AMD_20260212_143000,AMD,2026-02-12 14:30:00+00:00,1,6,232.23016171493248,5.664448675210468,462.6107893934776,23.44752549042101,0.0753502320354351,2026-02-12 14:15:00+00:00,2026-02-12 14:30:00+00:00,2026-02-12 14:35:00+00:00,2026-02-12 15:30:00+00:00,0.0095547309833023,-0.0215933106680142,reversal,over_cap_or_below_cutoff,0.7323236440980452
AMD_20260217_211500,AMD,2026-02-17 21:15:00+00:00,-1,3,414.9569142388154,4.366765540351307,1.149819198435459,13.088165511490482,23.03433494941768,2026-02-17 21:00:00+00:00,2026-02-17 21:15:00+00:00,2026-02-17 21:20:00+00:00,2026-02-17 22:15:00+00:00,-0.0372365389170659,0.0067002557544757,reversal,over_cap_or_below_cutoff,0.6092683792866189
AMD_20260220_142500,AMD,2026-02-20 14:25:00+00:00,-1,7,131.23687631237502,4.682316931496297,388.1303364006637,10.4050231228205,0.6211941651319348,2026-02-20 14:10:00+00:00,2026-02-20 14:25:00+00:00,2026-02-20 14:30:00+00:00,2026-02-20 15:25:00+00:00,-0.0058267637479166,0.0114983501649834,reversal,over_cap_or_below_cutoff,0.5589495690935384
AMD_20260225_143000,AMD,2026-02-25 14:30:00+00:00,-1,11,158.1054225418743,5.370109438541324,394.2252929858317,25.85418452012357,0.1277166214764929,2026-02-25 14:15:00+00:00,2026-02-25 14:30:00+00:00,2026-02-25 14:35:00+00:00,2026-02-25 15:30:00+00:00,-0.0116950889945018,0.0048427702607136,reversal,over_cap_or_below_cutoff,0.6057430992072146
AMD_20260310_132500,AMD,2026-03-10 13:25:00+00:00,1,15,183.01104972375137,4.185592463949954,418.15123113582206,12.83909589087984,0.436326982293856,2026-03-10 13:10:00+00:00,2026-03-10 13:25:00+00:00,2026-03-10 13:30:00+00:00,2026-03-10 14:25:00+00:00,0.0044096516870633,0.0021951460142066,unclear,low_strength_unclear,0.5649280183530407
AMD_20260311_132500,AMD,2026-03-11 13:25:00+00:00,1,6,167.27076802508068,5.647370307331693,628.6821120689655,15.17470556147815,0.2083735790139117,2026-03-11 13:10:00+00:00,2026-03-11 13:25:00+00:00,2026-03-11 13:30:00+00:00,2026-03-11 14:25:00+00:00,0.0075184275184274,0.009803443398527,continuation,over_cap_or_below_cutoff,0.7205237426842472
AMD_20260319_132500,AMD,2026-03-19 13:25:00+00:00,-1,24,131.59252760862606,4.023138530393025,523.3279073973594,11.08925000185292,0.5804415113850275,2026-03-19 13:10:00+00:00,2026-03-19 13:25:00+00:00,2026-03-19 13:30:00+00:00,2026-03-19 14:25:00+00:00,-0.0033271824830051,0.0111771944216572,reversal,over_cap_or_below_cutoff,0.5379220679843788
AMD_20260320_135500,AMD,2026-03-20 13:55:00+00:00,-1,8,149.72653253149116,4.246891668112192,337.3932406465469,6.2696424360221386,0.1000142736981621,2026-03-20 13:40:00+00:00,2026-03-20 13:55:00+00:00,2026-03-20 14:00:00+00:00,2026-03-20 14:55:00+00:00,-0.0147517799668389,-0.0028955379018487,unclear,low_strength_unclear,0.47567265145273147
AMD_20260323_110000,AMD,2026-03-23 11:00:00+00:00,1,17,496.9574036511149,5.001066593707783,52.27359985089927,38.487179444093165,2.116095539229726,2026-03-23 10:45:00+00:00,2026-03-23 11:00:00+00:00,2026-03-23 11:05:00+00:00,2026-03-23 12:00:00+00:00,0.0073678861788617,0.0258259773013871,continuation,over_cap_or_below_cutoff,0.7280184505077032
AMD_20260326_132500,AMD,2026-03-26 13:25:00+00:00,1,19,212.7405599053889,4.542333056355209,306.3217008300864,12.173804086524877,0.6369706450448426,2026-03-26 13:10:00+00:00,2026-03-26 13:25:00+00:00,2026-03-26 13:30:00+00:00,2026-03-26 14:25:00+00:00,0.007672397855426,-0.0256398495550866,reversal,over_cap_or_below_cutoff,0.6155553341835025
AMD_20260327_135000,AMD,2026-03-27 13:50:00+00:00,-1,11,174.71091000502702,4.202832643556212,184.1324361224888,8.856976207146758,0.0808942137719548,2026-03-27 13:35:00+00:00,2026-03-27 13:50:00+00:00,2026-03-27 13:55:00+00:00,2026-03-27 14:50:00+00:00,-0.017171093267449,0.0001759678230266,unclear,low_strength_unclear,0.45135236452106897
AMD_20260401_124500,AMD,2026-04-01 12:45:00+00:00,-1,12,162.21051104772454,4.632987758972842,241.2927274307064,11.83027823104976,1.6836461845244304,2026-04-01 12:30:00+00:00,2026-04-01 12:45:00+00:00,2026-04-01 12:50:00+00:00,2026-04-01 13:45:00+00:00,-0.0035975551063625,0.0060739255913926,reversal,over_cap_or_below_cutoff,0.6076888273369365
AMD_20260406_133000,AMD,2026-04-06 13:30:00+00:00,1,12,313.87317224953694,5.137706387131603,395.2287196963829,23.02536443904392,0.1247232059396747,2026-04-06 13:15:00+00:00,2026-04-06 13:30:00+00:00,2026-04-06 13:35:00+00:00,2026-04-06 14:30:00+00:00,0.0313873172249536,-0.020097613175516,reversal,over_cap_or_below_cutoff,0.7349689409419133
AMD_20260407_132500,AMD,2026-04-07 13:25:00+00:00,1,14,161.99235002817505,4.911838559506139,306.42547363615614,11.470229556459625,1.2390885611879938,2026-04-07 13:10:00+00:00,2026-04-07 13:25:00+00:00,2026-04-07 13:30:00+00:00,2026-04-07 14:25:00+00:00,0.0056687252281317,0.0005957563814673,unclear,low_strength_unclear,0.6484678336859635
AMD_20260409_130000,AMD,2026-04-09 13:00:00+00:00,1,11,195.81115582673505,5.202593778103311,378.1878787878788,31.644580685572244,0.7520187754184984,2026-04-09 12:45:00+00:00,2026-04-09 13:00:00+00:00,2026-04-09 13:05:00+00:00,2026-04-09 14:00:00+00:00,0.0051948051948051,0.0045434969853574,continuation,over_cap_or_below_cutoff,0.6883836151151665
AMD_20260414_133000,AMD,2026-04-14 13:30:00+00:00,-1,9,126.96800406297504,4.279317939709226,430.995505292156,28.625338697434067,0.1557800427507037,2026-04-14 13:15:00+00:00,2026-04-14 13:30:00+00:00,2026-04-14 13:35:00+00:00,2026-04-14 14:30:00+00:00,-0.007783974641897,0.0063892595737797,reversal,over_cap_or_below_cutoff,0.48670383042496934
AMD_20260417_121000,AMD,2026-04-17 12:10:00+00:00,-1,15,134.07450822374267,4.662585195070198,317.0150923757481,22.668054117108937,1.141462856863631,2026-04-17 11:55:00+00:00,2026-04-17 12:10:00+00:00,2026-04-17 12:15:00+00:00,2026-04-17 13:10:00+00:00,-0.0132300693186085,0.0202355397633611,reversal,over_cap_or_below_cutoff,0.5883368509520344
AMD_20260420_124000,AMD,2026-04-20 12:40:00+00:00,1,26,202.4085476276638,4.640894242957414,628.7281789729917,26.273085627131685,0.5485007391250487,2026-04-20 12:25:00+00:00,2026-04-20 12:40:00+00:00,2026-04-20 12:45:00+00:00,2026-04-20 13:40:00+00:00,0.0033331062235646,0.015041848783879,continuation,over_cap_or_below_cutoff,0.7029660654619561
AMD_20260422_133000,AMD,2026-04-22 13:30:00+00:00,-1,12,186.0553552381483,4.734074026983825,297.4145401382244,11.564799864050396,0.1222735397835159,2026-04-22 13:15:00+00:00,2026-04-22 13:30:00+00:00,2026-04-22 13:35:00+00:00,2026-04-22 14:30:00+00:00,-0.0035024701523261,0.015031376190314,reversal,over_cap_or_below_cutoff,0.5504450561637892
AMD_20260423_200000,AMD,2026-04-23 20:00:00+00:00,1,3,410.6708719364005,5.059648734892663,1.2944919145307268,13.459384951910472,13.464861367172077,2026-04-23 19:45:00+00:00,2026-04-23 20:00:00+00:00,2026-04-23 20:05:00+00:00,2026-04-23 21:00:00+00:00,0.0363193736223967,0.0125649979365733,continuation,over_cap_or_below_cutoff,0.6713647490232934
AMD_20260428_124500,AMD,2026-04-28 12:45:00+00:00,1,11,380.1769457622784,4.224023594958013,185.89881079036337,9.639442583987792,0.6199870914308153,2026-04-28 12:30:00+00:00,2026-04-28 12:45:00+00:00,2026-04-28 12:50:00+00:00,2026-04-28 13:45:00+00:00,0.0043751188891001,0.0189078282828283,continuation,over_cap_or_below_cutoff,0.6364157567277823
AMD_20260429_132500,AMD,2026-04-29 13:25:00+00:00,-1,25,246.7321283382296,4.923554234782771,154.87586326968835,10.04692668509702,0.3624079369707721,2026-04-29 13:10:00+00:00,2026-04-29 13:25:00+00:00,2026-04-29 13:30:00+00:00,2026-04-29 14:25:00+00:00,-0.0066757296595301,-0.0004281607437764,unclear,over_cap_or_below_cutoff,0.6156679564437002
AMD_20260430_133000,AMD,2026-04-30 13:30:00+00:00,-1,19,257.2996247402326,4.267645336897746,124.18226359627631,9.298522724084886,0.239084351933141,2026-04-30 13:15:00+00:00,2026-04-30 13:30:00+00:00,2026-04-30 13:35:00+00:00,2026-04-30 14:30:00+00:00,-0.0250845382462686,0.0205869600968797,reversal,over_cap_or_below_cutoff,0.5478200080546696
AMZN_20240529_132500,AMZN,2024-05-29 13:25:00+00:00,1,4,97.96867216472106,4.959425628761031,977.6053442959918,21.757550603328188,0.2477815619309457,2024-05-29 13:10:00+00:00,2024-05-29 13:25:00+00:00,2024-05-29 13:30:00+00:00,2024-05-29 14:25:00+00:00,0.0056415929203539,0.0103948960510396,continuation,over_cap_or_below_cutoff,0.6837162502204939
AMZN_20240530_133000,AMZN,2024-05-30 13:30:00+00:00,-1,3,75.196315103081,4.694738194399301,540.2074587324231,14.977350399864614,0.0424212841683114,2024-05-30 13:15:00+00:00,2024-05-30 13:30:00+00:00,2024-05-30 13:35:00+00:00,2024-05-30 14:30:00+00:00,-0.0074635086752962,-0.0027703321401815,unclear,low_strength_unclear,0.4720593655296231
AMZN_20240531_132500,AMZN,2024-05-31 13:25:00+00:00,-1,12,78.5362420830471,4.301094432215449,321.9049716073705,19.938517792875555,0.8649304992787822,2024-05-31 13:10:00+00:00,2024-05-31 13:25:00+00:00,2024-05-31 13:30:00+00:00,2024-05-31 14:25:00+00:00,-0.004130616801563,-0.0197298357715375,continuation,over_cap_or_below_cutoff,0.5262140533049724
AMZN_20240604_133000,AMZN,2024-06-04 13:30:00+00:00,-1,8,85.02606039126226,4.927663080575792,941.0509832483611,48.22195752819648,0.0520748212121926,2024-06-04 13:15:00+00:00,2024-06-04 13:30:00+00:00,2024-06-04 13:35:00+00:00,2024-06-04 14:30:00+00:00,-0.0084309212372986,0.0077099806259703,reversal,over_cap_or_below_cutoff,0.6369451755075354
AMZN_20240605_133000,AMZN,2024-06-05 13:30:00+00:00,-1,8,76.47584473610358,5.343884586784686,633.438990825688,19.87781194832927,0.0735441254010782,2024-06-05 13:15:00+00:00,2024-06-05 13:30:00+00:00,2024-06-05 13:35:00+00:00,2024-06-05 14:30:00+00:00,-0.0054058549567532,0.0046547927641664,reversal,over_cap_or_below_cutoff,0.6070790399439918
AMZN_20240606_133000,AMZN,2024-06-06 13:30:00+00:00,1,3,67.26210166501767,5.071297895263091,671.5352112676056,21.619334915069714,0.0282011055399497,2024-06-06 13:15:00+00:00,2024-06-06 13:30:00+00:00,2024-06-06 13:35:00+00:00,2024-06-06 14:30:00+00:00,0.0057940624655115,0.002880342349262,unclear,low_strength_unclear,0.5167803684813875
AMZN_20240607_121500,AMZN,2024-06-07 12:15:00+00:00,1,5,82.89359391965067,5.2374897680123,47.423131170662906,37.52350428217265,0.5948440189973926,2024-06-07 12:00:00+00:00,2024-06-07 12:15:00+00:00,2024-06-07 12:20:00+00:00,2024-06-07 13:15:00+00:00,0.0048196685800931,-0.0043654001616815,reversal,over_cap_or_below_cutoff,0.542501667545344
AMZN_20240611_133000,AMZN,2024-06-11 13:30:00+00:00,1,5,112.40195153508604,6.63678094590071,625.0741945019214,23.14460517749156,0.0631549637201382,2024-06-11 13:15:00+00:00,2024-06-11 13:30:00+00:00,2024-06-11 13:35:00+00:00,2024-06-11 14:30:00+00:00,0.0036383092562868,-0.0092765753278601,reversal,over_cap_or_below_cutoff,0.7251090376896288
AMZN_20240612_123000,AMZN,2024-06-12 12:30:00+00:00,1,3,72.67286523458426,4.754076578853954,80.55451127819549,28.1249910696844,0.3378357788766903,2024-06-12 12:15:00+00:00,2024-06-12 12:30:00+00:00,2024-06-12 12:35:00+00:00,2024-06-12 13:30:00+00:00,0.0065703296116246,-0.0056782749592798,reversal,over_cap_or_below_cutoff,0.409340579334979
AMZN_20240613_133000,AMZN,2024-06-13 13:30:00+00:00,-1,9,73.5908564034804,4.450072852324497,445.4867924528302,7.74805688405159,0.0517182154635231,2024-06-13 13:15:00+00:00,2024-06-13 13:30:00+00:00,2024-06-13 13:35:00+00:00,2024-06-13 14:30:00+00:00,-0.003540202757067,0.0007805350702481,unclear,low_strength_unclear,0.47797285640171605
AMZN_20240618_140500,AMZN,2024-06-18 14:05:00+00:00,1,4,70.2531299546183,4.133526051410986,341.90946502057614,12.209620039585843,0.056902734848432,2024-06-18 13:50:00+00:00,2024-06-18 14:05:00+00:00,2024-06-18 14:10:00+00:00,2024-06-18 15:05:00+00:00,0.003831837092183,-0.005235031082997,reversal,over_cap_or_below_cutoff,0.4216026924816553
AMZN_20240620_133000,AMZN,2024-06-20 13:30:00+00:00,1,3,109.95460263632629,4.691795750120157,1179.4047109207709,52.89816663394983,0.0440930580789934,2024-06-20 13:15:00+00:00,2024-06-20 13:30:00+00:00,2024-06-20 13:35:00+00:00,2024-06-20 14:30:00+00:00,0.010222489476849,0.0011904761904761,unclear,over_cap_or_below_cutoff,0.6125631016668653
AMZN_20240624_132000,AMZN,2024-06-24 13:20:00+00:00,1,8,86.02378929482013,4.349573379861914,228.6634545892556,13.912119970888746,1.1810050360424789,2024-06-24 13:05:00+00:00,2024-06-24 13:20:00+00:00,2024-06-24 13:25:00+00:00,2024-06-24 14:20:00+00:00,0.0031213628187494,0.0065661093824163,continuation,over_cap_or_below_cutoff,0.5495666928166265
AMZN_20240624_143500,AMZN,2024-06-24 14:35:00+00:00,-1,5,128.17924477914966,4.358761551235819,217.9651334580912,7.237759004137252,0.071266556454418,2024-06-24 14:20:00+00:00,2024-06-24 14:35:00+00:00,2024-06-24 14:40:00+00:00,2024-06-24 15:35:00+00:00,-0.0081999423646222,-0.0053362565375878,continuation,over_cap_or_below_cutoff,0.5323053188539824
AMZN_20240627_155000,AMZN,2024-06-27 15:50:00+00:00,1,6,125.33115956796291,4.834857964273272,61.04693826662076,3.569417274130785,0.3453689873827281,2024-06-27 15:35:00+00:00,2024-06-27 15:50:00+00:00,2024-06-27 15:55:00+00:00,2024-06-27 16:50:00+00:00,0.0031205238387559,0.0130042327502677,continuation,over_cap_or_below_cutoff,0.5663270871483009
AMZN_20240628_132500,AMZN,2024-06-28 13:25:00+00:00,-1,7,109.5210853178452,5.08603380194991,542.6558576371725,19.402453313752694,0.6744786344362358,2024-06-28 13:10:00+00:00,2024-06-28 13:25:00+00:00,2024-06-28 13:30:00+00:00,2024-06-28 14:25:00+00:00,-0.0040281973816715,-0.0029828109201213,unclear,low_strength_unclear,0.6861843379477754
AMZN_20240701_120500,AMZN,2024-07-01 12:05:00+00:00,-1,2,105.04527813712583,4.035930457926567,33.93531948255586,34.141973551440984,1.242398779719916,2024-07-01 11:50:00+00:00,2024-07-01 12:05:00+00:00,2024-07-01 12:10:00+00:00,2024-07-01 13:05:00+00:00,-0.0103953297828758,0.0046054333764553,reversal,over_cap_or_below_cutoff,0.41843503326262943
AMZN_20240702_133000,AMZN,2024-07-02 13:30:00+00:00,-1,2,84.59891958006781,4.779695881107586,633.2393240050882,8.698785331077167,0.0153632489815722,2024-07-02 13:15:00+00:00,2024-07-02 13:30:00+00:00,2024-07-02 13:35:00+00:00,2024-07-02 14:30:00+00:00,-0.0065949060036386,0.0009034719572682,unclear,low_strength_unclear,0.46429473111214936
AMZN_20240703_134500,AMZN,2024-07-03 13:45:00+00:00,-1,5,78.79754042358967,5.195885328544935,360.8695909899229,13.330287287197924,0.036616050043176,2024-07-03 13:30:00+00:00,2024-07-03 13:45:00+00:00,2024-07-03 13:50:00+00:00,2024-07-03 14:45:00+00:00,-0.0030031533109764,-0.0067262412771725,continuation,over_cap_or_below_cutoff,0.5399665651762622
AMZN_20240705_132500,AMZN,2024-07-05 13:25:00+00:00,1,4,84.05270331667269,4.571088723271616,442.0253503961,17.829623868268172,1.0057608284455926,2024-07-05 13:10:00+00:00,2024-07-05 13:25:00+00:00,2024-07-05 13:30:00+00:00,2024-07-05 14:25:00+00:00,0.0032819994950767,0.0061902365374937,continuation,over_cap_or_below_cutoff,0.5996021910667104
AMZN_20240710_142000,AMZN,2024-07-10 14:20:00+00:00,-1,5,70.56807298755352,6.045081093618524,387.7982696771471,11.302448992004765,0.0766671895235286,2024-07-10 14:05:00+00:00,2024-07-10 14:20:00+00:00,2024-07-10 14:25:00+00:00,2024-07-10 15:20:00+00:00,-0.003902146180399,-0.0047541559941741,continuation,over_cap_or_below_cutoff,0.5977217732342246
AMZN_20240711_135000,AMZN,2024-07-11 13:50:00+00:00,-1,6,133.48249472426855,5.405173912897276,355.827892325315,25.3718430732955,0.1174531164885015,2024-07-11 13:35:00+00:00,2024-07-11 13:50:00+00:00,2024-07-11 13:55:00+00:00,2024-07-11 14:50:00+00:00,-0.0045288495220937,-0.0112856604247831,continuation,over_cap_or_below_cutoff,0.6728176103708019
AMZN_20240712_141500,AMZN,2024-07-12 14:15:00+00:00,-1,6,74.13322343001295,4.1556797821746345,127.27838373822507,6.307756811173737,0.1457573806426697,2024-07-12 14:00:00+00:00,2024-07-12 14:15:00+00:00,2024-07-12 14:20:00+00:00,2024-07-12 15:15:00+00:00,-0.0037176627438915,0.0041690256832569,reversal,over_cap_or_below_cutoff,0.39698654399627326
AMZN_20240715_153000,AMZN,2024-07-15 15:30:00+00:00,-1,9,96.15384615384582,4.155746907851843,42.53807997713773,2.989013583035208,0.3867688542172144,2024-07-15 15:15:00+00:00,2024-07-15 15:30:00+00:00,2024-07-15 15:35:00+00:00,2024-07-15 16:30:00+00:00,-0.0047642959622873,-0.0095994340735888,continuation,over_cap_or_below_cutoff,0.445903707494706
AMZN_20240716_124000,AMZN,2024-07-16 12:40:00+00:00,1,2,68.47904438266106,4.236811186685086,30.463685152057245,13.421520423388202,0.4976205218365314,2024-07-16 12:25:00+00:00,2024-07-16 12:40:00+00:00,2024-07-16 12:45:00+00:00,2024-07-16 13:40:00+00:00,0.0068479044382658,-0.0075070314497571,reversal,over_cap_or_below_cutoff,0.3077470138785008
AMZN_20240718_133000,AMZN,2024-07-18 13:30:00+00:00,-1,5,104.1611025052136,4.084457978462013,526.530095759234,16.5838714975431,0.0696791405339952,2024-07-18 13:15:00+00:00,2024-07-18 13:30:00+00:00,2024-07-18 13:35:00+00:00,2024-07-18 14:30:00+00:00,-0.0062968026924694,-0.0203648764358662,continuation,over_cap_or_below_cutoff,0.5209626892843147
AMZN_20240722_133000,AMZN,2024-07-22 13:30:00+00:00,-1,8,92.24387315102776,4.762591610511922,641.9936460474678,18.62726984202183,0.1478054064511217,2024-07-22 13:15:00+00:00,2024-07-22 13:30:00+00:00,2024-07-22 13:35:00+00:00,2024-07-22 14:30:00+00:00,-0.005872801082544,8.167043258122675e-05,unclear,low_strength_unclear,0.591889616127161
AMZN_20240725_133000,AMZN,2024-07-25 13:30:00+00:00,-1,20,141.98557958957193,4.226850192877736,307.16261548120906,8.355238728229061,0.1951194422105809,2024-07-25 13:15:00+00:00,2024-07-25 13:30:00+00:00,2024-07-25 13:35:00+00:00,2024-07-25 14:30:00+00:00,-0.0064998907581386,-0.0137720600362856,continuation,over_cap_or_below_cutoff,0.5762914409000144
AMZN_20240802_123000,AMZN,2024-08-02 12:30:00+00:00,-1,14,250.0805651958293,4.191082029180971,203.41656760968908,6.872882866559454,0.6337723063632221,2024-08-02 12:15:00+00:00,2024-08-02 12:30:00+00:00,2024-08-02 12:35:00+00:00,2024-08-02 13:30:00+00:00,-0.0077652637818612,-0.0083039608100841,continuation,over_cap_or_below_cutoff,0.656292423332737
AMZN_20240806_132000,AMZN,2024-08-06 13:20:00+00:00,-1,16,175.14459084910118,4.39127580923711,184.2000939960052,5.401732972988619,0.5445333537043494,2024-08-06 13:05:00+00:00,2024-08-06 13:20:00+00:00,2024-08-06 13:25:00+00:00,2024-08-06 14:20:00+00:00,-0.0031625945677786,0.0032317262830481,reversal,over_cap_or_below_cutoff,0.6628201374146807
AMZN_20240808_123000,AMZN,2024-08-08 12:30:00+00:00,1,5,145.15037825204803,4.09402080504021,26.286167512690355,9.531539143697833,0.6526190258491769,2024-08-08 12:15:00+00:00,2024-08-08 12:30:00+00:00,2024-08-08 12:35:00+00:00,2024-08-08 13:30:00+00:00,0.0097605893186003,-0.0016931120432853,unclear,low_strength_unclear,0.557529807644322
AMZN_20240809_132500,AMZN,2024-08-09 13:25:00+00:00,1,3,107.4425061869988,5.123603305145783,381.56435403801913,9.262226166680056,0.6608983520383521,2024-08-09 13:10:00+00:00,2024-08-09 13:25:00+00:00,2024-08-09 13:30:00+00:00,2024-08-09 14:25:00+00:00,0.0067045179995166,0.004859902801944,continuation,over_cap_or_below_cutoff,0.6023376439228115
AMZN_20240812_133000,AMZN,2024-08-12 13:30:00+00:00,-1,8,112.89201288408046,5.231577384796746,960.689484126984,26.101707017993647,0.0757171401122369,2024-08-12 13:15:00+00:00,2024-08-12 13:30:00+00:00,2024-08-12 13:35:00+00:00,2024-08-12 14:30:00+00:00,-0.005583135391924,0.0025689747628983,unclear,over_cap_or_below_cutoff,0.7220334026770456
AMZN_20240815_115000,AMZN,2024-08-15 11:50:00+00:00,1,9,132.24290934400918,5.105420851787097,115.5912408759124,13.2682949531642,0.4634640820455165,2024-08-15 11:35:00+00:00,2024-08-15 11:50:00+00:00,2024-08-15 11:55:00+00:00,2024-08-15 12:50:00+00:00,0.0030927233471436,0.0179173938336241,continuation,over_cap_or_below_cutoff,0.6272847201013565
AMZN_20240819_141500,AMZN,2024-08-19 14:15:00+00:00,-1,3,85.38280430034462,4.049468031103124,209.54975086818663,14.33091079918141,0.0834201464815064,2024-08-19 14:00:00+00:00,2024-08-19 14:15:00+00:00,2024-08-19 14:20:00+00:00,2024-08-19 15:15:00+00:00,-0.0084659953872983,0.0041624826255923,reversal,over_cap_or_below_cutoff,0.3693570634663458
AMZN_20240821_134000,AMZN,2024-08-21 13:40:00+00:00,1,5,88.94324309300706,4.726250938587224,280.6184939091916,5.881465564335404,0.0362881609460431,2024-08-21 13:25:00+00:00,2024-08-21 13:40:00+00:00,2024-08-21 13:45:00+00:00,2024-08-21 14:40:00+00:00,0.0088943243093002,-0.0010468896357925,unclear,low_strength_unclear,0.49958047852831994
AMZN_20240822_120000,AMZN,2024-08-22 12:00:00+00:00,-1,2,65.67961705444381,4.293985319765187,45.45598480050665,24.865568123252363,0.982117973114992,2024-08-22 11:45:00+00:00,2024-08-22 12:00:00+00:00,2024-08-22 12:05:00+00:00,2024-08-22 13:00:00+00:00,-0.006525105065251,0.0074585327841478,reversal,over_cap_or_below_cutoff,0.35664434593691463
AMZN_20240827_133000,AMZN,2024-08-27 13:30:00+00:00,-1,4,101.39526822081636,5.692517362527735,728.5741873189572,19.21806436469266,0.0181947154131123,2024-08-27 13:15:00+00:00,2024-08-27 13:30:00+00:00,2024-08-27 13:35:00+00:00,2024-08-27 14:30:00+00:00,-0.0042681180177599,-0.0014700382612699,unclear,over_cap_or_below_cutoff,0.7020568920158412
AMZN_20240828_132500,AMZN,2024-08-28 13:25:00+00:00,1,9,69.02552204175905,4.038473751466011,206.0330679730557,12.134423355271633,0.6484779753476765,2024-08-28 13:10:00+00:00,2024-08-28 13:25:00+00:00,2024-08-28 13:30:00+00:00,2024-08-28 14:25:00+00:00,0.0034684085785305,-0.0096203698369722,reversal,over_cap_or_below_cutoff,0.43940634177515847
AMZN_20240830_132500,AMZN,2024-08-30 13:25:00+00:00,-1,7,114.37340745888535,5.530063697540268,561.7029207232267,12.717833953476765,0.3805458329117997,2024-08-30 13:10:00+00:00,2024-08-30 13:25:00+00:00,2024-08-30 13:30:00+00:00,2024-08-30 14:25:00+00:00,-0.0035776110790537,0.0122046560111188,reversal,over_cap_or_below_cutoff,0.7132661386618082
AMZN_20240905_100000,AMZN,2024-09-05 10:00:00+00:00,1,3,64.16184971097971,4.259110053819232,7.068187453508554,7.681950999688618,3.4113777164941594,2024-09-05 09:45:00+00:00,2024-09-05 10:00:00+00:00,2024-09-05 10:05:00+00:00,2024-09-05 11:00:00+00:00,0.003527030933796,0.003975570407928,continuation,over_cap_or_below_cutoff,0.4045300304155743
AMZN_20240905_133000,AMZN,2024-09-05 13:30:00+00:00,1,14,148.76033057851456,4.732725857582318,433.9555685472084,11.458980392232156,0.1143130864039003,2024-09-05 13:15:00+00:00,2024-09-05 13:30:00+00:00,2024-09-05 13:35:00+00:00,2024-09-05 14:30:00+00:00,0.0080911680911679,0.0143567714221117,continuation,over_cap_or_below_cutoff,0.6545942459626646
AMZN_20240913_112500,AMZN,2024-09-13 11:25:00+00:00,1,3,60.50222198425992,5.139739398900629,18.97458369851008,10.11439779420484,1.0767827119059177,2024-09-13 11:10:00+00:00,2024-09-13 11:25:00+00:00,2024-09-13 11:30:00+00:00,2024-09-13 12:25:00+00:00,0.0050870147255688,-0.0001065530101224,unclear,low_strength_unclear,0.4797933429322895
AMZN_20240913_134000,AMZN,2024-09-13 13:40:00+00:00,1,3,64.15245629977973,4.005094366101385,224.4742560226736,7.121232893849976,0.0320304161969286,2024-09-13 13:25:00+00:00,2024-09-13 13:40:00+00:00,2024-09-13 13:45:00+00:00,2024-09-13 14:40:00+00:00,0.0054581555670618,-0.0010639995744,unclear,low_strength_unclear,0.3219274384023052
AMZN_20240917_133000,AMZN,2024-09-17 13:30:00+00:00,1,3,89.42436412315845,5.469562875918611,927.4009174311926,39.75785027929196,0.0430637058432287,2024-09-17 13:15:00+00:00,2024-09-17 13:30:00+00:00,2024-09-17 13:35:00+00:00,2024-09-17 14:30:00+00:00,0.0039587011180655,0.0036153887142325,continuation,over_cap_or_below_cutoff,0.6456024297672643
AMZN_20240918_132500,AMZN,2024-09-18 13:25:00+00:00,-1,7,87.3174149733269,6.594146384561634,766.1790146671681,17.817590961984397,0.1407449045423067,2024-09-18 13:10:00+00:00,2024-09-18 13:25:00+00:00,2024-09-18 13:30:00+00:00,2024-09-18 14:25:00+00:00,-0.0032602985837125,0.0024662234612908,unclear,over_cap_or_below_cutoff,0.7116860670109273
AMZN_20240926_133000,AMZN,2024-09-26 13:30:00+00:00,-1,3,95.49512144488182,4.062987687440968,502.7786286112078,18.62359079872064,0.037878868694855,2024-09-26 13:15:00+00:00,2024-09-26 13:30:00+00:00,2024-09-26 13:35:00+00:00,2024-09-26 14:30:00+00:00,-0.0077245170571309,-0.015465745729057,continuation,over_cap_or_below_cutoff,0.44432343215157377
AMZN_20240930_133500,AMZN,2024-09-30 13:35:00+00:00,1,6,80.82646397601367,4.455684072498549,329.41768441621883,17.446865872265278,0.0739769440866634,2024-09-30 13:20:00+00:00,2024-09-30 13:35:00+00:00,2024-09-30 13:40:00+00:00,2024-09-30 14:35:00+00:00,0.008082646397602,-0.0140816651622153,reversal,over_cap_or_below_cutoff,0.4716190039777456
AMZN_20241001_132000,AMZN,2024-10-01 13:20:00+00:00,-1,4,63.87431708841041,4.648651813159017,709.3868669362604,10.506851299062095,0.3190094009680613,2024-10-01 13:05:00+00:00,2024-10-01 13:20:00+00:00,2024-10-01 13:25:00+00:00,2024-10-01 14:20:00+00:00,-0.0031768253284514,-0.0054286177280828,continuation,over_cap_or_below_cutoff,0.5555819448199812
AMZN_20241003_141500,AMZN,2024-10-03 14:15:00+00:00,-1,3,113.07225592938951,4.226480866811779,242.80435676120013,7.8818936449988515,0.0396366111831235,2024-10-03 14:00:00+00:00,2024-10-03 14:15:00+00:00,2024-10-03 14:20:00+00:00,2024-10-03 15:15:00+00:00,-0.0064768197455358,0.0003358177987828,unclear,low_strength_unclear,0.44238475140578265
AMZN_20241003_224500,AMZN,2024-10-03 22:45:00+00:00,1,3,63.152114222948526,4.427518435087957,0.3112571754781009,3.930884990969596,24.31223157304212,2024-10-03 22:30:00+00:00,2024-10-03 22:45:00+00:00,2024-10-03 22:50:00+00:00,2024-10-03 23:45:00+00:00,0.0057124025046686,0.006389404696887,continuation,over_cap_or_below_cutoff,0.41765025138014095
AMZN_20241004_123000,AMZN,2024-10-04 12:30:00+00:00,1,6,72.09844419147294,4.169819111566316,21.96434526099782,6.974925179906897,0.502874078669499,2024-10-04 12:15:00+00:00,2024-10-04 12:30:00+00:00,2024-10-04 12:35:00+00:00,2024-10-04 13:30:00+00:00,0.0033722016820378,0.0060198682647663,continuation,near_duplicate,0.40730605836491024
AMZN_20241004_132000,AMZN,2024-10-04 13:20:00+00:00,-1,9,118.18132757690503,4.582923865462551,161.09258406264394,6.415531030835296,0.4768029985156113,2024-10-04 13:05:00+00:00,2024-10-04 13:20:00+00:00,2024-10-04 13:25:00+00:00,2024-10-04 14:20:00+00:00,-0.0043417667238422,-0.0062987886944817,continuation,over_cap_or_below_cutoff,0.5610926301237509
AMZN_20241009_133000,AMZN,2024-10-09 13:30:00+00:00,-1,3,64.59876035324497,4.023362164156239,583.4997150997151,10.970803374378416,0.0357325843224572,2024-10-09 13:15:00+00:00,2024-10-09 13:30:00+00:00,2024-10-09 13:35:00+00:00,2024-10-09 14:30:00+00:00,-0.0064184138773334,0.0080083374472053,reversal,over_cap_or_below_cutoff,0.3962763944251108
AMZN_20241010_125000,AMZN,2024-10-10 12:50:00+00:00,1,2,66.95232994108791,4.351450189430976,121.421143847487,11.3536481772592,0.3899287162131707,2024-10-10 12:35:00+00:00,2024-10-10 12:50:00+00:00,2024-10-10 12:55:00+00:00,2024-10-10 13:50:00+00:00,0.0066952329941081,-0.0034849694067571,reversal,over_cap_or_below_cutoff,0.3234200226123165
AMZN_20241015_132500,AMZN,2024-10-15 13:25:00+00:00,-1,5,68.87714239949273,4.820251726826466,674.8,22.230035229349244,0.6491638682240302,2024-10-15 13:10:00+00:00,2024-10-15 13:25:00+00:00,2024-10-15 13:30:00+00:00,2024-10-15 14:25:00+00:00,-0.004721234947748,-0.0060761112887752,continuation,near_duplicate,0.6059197585705463
AMZN_20241015_141500,AMZN,2024-10-15 14:15:00+00:00,-1,6,118.41678382177976,5.722318367019629,311.8905660377358,11.2812705297841,0.0800255759729679,2024-10-15 14:00:00+00:00,2024-10-15 14:15:00+00:00,2024-10-15 14:20:00+00:00,2024-10-15 15:15:00+00:00,-0.0036915465233813,-0.0081617462132114,continuation,over_cap_or_below_cutoff,0.6609998747367597
AMZN_20241016_133000,AMZN,2024-10-16 13:30:00+00:00,-1,2,63.87204122162204,5.060863048600719,609.2377142857143,23.855378590204506,0.0318164642906655,2024-10-16 13:15:00+00:00,2024-10-16 13:30:00+00:00,2024-10-16 13:35:00+00:00,2024-10-16 14:30:00+00:00,-0.0063466666666666,0.0060007514357791,reversal,over_cap_or_below_cutoff,0.4471489914900273
AMZN_20241024_132500,AMZN,2024-10-24 13:25:00+00:00,-1,4,77.25042691025807,4.368144175107104,455.1926151503616,17.761717584405186,0.4719642193244458,2024-10-24 13:10:00+00:00,2024-10-24 13:25:00+00:00,2024-10-24 13:30:00+00:00,2024-10-24 14:25:00+00:00,-0.003334947017374,0.0038588159101948,reversal,over_cap_or_below_cutoff,0.5192212284627036
AMZN_20241025_134000,AMZN,2024-10-25 13:40:00+00:00,1,4,84.53131749229348,4.026360032320127,287.066728884741,7.765536911997071,0.0192477258000279,2024-10-25 13:25:00+00:00,2024-10-25 13:40:00+00:00,2024-10-25 13:45:00+00:00,2024-10-25 14:40:00+00:00,0.0075941055073254,0.0026766255474914,unclear,low_strength_unclear,0.42485275429271385
AMZN_20241029_200500,AMZN,2024-10-29 20:05:00+00:00,1,3,104.29222787065262,4.464101729414725,0.9140931500603204,6.093668087757782,14.726173762457003,2024-10-29 19:50:00+00:00,2024-10-29 20:05:00+00:00,2024-10-29 20:10:00+00:00,2024-10-29 21:05:00+00:00,0.0061205273069679,0.005771330525659,continuation,over_cap_or_below_cutoff,0.5016439409286186
AMZN_20241030_220000,AMZN,2024-10-30 22:00:00+00:00,-1,5,121.55335718796236,4.271632523674438,0.7867547535481122,13.431518207660158,37.76760879849399,2024-10-30 21:45:00+00:00,2024-10-30 22:00:00+00:00,2024-10-30 22:05:00+00:00,2024-10-30 23:00:00+00:00,-0.0116006866774176,0.0054210526315789,reversal,over_cap_or_below_cutoff,0.5686261444609173
AMZN_20241031_200000,AMZN,2024-10-31 20:00:00+00:00,1,5,540.7198798412182,4.7530762495613015,11.233949281862408,32.73221379271572,4.437073465107702,2024-10-31 19:45:00+00:00,2024-10-31 20:00:00+00:00,2024-10-31 20:05:00+00:00,2024-10-31 21:00:00+00:00,0.054071987984122,-0.0085501228752555,reversal,over_cap_or_below_cutoff,0.7198801790637603
AMZN_20241107_143500,AMZN,2024-11-07 14:35:00+00:00,1,14,112.8744392455694,5.664662813769804,354.47733279121775,8.070648624725901,0.0623449350528723,2024-11-07 14:20:00+00:00,2024-11-07 14:35:00+00:00,2024-11-07 14:40:00+00:00,2024-11-07 15:35:00+00:00,0.0077541781052834,0.0064815522844581,continuation,over_cap_or_below_cutoff,0.6515773863366163
AMZN_20241108_103500,AMZN,2024-11-08 10:35:00+00:00,-1,3,67.04980842911601,4.453663524329633,2.2743029389600604,3.6302624415261135,43.38484239521186,2024-11-08 10:20:00+00:00,2024-11-08 10:35:00+00:00,2024-11-08 10:40:00+00:00,2024-11-08 11:40:00+00:00,-0.0038113387327298,0.0004782400765184,unclear,over_cap_or_below_cutoff,0.42763959680695346
AMZN_20241111_142500,AMZN,2024-11-11 14:25:00+00:00,-1,6,106.6036370652612,4.800935377558784,241.639066975856,15.261686199623334,0.7000701837871077,2024-11-11 14:10:00+00:00,2024-11-11 14:25:00+00:00,2024-11-11 14:30:00+00:00,2024-11-11 15:25:00+00:00,-0.0041069723018147,-0.00882324733864,continuation,over_cap_or_below_cutoff,0.5962554180646871
AMZN_20241113_143000,AMZN,2024-11-13 14:30:00+00:00,1,9,73.51186214138438,4.109620830428661,660.9932624113475,10.296210875533031,0.0922581688528145,2024-11-13 14:15:00+00:00,2024-11-13 14:30:00+00:00,2024-11-13 14:35:00+00:00,2024-11-13 15:30:00+00:00,0.0030183156338057,0.0059489815343614,continuation,over_cap_or_below_cutoff,0.49252452557665255
AMZN_20241114_143000,AMZN,2024-11-14 14:30:00+00:00,1,7,130.608409678179,4.741323828509438,616.9078233927188,16.30003860285471,0.0876338072004311,2024-11-14 14:15:00+00:00,2024-11-14 14:30:00+00:00,2024-11-14 14:35:00+00:00,2024-11-14 15:30:00+00:00,0.0054555628089154,-0.0146686453647451,reversal,over_cap_or_below_cutoff,0.6539070055896548
AMZN_20241118_230000,AMZN,2024-11-18 23:00:00+00:00,1,2,131.51364764267592,4.153838315382163,0.2449355569220435,9.905703405055467,62.39715546326688,2024-11-18 22:40:00+00:00,2024-11-18 23:00:00+00:00,2024-11-18 23:05:00+00:00,2024-11-19 00:00:00+00:00,0.0123475156203511,-0.0122458976242958,reversal,over_cap_or_below_cutoff,0.47624904098356746
AMZN_20241125_141500,AMZN,2024-11-25 14:15:00+00:00,1,8,121.78470311841716,4.790219241144027,877.9610838334243,24.33960915813196,0.3156414469036231,2024-11-25 14:00:00+00:00,2024-11-25 14:15:00+00:00,2024-11-25 14:20:00+00:00,2024-11-25 15:15:00+00:00,0.0031116687578418,-0.0028018211837694,unclear,over_cap_or_below_cutoff,0.7148871735698641
AMZN_20241126_143000,AMZN,2024-11-26 14:30:00+00:00,1,4,157.5817641228916,5.095006830642,359.6739784185388,12.51019037207395,0.0366451339484366,2024-11-26 14:15:00+00:00,2024-11-26 14:30:00+00:00,2024-11-26 14:35:00+00:00,2024-11-26 15:30:00+00:00,0.008409596834034,0.0132940887907775,continuation,over_cap_or_below_cutoff,0.6836869439252085
AMZN_20241202_143000,AMZN,2024-12-02 14:30:00+00:00,1,8,86.46845816656867,4.432536153380021,694.2880805819809,18.835959031934426,0.1417201802293647,2024-12-02 14:15:00+00:00,2024-12-02 14:30:00+00:00,2024-12-02 14:35:00+00:00,2024-12-02 15:30:00+00:00,0.008646845816657,0.001795981762424,unclear,low_strength_unclear,0.5594352006136918
AMZN_20241204_143000,AMZN,2024-12-04 14:30:00+00:00,1,10,79.82179320586536,5.194431980979872,807.4844172644949,18.608879970780983,0.0649181800276621,2024-12-04 14:15:00+00:00,2024-12-04 14:30:00+00:00,2024-12-04 14:35:00+00:00,2024-12-04 15:30:00+00:00,0.005516202308655,0.0095670860152539,continuation,over_cap_or_below_cutoff,0.63334396522407
AMZN_20241211_143000,AMZN,2024-12-11 14:30:00+00:00,1,14,96.6669582713675,4.243795527481565,923.1006858710564,25.552014992500737,0.1176987428977987,2024-12-11 14:15:00+00:00,2024-12-11 14:30:00+00:00,2024-12-11 14:35:00+00:00,2024-12-11 15:30:00+00:00,0.0069459757442116,0.010839811671959,continuation,over_cap_or_below_cutoff,0.6015528036020565
AMZN_20241212_143000,AMZN,2024-12-12 14:30:00+00:00,1,4,77.91567455269987,4.162458912364077,383.18167834558193,10.75780024196168,0.0467985902650372,2024-12-12 14:15:00+00:00,2024-12-12 14:30:00+00:00,2024-12-12 14:35:00+00:00,2024-12-12 15:30:00+00:00,0.0031026503078199,0.000323843500017,unclear,low_strength_unclear,0.4464962738678654
AMZN_20241213_143000,AMZN,2024-12-13 14:30:00+00:00,1,3,76.20882971268728,4.390857817220686,440.5272536687631,12.727223951534985,0.0473575196532561,2024-12-13 14:15:00+00:00,2024-12-13 14:30:00+00:00,2024-12-13 14:35:00+00:00,2024-12-13 15:30:00+00:00,0.0031548282179181,-0.0043383739694071,reversal,over_cap_or_below_cutoff,0.42610410099091334
AMZN_20241218_203000,AMZN,2024-12-18 20:30:00+00:00,-1,12,181.61024702652907,4.848427191697213,5.872546850545326,4.21113558845912,27.22572148772884,2024-12-18 20:15:00+00:00,2024-12-18 20:30:00+00:00,2024-12-18 20:35:00+00:00,2024-12-18 21:30:00+00:00,-0.0068987623541981,-0.0120477660864014,continuation,over_cap_or_below_cutoff,0.7235021319855499
AMZN_20241223_133500,AMZN,2024-12-23 13:35:00+00:00,-1,2,63.609270050266616,4.009289009143946,9.760455441208672,9.405789721558776,1.0509169572942108,2024-12-23 13:20:00+00:00,2024-12-23 13:35:00+00:00,2024-12-23 13:40:00+00:00,2024-12-23 14:35:00+00:00,-0.0057420494699647,0.0006663705019991,unclear,low_strength_unclear,0.3252775350732738
AMZN_20241227_143000,AMZN,2024-12-27 14:30:00+00:00,-1,9,134.0559553505738,6.572371718520808,463.9157667386609,26.04375295088834,0.0629603371540592,2024-12-27 14:15:00+00:00,2024-12-27 14:30:00+00:00,2024-12-27 14:35:00+00:00,2024-12-27 15:30:00+00:00,-0.0035476718403548,-0.0151139296840231,continuation,over_cap_or_below_cutoff,0.735208995382159
AMZN_20241231_143500,AMZN,2024-12-31 14:35:00+00:00,-1,3,71.86765503525817,4.227657571589529,131.1878672985782,8.310532660383164,0.0628910904745589,2024-12-31 14:20:00+00:00,2024-12-31 14:35:00+00:00,2024-12-31 14:40:00+00:00,2024-12-31 15:35:00+00:00,-0.0067697825599641,0.0002654148235081,unclear,low_strength_unclear,0.34225240530336104
AMZN_20250102_143500,AMZN,2025-01-02 14:35:00+00:00,-1,17,130.91846425179466,4.958281662788287,295.5645028759244,9.98330576863793,0.1915526817470724,2025-01-02 14:20:00+00:00,2025-01-02 14:35:00+00:00,2025-01-02 14:40:00+00:00,2025-01-02 15:35:00+00:00,-0.006894147285078,0.007983873707575,reversal,over_cap_or_below_cutoff,0.620857076688055
AMZN_20250107_143000,AMZN,2025-01-07 14:30:00+00:00,-1,7,92.84582245139728,5.999327241758225,816.9843979982337,16.505751360386814,0.0984669002551849,2025-01-07 14:15:00+00:00,2025-01-07 14:30:00+00:00,2025-01-07 14:35:00+00:00,2025-01-07 15:30:00+00:00,-0.0056110818867263,-0.0172368189031916,continuation,over_cap_or_below_cutoff,0.7285450789189272
AMZN_20250115_133000,AMZN,2025-01-15 13:30:00+00:00,1,3,178.5877409335912,5.064664313285295,126.84179357021996,52.79737736822444,0.6372319861410535,2025-01-15 13:15:00+00:00,2025-01-15 13:30:00+00:00,2025-01-15 13:35:00+00:00,2025-01-15 14:30:00+00:00,0.0178587740933588,0.000493605564281,unclear,low_strength_unclear,0.6735195704169994
AMZN_20250117_135000,AMZN,2025-01-17 13:50:00+00:00,1,4,66.25184654639682,4.281366245398849,42.20262664165103,11.129393608434649,0.3803494663282803,2025-01-17 13:35:00+00:00,2025-01-17 13:50:00+00:00,2025-01-17 13:55:00+00:00,2025-01-17 14:50:00+00:00,0.0033641338476719,0.0022906701238321,unclear,low_strength_unclear,0.3988007913436381
AMZN_20250121_130500,AMZN,2025-01-21 13:05:00+00:00,-1,2,149.70538122958789,4.423010921462135,3.273508353221957,30.07996146826094,11.556740251555254,2025-01-21 12:50:00+00:00,2025-01-21 13:05:00+00:00,2025-01-21 13:10:00+00:00,2025-01-21 14:05:00+00:00,-0.0147497267759563,0.0180320885986084,reversal,over_cap_or_below_cutoff,0.5409979957154393
AMZN_20250122_145000,AMZN,2025-01-22 14:50:00+00:00,1,6,89.3038902786114,6.241446283712883,200.5539590816805,9.514812777337577,0.1073296414060954,2025-01-22 14:35:00+00:00,2025-01-22 14:50:00+00:00,2025-01-22 14:55:00+00:00,2025-01-22 15:50:00+00:00,0.0046172434625011,0.0073879987973024,continuation,over_cap_or_below_cutoff,0.5998789567205971
AMZN_20250123_142500,AMZN,2025-01-23 14:25:00+00:00,-1,10,86.81450919717726,5.003521818836896,642.4611483426916,22.23015475017421,0.5529140248133956,2025-01-23 14:10:00+00:00,2025-01-23 14:25:00+00:00,2025-01-23 14:30:00+00:00,2025-01-23 15:25:00+00:00,-0.0042633015006821,0.0031255351943826,reversal,over_cap_or_below_cutoff,0.6425154669453988
AMZN_20250128_144500,AMZN,2025-01-28 14:45:00+00:00,1,9,108.80232111618594,5.2249678075343455,277.697247706422,9.576389655668176,0.0423546415422908,2025-01-28 14:30:00+00:00,2025-01-28 14:45:00+00:00,2025-01-28 14:50:00+00:00,2025-01-28 15:45:00+00:00,0.0032754806874255,0.0171719313122749,continuation,over_cap_or_below_cutoff,0.5851394170206922
AMZN_20250129_142500,AMZN,2025-01-29 14:25:00+00:00,-1,4,84.33459913004037,5.085699748128898,476.4800136077564,18.02485518445229,0.6921987736496835,2025-01-29 14:10:00+00:00,2025-01-29 14:25:00+00:00,2025-01-29 14:30:00+00:00,2025-01-29 15:25:00+00:00,-0.004209232563953,-0.0038898002884402,continuation,over_cap_or_below_cutoff,0.6256195733966826
AMZN_20250129_210000,AMZN,2025-01-29 21:00:00+00:00,-1,5,169.1721272859681,4.194522548890981,2.366449972779832,7.211771464890434,7.584545476379207,2025-01-29 20:45:00+00:00,2025-01-29 21:00:00+00:00,2025-01-29 21:05:00+00:00,2025-01-29 22:00:00+00:00,-0.0166357816711589,0.0086727482975714,reversal,over_cap_or_below_cutoff,0.6528814680798869
AMZN_20250131_143000,AMZN,2025-01-31 14:30:00+00:00,1,6,92.05303606115044,6.403716081110016,833.3257790368272,23.71304546627951,0.0642095600169114,2025-01-31 14:15:00+00:00,2025-01-31 14:30:00+00:00,2025-01-31 14:35:00+00:00,2025-01-31 15:30:00+00:00,0.0054791622593612,0.0054703444213006,continuation,over_cap_or_below_cutoff,0.7269994139539582
AMZN_20250204_210000,AMZN,2025-02-04 21:00:00+00:00,-1,12,144.40589020828787,4.315808706621584,3.097897767658149,12.772226829344136,46.87841462966099,2025-02-04 20:45:00+00:00,2025-02-04 21:00:00+00:00,2025-02-04 21:05:00+00:00,2025-02-04 22:00:00+00:00,-0.0106796920274857,-0.005439330543933,continuation,over_cap_or_below_cutoff,0.6171556229929307
AMZN_20250205_142500,AMZN,2025-02-05 14:25:00+00:00,-1,6,86.07744855444909,4.044484684293851,490.2282336080258,12.255614695766887,0.3172457788313832,2025-02-05 14:10:00+00:00,2025-02-05 14:25:00+00:00,2025-02-05 14:30:00+00:00,2025-02-05 15:25:00+00:00,-0.0078024823794637,0.002240476391587,unclear,low_strength_unclear,0.4982654784690348
AMZN_20250207_143000,AMZN,2025-02-07 14:30:00+00:00,1,7,165.45023789308112,4.097162609735853,212.67819210791532,8.67721706922013,0.2249896299417525,2025-02-07 14:15:00+00:00,2025-02-07 14:30:00+00:00,2025-02-07 14:35:00+00:00,2025-02-07 15:30:00+00:00,0.0042636189846054,-0.0133396242601011,reversal,over_cap_or_below_cutoff,0.5938408458685793
AMZN_20250210_142500,AMZN,2025-02-10 14:25:00+00:00,1,10,80.25577450085252,4.21862662026356,627.6679978700746,16.472471018646406,0.6720022838646733,2025-02-10 14:10:00+00:00,2025-02-10 14:25:00+00:00,2025-02-10 14:30:00+00:00,2025-02-10 15:25:00+00:00,0.0039763854238661,0.0124853687085448,continuation,over_cap_or_below_cutoff,0.5643124217969446
AMZN_20250211_142500,AMZN,2025-02-11 14:25:00+00:00,1,4,81.31996316115497,4.997858627286358,895.7702070808283,21.757563558116548,0.4415959831632616,2025-02-11 14:10:00+00:00,2025-02-11 14:25:00+00:00,2025-02-11 14:30:00+00:00,2025-02-11 15:25:00+00:00,0.0041156344737982,0.0036269092599836,continuation,over_cap_or_below_cutoff,0.6710983989310447
AMZN_20250212_133000,AMZN,2025-02-12 13:30:00+00:00,-1,3,126.8416005579276,5.9910224283719575,130.4423758865248,40.13523636003447,0.311906359031687,2025-02-12 13:15:00+00:00,2025-02-12 13:30:00+00:00,2025-02-12 13:35:00+00:00,2025-02-12 14:30:00+00:00,-0.0095078299776286,-0.0022803283672847,unclear,low_strength_unclear,0.6284617691225385
AMZN_20250218_205000,AMZN,2025-02-18 20:50:00+00:00,1,3,96.88411768636216,4.15417461593028,7.148951343075488,3.2327802964069217,2.3088689753236564,2025-02-18 20:35:00+00:00,2025-02-18 20:50:00+00:00,2025-02-18 20:55:00+00:00,2025-02-18 21:50:00+00:00,0.0062818827827404,0.001704558032453,unclear,low_strength_unclear,0.4582881534676252
AMZN_20250221_142500,AMZN,2025-02-21 14:25:00+00:00,-1,8,69.68171192231809,6.085504032191285,1003.9703842549204,20.162801127246308,0.3582046952349598,2025-02-21 14:10:00+00:00,2025-02-21 14:25:00+00:00,2025-02-21 14:30:00+00:00,2025-02-21 15:25:00+00:00,-0.0036162328675387,-0.0165113361412313,continuation,over_cap_or_below_cutoff,0.7259624381126308
AMZN_20250224_143000,AMZN,2025-02-24 14:30:00+00:00,-1,9,93.05161237460167,4.176522785911988,590.1693524758277,19.34148936068225,0.1430953886395199,2025-02-24 14:15:00+00:00,2025-02-24 14:30:00+00:00,2025-02-24 14:35:00+00:00,2025-02-24 15:30:00+00:00,-0.0092193734807136,-0.0103226600882604,continuation,over_cap_or_below_cutoff,0.5276085994721497
AMZN_20250226_145500,AMZN,2025-02-26 14:55:00+00:00,1,5,97.99502294808526,5.027076998119164,177.91295681063124,9.621964728011982,0.0751481527229419,2025-02-26 14:40:00+00:00,2025-02-26 14:55:00+00:00,2025-02-26 15:00:00+00:00,2025-02-26 15:55:00+00:00,0.0097995022948083,0.0012566290062254,unclear,low_strength_unclear,0.5287522908615447
AMZN_20250228_143000,AMZN,2025-02-28 14:30:00+00:00,-1,4,106.88864760526108,4.558974770066402,580.0247660187185,15.612075736867158,0.0360056511921255,2025-02-28 14:15:00+00:00,2025-02-28 14:30:00+00:00,2025-02-28 14:35:00+00:00,2025-02-28 15:30:00+00:00,-0.0105758212375859,0.0145011460972372,reversal,over_cap_or_below_cutoff,0.5783300424915012
AMZN_20250303_142500,AMZN,2025-03-03 14:25:00+00:00,-1,11,122.00322183265388,4.862486990450761,299.79077770130766,25.11898650719789,0.6493318917705286,2025-03-03 14:10:00+00:00,2025-03-03 14:25:00+00:00,2025-03-03 14:30:00+00:00,2025-03-03 15:25:00+00:00,-0.0035530621785881,-0.011588627193394,continuation,over_cap_or_below_cutoff,0.6387842922229408
AMZN_20250307_151500,AMZN,2025-03-07 15:15:00+00:00,-1,6,169.18628246753943,4.698204737894758,163.95741944702436,8.298573776821941,0.108739516729375,2025-03-07 15:00:00+00:00,2025-03-07 15:15:00+00:00,2025-03-07 15:20:00+00:00,2025-03-07 16:15:00+00:00,-0.0031762976923012,-0.0254026025826394,continuation,over_cap_or_below_cutoff,0.636897924539957
AMZN_20250311_133000,AMZN,2025-03-11 13:30:00+00:00,1,11,247.1365184191465,5.331895411068045,292.65929548515135,10.725624525879196,0.1265154775273969,2025-03-11 13:15:00+00:00,2025-03-11 13:30:00+00:00,2025-03-11 13:35:00+00:00,2025-03-11 14:30:00+00:00,0.0074660105736299,0.0016355737285969,unclear,over_cap_or_below_cutoff,0.7331434677123831
AMZN_20250312_123000,AMZN,2025-03-12 12:30:00+00:00,1,33,138.0456961483234,4.572953721041016,672.2909467864547,12.777484945944922,0.585829840346875,2025-03-12 12:15:00+00:00,2025-03-12 12:30:00+00:00,2025-03-12 12:35:00+00:00,2025-03-12 13:30:00+00:00,0.0109413603589976,-0.0001995012468827,unclear,over_cap_or_below_cutoff,0.7108709844994754
AMZN_20250313_133500,AMZN,2025-03-13 13:35:00+00:00,-1,15,161.76583690106216,4.037562536822537,293.19143980200903,8.595045121177106,0.0941622184687282,2025-03-13 13:20:00+00:00,2025-03-13 13:35:00+00:00,2025-03-13 13:40:00+00:00,2025-03-13 14:35:00+00:00,-0.0099254332930269,-0.0055976795074041,continuation,over_cap_or_below_cutoff,0.5846569383501107
AMZN_20250314_135500,AMZN,2025-03-14 13:55:00+00:00,-1,4,99.90290766007216,4.272196664662109,163.89207278811963,6.392831718135186,0.0687643549929436,2025-03-14 13:40:00+00:00,2025-03-14 13:55:00+00:00,2025-03-14 14:00:00+00:00,2025-03-14 14:55:00+00:00,-0.0050086006273398,0.0045253470280166,reversal,over_cap_or_below_cutoff,0.45810342378037033
AMZN_20250318_100500,AMZN,2025-03-18 10:05:00+00:00,-1,6,112.67314451105514,4.112253393288336,30.910098522167488,31.358406751216357,8.12289411565909,2025-03-18 09:50:00+00:00,2025-03-18 10:05:00+00:00,2025-03-18 10:10:00+00:00,2025-03-18 11:05:00+00:00,-0.0031078051762788,-0.007001584300097,continuation,over_cap_or_below_cutoff,0.5399128246198868
AMZN_20250320_132500,AMZN,2025-03-20 13:25:00+00:00,-1,9,122.80429037774044,4.253865789415945,158.52601721439748,9.114646187650363,0.4774481900086398,2025-03-20 13:10:00+00:00,2025-03-20 13:25:00+00:00,2025-03-20 13:30:00+00:00,2025-03-20 14:25:00+00:00,-0.0064864864864864,0.024975387325768,reversal,over_cap_or_below_cutoff,0.5387107206958395
AMZN_20250321_123500,AMZN,2025-03-21 12:35:00+00:00,-1,6,62.1776393179796,4.112122548274104,163.65114523030456,10.050702255096304,1.0954794006016029,2025-03-21 12:20:00+00:00,2025-03-21 12:35:00+00:00,2025-03-21 12:40:00+00:00,2025-03-21 13:35:00+00:00,-0.0046733771569432,-0.0034569939631599,continuation,over_cap_or_below_cutoff,0.4669965390866165
AMZN_20250321_134000,AMZN,2025-03-21 13:40:00+00:00,1,3,77.14611162886965,4.007227292316771,220.00348085529583,11.024192241611344,0.054465045044995,2025-03-21 13:25:00+00:00,2025-03-21 13:40:00+00:00,2025-03-21 13:45:00+00:00,2025-03-21 14:40:00+00:00,0.0063786755172949,0.0016103267030815,unclear,low_strength_unclear,0.34867472235319746
AMZN_20250326_133000,AMZN,2025-03-26 13:30:00+00:00,-1,9,115.09583086346976,5.483851530750673,554.5650887573964,9.914750863495392,0.0538071802089021,2025-03-26 13:15:00+00:00,2025-03-26 13:30:00+00:00,2025-03-26 13:35:00+00:00,2025-03-26 14:30:00+00:00,-0.0046970873786408,-0.0114245358294591,continuation,over_cap_or_below_cutoff,0.6778921981286119
AMZN_20250331_133000,AMZN,2025-03-31 13:30:00+00:00,-1,12,158.49950216625163,4.093026571399914,562.6654575239878,11.351458565988906,0.1224908346602101,2025-03-31 13:15:00+00:00,2025-03-31 13:30:00+00:00,2025-03-31 13:35:00+00:00,2025-03-31 14:30:00+00:00,-0.0156026490066224,-0.0001883695271924,unclear,low_strength_unclear,0.6397979634666735
AMZN_20250401_133500,AMZN,2025-04-01 13:35:00+00:00,1,20,147.4502288938595,5.382721191656651,167.40734902965224,7.601311977717611,0.0932030650637603,2025-04-01 13:20:00+00:00,2025-04-01 13:35:00+00:00,2025-04-01 13:40:00+00:00,2025-04-01 14:35:00+00:00,0.0115455416045966,-0.0006316727335651,unclear,low_strength_unclear,0.6581309520904193
AMZN_20250402_132500,AMZN,2025-04-02 13:25:00+00:00,-1,11,154.5347969732469,4.417497008038233,852.5124696534981,15.79164773262111,0.2179646325567258,2025-04-02 13:10:00+00:00,2025-04-02 13:25:00+00:00,2025-04-02 13:30:00+00:00,2025-04-02 14:25:00+00:00,-0.0063539129513926,0.0240861131834169,reversal,over_cap_or_below_cutoff,0.7292955816631579
AMZN_20250402_200500,AMZN,2025-04-02 20:05:00+00:00,-1,22,521.3125310947108,4.886576916678343,1.0110430869337952,18.63970458723588,81.74264781753527,2025-04-02 19:50:00+00:00,2025-04-02 20:05:00+00:00,2025-04-02 20:10:00+00:00,2025-04-02 21:05:00+00:00,-0.0073070753876314,-0.0390869453706077,continuation,over_cap_or_below_cutoff,0.72962818021248
AMZN_20250414_133000,AMZN,2025-04-14 13:30:00+00:00,-1,8,205.97716221384175,4.222249244098838,460.3275368391648,8.83044330045167,0.0854122360847042,2025-04-14 13:15:00+00:00,2025-04-14 13:30:00+00:00,2025-04-14 13:35:00+00:00,2025-04-14 14:30:00+00:00,-0.006087929656275,-0.0095845960164625,continuation,over_cap_or_below_cutoff,0.6582680867377555
AMZN_20250422_145500,AMZN,2025-04-22 14:55:00+00:00,1,17,136.59326050517117,4.362254466127396,86.97920805191366,3.391151163431412,0.2951938170801523,2025-04-22 14:40:00+00:00,2025-04-22 14:55:00+00:00,2025-04-22 15:00:00+00:00,2025-04-22 15:55:00+00:00,0.0031044187193547,0.0008098571180654,unclear,low_strength_unclear,0.544224333761216
AMZN_20250422_211500,AMZN,2025-04-22 21:15:00+00:00,1,9,211.1622554660486,4.744479467728889,0.3554613452632096,3.6138122167404,55.8979909086711,2025-04-22 21:00:00+00:00,2025-04-22 21:15:00+00:00,2025-04-22 21:20:00+00:00,2025-04-22 22:15:00+00:00,0.004610921357693,0.0302071346375143,continuation,over_cap_or_below_cutoff,0.713280248659961
AMZN_20250428_133000,AMZN,2025-04-28 13:30:00+00:00,-1,5,105.6370960027997,4.085936869382412,554.4197758329495,17.232199972908745,0.1053950936116973,2025-04-28 13:15:00+00:00,2025-04-28 13:30:00+00:00,2025-04-28 13:35:00+00:00,2025-04-28 14:30:00+00:00,-0.0104532841422329,-0.0007280186202718,unclear,low_strength_unclear,0.5329141065681464
AMZN_20250501_133500,AMZN,2025-05-01 13:35:00+00:00,-1,13,105.48075903742404,4.244963436814572,129.6847636996231,6.455063927951455,0.221183935291896,2025-05-01 13:20:00+00:00,2025-05-01 13:35:00+00:00,2025-05-01 13:40:00+00:00,2025-05-01 14:35:00+00:00,-0.0070773263433813,0.0022175290390706,unclear,low_strength_unclear,0.47407142770147964
AMZN_20250506_220000,AMZN,2025-05-06 22:00:00+00:00,1,3,214.40708790940067,5.0056406939413165,0.6212261747684429,10.771666323589688,30.417828068977794,2025-05-06 21:45:00+00:00,2025-05-06 22:00:00+00:00,2025-05-06 22:05:00+00:00,2025-05-06 23:00:00+00:00,0.0145475260416667,0.0032026498197339,continuation,over_cap_or_below_cutoff,0.6892569604326408
AMZN_20250507_133000,AMZN,2025-05-07 13:30:00+00:00,1,3,121.7672413793136,4.90277061372317,299.66520631686194,11.226988937815634,0.0543384654964324,2025-05-07 13:15:00+00:00,2025-05-07 13:30:00+00:00,2025-05-07 13:35:00+00:00,2025-05-07 14:30:00+00:00,0.0049515608180839,0.0197086546700941,continuation,over_cap_or_below_cutoff,0.5356055734410026
AMZN_20250509_112500,AMZN,2025-05-09 11:25:00+00:00,-1,5,85.49681993535563,5.282918513679094,22.28612950104957,21.6972677003765,1.06982048270708,2025-05-09 11:10:00+00:00,2025-05-09 11:25:00+00:00,2025-05-09 11:30:00+00:00,2025-05-09 12:25:00+00:00,-0.0046533271288972,0.0002077814139527,unclear,low_strength_unclear,0.5919313207409518
AMZN_20250513_133000,AMZN,2025-05-13 13:30:00+00:00,1,5,126.56667039739666,4.770182721642047,593.3934519303558,12.89970493728544,0.0553560350602467,2025-05-13 13:15:00+00:00,2025-05-13 13:30:00+00:00,2025-05-13 13:35:00+00:00,2025-05-13 14:30:00+00:00,0.0049675923735628,0.0081207042651352,continuation,over_cap_or_below_cutoff,0.6410073980069393
AMZN_20250516_133000,AMZN,2025-05-16 13:30:00+00:00,-1,4,94.00102546573086,4.495260008982775,778.2357219251337,10.253203296964688,0.0635821594621596,2025-05-16 13:15:00+00:00,2025-05-16 13:30:00+00:00,2025-05-16 13:35:00+00:00,2025-05-16 14:30:00+00:00,-0.0043164071972452,-4.870920604005402e-05,unclear,over_cap_or_below_cutoff,0.5892824108915784
AMZN_20250528_133000,AMZN,2025-05-28 13:30:00+00:00,1,7,92.10654223777314,6.043802033733996,642.9614132961414,14.207819838818189,0.0496948562476287,2025-05-28 13:15:00+00:00,2025-05-28 13:30:00+00:00,2025-05-28 13:35:00+00:00,2025-05-28 14:30:00+00:00,0.0054364404721427,-0.0067597729736624,reversal,over_cap_or_below_cutoff,0.6878619334776197
AMZN_20250530_120500,AMZN,2025-05-30 12:05:00+00:00,-1,6,98.77635264632367,5.245201897980755,60.69141531322506,32.61656971528979,0.9958672847292268,2025-05-30 11:50:00+00:00,2025-05-30 12:05:00+00:00,2025-05-30 12:10:00+00:00,2025-05-30 13:05:00+00:00,-0.0043772190068577,-0.0043476136974256,continuation,over_cap_or_below_cutoff,0.6148671827112113
AMZN_20250602_132500,AMZN,2025-06-02 13:25:00+00:00,1,10,108.34926704907488,5.145700584032179,1074.4650528469144,30.278067179227296,0.3945730388460359,2025-06-02 13:10:00+00:00,2025-06-02 13:25:00+00:00,2025-06-02 13:30:00+00:00,2025-06-02 14:25:00+00:00,0.0047549019607842,-0.0031453383421964,reversal,over_cap_or_below_cutoff,0.7353805865840006
AMZN_20250604_122000,AMZN,2025-06-04 12:20:00+00:00,-1,3,96.00389863548163,6.453039056860629,53.14902676399027,16.500691760020818,0.920793480650834,2025-06-04 12:05:00+00:00,2025-06-04 12:20:00+00:00,2025-06-04 12:25:00+00:00,2025-06-04 13:20:00+00:00,-0.0056488991888761,0.0016994416120419,unclear,low_strength_unclear,0.6108290238408141
AMZN_20250606_123000,AMZN,2025-06-06 12:30:00+00:00,1,3,100.94685254793625,4.772416129548679,39.714886585549046,9.852026729149229,0.4307828618961527,2025-06-06 12:15:00+00:00,2025-06-06 12:30:00+00:00,2025-06-06 12:35:00+00:00,2025-06-06 13:30:00+00:00,0.0087569008185799,-0.0055670881298358,reversal,over_cap_or_below_cutoff,0.46683112674392524
AMZN_20250606_133000,AMZN,2025-06-06 13:30:00+00:00,-1,7,119.5559350982034,4.065818886920449,640.4580255204836,14.316309859241032,0.137216985956,2025-06-06 13:15:00+00:00,2025-06-06 13:30:00+00:00,2025-06-06 13:35:00+00:00,2025-06-06 14:30:00+00:00,-0.0076271186440678,0.0033058164911281,reversal,over_cap_or_below_cutoff,0.5782648895351685
AMZN_20250618_195000,AMZN,2025-06-18 19:50:00+00:00,-1,3,131.74610643203354,4.46723370054438,14.433941203530912,3.9163837747919015,1.2990529736819538,2025-06-18 19:35:00+00:00,2025-06-18 19:50:00+00:00,2025-06-18 19:55:00+00:00,2025-06-18 20:50:00+00:00,-0.0069002369778357,-0.0033922096151596,continuation,over_cap_or_below_cutoff,0.5570662318453877
AMZN_20250620_135000,AMZN,2025-06-20 13:50:00+00:00,-1,7,99.7171145686071,5.323848287207438,179.64903892129675,6.196539346632661,0.0749445346585329,2025-06-20 13:35:00+00:00,2025-06-20 13:50:00+00:00,2025-06-20 13:55:00+00:00,2025-06-20 14:50:00+00:00,-0.0086674899228779,-0.0118429031424073,continuation,over_cap_or_below_cutoff,0.5603330741170142
AMZN_20250623_133000,AMZN,2025-06-23 13:30:00+00:00,-1,7,116.51499831479173,4.718777585865607,672.1652601969058,20.93065145351008,0.0379491697569565,2025-06-23 13:15:00+00:00,2025-06-23 13:30:00+00:00,2025-06-23 13:35:00+00:00,2025-06-23 14:30:00+00:00,-0.011517305943223,0.0106408589725071,reversal,over_cap_or_below_cutoff,0.6306134761164126
AMZN_20250626_151000,AMZN,2025-06-26 15:10:00+00:00,1,5,90.3923213120894,4.574909929880856,192.63267626990145,7.552768451107529,0.0657078553812826,2025-06-26 14:55:00+00:00,2025-06-26 15:10:00+00:00,2025-06-26 15:15:00+00:00,2025-06-26 16:10:00+00:00,0.0037846930193439,0.0055159893869569,continuation,over_cap_or_below_cutoff,0.4734666048790737
AMZN_20250627_195000,AMZN,2025-06-27 19:50:00+00:00,1,4,157.91389824338253,4.818971235223657,19.76462499230554,5.839990822219375,1.0605539530401027,2025-06-27 19:35:00+00:00,2025-06-27 19:50:00+00:00,2025-06-27 19:55:00+00:00,2025-06-27 20:50:00+00:00,0.0062352621077452,0.0029518465941098,unclear,low_strength_unclear,0.6879711548458214
AMZN_20250703_133000,AMZN,2025-07-03 13:30:00+00:00,1,4,94.39163837205112,4.962040178720673,1765.507572479446,47.714726056775056,0.0381446206085165,2025-07-03 13:15:00+00:00,2025-07-03 13:30:00+00:00,2025-07-03 13:35:00+00:00,2025-07-03 14:30:00+00:00,0.0094391638372053,-0.0084548626644,reversal,over_cap_or_below_cutoff,0.6570950869003571
AMZN_20250708_143500,AMZN,2025-07-08 14:35:00+00:00,1,9,119.4688328694804,4.021919483201212,754.5123276222315,23.277858710034053,0.136249759772633,2025-07-08 14:20:00+00:00,2025-07-08 14:35:00+00:00,2025-07-08 14:40:00+00:00,2025-07-08 15:35:00+00:00,0.0048853304383227,-0.0087778528021608,reversal,over_cap_or_below_cutoff,0.5965618640143531
AMZN_20250709_133500,AMZN,2025-07-09 13:35:00+00:00,1,13,69.80409817608724,5.52111118346755,510.7134191448439,8.11787020901986,0.0598763102319118,2025-07-09 13:20:00+00:00,2025-07-09 13:35:00+00:00,2025-07-09 13:40:00+00:00,2025-07-09 14:35:00+00:00,0.0040696359936693,0.0018464309840124,unclear,low_strength_unclear,0.5850393035203636
AMZN_20250721_134000,AMZN,2025-07-21 13:40:00+00:00,1,2,85.22898396669643,5.511749604449183,833.826882048156,27.567578911375307,0.019974765684386,2025-07-21 13:25:00+00:00,2025-07-21 13:40:00+00:00,2025-07-21 13:45:00+00:00,2025-07-21 14:40:00+00:00,0.0085228983966691,0.0016719051858047,unclear,over_cap_or_below_cutoff,0.5746806822514766
AMZN_20250722_134500,AMZN,2025-07-22 13:45:00+00:00,-1,5,75.85723055336003,5.820380159478354,664.9520958083832,15.170327202966408,0.0421039158257692,2025-07-22 13:30:00+00:00,2025-07-22 13:45:00+00:00,2025-07-22 13:50:00+00:00,2025-07-22 14:45:00+00:00,-0.0050106749161256,-0.0029339639166229,unclear,low_strength_unclear,0.6539553005041023
AMZN_20250729_132500,AMZN,2025-07-29 13:25:00+00:00,1,6,64.25547460942482,4.837733160191535,410.2232535417684,14.155863683483837,0.2307582720823791,2025-07-29 13:10:00+00:00,2025-07-29 13:25:00+00:00,2025-07-29 13:30:00+00:00,2025-07-29 14:25:00+00:00,0.0032562125107111,-0.0112956952511104,reversal,over_cap_or_below_cutoff,0.5062190107368492
AMZN_20250807_133000,AMZN,2025-08-07 13:30:00+00:00,1,7,139.81804191372183,5.0939088725300445,348.40915273221856,21.712477643620318,0.1365327015055966,2025-08-07 13:15:00+00:00,2025-08-07 13:30:00+00:00,2025-08-07 13:35:00+00:00,2025-08-07 14:30:00+00:00,0.0125328827575599,0.00142569348975,unclear,low_strength_unclear,0.6562287526929831
AMZN_20250811_132500,AMZN,2025-08-11 13:25:00+00:00,-1,5,60.600869976783486,4.38566200770082,636.2573499798631,32.09392902588478,0.8828122680477514,2025-08-11 13:10:00+00:00,2025-08-11 13:25:00+00:00,2025-08-11 13:30:00+00:00,2025-08-11 14:25:00+00:00,-0.0058683868655646,-0.0018024513338138,unclear,low_strength_unclear,0.5634566425884823
AMZN_20250812_123000,AMZN,2025-08-12 12:30:00+00:00,1,3,62.43778843542991,5.0077995507837,63.586307782328845,23.20340390773704,0.2755315027359526,2025-08-12 12:15:00+00:00,2025-08-12 12:30:00+00:00,2025-08-12 12:35:00+00:00,2025-08-12 13:30:00+00:00,0.0062437788435436,0.00193345323741,unclear,low_strength_unclear,0.40397111032779665
AMZN_20250813_133000,AMZN,2025-08-13 13:30:00+00:00,1,6,93.31743317433362,5.351627904955724,461.4417055296469,22.982969918497076,0.0704891488424789,2025-08-13 13:15:00+00:00,2025-08-13 13:30:00+00:00,2025-08-13 13:35:00+00:00,2025-08-13 14:30:00+00:00,0.0047976561399147,-0.0020161741974505,unclear,low_strength_unclear,0.6061069674660278
AMZN_20250814_131500,AMZN,2025-08-14 13:15:00+00:00,1,7,137.44046808789935,4.704778131405591,1852.0666666666664,27.42725074138497,0.1915524294742751,2025-08-14 13:00:00+00:00,2025-08-14 13:15:00+00:00,2025-08-14 13:20:00+00:00,2025-08-14 14:15:00+00:00,0.0051969898185038,0.0101178470454563,continuation,over_cap_or_below_cutoff,0.731312867297444
AMZN_20250815_133000,AMZN,2025-08-15 13:30:00+00:00,1,3,75.19609326044119,4.482061741566606,1739.046614494726,23.088129434661457,0.0544117192801072,2025-08-15 13:15:00+00:00,2025-08-15 13:30:00+00:00,2025-08-15 13:35:00+00:00,2025-08-15 14:30:00+00:00,0.0042862065994657,-0.0051472322903038,reversal,over_cap_or_below_cutoff,0.5261291635259495
AMZN_20250818_134000,AMZN,2025-08-18 13:40:00+00:00,-1,8,66.26716822675682,4.866026063539635,325.6657931868575,11.878968908331856,0.0590362962615384,2025-08-18 13:25:00+00:00,2025-08-18 13:40:00+00:00,2025-08-18 13:45:00+00:00,2025-08-18 14:40:00+00:00,-0.003733935394234,0.0013213632005577,unclear,low_strength_unclear,0.47967709038267425
AMZN_20250820_133500,AMZN,2025-08-20 13:35:00+00:00,-1,9,94.41560766064283,4.770991241723027,499.25677101653184,8.11973979288727,0.0291929959079605,2025-08-20 13:20:00+00:00,2025-08-20 13:35:00+00:00,2025-08-20 13:40:00+00:00,2025-08-20 14:35:00+00:00,-0.0039736853724225,-0.0157808413493506,continuation,over_cap_or_below_cutoff,0.5572587044992483
AMZN_20250826_134500,AMZN,2025-08-26 13:45:00+00:00,-1,2,63.36075488247328,5.447499640540555,236.46969696969697,13.195059334783105,0.0474188508657072,2025-08-26 13:30:00+00:00,2025-08-26 13:45:00+00:00,2025-08-26 13:50:00+00:00,2025-08-26 14:45:00+00:00,-0.0062961824012651,0.009524449505917,reversal,over_cap_or_below_cutoff,0.40983956829310597
AMZN_20250828_133000,AMZN,2025-08-28 13:30:00+00:00,1,8,89.03180644879383,4.066363915323115,1000.0386048086692,18.967933654834702,0.0600283920809346,2025-08-28 13:15:00+00:00,2025-08-28 13:30:00+00:00,2025-08-28 13:35:00+00:00,2025-08-28 14:30:00+00:00,0.0054281478897801,-0.0009540122720669,unclear,over_cap_or_below_cutoff,0.5645269438122201
AMZN_20250903_215000,AMZN,2025-09-03 21:50:00+00:00,1,8,127.31277533039264,5.891984216522391,0.9027821006566192,12.792148956229637,30.557298446485824,2025-09-03 21:35:00+00:00,2025-09-03 21:50:00+00:00,2025-09-03 21:55:00+00:00,2025-09-03 22:50:00+00:00,0.0041998231653403,0.0071318511996478,continuation,over_cap_or_below_cutoff,0.7312340578060723
AMZN_20250904_133000,AMZN,2025-09-04 13:30:00+00:00,1,10,138.4226010210199,4.291646222019047,708.3795496203195,16.147688245912214,0.107598706378016,2025-09-04 13:15:00+00:00,2025-09-04 13:30:00+00:00,2025-09-04 13:35:00+00:00,2025-09-04 14:30:00+00:00,0.0138422601021026,-0.0053746807516443,reversal,over_cap_or_below_cutoff,0.6469386691486718
AMZN_20250908_142500,AMZN,2025-09-08 14:25:00+00:00,1,4,100.1491583209102,4.603278342683555,408.0409836065574,9.440322099590452,0.0984976413706782,2025-09-08 14:10:00+00:00,2025-09-08 14:25:00+00:00,2025-09-08 14:30:00+00:00,2025-09-08 15:25:00+00:00,0.0058979399948715,0.0083705812372534,continuation,over_cap_or_below_cutoff,0.5410937770582511
AMZN_20250911_132500,AMZN,2025-09-11 13:25:00+00:00,-1,11,79.8371892848837,5.227496952297415,447.35757928425954,11.529503237443484,0.5483506194757679,2025-09-11 13:10:00+00:00,2025-09-11 13:25:00+00:00,2025-09-11 13:30:00+00:00,2025-09-11 14:25:00+00:00,-0.0036594203054554,-0.0078219533275712,continuation,over_cap_or_below_cutoff,0.6107437871114669
AMZN_20250912_130500,AMZN,2025-09-12 13:05:00+00:00,1,6,86.06002359005771,5.16633333605188,486.3326562852629,17.395602870233457,0.633425995650738,2025-09-12 12:50:00+00:00,2025-09-12 13:05:00+00:00,2025-09-12 13:10:00+00:00,2025-09-12 14:05:00+00:00,0.0039340838987476,-0.0105342850962578,reversal,over_cap_or_below_cutoff,0.6329412807002956
AMZN_20250917_103000,AMZN,2025-09-17 10:30:00+00:00,-1,3,72.64130668385826,5.656695248800432,8.338011226944667,10.26098282010303,2.8729582822097397,2025-09-17 10:15:00+00:00,2025-09-17 10:30:00+00:00,2025-09-17 10:35:00+00:00,2025-09-17 11:30:00+00:00,-0.0040544577696214,-4.285224545774735e-05,unclear,low_strength_unclear,0.5529511111724119
AMZN_20250917_133000,AMZN,2025-09-17 13:30:00+00:00,-1,4,84.8347846344022,4.551329590471143,450.3213339566776,16.29005394379086,0.0222641297617923,2025-09-17 13:15:00+00:00,2025-09-17 13:30:00+00:00,2025-09-17 13:35:00+00:00,2025-09-17 14:30:00+00:00,-0.0030405550083507,-0.0105670103092784,continuation,over_cap_or_below_cutoff,0.5075566496476192
AMZN_20250918_133000,AMZN,2025-09-18 13:30:00+00:00,-1,10,127.18877951041652,5.932651799637033,352.16324190002865,15.156669733317354,0.094446398726974,2025-09-18 13:15:00+00:00,2025-09-18 13:30:00+00:00,2025-09-18 13:35:00+00:00,2025-09-18 14:30:00+00:00,-0.0075698924731182,0.0045505764063447,reversal,over_cap_or_below_cutoff,0.7025956501590216
AMZN_20250922_133000,AMZN,2025-09-22 13:30:00+00:00,-1,3,84.70038434661208,4.977450204933263,863.7849842767296,38.38387482406371,0.0336945801543668,2025-09-22 13:15:00+00:00,2025-09-22 13:30:00+00:00,2025-09-22 13:35:00+00:00,2025-09-22 14:30:00+00:00,-0.0073873483535529,0.0028590759291997,unclear,over_cap_or_below_cutoff,0.5806802910494966
AMZN_20250924_090000,AMZN,2025-09-24 09:00:00+00:00,1,3,104.81331533963578,4.877781909688102,15.965075794097167,15.683008072518223,4.856757105533785,2025-09-24 08:45:00+00:00,2025-09-24 09:00:00+00:00,2025-09-24 09:05:00+00:00,2025-09-24 10:00:00+00:00,0.0083666951554135,0.0011598340545122,unclear,over_cap_or_below_cutoff,0.5435142767929649
AMZN_20250926_123000,AMZN,2025-09-26 12:30:00+00:00,1,3,81.71650308149037,4.785257040090578,52.72848417545808,17.68909578752137,0.4541321208125816,2025-09-26 12:15:00+00:00,2025-09-26 12:30:00+00:00,2025-09-26 12:35:00+00:00,2025-09-26 13:30:00+00:00,0.0072151956531665,-0.0071122833199299,reversal,over_cap_or_below_cutoff,0.43539041738114714
AMZN_20250930_133000,AMZN,2025-09-30 13:30:00+00:00,-1,6,101.91546476182369,5.495690455073989,587.7436591139668,22.11282894365651,0.0459321659457759,2025-09-30 13:15:00+00:00,2025-09-30 13:30:00+00:00,2025-09-30 13:35:00+00:00,2025-09-30 14:30:00+00:00,-0.0087553454872832,-0.0071524261483618,continuation,over_cap_or_below_cutoff,0.6591869852807755
AMZN_20251002_133000,AMZN,2025-10-02 13:30:00+00:00,-1,3,93.55625909878596,5.388848768725552,577.1212553495008,17.662506409145458,0.0459079877173233,2025-10-02 13:15:00+00:00,2025-10-02 13:30:00+00:00,2025-10-02 13:35:00+00:00,2025-10-02 14:30:00+00:00,-0.0091402183145568,0.0046459723519096,reversal,over_cap_or_below_cutoff,0.5807468630731497
AMZN_20251008_133500,AMZN,2025-10-08 13:35:00+00:00,-1,7,67.29292746816773,4.070330392978018,148.28873356631718,6.890063763820398,0.0905731009633594,2025-10-08 13:20:00+00:00,2025-10-08 13:35:00+00:00,2025-10-08 13:40:00+00:00,2025-10-08 14:35:00+00:00,-0.0054081953233697,0.0085963764355496,reversal,over_cap_or_below_cutoff,0.37458082000639514
AMZN_20251009_084500,AMZN,2025-10-09 08:45:00+00:00,-1,5,85.95988538681709,5.620857225885073,6.678643446379469,12.00070330329936,10.692157616482657,2025-10-09 08:30:00+00:00,2025-10-09 08:45:00+00:00,2025-10-09 08:50:00+00:00,2025-10-09 09:45:00+00:00,-0.0055913024184601,0.0015618724619572,unclear,over_cap_or_below_cutoff,0.6258669949933917
AMZN_20251009_133000,AMZN,2025-10-09 13:30:00+00:00,-1,6,99.54107685347104,4.984111143263433,394.5452997919425,11.998334206556706,0.0399222269195113,2025-10-09 13:15:00+00:00,2025-10-09 13:30:00+00:00,2025-10-09 13:35:00+00:00,2025-10-09 14:30:00+00:00,-0.0036040044493882,-0.0093105296061445,continuation,over_cap_or_below_cutoff,0.5674686221800531
AMZN_20251010_132500,AMZN,2025-10-10 13:25:00+00:00,-1,4,81.80049522462207,5.296265241812293,190.14263116266807,12.132516623121647,0.5381944052193114,2025-10-10 13:10:00+00:00,2025-10-10 13:25:00+00:00,2025-10-10 13:30:00+00:00,2025-10-10 14:25:00+00:00,-0.0036986849316034,0.0016638662893526,unclear,low_strength_unclear,0.5689080801302553
AMZN_20251015_132500,AMZN,2025-10-15 13:25:00+00:00,-1,4,77.14338507021523,4.067423010471965,557.0719628578798,14.340206542832906,0.5673144254725181,2025-10-15 13:10:00+00:00,2025-10-15 13:25:00+00:00,2025-10-15 13:30:00+00:00,2025-10-15 14:25:00+00:00,-0.0072021652369376,-0.0010165419092504,unclear,low_strength_unclear,0.5200559192703085
AMZN_20251016_133000,AMZN,2025-10-16 13:30:00+00:00,1,4,104.60175349075172,5.112344435994713,631.8527769615046,21.452733628788263,0.0451381505691175,2025-10-16 13:15:00+00:00,2025-10-16 13:30:00+00:00,2025-10-16 13:35:00+00:00,2025-10-16 14:30:00+00:00,0.0054840799703812,0.0028941615078361,unclear,low_strength_unclear,0.6370766228496589
AMZN_20251020_084000,AMZN,2025-10-20 08:40:00+00:00,-1,5,70.69469318503386,4.319983748381319,2.8266917479332707,4.416009105407807,5.442325696191106,2025-10-20 08:25:00+00:00,2025-10-20 08:40:00+00:00,2025-10-20 08:45:00+00:00,2025-10-20 09:40:00+00:00,-0.0044444444444443,-0.000234962406015,unclear,over_cap_or_below_cutoff,0.47232676292161196
AMZN_20251021_133000,AMZN,2025-10-21 13:30:00+00:00,1,9,87.72331653687627,4.542747700114597,846.2863260062803,19.92992194598004,0.0625033898268308,2025-10-21 13:15:00+00:00,2025-10-21 13:30:00+00:00,2025-10-21 13:35:00+00:00,2025-10-21 14:30:00+00:00,0.007644495412844,0.0071631313832558,continuation,over_cap_or_below_cutoff,0.5949535313799962
AMZN_20251021_214000,AMZN,2025-10-21 21:40:00+00:00,-1,3,165.14220183486694,5.295933968902988,0.5338164382028354,12.621739520572142,48.50878078000749,2025-10-21 21:25:00+00:00,2025-10-21 21:40:00+00:00,2025-10-21 21:45:00+00:00,2025-10-21 22:40:00+00:00,-0.0133058246756088,-0.0016461714285713,unclear,over_cap_or_below_cutoff,0.6996577635898422
AMZN_20251024_133000,AMZN,2025-10-24 13:30:00+00:00,1,3,76.16043262731242,4.241945194378922,468.6029919447641,13.104261328186722,0.0508851614063287,2025-10-24 13:15:00+00:00,2025-10-24 13:30:00+00:00,2025-10-24 13:35:00+00:00,2025-10-24 14:30:00+00:00,0.006629684751725,0.0017473118279569,unclear,low_strength_unclear,0.41792905377421385
AMZN_20251030_133000,AMZN,2025-10-30 13:30:00+00:00,-1,9,113.42911792179945,4.230718001823813,428.1117176128093,11.793860424417472,0.0709030459855075,2025-10-30 13:15:00+00:00,2025-10-30 13:30:00+00:00,2025-10-30 13:35:00+00:00,2025-10-30 14:30:00+00:00,-0.0033569235171754,0.0031804929764114,reversal,over_cap_or_below_cutoff,0.5333041710857285
AMZN_20251030_195000,AMZN,2025-10-30 19:50:00+00:00,-1,16,1068.9686018427392,4.868727583952956,9.807539677776363,44.108325454133215,10.271272269568348,2025-10-30 19:35:00+00:00,2025-10-30 19:50:00+00:00,2025-10-30 19:55:00+00:00,2025-10-30 20:50:00+00:00,-0.0048591298145506,0.1104690229807821,reversal,over_cap_or_below_cutoff,0.7330158380049401
AMZN_20251031_131000,AMZN,2025-10-31 13:10:00+00:00,1,6,237.8786960124457,4.712364776481992,311.7947108267064,5.493432921289347,0.3575747780996129,2025-10-31 12:55:00+00:00,2025-10-31 13:10:00+00:00,2025-10-31 13:15:00+00:00,2025-10-31 14:10:00+00:00,0.0041621102505391,-0.0273929346753503,reversal,over_cap_or_below_cutoff,0.7006384822793061
AMZN_20251106_145000,AMZN,2025-11-06 14:50:00+00:00,-1,3,109.68958455829458,5.114632930384277,328.05379688929554,7.896948219206328,0.0487695653534711,2025-11-06 14:35:00+00:00,2025-11-06 14:50:00+00:00,2025-11-06 14:55:00+00:00,2025-11-06 15:50:00+00:00,-0.0059145241904279,-0.0169735675719235,continuation,over_cap_or_below_cutoff,0.5371193101162183
AMZN_20251107_142500,AMZN,2025-11-07 14:25:00+00:00,1,4,118.25942119509048,4.196016571123801,313.4443451050514,7.88508842695455,0.7661605090705759,2025-11-07 14:10:00+00:00,2025-11-07 14:25:00+00:00,2025-11-07 14:30:00+00:00,2025-11-07 15:25:00+00:00,0.0059198542805101,-0.0083542532614511,reversal,over_cap_or_below_cutoff,0.5826408663664845
AMZN_20251112_130000,AMZN,2025-11-12 13:00:00+00:00,1,3,67.16775947545051,4.306691227010163,144.50822122571,32.387476708457605,0.1212357271484167,2025-11-12 12:45:00+00:00,2025-11-12 13:00:00+00:00,2025-11-12 13:05:00+00:00,2025-11-12 14:00:00+00:00,0.0067167759475452,-0.0023828435266085,unclear,low_strength_unclear,0.3487172262943655
AMZN_20251112_142500,AMZN,2025-11-12 14:25:00+00:00,-1,6,75.91763753272751,4.047546265449598,444.0637435519528,10.177058251651625,0.5035429292330749,2025-11-12 14:10:00+00:00,2025-11-12 14:25:00+00:00,2025-11-12 14:30:00+00:00,2025-11-12 15:25:00+00:00,-0.0032823904318298,-0.0162999999999999,continuation,over_cap_or_below_cutoff,0.48726871752179834
AMZN_20251117_142500,AMZN,2025-11-17 14:25:00+00:00,-1,16,155.41357278535895,4.309776697925426,636.2452500770257,12.719925426238968,0.3932164276018007,2025-11-17 14:10:00+00:00,2025-11-17 14:25:00+00:00,2025-11-17 14:30:00+00:00,2025-11-17 15:25:00+00:00,-0.0108704883227176,-0.0095088864085172,continuation,over_cap_or_below_cutoff,0.6945000780907831
AMZN_20251118_143000,AMZN,2025-11-18 14:30:00+00:00,1,6,130.37867663418413,4.2411566094623465,534.220609389303,10.32724585100073,0.0374180677801852,2025-11-18 14:15:00+00:00,2025-11-18 14:30:00+00:00,2025-11-18 14:35:00+00:00,2025-11-18 15:30:00+00:00,0.004042179261863,-0.0171538596184142,reversal,over_cap_or_below_cutoff,0.5852229810205899
AMZN_20251119_142500,AMZN,2025-11-19 14:25:00+00:00,1,16,149.21988388969743,5.016525066220135,501.3107486407361,14.795804483008665,0.3449773573546789,2025-11-19 14:10:00+00:00,2025-11-19 14:25:00+00:00,2025-11-19 14:30:00+00:00,2025-11-19 15:25:00+00:00,0.0034529147982063,-0.0142110202440005,reversal,over_cap_or_below_cutoff,0.717464094223986
AMZN_20251125_142500,AMZN,2025-11-25 14:25:00+00:00,1,9,152.9020359744826,4.870950095834684,320.6629131856157,10.10358426241804,0.7889471694798201,2025-11-25 14:10:00+00:00,2025-11-25 14:25:00+00:00,2025-11-25 14:30:00+00:00,2025-11-25 15:25:00+00:00,0.0046598322460391,0.0014577259475219,unclear,over_cap_or_below_cutoff,0.717163095253885
AMZN_20251126_142500,AMZN,2025-11-26 14:25:00+00:00,-1,3,77.97865388804004,4.651011586630083,461.6051177667927,10.70777037792937,0.9048319124864452,2025-11-26 14:10:00+00:00,2025-11-26 14:25:00+00:00,2025-11-26 14:30:00+00:00,2025-11-26 15:25:00+00:00,-0.0037998186450192,-0.0008452169390144,unclear,low_strength_unclear,0.5395998455006019
AMZN_20251202_142500,AMZN,2025-12-02 14:25:00+00:00,-1,3,85.33088705892978,4.371010358239474,520.9226740603821,11.225576393739509,0.4238445617639521,2025-12-02 14:10:00+00:00,2025-12-02 14:25:00+00:00,2025-12-02 14:30:00+00:00,2025-12-02 15:25:00+00:00,-0.0062188002369066,-0.0008088203993018,unclear,low_strength_unclear,0.4937340717676211
AMZN_20251203_140500,AMZN,2025-12-03 14:05:00+00:00,-1,10,89.79379881861816,5.2370028850931805,524.3904008580239,18.25258309347175,0.4555230403133163,2025-12-03 13:50:00+00:00,2025-12-03 14:05:00+00:00,2025-12-03 14:10:00+00:00,2025-12-03 15:05:00+00:00,-0.008542286442839,-0.007629988426422,continuation,over_cap_or_below_cutoff,0.6375389551915889
AMZN_20251204_143000,AMZN,2025-12-04 14:30:00+00:00,-1,7,121.98569223075272,4.754109045197764,1003.1226494527084,55.84542998255492,0.0581609684751285,2025-12-04 14:15:00+00:00,2025-12-04 14:30:00+00:00,2025-12-04 14:35:00+00:00,2025-12-04 15:30:00+00:00,-0.0119431198178459,-0.0053480586112441,continuation,over_cap_or_below_cutoff,0.6931885533353602
AMZN_20251210_142500,AMZN,2025-12-10 14:25:00+00:00,-1,5,102.73224043715334,4.308667802446228,690.0400700252869,16.39378245336213,0.437801060682937,2025-12-10 14:10:00+00:00,2025-12-10 14:25:00+00:00,2025-12-10 14:30:00+00:00,2025-12-10 15:25:00+00:00,-0.0031811051071988,0.0130491803278689,reversal,over_cap_or_below_cutoff,0.6067263192729587
AMZN_20251212_143000,AMZN,2025-12-12 14:30:00+00:00,-1,13,82.75495618532914,4.422014473433023,487.9309856662538,13.78749739909158,0.0928214946300594,2025-12-12 14:15:00+00:00,2025-12-12 14:30:00+00:00,2025-12-12 14:35:00+00:00,2025-12-12 15:30:00+00:00,-0.004745129707581,-0.0124779512641274,continuation,over_cap_or_below_cutoff,0.5055269542273619
AMZN_20251215_143000,AMZN,2025-12-15 14:30:00+00:00,-1,3,128.91753723049737,4.6036982487474,1061.0766045548655,40.70739836499939,0.0626875297529373,2025-12-15 14:15:00+00:00,2025-12-15 14:30:00+00:00,2025-12-15 14:35:00+00:00,2025-12-15 15:30:00+00:00,-0.0105540897097625,-0.0054222222222222,continuation,over_cap_or_below_cutoff,0.6429778231668606
AMZN_20251218_133000,AMZN,2025-12-18 13:30:00+00:00,1,3,87.3264666368101,4.553514992747184,36.9369279414212,11.420586818067358,0.4358551605494918,2025-12-18 13:15:00+00:00,2025-12-18 13:30:00+00:00,2025-12-18 13:35:00+00:00,2025-12-18 14:30:00+00:00,0.0057430222660275,0.0052255782948071,continuation,near_duplicate,0.41965320824565805
AMZN_20251218_142500,AMZN,2025-12-18 14:25:00+00:00,1,6,106.487257173411,4.272889140009236,513.6679677970237,8.65645392566691,0.3135541020612696,2025-12-18 14:10:00+00:00,2025-12-18 14:25:00+00:00,2025-12-18 14:30:00+00:00,2025-12-18 15:25:00+00:00,0.0047650857270096,0.0085985284992464,continuation,over_cap_or_below_cutoff,0.5638005979012088
AMZN_20251219_143000,AMZN,2025-12-19 14:30:00+00:00,-1,2,78.13985574860905,4.421950831822363,3594.955459500094,17.90523720826938,0.0071466161727031,2025-12-19 14:15:00+00:00,2025-12-19 14:30:00+00:00,2025-12-19 14:35:00+00:00,2025-12-19 15:30:00+00:00,-0.0077534006143045,0.0021978216359399,unclear,over_cap_or_below_cutoff,0.4717243288607873
AMZN_20251222_143000,AMZN,2025-12-22 14:30:00+00:00,-1,3,81.39381407012979,5.285972095552316,600.6880860876249,20.86730534367751,0.0477921303874328,2025-12-22 14:15:00+00:00,2025-12-22 14:30:00+00:00,2025-12-22 14:35:00+00:00,2025-12-22 15:30:00+00:00,-0.0080736667539494,0.0007039465000659,unclear,low_strength_unclear,0.5522538109242416
AMZN_20260105_142500,AMZN,2026-01-05 14:25:00+00:00,1,13,116.45125397750311,4.440129174994803,364.2418475355501,21.887433252014148,0.7626455325294804,2026-01-05 14:10:00+00:00,2026-01-05 14:25:00+00:00,2026-01-05 14:30:00+00:00,2026-01-05 15:25:00+00:00,0.005356045306875,0.0184279475982531,continuation,over_cap_or_below_cutoff,0.6118395267869305
AMZN_20260107_143000,AMZN,2026-01-07 14:30:00+00:00,1,5,134.57211899007726,5.283454633568073,581.2987728524919,15.892109745590568,0.0720922854809644,2026-01-07 14:15:00+00:00,2026-01-07 14:30:00+00:00,2026-01-07 14:35:00+00:00,2026-01-07 15:30:00+00:00,0.005659827708186,0.0053382991930477,continuation,over_cap_or_below_cutoff,0.7040369398298387
AMZN_20260109_141500,AMZN,2026-01-09 14:15:00+00:00,-1,4,61.55108740254267,4.737289449316699,696.9820401046208,17.091526171365203,0.3808659604533771,2026-01-09 14:00:00+00:00,2026-01-09 14:15:00+00:00,2026-01-09 14:20:00+00:00,2026-01-09 15:15:00+00:00,-0.0035712137737993,-0.0038336052202283,continuation,over_cap_or_below_cutoff,0.5627950467604197
AMZN_20260109_150500,AMZN,2026-01-09 15:05:00+00:00,-1,4,98.60112486866468,4.155679469741584,261.0882681564246,10.447912039002452,0.0659945162931306,2026-01-09 14:50:00+00:00,2026-01-09 15:05:00+00:00,2026-01-09 15:10:00+00:00,2026-01-09 16:05:00+00:00,-0.0075447779504375,0.0160283483384495,reversal,near_duplicate,0.4636833269713579
AMZN_20260114_140000,AMZN,2026-01-14 14:00:00+00:00,1,8,103.06755048599793,4.851888981228768,547.3757575757576,17.459576471885445,0.4772568438514113,2026-01-14 13:45:00+00:00,2026-01-14 14:00:00+00:00,2026-01-14 14:05:00+00:00,2026-01-14 15:00:00+00:00,0.0031966124211226,-0.0141527001862198,reversal,over_cap_or_below_cutoff,0.6338193982144653
AMZN_20260121_141000,AMZN,2026-01-21 14:10:00+00:00,1,12,99.3983782369856,4.503385556989218,430.2271517302573,14.330471749781232,1.2595104543856532,2026-01-21 13:55:00+00:00,2026-01-21 14:10:00+00:00,2026-01-21 14:15:00+00:00,2026-01-21 15:10:00+00:00,0.0056007120837131,-0.0041878256424117,reversal,over_cap_or_below_cutoff,0.6301669480356671
AMZN_20260126_144000,AMZN,2026-01-26 14:40:00+00:00,-1,3,92.07870837537158,4.583598254477898,469.8736325072561,14.503794692941334,0.0532573940189713,2026-01-26 14:25:00+00:00,2026-01-26 14:40:00+00:00,2026-01-26 14:45:00+00:00,2026-01-26 15:40:00+00:00,-0.0091238595175603,0.0065169862092162,reversal,over_cap_or_below_cutoff,0.4815296957818799
AMZN_20260127_143500,AMZN,2026-01-27 14:35:00+00:00,-1,8,90.6716807688368,4.20260759090743,234.15866767600303,9.972593662857314,0.1320189388889199,2026-01-27 14:20:00+00:00,2026-01-27 14:35:00+00:00,2026-01-27 14:40:00+00:00,2026-01-27 15:35:00+00:00,-0.0057915581088274,0.0147949341608655,reversal,over_cap_or_below_cutoff,0.4535631447213935
AMZN_20260128_210000,AMZN,2026-01-28 21:00:00+00:00,-1,5,179.97491638795938,4.483018424130901,1.181957916107608,9.95151150158278,27.06358859833751,2026-01-28 20:45:00+00:00,2026-01-28 21:00:00+00:00,2026-01-28 21:05:00+00:00,2026-01-28 22:00:00+00:00,-0.0176793084330917,0.0171404682274247,reversal,over_cap_or_below_cutoff,0.6899596412799842
AMZN_20260128_225500,AMZN,2026-01-28 22:55:00+00:00,1,4,187.3331108144205,4.000115943470406,0.2678847693293603,5.273845223171804,134.14071779674566,2026-01-28 22:40:00+00:00,2026-01-28 22:55:00+00:00,2026-01-28 23:00:00+00:00,2026-01-28 23:55:00+00:00,0.0045254453449623,-0.0129827579145677,reversal,over_cap_or_below_cutoff,0.6436293006850415
AMZN_20260129_142500,AMZN,2026-01-29 14:25:00+00:00,1,14,123.97558120087028,4.331773432947338,415.2824973191946,8.22736775645382,0.4314930693894562,2026-01-29 14:10:00+00:00,2026-01-29 14:25:00+00:00,2026-01-29 14:30:00+00:00,2026-01-29 15:25:00+00:00,0.0064644455494777,-0.0168601778656126,reversal,over_cap_or_below_cutoff,0.5950233250394383
AMZN_20260204_142500,AMZN,2026-02-04 14:25:00+00:00,-1,10,113.49732078815178,4.162795368028139,512.34483855575,16.84042052137552,0.7392067085393024,2026-02-04 14:10:00+00:00,2026-02-04 14:25:00+00:00,2026-02-04 14:30:00+00:00,2026-02-04 15:25:00+00:00,-0.003004882934769,-0.0058395077232198,continuation,over_cap_or_below_cutoff,0.6072459854571317
AMZN_20260205_122000,AMZN,2026-02-05 12:20:00+00:00,-1,7,111.88993861291908,4.220010436937784,10.83411826268969,8.460646386001985,2.6718687249204067,2026-02-05 12:05:00+00:00,2026-02-05 12:20:00+00:00,2026-02-05 12:25:00+00:00,2026-02-05 13:20:00+00:00,-0.0045628685807757,-0.0113729729729729,continuation,over_cap_or_below_cutoff,0.5444358875500503
AMZN_20260205_210000,AMZN,2026-02-05 21:00:00+00:00,-1,19,1100.3276720278054,4.89776000971066,6.162092857040861,48.36120178045529,20.079983731470755,2026-02-05 20:45:00+00:00,2026-02-05 21:00:00+00:00,2026-02-05 21:05:00+00:00,2026-02-05 22:00:00+00:00,-0.0991256929109016,0.0125816053428049,reversal,over_cap_or_below_cutoff,0.7365912188348971
AMZN_20260209_142000,AMZN,2026-02-09 14:20:00+00:00,-1,19,226.9100710610195,4.256443597365397,564.9486606080792,20.70380290445236,0.3982828447000529,2026-02-09 14:05:00+00:00,2026-02-09 14:20:00+00:00,2026-02-09 14:25:00+00:00,2026-02-09 15:20:00+00:00,-0.0041903143357744,-0.0050209003987891,continuation,over_cap_or_below_cutoff,0.7119923140783881
AMZN_20260212_143000,AMZN,2026-02-12 14:30:00+00:00,-1,15,131.25588713526648,4.922940199050617,687.4051571882727,13.273017657524289,0.0647271082785134,2026-02-12 14:15:00+00:00,2026-02-12 14:30:00+00:00,2026-02-12 14:35:00+00:00,2026-02-12 15:30:00+00:00,-0.0082721488007831,-0.0059227086520903,continuation,over_cap_or_below_cutoff,0.6840902142089684
AMZN_20260218_142500,AMZN,2026-02-18 14:25:00+00:00,-1,4,114.76626267622692,4.194946255378741,276.7475395234914,12.01586939036108,0.8450313914402212,2026-02-18 14:10:00+00:00,2026-02-18 14:25:00+00:00,2026-02-18 14:30:00+00:00,2026-02-18 15:25:00+00:00,-0.0035981861198737,0.0183527083848626,reversal,over_cap_or_below_cutoff,0.5759249666793136
AMZN_20260220_143000,AMZN,2026-02-20 14:30:00+00:00,1,27,179.65378460941704,4.207500982574088,587.0408088235295,13.376367545978308,0.4782323599489285,2026-02-20 14:15:00+00:00,2026-02-20 14:30:00+00:00,2026-02-20 14:35:00+00:00,2026-02-20 15:30:00+00:00,0.0071487825111014,0.0089876208241477,continuation,over_cap_or_below_cutoff,0.7193745882482918
AMZN_20260223_143500,AMZN,2026-02-23 14:35:00+00:00,-1,7,104.91548474839352,5.027339128600639,336.02987070887207,8.379412566679255,0.0418881905336324,2026-02-23 14:20:00+00:00,2026-02-23 14:35:00+00:00,2026-02-23 14:40:00+00:00,2026-02-23 15:35:00+00:00,-0.0075248930270671,-0.0079225718923371,continuation,over_cap_or_below_cutoff,0.5705476336128854
AMZN_20260224_143000,AMZN,2026-02-24 14:30:00+00:00,-1,9,136.42163117087324,5.337524215099319,627.7843444227005,19.762084224957157,0.0531736076899216,2026-02-24 14:15:00+00:00,2026-02-24 14:30:00+00:00,2026-02-24 14:35:00+00:00,2026-02-24 15:30:00+00:00,-0.0079126487972803,0.0185494160369026,reversal,over_cap_or_below_cutoff,0.7201725330080913
AMZN_20260227_151000,AMZN,2026-02-27 15:10:00+00:00,1,6,126.65599068278244,4.138579320374467,172.41117618350415,8.726713550691148,0.1019246143392241,2026-02-27 14:55:00+00:00,2026-02-27 15:10:00+00:00,2026-02-27 15:15:00+00:00,2026-02-27 16:10:00+00:00,0.0061614593440713,0.0042914316022952,continuation,over_cap_or_below_cutoff,0.5024878013213303
AMZN_20260313_132500,AMZN,2026-03-13 13:25:00+00:00,-1,6,96.9196814125306,4.68852320180991,568.4766477520733,17.590203042611538,0.2798947587310612,2026-03-13 13:10:00+00:00,2026-03-13 13:25:00+00:00,2026-03-13 13:30:00+00:00,2026-03-13 14:25:00+00:00,-0.005082893924279,0.0025783040488922,unclear,low_strength_unclear,0.5919489353754547
AMZN_20260318_120000,AMZN,2026-03-18 12:00:00+00:00,1,4,99.00527716808271,4.151465757222335,70.75284612559676,40.58698486656301,3.2103991670220897,2026-03-18 11:40:00+00:00,2026-03-18 12:00:00+00:00,2026-03-18 12:05:00+00:00,2026-03-18 13:00:00+00:00,0.0051127120613525,-0.0146524855491328,reversal,over_cap_or_below_cutoff,0.5248155707844296
AMZN_20260320_133000,AMZN,2026-03-20 13:30:00+00:00,-1,2,84.95145631068013,4.749928596899006,2912.579482262704,19.333938244138416,0.0067623073232718,2026-03-20 13:15:00+00:00,2026-03-20 13:30:00+00:00,2026-03-20 13:35:00+00:00,2026-03-20 14:30:00+00:00,-0.0084235860409145,0.0050970873786408,reversal,over_cap_or_below_cutoff,0.5157888025289128
AMZN_20260406_133000,AMZN,2026-04-06 13:30:00+00:00,1,6,91.5370670737592,4.809182913098613,471.51745222929935,10.65519836024181,0.044474839054552,2026-04-06 13:15:00+00:00,2026-04-06 13:30:00+00:00,2026-04-06 13:35:00+00:00,2026-04-06 14:30:00+00:00,0.0030471837356567,0.0085916362082878,continuation,over_cap_or_below_cutoff,0.5511763298036758
AMZN_20260407_220000,AMZN,2026-04-07 22:00:00+00:00,1,3,106.17067878538222,4.260608574057619,0.4962761206234982,6.919311944436323,14.762613591953922,2026-04-07 21:45:00+00:00,2026-04-07 22:00:00+00:00,2026-04-07 22:05:00+00:00,2026-04-07 23:00:00+00:00,0.00693766902331,0.0164835164835164,continuation,over_cap_or_below_cutoff,0.4863352653339278
AMZN_20260408_133000,AMZN,2026-04-08 13:30:00+00:00,-1,10,130.92918950754705,4.483493054788035,195.9686626988947,14.745114640840765,0.1798635132725353,2026-04-08 13:15:00+00:00,2026-04-08 13:30:00+00:00,2026-04-08 13:35:00+00:00,2026-04-08 14:30:00+00:00,-0.0031817876268793,-0.0055521837840268,continuation,over_cap_or_below_cutoff,0.5553214130894448
AMZN_20260416_133000,AMZN,2026-04-16 13:30:00+00:00,-1,9,87.26711856151148,5.591823765307092,322.5819256116961,18.56348611952301,0.0876917737891932,2026-04-16 13:15:00+00:00,2026-04-16 13:30:00+00:00,2026-04-16 13:35:00+00:00,2026-04-16 14:30:00+00:00,-0.0031035872632002,-0.0070553511502851,continuation,over_cap_or_below_cutoff,0.5909189016925646
AMZN_20260417_124500,AMZN,2026-04-17 12:45:00+00:00,1,7,73.28925356488769,5.560096737031504,33.97535979066725,7.231460199552536,0.8597672736427019,2026-04-17 12:30:00+00:00,2026-04-17 12:45:00+00:00,2026-04-17 12:50:00+00:00,2026-04-17 13:45:00+00:00,0.003424619367329,0.0063466878222926,continuation,over_cap_or_below_cutoff,0.576599927989704
AMZN_20260420_203000,AMZN,2026-04-20 20:30:00+00:00,1,3,297.7557516418838,5.0514337084863286,1.7065005557331872,21.247217198238424,27.322990679615064,2026-04-20 20:15:00+00:00,2026-04-20 20:30:00+00:00,2026-04-20 20:35:00+00:00,2026-04-20 21:30:00+00:00,0.0297755751641888,-0.003560528992879,reversal,over_cap_or_below_cutoff,0.6956457853910639
AMZN_20260421_133000,AMZN,2026-04-21 13:30:00+00:00,-1,5,115.50369135507664,4.863791631605265,245.07764781029184,13.418783298264866,0.1211453219332147,2026-04-21 13:15:00+00:00,2026-04-21 13:30:00+00:00,2026-04-21 13:35:00+00:00,2026-04-21 14:30:00+00:00,-0.0043406528656164,-0.0024603002386918,unclear,low_strength_unclear,0.5652263932500723
AMZN_20260424_120000,AMZN,2026-04-24 12:00:00+00:00,1,8,142.21702707967853,4.548790050831517,142.7788537863153,22.65256374576146,0.8752138414019126,2026-04-24 11:45:00+00:00,2026-04-24 12:00:00+00:00,2026-04-24 12:05:00+00:00,2026-04-24 13:00:00+00:00,0.014221702707968,-0.0023434498655398,unclear,low_strength_unclear,0.6388728940732298
AMZN_20260427_130000,AMZN,2026-04-27 13:00:00+00:00,1,12,107.49012458219242,4.670465026111318,413.9465723008604,14.930122674268796,0.9898660288925564,2026-04-27 12:45:00+00:00,2026-04-27 13:00:00+00:00,2026-04-27 13:05:00+00:00,2026-04-27 14:00:00+00:00,0.0096890504047071,-0.0166610252359998,reversal,over_cap_or_below_cutoff,0.6474977702497196
AMZN_20260429_132500,AMZN,2026-04-29 13:25:00+00:00,-1,14,106.47535321336,4.236636525640496,456.3072240259741,7.839384874926957,0.5338630709994447,2026-04-29 13:10:00+00:00,2026-04-29 13:25:00+00:00,2026-04-29 13:30:00+00:00,2026-04-29 14:25:00+00:00,-0.0036686619038424,0.0290019379844961,reversal,over_cap_or_below_cutoff,0.5698734119587774
AMZN_20260429_195500,AMZN,2026-04-29 19:55:00+00:00,1,33,371.0852865865677,4.0099874035594905,4.865456103381108,43.06290426588575,21.969727517999125,2026-04-29 19:40:00+00:00,2026-04-29 19:55:00+00:00,2026-04-29 20:00:00+00:00,2026-04-29 20:55:00+00:00,0.0040042712226373,-0.0359326926729212,reversal,over_cap_or_below_cutoff,0.6520736801350762
COIN_20240524_132500,COIN,2024-05-24 13:25:00+00:00,-1,13,236.53088042049572,4.12414637687599,143.35326476919397,12.619922995544606,4.589768868777039,2024-05-24 13:10:00+00:00,2024-05-24 13:25:00+00:00,2024-05-24 13:30:00+00:00,2024-05-24 14:25:00+00:00,-0.0036568848758464,0.0371561919434499,reversal,over_cap_or_below_cutoff,0.560636585766858
COIN_20240530_123000,COIN,2024-05-30 12:30:00+00:00,1,24,223.5452763569734,4.255722328289937,415.60214609987617,37.13605762899743,0.7035523554022843,2024-05-30 12:15:00+00:00,2024-05-30 12:30:00+00:00,2024-05-30 12:35:00+00:00,2024-05-30 13:30:00+00:00,0.0052598358931201,0.0183352867308497,continuation,over_cap_or_below_cutoff,0.6286417551943858
COIN_20240603_133500,COIN,2024-06-03 13:35:00+00:00,1,7,309.1505967780539,4.484590720803916,233.15979081929112,15.050900467113308,0.185250505192698,2024-06-03 13:20:00+00:00,2024-06-03 13:35:00+00:00,2024-06-03 13:40:00+00:00,2024-06-03 14:35:00+00:00,0.0122580645161289,-0.0286594433821967,reversal,over_cap_or_below_cutoff,0.6021354714425358
COIN_20240606_121500,COIN,2024-06-06 12:15:00+00:00,1,5,124.4153451866148,4.114890697921696,11.203107658157602,5.406147370242688,1.2700787925909989,2024-06-06 12:00:00+00:00,2024-06-06 12:15:00+00:00,2024-06-06 12:20:00+00:00,2024-06-06 13:15:00+00:00,0.0078103096086834,-0.0060408552579286,reversal,over_cap_or_below_cutoff,0.3771870611618203
COIN_20240606_131500,COIN,2024-06-06 13:15:00+00:00,-1,17,263.60000000000383,5.498661318545921,233.8904182106935,18.34555990099625,0.5565479168410181,2024-06-06 13:00:00+00:00,2024-06-06 13:15:00+00:00,2024-06-06 13:20:00+00:00,2024-06-06 14:15:00+00:00,-0.0054875139176077,0.01015593762495,reversal,over_cap_or_below_cutoff,0.6835824089156561
COIN_20240607_120000,COIN,2024-06-07 12:00:00+00:00,-1,11,303.60626081485265,5.435334549391765,31.81549815498155,29.74005142348483,0.9128183617529648,2024-06-07 11:45:00+00:00,2024-06-07 12:00:00+00:00,2024-06-07 12:05:00+00:00,2024-06-07 13:00:00+00:00,-0.0032567049808429,-0.0140688064578127,continuation,over_cap_or_below_cutoff,0.6366199604677305
COIN_20240607_132000,COIN,2024-06-07 13:20:00+00:00,1,7,237.46805582858465,4.101303551399684,183.44464944649445,25.388974845307555,0.3549940742120926,2024-06-07 13:05:00+00:00,2024-06-07 13:20:00+00:00,2024-06-07 13:25:00+00:00,2024-06-07 14:20:00+00:00,0.00487900078064,0.0047003301611963,continuation,over_cap_or_below_cutoff,0.4797805930997004
COIN_20240610_125500,COIN,2024-06-10 12:55:00+00:00,-1,14,192.28383575238928,4.286134683206658,337.1382049245433,47.02926443096249,1.2960717271858972,2024-06-10 12:40:00+00:00,2024-06-10 12:55:00+00:00,2024-06-10 13:00:00+00:00,2024-06-10 14:00:00+00:00,-0.0041920105211243,0.0087907552620718,reversal,over_cap_or_below_cutoff,0.6510595377970474
COIN_20240611_132000,COIN,2024-06-11 13:20:00+00:00,1,19,310.4613357699937,4.286911049048508,199.97733184689707,23.17752895076608,0.524369207502387,2024-06-11 13:05:00+00:00,2024-06-11 13:20:00+00:00,2024-06-11 13:25:00+00:00,2024-06-11 14:20:00+00:00,0.0040561235048217,-0.0076313945339874,reversal,over_cap_or_below_cutoff,0.600381155656965
COIN_20240617_131000,COIN,2024-06-17 13:10:00+00:00,1,9,151.16966472426662,4.208413062276155,273.29813418023025,32.2219428345767,1.7355444540107976,2024-06-17 12:55:00+00:00,2024-06-17 13:10:00+00:00,2024-06-17 13:15:00+00:00,2024-06-17 14:10:00+00:00,0.0037948290241867,-0.018133854015205,reversal,over_cap_or_below_cutoff,0.5657363967387878
COIN_20240626_132500,COIN,2024-06-26 13:25:00+00:00,1,21,128.39844642449805,4.065517605709252,289.52107513744653,28.09928027260182,0.6621164792641974,2024-06-26 13:10:00+00:00,2024-06-26 13:25:00+00:00,2024-06-26 13:30:00+00:00,2024-06-26 14:25:00+00:00,0.0062599954306603,0.0033602760875488,continuation,over_cap_or_below_cutoff,0.4668017632646297
COIN_20240711_120000,COIN,2024-07-11 12:00:00+00:00,1,8,143.89140271493517,4.422802068681533,67.22769064359113,51.60084305932019,0.9445615240332528,2024-07-11 11:45:00+00:00,2024-07-11 12:00:00+00:00,2024-07-11 12:05:00+00:00,2024-07-11 13:00:00+00:00,0.0030699774266365,0.0081915563957151,continuation,over_cap_or_below_cutoff,0.3970137672975152
COIN_20240712_131500,COIN,2024-07-12 13:15:00+00:00,1,5,123.45484110320548,4.251272346875132,150.2832131822863,18.804380126066054,2.154894192843046,2024-07-12 13:00:00+00:00,2024-07-12 13:15:00+00:00,2024-07-12 13:20:00+00:00,2024-07-12 14:15:00+00:00,0.005179362851668,-0.0002767527675276,unclear,low_strength_unclear,0.4634331495360132
COIN_20240717_133000,COIN,2024-07-17 13:30:00+00:00,1,29,266.02327653278746,4.547051118069532,131.4763827210335,10.097989241875156,0.7116521300781369,2024-07-17 13:15:00+00:00,2024-07-17 13:30:00+00:00,2024-07-17 13:35:00+00:00,2024-07-17 14:30:00+00:00,0.0057718884643525,0.0243291302942127,continuation,over_cap_or_below_cutoff,0.5517847779340013
COIN_20240718_131500,COIN,2024-07-18 13:15:00+00:00,1,36,269.0043936002673,4.8729620107652085,263.1774761186526,38.95960092771215,1.1140005924441907,2024-07-18 13:00:00+00:00,2024-07-18 13:15:00+00:00,2024-07-18 13:20:00+00:00,2024-07-18 14:15:00+00:00,0.0035785288270377,-0.0119259112519809,reversal,over_cap_or_below_cutoff,0.7132622203544554
COIN_20240719_131500,COIN,2024-07-19 13:15:00+00:00,-1,15,221.7195535733296,4.607073839500969,385.6453247351451,33.01463030578966,0.5162937507466385,2024-07-19 13:00:00+00:00,2024-07-19 13:15:00+00:00,2024-07-19 13:20:00+00:00,2024-07-19 14:15:00+00:00,-0.0041261420571765,0.0449837229949687,reversal,over_cap_or_below_cutoff,0.6374912699495119
COIN_20240722_134500,COIN,2024-07-22 13:45:00+00:00,-1,27,208.8124622253429,4.874850270120605,87.68227279315843,12.28192635051595,1.0450734965663218,2024-07-22 13:30:00+00:00,2024-07-22 13:45:00+00:00,2024-07-22 13:50:00+00:00,2024-07-22 14:45:00+00:00,-0.0204541383239225,-5.848979353095807e-05,unclear,over_cap_or_below_cutoff,0.5277935115587944
COIN_20240801_131000,COIN,2024-08-01 13:10:00+00:00,-1,29,166.21983914209216,4.821119281872544,129.29510851959833,13.687376260601264,0.6986329259440954,2024-08-01 12:55:00+00:00,2024-08-01 13:10:00+00:00,2024-08-01 13:15:00+00:00,2024-08-01 14:10:00+00:00,-0.004744479925452,-0.0148072059364086,continuation,over_cap_or_below_cutoff,0.46973796906455617
COIN_20240812_134000,COIN,2024-08-12 13:40:00+00:00,-1,16,231.38542350623848,4.451542704327142,146.22627093740817,10.126783652458316,0.4616690541830754,2024-08-12 13:25:00+00:00,2024-08-12 13:40:00+00:00,2024-08-12 13:45:00+00:00,2024-08-12 14:40:00+00:00,-0.0109153482638175,0.0148788657786085,reversal,over_cap_or_below_cutoff,0.4908003920187215
COIN_20240813_163500,COIN,2024-08-13 16:35:00+00:00,1,5,230.37368903370717,4.036194301758182,17.12685545067555,3.906187651139111,0.6919000289405237,2024-08-13 16:20:00+00:00,2024-08-13 16:35:00+00:00,2024-08-13 16:40:00+00:00,2024-08-13 17:35:00+00:00,0.0144201268152996,0.0039318479685452,continuation,over_cap_or_below_cutoff,0.4152961732941967
COIN_20240815_123000,COIN,2024-08-15 12:30:00+00:00,1,6,158.64892528147269,4.026370435551498,18.13836978131213,37.12906253601888,1.189141029621719,2024-08-15 12:10:00+00:00,2024-08-15 12:30:00+00:00,2024-08-15 12:35:00+00:00,2024-08-15 13:30:00+00:00,0.013063524590164,0.0036156763590391,continuation,over_cap_or_below_cutoff,0.39324305997455544
COIN_20240816_121000,COIN,2024-08-16 12:10:00+00:00,-1,30,223.17773038216023,4.072167144286956,162.51744885679904,14.718255354734136,1.4573941637246302,2024-08-16 11:55:00+00:00,2024-08-16 12:10:00+00:00,2024-08-16 12:15:00+00:00,2024-08-16 13:10:00+00:00,-0.00623,-0.0042967688700603,continuation,over_cap_or_below_cutoff,0.554977112952115
COIN_20240820_133000,COIN,2024-08-20 13:30:00+00:00,-1,20,237.49192626819627,4.004342067050898,183.52213415812875,16.371368829028743,0.3424753172076616,2024-08-20 13:15:00+00:00,2024-08-20 13:30:00+00:00,2024-08-20 13:35:00+00:00,2024-08-20 14:30:00+00:00,-0.0070105756807197,-0.0433001614418928,continuation,over_cap_or_below_cutoff,0.4700604767955486
COIN_20240823_133500,COIN,2024-08-23 13:35:00+00:00,1,18,236.17966436327853,4.938701126459619,301.521404109589,43.819396803155705,0.2834421745502234,2024-08-23 13:20:00+00:00,2024-08-23 13:35:00+00:00,2024-08-23 13:40:00+00:00,2024-08-23 14:35:00+00:00,0.0051904832861471,0.016639901173564,continuation,over_cap_or_below_cutoff,0.6220363175853102
COIN_20240826_123500,COIN,2024-08-26 12:35:00+00:00,-1,3,114.21744324970008,4.502592522727018,15.85894876912841,9.874261479053349,1.6098797773556113,2024-08-26 12:20:00+00:00,2024-08-26 12:35:00+00:00,2024-08-26 12:40:00+00:00,2024-08-26 13:35:00+00:00,-0.0069811320754716,-0.0038951168535057,continuation,over_cap_or_below_cutoff,0.36997618927327036
COIN_20240827_132500,COIN,2024-08-27 13:25:00+00:00,1,16,235.86101952827843,5.542451585238167,238.9889404209775,34.68084488038675,0.6725819718099837,2024-08-27 13:10:00+00:00,2024-08-27 13:25:00+00:00,2024-08-27 13:30:00+00:00,2024-08-27 14:25:00+00:00,0.0059319076815711,-0.0166992071357779,reversal,over_cap_or_below_cutoff,0.6744618824755927
COIN_20240830_132500,COIN,2024-08-30 13:25:00+00:00,-1,22,165.95289079228692,4.440825672634156,329.5274949083503,43.25844154076148,0.761294959377214,2024-08-30 13:10:00+00:00,2024-08-30 13:25:00+00:00,2024-08-30 13:30:00+00:00,2024-08-30 14:25:00+00:00,-0.0069861014900736,-0.010594752186589,continuation,over_cap_or_below_cutoff,0.5753931552859278
COIN_20240905_133000,COIN,2024-09-05 13:30:00+00:00,1,16,227.8088144009893,5.444332352413831,193.8817580707896,20.90607086114728,0.7056431722903576,2024-09-05 13:15:00+00:00,2024-09-05 13:30:00+00:00,2024-09-05 13:35:00+00:00,2024-09-05 14:30:00+00:00,0.0103067179932943,0.0063298918387413,continuation,over_cap_or_below_cutoff,0.6312560506373947
COIN_20240917_132500,COIN,2024-09-17 13:25:00+00:00,-1,20,233.18992009834227,4.846557575805198,273.94535519125685,55.22736480364704,0.8665753581142629,2024-09-17 13:10:00+00:00,2024-09-17 13:25:00+00:00,2024-09-17 13:30:00+00:00,2024-09-17 14:25:00+00:00,-0.0031644129452705,0.0100742634526418,reversal,over_cap_or_below_cutoff,0.6547318933786639
COIN_20240924_134000,COIN,2024-09-24 13:40:00+00:00,1,23,221.04080641243584,4.588778352803677,177.73064563248613,21.714009867248564,2.317386056417853,2024-09-24 13:25:00+00:00,2024-09-24 13:40:00+00:00,2024-09-24 13:45:00+00:00,2024-09-24 14:40:00+00:00,0.0032167504971343,-0.0396432111000991,reversal,over_cap_or_below_cutoff,0.6079260770729664
COIN_20240925_131500,COIN,2024-09-25 13:15:00+00:00,-1,9,261.6949553492165,5.039825957356825,216.1247040252565,27.96052397857459,0.2305942078541963,2024-09-25 12:50:00+00:00,2024-09-25 13:15:00+00:00,2024-09-25 13:20:00+00:00,2024-09-25 14:15:00+00:00,-0.0052175191064078,0.0131639211051193,reversal,over_cap_or_below_cutoff,0.5951155840072233
COIN_20240926_140000,COIN,2024-09-26 14:00:00+00:00,1,24,186.8998628257845,4.653867518575964,158.67002518891687,9.14048750897743,0.8190427094435369,2024-09-26 13:45:00+00:00,2024-09-26 14:00:00+00:00,2024-09-26 14:05:00+00:00,2024-09-26 15:00:00+00:00,0.0036955130070417,0.0097990896703679,continuation,over_cap_or_below_cutoff,0.5087590983313741
COIN_20241004_133000,COIN,2024-10-04 13:30:00+00:00,1,26,156.4266507320089,4.348744030884488,298.4700926705981,19.20469358528891,1.2099260371198426,2024-10-04 13:15:00+00:00,2024-10-04 13:30:00+00:00,2024-10-04 13:35:00+00:00,2024-10-04 14:30:00+00:00,0.0068619846052866,-0.0245347872466517,reversal,over_cap_or_below_cutoff,0.5847193746257751
COIN_20241009_132500,COIN,2024-10-09 13:25:00+00:00,1,6,151.5242259088434,5.644536077790115,461.3843212237094,88.27167369856087,0.4607694364737263,2024-10-09 13:10:00+00:00,2024-10-09 13:25:00+00:00,2024-10-09 13:30:00+00:00,2024-10-09 14:25:00+00:00,0.0065457602690368,-0.0026251416979895,unclear,low_strength_unclear,0.6495959007186105
COIN_20241011_141500,COIN,2024-10-11 14:15:00+00:00,1,22,218.92696596415016,4.007613148257262,150.13707431998287,7.095555660099241,0.4378148159880838,2024-10-11 14:00:00+00:00,2024-10-11 14:15:00+00:00,2024-10-11 14:20:00+00:00,2024-10-11 15:15:00+00:00,0.0052625354777671,0.0249985294982648,continuation,over_cap_or_below_cutoff,0.4392238214717161
COIN_20241015_105000,COIN,2024-10-15 10:50:00+00:00,1,5,130.41237113401883,4.151961301664484,11.27306859205776,4.116584313752557,5.267405051406224,2024-10-15 10:35:00+00:00,2024-10-15 10:50:00+00:00,2024-10-15 10:55:00+00:00,2024-10-15 11:50:00+00:00,0.0036224489795919,-0.0213003914391743,reversal,over_cap_or_below_cutoff,0.39258766481289775
COIN_20241016_131500,COIN,2024-10-16 13:15:00+00:00,-1,30,238.3820134497694,4.124313976106612,189.0811624755308,9.409914291531717,0.796910879983846,2024-10-16 13:00:00+00:00,2024-10-16 13:15:00+00:00,2024-10-16 13:20:00+00:00,2024-10-16 14:15:00+00:00,-0.0046364802209726,0.0133795837462833,reversal,over_cap_or_below_cutoff,0.5335009636988781
COIN_20241017_132500,COIN,2024-10-17 13:25:00+00:00,-1,22,257.2873653089625,5.072519197727132,208.35418803418804,22.58084170871056,0.9756280925194502,2024-10-17 13:10:00+00:00,2024-10-17 13:25:00+00:00,2024-10-17 13:30:00+00:00,2024-10-17 14:25:00+00:00,-0.0045205805377112,-0.0314531548757169,continuation,over_cap_or_below_cutoff,0.6675772742866998
COIN_20241025_175500,COIN,2024-10-25 17:55:00+00:00,-1,3,351.803744730903,4.778512414174792,8.97557032012266,4.93047786349735,1.537787851006163,2024-10-25 17:40:00+00:00,2024-10-25 17:55:00+00:00,2024-10-25 18:00:00+00:00,2024-10-25 18:55:00+00:00,-0.01412005619449,0.000627958651338,unclear,over_cap_or_below_cutoff,0.6260721638496898
COIN_20241031_132500,COIN,2024-10-31 13:25:00+00:00,-1,19,385.9334124399117,4.171392348988502,216.3899950223992,13.1330284720348,0.470073963189175,2024-10-31 13:10:00+00:00,2024-10-31 13:25:00+00:00,2024-10-31 13:30:00+00:00,2024-10-31 14:25:00+00:00,-0.0116876818622696,-0.0372932921144314,continuation,over_cap_or_below_cutoff,0.6560888848432573
COIN_20241101_133000,COIN,2024-11-01 13:30:00+00:00,1,6,204.53289110005545,4.288359839631596,65.82443450009195,11.001178089306505,0.8836838820484085,2024-11-01 13:15:00+00:00,2024-11-01 13:30:00+00:00,2024-11-01 13:35:00+00:00,2024-11-01 14:30:00+00:00,0.0049441697683463,0.0510779436152568,continuation,over_cap_or_below_cutoff,0.44053970210752763
COIN_20241105_143000,COIN,2024-11-05 14:30:00+00:00,1,5,330.4092937043346,4.53938710664319,247.1506297229219,25.14069228226284,0.0950598746291463,2024-11-05 14:15:00+00:00,2024-11-05 14:30:00+00:00,2024-11-05 14:35:00+00:00,2024-11-05 15:30:00+00:00,0.0285698825821114,0.002051659740123,unclear,over_cap_or_below_cutoff,0.6285430578832709
COIN_20241112_094500,COIN,2024-11-12 09:45:00+00:00,-1,7,723.5861890263661,4.680152703562421,7.5717881135926755,14.725054058435582,3.185087343610406,2024-11-12 09:30:00+00:00,2024-11-12 09:45:00+00:00,2024-11-12 09:50:00+00:00,2024-11-12 10:45:00+00:00,-0.0314483807740689,-0.0997644073939832,continuation,over_cap_or_below_cutoff,0.6854749535061424
COIN_20241113_132000,COIN,2024-11-13 13:20:00+00:00,1,37,384.02993594215616,4.526537900094571,198.44809535314488,9.88733631962145,0.7606344449696899,2024-11-13 13:05:00+00:00,2024-11-13 13:20:00+00:00,2024-11-13 13:25:00+00:00,2024-11-13 14:20:00+00:00,0.0070631851449391,0.0342748333862263,continuation,over_cap_or_below_cutoff,0.7061478156336383
COIN_20241114_142000,COIN,2024-11-14 14:20:00+00:00,-1,27,397.4893744482566,4.265597589224582,71.95241215496765,8.8409185130438,1.0422479693897615,2024-11-14 14:05:00+00:00,2024-11-14 14:20:00+00:00,2024-11-14 14:25:00+00:00,2024-11-14 15:20:00+00:00,-0.0059163456246561,-0.0199999999999999,continuation,over_cap_or_below_cutoff,0.6296683257646609
COIN_20241125_143000,COIN,2024-11-25 14:30:00+00:00,-1,27,372.2987919006316,4.826677835900362,89.06072874493927,10.592478184848028,0.8603867566549414,2024-11-25 14:15:00+00:00,2024-11-25 14:30:00+00:00,2024-11-25 14:35:00+00:00,2024-11-25 15:30:00+00:00,-0.0268808576197201,0.0133209096756106,reversal,over_cap_or_below_cutoff,0.6706031442600993
COIN_20241129_143000,COIN,2024-11-29 14:30:00+00:00,-1,17,230.43266893533865,4.446411903659539,200.2247191011236,13.421955021546726,0.22305933808114,2024-11-29 14:15:00+00:00,2024-11-29 14:30:00+00:00,2024-11-29 14:35:00+00:00,2024-11-29 15:30:00+00:00,-0.0155342902711324,0.003794187214464,reversal,over_cap_or_below_cutoff,0.4996903038889139
COIN_20241202_142500,COIN,2024-12-02 14:25:00+00:00,1,17,167.11841295707907,4.003259431447446,143.36563631300473,10.706744406331916,0.764382328885343,2024-12-02 14:10:00+00:00,2024-12-02 14:25:00+00:00,2024-12-02 14:30:00+00:00,2024-12-02 15:25:00+00:00,0.0085763865714476,0.0172219832577837,continuation,over_cap_or_below_cutoff,0.4155840832571194
COIN_20241212_142000,COIN,2024-12-12 14:20:00+00:00,1,27,207.4154430773234,4.341395973415167,244.75083226632523,13.008463395697657,0.4874287796850874,2024-12-12 14:05:00+00:00,2024-12-12 14:20:00+00:00,2024-12-12 14:25:00+00:00,2024-12-12 15:20:00+00:00,0.0032649697277078,0.0091750394944707,continuation,over_cap_or_below_cutoff,0.5243315017806245
COIN_20241213_144500,COIN,2024-12-13 14:45:00+00:00,-1,19,208.6708573650409,4.761927413702895,140.04288266825492,12.251988239535258,0.3683933861806014,2024-12-13 14:30:00+00:00,2024-12-13 14:45:00+00:00,2024-12-13 14:50:00+00:00,2024-12-13 15:45:00+00:00,-0.0046987110292717,-0.0071770334928229,continuation,over_cap_or_below_cutoff,0.4804000692818137
COIN_20241216_143000,COIN,2024-12-16 14:30:00+00:00,1,20,281.23121698142575,4.143706485423116,210.79905634193727,12.69736710628248,0.8326169124636319,2024-12-16 14:15:00+00:00,2024-12-16 14:30:00+00:00,2024-12-16 14:35:00+00:00,2024-12-16 15:30:00+00:00,0.0108362556471741,0.007844730591324,continuation,over_cap_or_below_cutoff,0.5976429963983036
COIN_20241217_143500,COIN,2024-12-17 14:35:00+00:00,-1,25,239.09862329518413,5.397295754754202,141.4010265565722,20.538385576522742,0.9901118762916856,2024-12-17 14:20:00+00:00,2024-12-17 14:35:00+00:00,2024-12-17 14:40:00+00:00,2024-12-17 15:35:00+00:00,-0.0059962406015037,-0.0349085682948507,continuation,over_cap_or_below_cutoff,0.6343806288957623
COIN_20241218_142500,COIN,2024-12-18 14:25:00+00:00,-1,24,253.13531353135636,4.547004912453204,133.81956622058144,15.588761725234882,1.2040446604483408,2024-12-18 14:10:00+00:00,2024-12-18 14:25:00+00:00,2024-12-18 14:30:00+00:00,2024-12-18 15:25:00+00:00,-0.0036322360953462,-0.0084301663249032,continuation,over_cap_or_below_cutoff,0.5924233375395267
COIN_20241223_142500,COIN,2024-12-23 14:25:00+00:00,1,14,225.74375840932248,4.253456686790407,118.86347517730496,12.851201709437264,0.3946511374612375,2024-12-23 14:10:00+00:00,2024-12-23 14:25:00+00:00,2024-12-23 14:30:00+00:00,2024-12-23 15:25:00+00:00,0.0041668189626815,-0.0354165908346376,reversal,over_cap_or_below_cutoff,0.4424453120890292
COIN_20250110_133000,COIN,2025-01-10 13:30:00+00:00,-1,32,319.65281347621664,4.472476748944711,122.50632911392404,38.12121476607879,1.0298252757673274,2025-01-10 13:15:00+00:00,2025-01-10 13:30:00+00:00,2025-01-10 13:35:00+00:00,2025-01-10 14:30:00+00:00,-0.0309751519022798,0.0179524694531219,reversal,over_cap_or_below_cutoff,0.6286315750807983
COIN_20250122_135500,COIN,2025-01-22 13:55:00+00:00,-1,17,198.50428816466925,4.228078677387197,190.870887647424,9.850107869150506,0.8853100262709929,2025-01-22 13:40:00+00:00,2025-01-22 13:55:00+00:00,2025-01-22 14:00:00+00:00,2025-01-22 14:55:00+00:00,-0.0064841001586535,0.0173227799763937,reversal,over_cap_or_below_cutoff,0.5119404615371785
COIN_20250128_140000,COIN,2025-01-28 14:00:00+00:00,-1,27,225.08504016790943,4.904204248279857,144.3137744486059,15.797903670850486,1.438203145116577,2025-01-28 13:45:00+00:00,2025-01-28 14:00:00+00:00,2025-01-28 14:05:00+00:00,2025-01-28 15:00:00+00:00,-0.003849169577304,0.01552343470483,reversal,over_cap_or_below_cutoff,0.6175326089629365
COIN_20250129_193000,COIN,2025-01-29 19:30:00+00:00,1,4,341.22437213994993,4.3412912756127495,8.94770300646249,4.6420637206180055,1.7523912051872448,2025-01-29 19:15:00+00:00,2025-01-29 19:30:00+00:00,2025-01-29 19:35:00+00:00,2025-01-29 20:30:00+00:00,0.0055212299734175,0.0413801233937203,continuation,over_cap_or_below_cutoff,0.6269751363923266
COIN_20250131_142500,COIN,2025-01-31 14:25:00+00:00,-1,15,158.92855825692553,5.57052003375573,290.4226110363392,31.07997490970519,0.3395323096253693,2025-01-31 14:10:00+00:00,2025-01-31 14:25:00+00:00,2025-01-31 14:30:00+00:00,2025-01-31 15:25:00+00:00,-0.0056902769047538,0.0030610547329896,reversal,over_cap_or_below_cutoff,0.5959802245148453
COIN_20250205_142500,COIN,2025-02-05 14:25:00+00:00,1,13,155.56878478435675,4.57600076301265,261.7917948717949,23.79527308875848,0.5405139512434014,2025-02-05 14:10:00+00:00,2025-02-05 14:25:00+00:00,2025-02-05 14:30:00+00:00,2025-02-05 15:25:00+00:00,0.0081286383643333,-0.0113552339706347,reversal,over_cap_or_below_cutoff,0.5081524864483824
COIN_20250210_143000,COIN,2025-02-10 14:30:00+00:00,1,27,300.79519988432946,4.342087335045862,606.1302027748133,59.24911362802066,0.4992829951296367,2025-02-10 14:15:00+00:00,2025-02-10 14:30:00+00:00,2025-02-10 14:35:00+00:00,2025-02-10 15:30:00+00:00,0.0163402282453639,-0.0326575240945211,reversal,over_cap_or_below_cutoff,0.6942704839703602
COIN_20250212_132500,COIN,2025-02-12 13:25:00+00:00,1,4,272.83061765820406,5.2708232230012095,52.37055214723927,27.59952801854444,0.583956106525593,2025-02-12 13:10:00+00:00,2025-02-12 13:25:00+00:00,2025-02-12 13:30:00+00:00,2025-02-12 14:25:00+00:00,0.0040665434380777,-0.0279823269513992,reversal,over_cap_or_below_cutoff,0.5560742420585776
COIN_20250213_210500,COIN,2025-02-13 21:05:00+00:00,-1,7,726.7992089836816,4.196751999122605,5.067234424025101,20.313174880408532,5.832363256988246,2025-02-13 20:50:00+00:00,2025-02-13 21:05:00+00:00,2025-02-13 21:10:00+00:00,2025-02-13 22:05:00+00:00,-0.0533529451093133,0.061162511476799,reversal,over_cap_or_below_cutoff,0.6432801691075947
COIN_20250218_142500,COIN,2025-02-18 14:25:00+00:00,1,7,266.4801796164773,5.420831163271957,188.9621967274779,15.927883161381684,0.5980041419302152,2025-02-18 14:10:00+00:00,2025-02-18 14:25:00+00:00,2025-02-18 14:30:00+00:00,2025-02-18 15:25:00+00:00,0.0079135650791355,-0.0347879396264295,reversal,over_cap_or_below_cutoff,0.6544574826384741
COIN_20250219_143000,COIN,2025-02-19 14:30:00+00:00,-1,7,160.4787680109787,5.41879713745642,223.71954425942155,20.288643239025056,0.131122104711769,2025-02-19 14:15:00+00:00,2025-02-19 14:30:00+00:00,2025-02-19 14:35:00+00:00,2025-02-19 15:30:00+00:00,-0.0083677298311445,-0.0112574261172284,continuation,over_cap_or_below_cutoff,0.5180302453408041
COIN_20250220_142000,COIN,2025-02-20 14:20:00+00:00,1,21,262.9296751813248,5.945361282563751,134.99759679572765,13.017244166212386,1.2100689417140464,2025-02-20 14:05:00+00:00,2025-02-20 14:20:00+00:00,2025-02-20 14:25:00+00:00,2025-02-20 15:20:00+00:00,0.0048907229099799,-0.0297338403041824,reversal,over_cap_or_below_cutoff,0.7260246069590464
COIN_20250225_142500,COIN,2025-02-25 14:25:00+00:00,1,29,309.67015436587974,4.792505444755835,100.88195527821112,7.767341927749232,1.1213059526507376,2025-02-25 14:10:00+00:00,2025-02-25 14:25:00+00:00,2025-02-25 14:30:00+00:00,2025-02-25 15:25:00+00:00,0.007741285328203,-0.0621363636363635,reversal,over_cap_or_below_cutoff,0.6416822341189163
COIN_20250227_141500,COIN,2025-02-27 14:15:00+00:00,-1,30,281.9088855421725,4.803309599304946,188.6054439074027,13.882293915405908,0.603791952759142,2025-02-27 14:00:00+00:00,2025-02-27 14:15:00+00:00,2025-02-27 14:20:00+00:00,2025-02-27 15:15:00+00:00,-0.0052391799544418,-0.0135104190519806,continuation,over_cap_or_below_cutoff,0.6168803387789781
COIN_20250312_123000,COIN,2025-03-12 12:30:00+00:00,1,34,295.0742275612384,4.9105620661155465,176.199604743083,21.49314759095619,1.301297261013714,2025-03-12 12:15:00+00:00,2025-03-12 12:30:00+00:00,2025-03-12 12:35:00+00:00,2025-03-12 13:30:00+00:00,0.0119848742089827,0.0011337090333225,unclear,over_cap_or_below_cutoff,0.7058852855518054
COIN_20250313_130000,COIN,2025-03-13 13:00:00+00:00,1,22,276.7644162381,4.440035020919058,167.1472275334608,19.62557158226795,0.451429045571517,2025-03-13 12:45:00+00:00,2025-03-13 13:00:00+00:00,2025-03-13 13:05:00+00:00,2025-03-13 14:00:00+00:00,0.0054736842105262,-0.0446503350083752,reversal,over_cap_or_below_cutoff,0.5494418176716684
COIN_20250317_133000,COIN,2025-03-17 13:30:00+00:00,1,29,208.04742822637888,5.279679576168853,236.0546623794212,29.069141704287063,1.1029844495844547,2025-03-17 13:15:00+00:00,2025-03-17 13:30:00+00:00,2025-03-17 13:35:00+00:00,2025-03-17 14:30:00+00:00,0.0077345035655511,-0.0089815470034293,reversal,over_cap_or_below_cutoff,0.6666535914737284
COIN_20250318_132500,COIN,2025-03-18 13:25:00+00:00,1,26,190.65264563511653,4.528249961495108,210.52578191039728,13.665109535718562,0.6495336802592607,2025-03-18 13:10:00+00:00,2025-03-18 13:25:00+00:00,2025-03-18 13:30:00+00:00,2025-03-18 14:25:00+00:00,0.0032511514494717,-0.0170942479071023,reversal,over_cap_or_below_cutoff,0.517932754832406
COIN_20250325_133000,COIN,2025-03-25 13:30:00+00:00,1,31,209.27943856240412,5.050864070343378,261.90865842055183,22.34387869818487,0.5431916723586857,2025-03-25 13:15:00+00:00,2025-03-25 13:30:00+00:00,2025-03-25 13:35:00+00:00,2025-03-25 14:30:00+00:00,0.0031060142475276,-0.0007870029002605,unclear,over_cap_or_below_cutoff,0.6054710802715801
COIN_20250328_134000,COIN,2025-03-28 13:40:00+00:00,-1,10,227.17692734331555,4.044738529260388,183.98191112858828,20.203627494895397,0.0823650952916965,2025-03-28 13:25:00+00:00,2025-03-28 13:40:00+00:00,2025-03-28 13:45:00+00:00,2025-03-28 14:40:00+00:00,-0.008900426977399,-0.0222216192750163,continuation,over_cap_or_below_cutoff,0.43554403039680584
COIN_20250404_133000,COIN,2025-04-04 13:30:00+00:00,-1,28,663.6713735558408,5.413118280144545,87.25224542798398,12.462141700133616,0.6180473486005162,2025-04-04 13:15:00+00:00,2025-04-04 13:30:00+00:00,2025-04-04 13:35:00+00:00,2025-04-04 14:30:00+00:00,-0.0273820258491133,-0.0618375104298649,continuation,over_cap_or_below_cutoff,0.6948004622212707
COIN_20250409_171500,COIN,2025-04-09 17:15:00+00:00,1,9,657.306955966821,4.5215211442658685,11.288808246835837,6.097131654213165,0.981985770761426,2025-04-09 17:00:00+00:00,2025-04-09 17:15:00+00:00,2025-04-09 17:20:00+00:00,2025-04-09 18:15:00+00:00,0.029336874920232,0.1022005340208085,continuation,over_cap_or_below_cutoff,0.6320154390553009
COIN_20250423_133000,COIN,2025-04-23 13:30:00+00:00,-1,10,160.22715748909457,4.138968882434511,258.34247076023394,9.99297279982484,0.1215441126302061,2025-04-23 13:15:00+00:00,2025-04-23 13:30:00+00:00,2025-04-23 13:35:00+00:00,2025-04-23 14:30:00+00:00,-0.0059475806451613,0.0035493357671634,reversal,over_cap_or_below_cutoff,0.42794131052386464
COIN_20250423_145000,COIN,2025-04-23 14:50:00+00:00,-1,9,208.5070892410368,4.120781832527364,55.30656108597285,6.153360399032161,0.4991494071354999,2025-04-23 14:35:00+00:00,2025-04-23 14:50:00+00:00,2025-04-23 14:55:00+00:00,2025-04-23 15:50:00+00:00,-0.0060155697098371,-0.0140619437522249,continuation,over_cap_or_below_cutoff,0.38213085745062003
COIN_20250430_121500,COIN,2025-04-30 12:15:00+00:00,-1,32,206.8437180796767,4.981237759351352,217.90705258866691,15.272472735314588,2.707262573095066,2025-04-30 12:00:00+00:00,2025-04-30 12:15:00+00:00,2025-04-30 12:20:00+00:00,2025-04-30 13:15:00+00:00,-0.0060624635143025,-0.0241970929031714,continuation,over_cap_or_below_cutoff,0.6540881568117205
COIN_20250501_132500,COIN,2025-05-01 13:25:00+00:00,-1,16,266.6666666666728,4.900119996746102,158.94021024967148,14.458286400983289,0.5223156231591556,2025-05-01 13:10:00+00:00,2025-05-01 13:25:00+00:00,2025-05-01 13:30:00+00:00,2025-05-01 14:25:00+00:00,-0.0029995217599234,-0.0171379671592648,continuation,over_cap_or_below_cutoff,0.5812823313554212
COIN_20250506_131500,COIN,2025-05-06 13:15:00+00:00,-1,13,179.05980700758883,4.3022885658141545,225.70662620131512,36.12719314330264,0.42273043824014,2025-05-06 13:00:00+00:00,2025-05-06 13:15:00+00:00,2025-05-06 13:20:00+00:00,2025-05-06 14:15:00+00:00,-0.0035114503816793,0.0016853071855369,unclear,low_strength_unclear,0.47212948762480594
COIN_20250512_140000,COIN,2025-05-12 14:00:00+00:00,1,22,331.79946718333355,4.583352637573202,143.26219258024176,11.663067274532544,1.893510307575364,2025-05-12 13:45:00+00:00,2025-05-12 14:00:00+00:00,2025-05-12 14:05:00+00:00,2025-05-12 15:00:00+00:00,0.0080122090805037,-0.0078538985616958,reversal,over_cap_or_below_cutoff,0.6991135323650706
COIN_20250513_132500,COIN,2025-05-13 13:25:00+00:00,1,31,302.91891891891964,5.127172676581391,153.77189325661274,12.925519179049486,0.4693572695898525,2025-05-13 13:10:00+00:00,2025-05-13 13:25:00+00:00,2025-05-13 13:30:00+00:00,2025-05-13 14:25:00+00:00,0.0087032201914707,0.0384814495254528,continuation,over_cap_or_below_cutoff,0.6295097414288795
COIN_20250516_133000,COIN,2025-05-16 13:30:00+00:00,1,29,237.42205352646815,5.013626722802171,190.7515676661726,13.079993445042998,0.5547274271672245,2025-05-16 13:15:00+00:00,2025-05-16 13:30:00+00:00,2025-05-16 13:35:00+00:00,2025-05-16 14:30:00+00:00,0.009507606084868,0.0381679389312976,continuation,over_cap_or_below_cutoff,0.5854610779674694
COIN_20250519_132500,COIN,2025-05-19 13:25:00+00:00,1,21,295.49410172113875,5.133010810286756,161.73390394674274,12.230177271559668,0.6403975298719157,2025-05-19 13:10:00+00:00,2025-05-19 13:25:00+00:00,2025-05-19 13:30:00+00:00,2025-05-19 14:25:00+00:00,0.0056818181818181,0.0097044467504514,continuation,over_cap_or_below_cutoff,0.6458191481242077
COIN_20250520_111000,COIN,2025-05-20 11:10:00+00:00,1,3,103.93689011851448,4.006003885214394,36.112947658402206,12.44848563322698,0.8468217345848033,2025-05-20 10:55:00+00:00,2025-05-20 11:10:00+00:00,2025-05-20 11:15:00+00:00,2025-05-20 12:10:00+00:00,0.0093951190297949,-0.0017799532762265,unclear,low_strength_unclear,0.272630091390088
COIN_20250520_131500,COIN,2025-05-20 13:15:00+00:00,1,16,150.58984182376943,4.074650863624112,150.26727272727274,7.040520004362233,0.8624313811124545,2025-05-20 13:00:00+00:00,2025-05-20 13:15:00+00:00,2025-05-20 13:20:00+00:00,2025-05-20 14:15:00+00:00,0.0031488978857401,-0.0191143497757847,reversal,over_cap_or_below_cutoff,0.4197364776311524
COIN_20250521_172000,COIN,2025-05-21 17:20:00+00:00,-1,3,319.4435482032421,4.433941372614974,4.424481870030898,4.037734710026257,1.1876429909985726,2025-05-21 17:05:00+00:00,2025-05-21 17:20:00+00:00,2025-05-21 17:25:00+00:00,2025-05-21 18:20:00+00:00,-0.02071880025431,-0.0075424861561963,continuation,over_cap_or_below_cutoff,0.5448308486442275
COIN_20250523_111500,COIN,2025-05-23 11:15:00+00:00,-1,10,240.64272931500815,6.127209773126477,88.5518417462483,54.63909894372196,4.616723839403236,2025-05-23 11:00:00+00:00,2025-05-23 11:15:00+00:00,2025-05-23 11:20:00+00:00,2025-05-23 12:15:00+00:00,-0.0037794004329797,-0.0372744014732965,continuation,over_cap_or_below_cutoff,0.6916915538432498
COIN_20250529_133000,COIN,2025-05-29 13:30:00+00:00,-1,16,183.56918238993768,4.592516496673542,100.11584699453552,13.1182964784628,0.1874434431231309,2025-05-29 13:15:00+00:00,2025-05-29 13:30:00+00:00,2025-05-29 13:35:00+00:00,2025-05-29 14:30:00+00:00,-0.0094372461806226,-0.0231736363281402,continuation,over_cap_or_below_cutoff,0.3939986370139475
COIN_20250603_133000,COIN,2025-06-03 13:30:00+00:00,-1,18,169.8976257895901,4.772493620709045,293.47609618104667,26.1084249790334,0.0745627581425451,2025-06-03 13:15:00+00:00,2025-06-03 13:30:00+00:00,2025-06-03 13:35:00+00:00,2025-06-03 14:30:00+00:00,-0.0087209302325581,0.0372332895136009,reversal,over_cap_or_below_cutoff,0.5114743497429388
COIN_20250610_133500,COIN,2025-06-10 13:35:00+00:00,-1,9,105.27226681707802,4.012484090065202,150.15,13.254681648011786,0.1121984241900282,2025-06-10 13:20:00+00:00,2025-06-10 13:35:00+00:00,2025-06-10 13:40:00+00:00,2025-06-10 14:35:00+00:00,-0.003399258343634,-0.0060077519379845,continuation,over_cap_or_below_cutoff,0.31030653554406923
COIN_20250623_132500,COIN,2025-06-23 13:25:00+00:00,-1,35,237.06312652397756,4.641646180141146,212.90314160529505,18.025756161538144,0.9500893685536848,2025-06-23 13:10:00+00:00,2025-06-23 13:25:00+00:00,2025-06-23 13:30:00+00:00,2025-06-23 14:25:00+00:00,-0.005630927291886,0.0326853660959696,reversal,over_cap_or_below_cutoff,0.6093577560944066
COIN_20250627_125500,COIN,2025-06-27 12:55:00+00:00,-1,12,202.9792674114872,5.495676192138368,249.90945736434108,16.351393665644288,0.665795663800393,2025-06-27 12:40:00+00:00,2025-06-27 12:55:00+00:00,2025-06-27 13:00:00+00:00,2025-06-27 13:55:00+00:00,-0.0037919248023926,-0.0406637002090817,continuation,over_cap_or_below_cutoff,0.6428993886513648
COIN_20250707_131500,COIN,2025-07-07 13:15:00+00:00,-1,18,255.96590909091165,4.972503317353634,234.185989146522,22.018927888875048,2.4766053749433903,2025-07-07 13:00:00+00:00,2025-07-07 13:15:00+00:00,2025-07-07 13:20:00+00:00,2025-07-07 14:15:00+00:00,-0.0034996870198599,0.0217000256973987,reversal,over_cap_or_below_cutoff,0.7148592415479618
COIN_20250708_132000,COIN,2025-07-08 13:20:00+00:00,1,15,202.73698034050545,5.610995804391149,360.236820083682,24.92710295590532,0.3890353522168731,2025-07-08 13:05:00+00:00,2025-07-08 13:20:00+00:00,2025-07-08 13:25:00+00:00,2025-07-08 14:20:00+00:00,0.0033259423503324,-0.0283093922651933,reversal,over_cap_or_below_cutoff,0.691957965168409
COIN_20250709_134000,COIN,2025-07-09 13:40:00+00:00,1,4,161.17475008066373,5.579253191473767,349.66714801444044,43.41541838468834,0.09898002979966,2025-07-09 13:25:00+00:00,2025-07-09 13:40:00+00:00,2025-07-09 13:45:00+00:00,2025-07-09 14:40:00+00:00,0.0032126305209669,-0.0070984750259301,reversal,over_cap_or_below_cutoff,0.6126497771900902
COIN_20250711_132500,COIN,2025-07-11 13:25:00+00:00,-1,28,169.7086267432857,4.21623073560614,140.25224533660858,9.029750676082829,1.145245723622914,2025-07-11 13:10:00+00:00,2025-07-11 13:25:00+00:00,2025-07-11 13:30:00+00:00,2025-07-11 14:25:00+00:00,-0.0042384782331161,-0.0058719454344984,continuation,over_cap_or_below_cutoff,0.4753311149285066
COIN_20250715_183500,COIN,2025-07-15 18:35:00+00:00,-1,3,296.12276591824525,4.561586668855936,12.71115771982086,7.930430314075601,0.8661637517235969,2025-07-15 18:20:00+00:00,2025-07-15 18:35:00+00:00,2025-07-15 18:40:00+00:00,2025-07-15 19:35:00+00:00,-0.0238109194333087,0.0129427736006682,reversal,over_cap_or_below_cutoff,0.4976530235275811
COIN_20250717_134000,COIN,2025-07-17 13:40:00+00:00,1,19,254.22890493619565,6.234325375175038,202.596689772245,12.284165887083446,0.2437454190191458,2025-07-17 13:25:00+00:00,2025-07-17 13:40:00+00:00,2025-07-17 13:45:00+00:00,2025-07-17 14:40:00+00:00,0.0047424284244599,0.0298436641526396,continuation,over_cap_or_below_cutoff,0.6629808963969848
COIN_20250718_133000,COIN,2025-07-18 13:30:00+00:00,1,21,295.4692793751112,4.8301513807295615,211.18213356461405,17.096358771130433,0.3254158416847676,2025-07-18 13:15:00+00:00,2025-07-18 13:30:00+00:00,2025-07-18 13:35:00+00:00,2025-07-18 14:30:00+00:00,0.0209280731411156,0.0090951492537312,continuation,over_cap_or_below_cutoff,0.6185408251898281
COIN_20250721_133000,COIN,2025-07-21 13:30:00+00:00,-1,6,261.83115338881623,4.071650342326158,132.31740837696336,18.93443213606699,0.0997889013880256,2025-07-21 13:15:00+00:00,2025-07-21 13:30:00+00:00,2025-07-21 13:35:00+00:00,2025-07-21 14:30:00+00:00,-0.0127717518899375,0.0217122473246136,reversal,over_cap_or_below_cutoff,0.4413841006390905
COIN_20250723_133000,COIN,2025-07-23 13:30:00+00:00,-1,5,240.67896263916256,4.637351169837237,489.8670906200318,39.44789049280055,0.0790665932776364,2025-07-23 13:15:00+00:00,2025-07-23 13:30:00+00:00,2025-07-23 13:35:00+00:00,2025-07-23 14:30:00+00:00,-0.0235022466300549,-0.0048186919232587,continuation,over_cap_or_below_cutoff,0.6131879563673706
COIN_20250724_132500,COIN,2025-07-24 13:25:00+00:00,1,12,223.60257872626968,4.795917504567697,262.2465245597776,29.3110750908568,0.6068890538483069,2025-07-24 13:10:00+00:00,2025-07-24 13:25:00+00:00,2025-07-24 13:30:00+00:00,2025-07-24 14:25:00+00:00,0.0065989342098711,-0.0242683620710981,reversal,over_cap_or_below_cutoff,0.6050231615427833
COIN_20250729_145500,COIN,2025-07-29 14:55:00+00:00,-1,12,137.26985510403634,4.432651995642713,83.65866572537945,8.768489134590123,0.4740557840409136,2025-07-29 14:40:00+00:00,2025-07-29 14:55:00+00:00,2025-07-29 15:00:00+00:00,2025-07-29 15:55:00+00:00,-0.0086051445239989,-0.0131468082545372,continuation,over_cap_or_below_cutoff,0.3518180617155137
COIN_20250730_122000,COIN,2025-07-30 12:20:00+00:00,1,4,123.18548387096897,4.723255286408085,128.185988323603,29.7979402742004,0.1864817936548684,2025-07-30 12:05:00+00:00,2025-07-30 12:20:00+00:00,2025-07-30 12:25:00+00:00,2025-07-30 13:20:00+00:00,0.0081237390719568,0.0230274568401953,continuation,near_duplicate,0.36572535809153894
COIN_20250730_125500,COIN,2025-07-30 12:55:00+00:00,1,12,218.25924940111156,5.895240282751973,509.5788717211642,31.877496821510046,0.3402316944161233,2025-07-30 12:40:00+00:00,2025-07-30 12:55:00+00:00,2025-07-30 13:00:00+00:00,2025-07-30 13:55:00+00:00,0.0037298521380044,0.0066489714664896,continuation,over_cap_or_below_cutoff,0.7276154602613041
COIN_20250805_110000,COIN,2025-08-05 11:00:00+00:00,-1,8,196.1165048543645,4.596324490299529,43.28169014084507,37.48597273681332,2.43957752155193,2025-08-05 10:45:00+00:00,2025-08-05 11:00:00+00:00,2025-08-05 11:05:00+00:00,2025-08-05 12:00:00+00:00,-0.0164083579092677,-0.0096009696660392,continuation,over_cap_or_below_cutoff,0.4992761836216411
COIN_20250808_135000,COIN,2025-08-08 13:50:00+00:00,-1,21,104.30290347894775,4.400203211272845,108.82765612327655,13.625238198425214,1.1146632496670343,2025-08-08 13:35:00+00:00,2025-08-08 13:50:00+00:00,2025-08-08 13:55:00+00:00,2025-08-08 14:50:00+00:00,-0.0097177677998717,-0.0145684490073516,continuation,over_cap_or_below_cutoff,0.4235191519446535
COIN_20250812_123000,COIN,2025-08-12 12:30:00+00:00,1,3,202.7511775164581,4.639557299077243,58.85689605528361,33.5983761503887,0.5132790673711316,2025-08-12 12:15:00+00:00,2025-08-12 12:30:00+00:00,2025-08-12 12:35:00+00:00,2025-08-12 13:30:00+00:00,0.0193387398627573,-0.0056762545899633,reversal,near_duplicate,0.3753176112103652
COIN_20250814_120000,COIN,2025-08-14 12:00:00+00:00,1,35,238.3518225039549,4.0975074386000605,161.2872146758157,26.974409315575727,1.6402467490102492,2025-08-14 11:40:00+00:00,2025-08-14 12:00:00+00:00,2025-08-14 12:05:00+00:00,2025-08-14 13:00:00+00:00,0.0044505831798649,-0.0322077922077922,reversal,over_cap_or_below_cutoff,0.5720566864237675
COIN_20250815_133000,COIN,2025-08-15 13:30:00+00:00,-1,24,189.40226780161493,4.609850236171379,423.9180400890869,23.261067573353287,0.4994349045367462,2025-08-15 13:15:00+00:00,2025-08-15 13:30:00+00:00,2025-08-15 13:35:00+00:00,2025-08-15 14:30:00+00:00,-0.0185881627620221,0.0045544492257436,reversal,over_cap_or_below_cutoff,0.6025411722955671
COIN_20250819_133000,COIN,2025-08-19 13:30:00+00:00,-1,18,190.88859696070327,5.1362827592515705,282.7655649500384,30.804607590704503,0.2364948080558801,2025-08-19 13:15:00+00:00,2025-08-19 13:30:00+00:00,2025-08-19 13:35:00+00:00,2025-08-19 14:30:00+00:00,-0.0036539662710806,-0.0163934426229507,continuation,over_cap_or_below_cutoff,0.575072750843076
COIN_20250826_123500,COIN,2025-08-26 12:35:00+00:00,1,14,119.37176251825888,4.101563909576807,257.59549689441,26.82204644687235,0.8208998827219839,2025-08-26 12:20:00+00:00,2025-08-26 12:35:00+00:00,2025-08-26 12:40:00+00:00,2025-08-26 13:35:00+00:00,0.0037583673469387,-0.0126902645079228,reversal,over_cap_or_below_cutoff,0.46459442530800266
COIN_20250827_133000,COIN,2025-08-27 13:30:00+00:00,1,4,102.55323311702868,4.170750973874551,133.37213814513,21.995094660801417,0.1216142823759072,2025-08-27 13:15:00+00:00,2025-08-27 13:30:00+00:00,2025-08-27 13:35:00+00:00,2025-08-27 14:30:00+00:00,0.0063027262955603,0.0055835181019276,continuation,over_cap_or_below_cutoff,0.314024739478443
COIN_20250902_133500,COIN,2025-09-02 13:35:00+00:00,1,25,231.1577961395628,6.270371134160153,170.71120307419451,23.68379008742244,1.1480357716660503,2025-09-02 13:20:00+00:00,2025-09-02 13:35:00+00:00,2025-09-02 13:40:00+00:00,2025-09-02 14:35:00+00:00,0.00957255819819,0.02541333951824,continuation,over_cap_or_below_cutoff,0.7143005944026828
COIN_20250905_133000,COIN,2025-09-05 13:30:00+00:00,-1,21,237.1037076840432,4.413187448856002,600.3557642149192,37.12743854012524,0.2670423037944205,2025-09-05 13:15:00+00:00,2025-09-05 13:30:00+00:00,2025-09-05 13:35:00+00:00,2025-09-05 14:30:00+00:00,-0.0103177733666985,-0.0434775873753509,continuation,over_cap_or_below_cutoff,0.6099350807309238
COIN_20250910_123000,COIN,2025-09-10 12:30:00+00:00,1,3,122.1995926680286,4.02007341822983,25.419894366197184,25.38379746163733,0.5928701417292045,2025-09-10 12:15:00+00:00,2025-09-10 12:30:00+00:00,2025-09-10 12:35:00+00:00,2025-09-10 13:30:00+00:00,0.0062290668920397,0.0025944129907298,unclear,near_duplicate,0.2468269507373234
COIN_20250910_132500,COIN,2025-09-10 13:25:00+00:00,-1,22,183.8693863366969,4.666291520962727,300.6461538461538,21.48965837948948,0.872026478105965,2025-09-10 13:10:00+00:00,2025-09-10 13:25:00+00:00,2025-09-10 13:30:00+00:00,2025-09-10 14:25:00+00:00,-0.0050137723994924,0.0033282528227938,reversal,over_cap_or_below_cutoff,0.6062702870776678
COIN_20250915_132500,COIN,2025-09-15 13:25:00+00:00,1,22,144.86921529174523,5.218791211439835,425.98501498501497,45.75113093445676,0.4675049728355733,2025-09-15 13:10:00+00:00,2025-09-15 13:25:00+00:00,2025-09-15 13:30:00+00:00,2025-09-15 14:25:00+00:00,0.0033350115222501,0.0070708636997984,continuation,over_cap_or_below_cutoff,0.6062731430545152
COIN_20250916_130500,COIN,2025-09-16 13:05:00+00:00,1,12,188.89911070223863,7.245724333770741,433.33726201269263,57.461173245734976,0.4203635230266068,2025-09-16 12:50:00+00:00,2025-09-16 13:05:00+00:00,2025-09-16 13:10:00+00:00,2025-09-16 14:05:00+00:00,0.0058110551870682,-0.0204090895337226,reversal,over_cap_or_below_cutoff,0.7142662025551458
COIN_20250917_133000,COIN,2025-09-17 13:30:00+00:00,-1,15,122.77674706246522,4.205050377633343,175.82166666666666,41.42232945047006,0.1666607526461023,2025-09-17 13:15:00+00:00,2025-09-17 13:30:00+00:00,2025-09-17 13:35:00+00:00,2025-09-17 14:30:00+00:00,-0.0056109152230567,-0.0022200296003945,unclear,low_strength_unclear,0.34989434684043685
COIN_20250917_180000,COIN,2025-09-17 18:00:00+00:00,1,11,277.2487206282448,4.236458873337476,7.754904425184975,8.617374772616797,2.39474319837484,2025-09-17 17:45:00+00:00,2025-09-17 18:00:00+00:00,2025-09-17 18:05:00+00:00,2025-09-17 19:00:00+00:00,0.0117509727626459,-0.0173678947773248,reversal,over_cap_or_below_cutoff,0.551709653756782
COIN_20250918_133000,COIN,2025-09-18 13:30:00+00:00,1,23,172.48374531280808,4.279367915444847,188.76251390433816,18.99795457721241,0.4605997516664502,2025-09-18 13:15:00+00:00,2025-09-18 13:30:00+00:00,2025-09-18 13:35:00+00:00,2025-09-18 14:30:00+00:00,0.0059584162937029,0.032763880414887,continuation,over_cap_or_below_cutoff,0.44292479866221346
COIN_20250919_135000,COIN,2025-09-19 13:50:00+00:00,1,16,146.1806787276787,4.45439698453475,186.46269143043332,13.797009756561676,0.1358459679056923,2025-09-19 13:35:00+00:00,2025-09-19 13:50:00+00:00,2025-09-19 13:55:00+00:00,2025-09-19 14:50:00+00:00,0.0079093066174531,-0.0013660011044263,unclear,low_strength_unclear,0.3949310609861675
COIN_20250929_134000,COIN,2025-09-29 13:40:00+00:00,1,20,248.2546783441464,4.95255911234536,336.3421985815603,32.24332925681257,0.1160574111787637,2025-09-29 13:25:00+00:00,2025-09-29 13:40:00+00:00,2025-09-29 13:45:00+00:00,2025-09-29 14:40:00+00:00,0.003301471513017,0.0350061111285218,continuation,over_cap_or_below_cutoff,0.640942239717081
COIN_20250930_133000,COIN,2025-09-30 13:30:00+00:00,1,10,206.95915279878903,5.185550272774156,164.5334935416041,13.220210828526977,0.1704583850508561,2025-09-30 13:15:00+00:00,2025-09-30 13:30:00+00:00,2025-09-30 13:35:00+00:00,2025-09-30 14:30:00+00:00,0.009934577174703,-0.0013645633397312,unclear,over_cap_or_below_cutoff,0.5107401870184682
COIN_20251001_134500,COIN,2025-10-01 13:45:00+00:00,-1,10,169.76699854831745,4.208624754123748,75.13527610840231,8.27559371929398,0.1622997540293972,2025-10-01 13:30:00+00:00,2025-10-01 13:45:00+00:00,2025-10-01 13:50:00+00:00,2025-10-01 14:45:00+00:00,-0.0075528261249199,0.017453846943414,reversal,over_cap_or_below_cutoff,0.32702472692400464
COIN_20251003_131000,COIN,2025-10-03 13:10:00+00:00,-1,17,253.1952758453304,6.53342799908091,244.42950199621768,15.994875422862844,0.5860674578992189,2025-10-03 12:55:00+00:00,2025-10-03 13:10:00+00:00,2025-10-03 13:15:00+00:00,2025-10-03 14:10:00+00:00,-0.0035933684063303,0.0053986935161691,reversal,over_cap_or_below_cutoff,0.726023185120902
COIN_20251015_133000,COIN,2025-10-15 13:30:00+00:00,-1,25,188.8931410067718,4.834999289287691,224.4831214379658,20.246634398226668,0.4237390272400382,2025-10-15 13:15:00+00:00,2025-10-15 13:30:00+00:00,2025-10-15 13:35:00+00:00,2025-10-15 14:30:00+00:00,-0.0139221511111009,0.0107948395401222,reversal,over_cap_or_below_cutoff,0.5280885604492775
COIN_20251022_133000,COIN,2025-10-22 13:30:00+00:00,-1,24,251.42135186355,5.03146797031684,169.5412048192771,19.926744759848493,0.2219651816003053,2025-10-22 13:15:00+00:00,2025-10-22 13:30:00+00:00,2025-10-22 13:35:00+00:00,2025-10-22 14:30:00+00:00,-0.0157908555568058,-0.0347560975609755,continuation,over_cap_or_below_cutoff,0.5520348861455431
COIN_20251028_133000,COIN,2025-10-28 13:30:00+00:00,1,17,124.69518953668546,4.05794908039988,463.2919743968488,20.34121185486308,0.2601344850762508,2025-10-28 13:15:00+00:00,2025-10-28 13:30:00+00:00,2025-10-28 13:35:00+00:00,2025-10-28 14:30:00+00:00,0.0036388697450033,0.0029389952481666,unclear,low_strength_unclear,0.4647158149746884
COIN_20251029_133500,COIN,2025-10-29 13:35:00+00:00,-1,9,185.42894751902628,6.013250737166006,224.70088719898607,23.652667691468093,0.0758563853290659,2025-10-29 13:20:00+00:00,2025-10-29 13:35:00+00:00,2025-10-29 13:40:00+00:00,2025-10-29 14:35:00+00:00,-0.0109865470852018,-0.0125821809113579,continuation,over_cap_or_below_cutoff,0.5886319890036416
COIN_20251030_133000,COIN,2025-10-30 13:30:00+00:00,-1,12,198.5731272294866,4.126823352442476,183.96425089372767,13.967665501380075,0.0672421483768726,2025-10-30 13:15:00+00:00,2025-10-30 13:30:00+00:00,2025-10-30 13:35:00+00:00,2025-10-30 14:30:00+00:00,-0.0054082243245273,-0.0052169057136139,continuation,over_cap_or_below_cutoff,0.41152731008877175
COIN_20251030_195000,COIN,2025-10-30 19:50:00+00:00,-1,12,380.20151593559206,5.052080679571707,9.29920828023018,8.534884106125428,11.02267729483089,2025-10-30 19:35:00+00:00,2025-10-30 19:50:00+00:00,2025-10-30 19:55:00+00:00,2025-10-30 20:50:00+00:00,-0.0068028480623005,0.0048194962262433,reversal,over_cap_or_below_cutoff,0.7179395747103796
COIN_20251031_132500,COIN,2025-10-31 13:25:00+00:00,-1,29,317.71331768062794,5.005100368605497,211.4869109947644,18.525716217875807,0.759480313096803,2025-10-31 13:10:00+00:00,2025-10-31 13:25:00+00:00,2025-10-31 13:30:00+00:00,2025-10-31 14:25:00+00:00,-0.0102950260317087,0.055547299907867,reversal,over_cap_or_below_cutoff,0.7032040287518195
COIN_20251103_143000,COIN,2025-11-03 14:30:00+00:00,-1,25,222.61478808929257,4.810723758358421,288.460158852165,18.24730599984738,0.3490963315237336,2025-11-03 14:15:00+00:00,2025-11-03 14:30:00+00:00,2025-11-03 14:35:00+00:00,2025-11-03 15:30:00+00:00,-0.0198532648569331,-0.0122011467580879,continuation,over_cap_or_below_cutoff,0.5951952631044627
COIN_20251106_143000,COIN,2025-11-06 14:30:00+00:00,-1,24,252.4271844660153,4.634469091533072,558.2287551676619,19.704516037293825,0.2106565032959229,2025-11-06 14:15:00+00:00,2025-11-06 14:30:00+00:00,2025-11-06 14:35:00+00:00,2025-11-06 15:30:00+00:00,-0.0246212121212121,-0.02126213592233,continuation,over_cap_or_below_cutoff,0.6390842127564544
COIN_20251111_144500,COIN,2025-11-11 14:45:00+00:00,-1,17,161.58277306204783,4.223730347462401,99.44441285186238,10.932917259539083,0.2678111430460648,2025-11-11 14:30:00+00:00,2025-11-11 14:45:00+00:00,2025-11-11 14:50:00+00:00,2025-11-11 15:45:00+00:00,-0.0041953802960693,-0.001180616740088,unclear,low_strength_unclear,0.34719701856613794
COIN_20251112_143000,COIN,2025-11-12 14:30:00+00:00,-1,24,192.20636411536597,4.127437617458477,98.82177197802196,7.013404995260507,0.8724326107362363,2025-11-12 14:15:00+00:00,2025-11-12 14:30:00+00:00,2025-11-12 14:35:00+00:00,2025-11-12 15:30:00+00:00,-0.0036310820624546,-0.0105604146420472,continuation,over_cap_or_below_cutoff,0.4343850075987811
COIN_20251119_142500,COIN,2025-11-19 14:25:00+00:00,-1,27,174.98764211567152,4.210961326911203,261.6577235772358,7.698345683176548,0.3257889166325485,2025-11-19 14:10:00+00:00,2025-11-19 14:25:00+00:00,2025-11-19 14:30:00+00:00,2025-11-19 15:25:00+00:00,-0.0040712274560535,-0.0135052531041071,continuation,over_cap_or_below_cutoff,0.47341280168356237
COIN_20251120_142500,COIN,2025-11-20 14:25:00+00:00,-1,34,228.80729737304597,4.137558623222191,148.1969598965071,6.716756680020786,0.4439905845624727,2025-11-20 14:10:00+00:00,2025-11-20 14:25:00+00:00,2025-11-20 14:30:00+00:00,2025-11-20 15:25:00+00:00,-0.0049042145593868,-0.0087401817341754,continuation,over_cap_or_below_cutoff,0.4601510990178863
COIN_20251121_122500,COIN,2025-11-21 12:25:00+00:00,-1,12,242.1244467586514,4.0589079801642285,59.243499364382295,9.424893093797907,1.0953975475045894,2025-11-21 12:10:00+00:00,2025-11-21 12:25:00+00:00,2025-11-21 12:30:00+00:00,2025-11-21 13:25:00+00:00,-0.0076217542953106,0.0283780265555844,reversal,over_cap_or_below_cutoff,0.47754199127392694
COIN_20251125_142500,COIN,2025-11-25 14:25:00+00:00,-1,32,258.85541746820894,4.609322215341925,190.9677213167146,7.728623695255725,0.5104085393919474,2025-11-25 14:10:00+00:00,2025-11-25 14:25:00+00:00,2025-11-25 14:30:00+00:00,2025-11-25 15:25:00+00:00,-0.0064498037016265,-0.021370106044111,continuation,over_cap_or_below_cutoff,0.5677460455298551
COIN_20251202_143500,COIN,2025-12-02 14:35:00+00:00,-1,27,149.24651372019815,4.6120735909878565,162.09924550203135,9.509539165530592,0.5608385483530088,2025-12-02 14:20:00+00:00,2025-12-02 14:35:00+00:00,2025-12-02 14:40:00+00:00,2025-12-02 15:35:00+00:00,-0.0086097415209921,0.0113972458225797,reversal,over_cap_or_below_cutoff,0.44098315535162225
COIN_20251204_142500,COIN,2025-12-04 14:25:00+00:00,-1,13,168.86311075217986,4.572128480545057,159.61046306115236,9.340422813920153,0.4796069549695536,2025-12-04 14:10:00+00:00,2025-12-04 14:25:00+00:00,2025-12-04 14:30:00+00:00,2025-12-04 15:25:00+00:00,-0.0051773799540597,0.0172622319956019,reversal,over_cap_or_below_cutoff,0.44747615950358754
COIN_20251205_142500,COIN,2025-12-05 14:25:00+00:00,-1,13,206.16539514406008,5.8555825524010565,403.9793322734499,25.97166228687616,0.3842723804993042,2025-12-05 14:10:00+00:00,2025-12-05 14:25:00+00:00,2025-12-05 14:30:00+00:00,2025-12-05 15:25:00+00:00,-0.0035023041474654,0.0087125416204216,reversal,over_cap_or_below_cutoff,0.7163433785841693
COIN_20251209_144500,COIN,2025-12-09 14:45:00+00:00,1,17,161.52229228897585,4.68735907859838,283.2194871794872,50.284429045681215,0.1744713939216421,2025-12-09 14:30:00+00:00,2025-12-09 14:45:00+00:00,2025-12-09 14:50:00+00:00,2025-12-09 15:45:00+00:00,0.0109287599918772,0.0252551998685195,continuation,over_cap_or_below_cutoff,0.49923743957109595
COIN_20251211_145000,COIN,2025-12-11 14:50:00+00:00,-1,18,169.3181818181899,4.387244399512155,156.62752407579993,17.05556913922779,0.217647781059066,2025-12-11 14:35:00+00:00,2025-12-11 14:50:00+00:00,2025-12-11 14:55:00+00:00,2025-12-11 15:50:00+00:00,-0.0166499050173204,0.0021969696969696,unclear,low_strength_unclear,0.4019515712963805
COIN_20251218_133000,COIN,2025-12-18 13:30:00+00:00,1,6,157.12234806189107,4.928444782329407,47.01761449421238,12.949361429166522,0.8320957590251136,2025-12-18 13:15:00+00:00,2025-12-18 13:30:00+00:00,2025-12-18 13:35:00+00:00,2025-12-18 14:30:00+00:00,0.0105640821207892,-0.004102564102564,reversal,over_cap_or_below_cutoff,0.4324003695769847
COIN_20251218_143000,COIN,2025-12-18 14:30:00+00:00,-1,7,237.6317923763249,5.2949082448524,375.37623337623336,12.91264497766345,0.125791991147794,2025-12-18 14:15:00+00:00,2025-12-18 14:30:00+00:00,2025-12-18 14:35:00+00:00,2025-12-18 15:30:00+00:00,-0.0046915040410013,-0.0066458052760833,continuation,over_cap_or_below_cutoff,0.672408897078348
COIN_20251223_142500,COIN,2025-12-23 14:25:00+00:00,-1,9,123.32298306369394,4.1721169835172445,237.84964300713983,9.354551371519925,0.6447813790381093,2025-12-23 14:10:00+00:00,2025-12-23 14:25:00+00:00,2025-12-23 14:30:00+00:00,2025-12-23 15:25:00+00:00,-0.0046606704824202,-0.0145214819682905,continuation,over_cap_or_below_cutoff,0.4389442248258806
COIN_20251226_143000,COIN,2025-12-26 14:30:00+00:00,-1,7,146.38667144091232,5.598799652502923,424.7101754385965,40.56838037009823,0.100928705109168,2025-12-26 14:15:00+00:00,2025-12-26 14:30:00+00:00,2025-12-26 14:35:00+00:00,2025-12-26 15:30:00+00:00,-0.0123661714665117,-0.0115546218487394,continuation,over_cap_or_below_cutoff,0.6019920039797735
COIN_20251229_143000,COIN,2025-12-29 14:30:00+00:00,1,10,210.5536693028598,4.507321462817428,321.8776814240073,19.421513734955145,0.1576014544931498,2025-12-29 14:15:00+00:00,2025-12-29 14:30:00+00:00,2025-12-29 14:35:00+00:00,2025-12-29 15:30:00+00:00,0.0210553669302862,-0.0152992884051904,reversal,over_cap_or_below_cutoff,0.5579705220662572
COIN_20251230_143000,COIN,2025-12-30 14:30:00+00:00,-1,9,104.72332356490588,4.839922884568107,354.3278911564626,16.23241640575959,0.0992176048680894,2025-12-30 14:15:00+00:00,2025-12-30 14:30:00+00:00,2025-12-30 14:35:00+00:00,2025-12-30 15:30:00+00:00,-0.0103637992067215,0.0046112739182899,reversal,over_cap_or_below_cutoff,0.5158438757765309
COIN_20251231_142500,COIN,2025-12-31 14:25:00+00:00,-1,4,89.69000348310718,4.619826220084051,251.43936170212768,17.628061403387303,1.3450986397241975,2025-12-31 14:10:00+00:00,2025-12-31 14:25:00+00:00,2025-12-31 14:30:00+00:00,2025-12-31 15:25:00+00:00,-0.0052115952402254,-0.0051238811778441,continuation,over_cap_or_below_cutoff,0.5615568425610981
COIN_20260108_110000,COIN,2026-01-08 11:00:00+00:00,1,4,265.0562677769064,4.637381839544163,48.63207547169812,37.27252979930973,1.2982214360727629,2026-01-08 10:45:00+00:00,2026-01-08 11:00:00+00:00,2026-01-08 11:05:00+00:00,2026-01-08 12:00:00+00:00,0.0265056267776908,-0.0040960565416432,reversal,over_cap_or_below_cutoff,0.5681529385405477
COIN_20260109_143000,COIN,2026-01-09 14:30:00+00:00,-1,20,229.60084775697663,4.812814407759131,552.1521739130435,37.11726783488898,0.0754007233223448,2026-01-09 14:15:00+00:00,2026-01-09 14:30:00+00:00,2026-01-09 14:35:00+00:00,2026-01-09 15:30:00+00:00,-0.0198176291793312,0.0026048127015627,unclear,over_cap_or_below_cutoff,0.6166649232424577
COIN_20260114_143500,COIN,2026-01-14 14:35:00+00:00,-1,20,276.88572099944906,5.527894605410516,228.10822615869932,18.355436065282674,0.2074772426341712,2026-01-14 14:20:00+00:00,2026-01-14 14:35:00+00:00,2026-01-14 14:40:00+00:00,2026-01-14 15:35:00+00:00,-0.0036678632745433,0.0175256520717475,reversal,over_cap_or_below_cutoff,0.658883160438188
COIN_20260115_142500,COIN,2026-01-15 14:25:00+00:00,-1,7,162.34027163867236,5.518893239539419,183.151186168074,12.493607075600943,1.301665483967487,2026-01-15 14:10:00+00:00,2026-01-15 14:25:00+00:00,2026-01-15 14:30:00+00:00,2026-01-15 15:25:00+00:00,-0.0095618159547987,-0.0211449315833566,continuation,over_cap_or_below_cutoff,0.6264502161287513
COIN_20260116_142500,COIN,2026-01-16 14:25:00+00:00,-1,21,148.61239205164577,5.3488412474524125,435.2074815137016,18.27453827297508,1.0039136124295136,2026-01-16 14:10:00+00:00,2026-01-16 14:25:00+00:00,2026-01-16 14:30:00+00:00,2026-01-16 15:25:00+00:00,-0.010760698617664,0.0064220567316541,reversal,over_cap_or_below_cutoff,0.6785898735192426
COIN_20260127_143000,COIN,2026-01-27 14:30:00+00:00,-1,12,241.1313518696101,6.519783153777795,381.5836680053548,24.768969236189687,0.0619028629807138,2026-01-27 14:15:00+00:00,2026-01-27 14:30:00+00:00,2026-01-27 14:35:00+00:00,2026-01-27 15:30:00+00:00,-0.012097902097902,-0.0180505415162454,continuation,over_cap_or_below_cutoff,0.7300896038425471
COIN_20260128_143000,COIN,2026-01-28 14:30:00+00:00,1,9,206.17819516613568,5.228738792419018,210.3505089058524,18.518444752359493,0.1924318519049083,2026-01-28 14:15:00+00:00,2026-01-28 14:30:00+00:00,2026-01-28 14:35:00+00:00,2026-01-28 15:30:00+00:00,0.0061607046767122,-0.0194773348279968,reversal,over_cap_or_below_cutoff,0.5463503133722576
COIN_20260129_141500,COIN,2026-01-29 14:15:00+00:00,-1,16,195.34333070244213,6.2665313437134085,599.0286717378584,21.007085846040983,0.2438205584545381,2026-01-29 14:00:00+00:00,2026-01-29 14:15:00+00:00,2026-01-29 14:20:00+00:00,2026-01-29 15:15:00+00:00,-0.0031301165366465,-0.0378001062750591,continuation,over_cap_or_below_cutoff,0.7021342428609025
COIN_20260209_143500,COIN,2026-02-09 14:35:00+00:00,1,19,254.27444103462983,4.205898801647839,77.85366927054682,7.865783594011568,0.3890756429001268,2026-02-09 14:20:00+00:00,2026-02-09 14:35:00+00:00,2026-02-09 14:40:00+00:00,2026-02-09 15:35:00+00:00,0.0149167975568551,0.0154421266383606,continuation,over_cap_or_below_cutoff,0.4400569086951076
COIN_20260212_141500,COIN,2026-02-12 14:15:00+00:00,-1,24,290.8773344081705,5.511156113539072,223.6460135609072,8.705837789068829,0.7002680390125774,2026-02-12 14:00:00+00:00,2026-02-12 14:15:00+00:00,2026-02-12 14:20:00+00:00,2026-02-12 15:15:00+00:00,-0.0033915992695016,-0.0367146596858639,continuation,over_cap_or_below_cutoff,0.7213836434391725
COIN_20260213_132500,COIN,2026-02-13 13:25:00+00:00,1,7,383.97105139717615,4.628122137675681,21.225354107648727,6.514463121123566,0.572170751484906,2026-02-13 13:10:00+00:00,2026-02-13 13:25:00+00:00,2026-02-13 13:30:00+00:00,2026-02-13 14:25:00+00:00,0.0129659643435979,0.0280666666666666,continuation,over_cap_or_below_cutoff,0.5976986405564024
COIN_20260217_143000,COIN,2026-02-17 14:30:00+00:00,1,21,279.8919715197723,4.3614334222559785,386.7600115240565,20.28981551399585,0.1065643940617673,2026-02-17 14:15:00+00:00,2026-02-17 14:30:00+00:00,2026-02-17 14:35:00+00:00,2026-02-17 15:30:00+00:00,0.006940160394818,-0.0018685863072446,unclear,over_cap_or_below_cutoff,0.6325550052446711
COIN_20260218_141500,COIN,2026-02-18 14:15:00+00:00,-1,15,266.9502181630268,4.511396033534889,173.22914218566393,13.799071624745586,1.2763866958632364,2026-02-18 14:00:00+00:00,2026-02-18 14:15:00+00:00,2026-02-18 14:20:00+00:00,2026-02-18 15:15:00+00:00,-0.0038992201559686,0.0292080698584762,reversal,over_cap_or_below_cutoff,0.6373621395337442
COIN_20260219_142500,COIN,2026-02-19 14:25:00+00:00,-1,18,201.0435850214853,4.721014151381936,254.5088028169014,9.961821247591027,0.3517217700162344,2026-02-19 14:10:00+00:00,2026-02-19 14:25:00+00:00,2026-02-19 14:30:00+00:00,2026-02-19 15:25:00+00:00,-0.0057509941878249,0.0029536643898837,unclear,low_strength_unclear,0.5428924733750755
COIN_20260220_142000,COIN,2026-02-20 14:20:00+00:00,-1,26,341.29698974147306,4.08471887104235,261.74064837905235,19.00141250596273,0.1342360110764262,2026-02-20 14:05:00+00:00,2026-02-20 14:20:00+00:00,2026-02-20 14:25:00+00:00,2026-02-20 15:20:00+00:00,-0.0047593228507742,0.0373335351089589,reversal,over_cap_or_below_cutoff,0.6139294931848926
COIN_20260224_142000,COIN,2026-02-24 14:20:00+00:00,-1,17,175.03366031929258,4.258611315802664,470.0709105560032,21.69225378204485,0.4418456830587702,2026-02-24 14:05:00+00:00,2026-02-24 14:20:00+00:00,2026-02-24 14:25:00+00:00,2026-02-24 15:20:00+00:00,-0.0038180543159506,0.0045366377172566,reversal,over_cap_or_below_cutoff,0.550903426046595
COIN_20260225_112500,COIN,2026-02-25 11:25:00+00:00,1,8,257.806826434277,4.899013112667865,32.91744186046512,14.458153221491676,1.0041196764275773,2026-02-25 11:10:00+00:00,2026-02-25 11:25:00+00:00,2026-02-25 11:30:00+00:00,2026-02-25 12:25:00+00:00,0.0090744101633393,0.0117505995203834,continuation,over_cap_or_below_cutoff,0.5521932768808712
COIN_20260226_140500,COIN,2026-02-26 14:05:00+00:00,-1,6,179.91169977924494,4.887554381375799,205.1245397444228,10.814987117984035,1.0186361845800609,2026-02-26 13:50:00+00:00,2026-02-26 14:05:00+00:00,2026-02-26 14:10:00+00:00,2026-02-26 15:05:00+00:00,-0.0053965725584972,0.0113294031561073,reversal,over_cap_or_below_cutoff,0.5739105832567712
COIN_20260306_143000,COIN,2026-03-06 14:30:00+00:00,1,22,274.8422231270409,4.86351640028169,173.36589369997947,8.352639452638554,0.5185535514609839,2026-03-06 14:15:00+00:00,2026-03-06 14:30:00+00:00,2026-03-06 14:35:00+00:00,2026-03-06 15:30:00+00:00,0.0126699413529773,-0.0123586248221106,reversal,over_cap_or_below_cutoff,0.5956785473987921
COIN_20260310_133000,COIN,2026-03-10 13:30:00+00:00,-1,16,412.1144367091811,4.610715235868611,137.56282931502474,10.39309691225848,0.1762231248131995,2026-03-10 13:15:00+00:00,2026-03-10 13:30:00+00:00,2026-03-10 13:35:00+00:00,2026-03-10 14:30:00+00:00,-0.0111741405447699,-0.029153581761084,continuation,over_cap_or_below_cutoff,0.6110129598419782
COIN_20260311_130000,COIN,2026-03-11 13:00:00+00:00,1,30,269.2737998372752,5.645913943116834,259.2005669737775,11.958993573821122,0.4788893922707299,2026-03-11 12:45:00+00:00,2026-03-11 13:00:00+00:00,2026-03-11 13:05:00+00:00,2026-03-11 14:00:00+00:00,0.0035512094698919,0.0029232268321452,unclear,over_cap_or_below_cutoff,0.710776017839198
COIN_20260318_112500,COIN,2026-03-18 11:25:00+00:00,-1,4,143.40161981895915,4.243412363174271,14.650211107502436,5.970504152005399,2.3430851025414863,2026-03-18 11:10:00+00:00,2026-03-18 11:25:00+00:00,2026-03-18 11:30:00+00:00,2026-03-18 12:25:00+00:00,-0.0074475065616799,-0.0182791789244041,continuation,over_cap_or_below_cutoff,0.41399378576483326
COIN_20260319_130000,COIN,2026-03-19 13:00:00+00:00,-1,20,326.9848649207052,5.114059198514986,226.61477918670747,9.50616293402336,0.7557048558305886,2026-03-19 12:45:00+00:00,2026-03-19 13:00:00+00:00,2026-03-19 13:05:00+00:00,2026-03-19 14:00:00+00:00,-0.0030117406840224,0.0217090778761968,reversal,over_cap_or_below_cutoff,0.7319017266931467
COIN_20260323_110500,COIN,2026-03-23 11:05:00+00:00,1,11,539.0133596714696,4.589461494634262,86.97105549510337,32.86935724816224,1.7469365892492077,2026-03-23 10:50:00+00:00,2026-03-23 11:05:00+00:00,2026-03-23 11:10:00+00:00,2026-03-23 12:05:00+00:00,0.042518865469685,-0.0090854632587858,reversal,over_cap_or_below_cutoff,0.701071085982786
COIN_20260327_131000,COIN,2026-03-27 13:10:00+00:00,-1,14,237.1228284059801,5.227707485970497,245.21149083704805,6.354989254345344,0.3225204921950863,2026-03-27 12:55:00+00:00,2026-03-27 13:10:00+00:00,2026-03-27 13:15:00+00:00,2026-03-27 14:10:00+00:00,-0.0041741204531901,-0.0310179640718563,continuation,over_cap_or_below_cutoff,0.6151475760675658
COIN_20260401_133000,COIN,2026-04-01 13:30:00+00:00,-1,16,289.9728747680053,4.972120366834633,154.13327205882354,7.950068984224258,0.1661926211017731,2026-04-01 13:15:00+00:00,2026-04-01 13:30:00+00:00,2026-04-01 13:35:00+00:00,2026-04-01 14:30:00+00:00,-0.0064116985376828,-0.014208083323899,continuation,over_cap_or_below_cutoff,0.5705661467759375
COIN_20260407_133000,COIN,2026-04-07 13:30:00+00:00,-1,12,261.0197211295473,5.376025169403458,152.8423310690025,6.360373713558579,0.0470777119674618,2026-04-07 13:15:00+00:00,2026-04-07 13:30:00+00:00,2026-04-07 13:35:00+00:00,2026-04-07 14:30:00+00:00,-0.0064534883720931,-0.0231728012171571,continuation,over_cap_or_below_cutoff,0.5623677655830936
COIN_20260408_125500,COIN,2026-04-08 12:55:00+00:00,1,24,249.7137560656526,4.575750313176656,109.63370259561736,9.311224188327202,1.099534259731224,2026-04-08 12:40:00+00:00,2026-04-08 12:55:00+00:00,2026-04-08 13:00:00+00:00,2026-04-08 13:55:00+00:00,0.0080631980386816,-0.0212397989515213,reversal,over_cap_or_below_cutoff,0.5642729095746236
COIN_20260413_134000,COIN,2026-04-13 13:40:00+00:00,1,18,376.2306800421,4.912204663810872,154.59212880143113,15.317644795030422,0.2971499360623922,2026-04-13 13:25:00+00:00,2026-04-13 13:40:00+00:00,2026-04-13 13:45:00+00:00,2026-04-13 14:40:00+00:00,0.0096653648564593,0.0403466709418107,continuation,over_cap_or_below_cutoff,0.6614660068696994
COIN_20260414_131500,COIN,2026-04-14 13:15:00+00:00,1,14,293.01988747145293,5.958105155353623,171.65236403388903,12.230442585592176,0.4669620493098341,2026-04-14 13:00:00+00:00,2026-04-14 13:15:00+00:00,2026-04-14 13:20:00+00:00,2026-04-14 14:15:00+00:00,0.003689624329159,0.0310237273031079,continuation,over_cap_or_below_cutoff,0.7033828018598547
COIN_20260416_133000,COIN,2026-04-16 13:30:00+00:00,-1,33,237.22628683630288,5.162382907578177,118.34616036616376,11.202603939602351,0.5779437169309645,2026-04-16 13:15:00+00:00,2026-04-16 13:30:00+00:00,2026-04-16 13:35:00+00:00,2026-04-16 14:30:00+00:00,-0.0054878048780488,-0.0254189658696095,continuation,over_cap_or_below_cutoff,0.5528175044267749
COIN_20260417_092000,COIN,2026-04-17 09:20:00+00:00,1,3,119.76047904192156,4.018741332149911,3.308570149921682,4.861977148306633,7.126207077533024,2026-04-17 09:05:00+00:00,2026-04-17 09:20:00+00:00,2026-04-17 09:25:00+00:00,2026-04-17 10:20:00+00:00,0.0064999999999999,0.0014903129657226,unclear,over_cap_or_below_cutoff,0.3277420831168871
COIN_20260421_132000,COIN,2026-04-21 13:20:00+00:00,1,7,293.01073965429134,5.313144166957931,149.88360341522915,11.72282623204126,0.1176107576694576,2026-04-21 13:05:00+00:00,2026-04-21 13:20:00+00:00,2026-04-21 13:25:00+00:00,2026-04-21 14:20:00+00:00,0.0035369197314929,-0.0216601770611837,reversal,over_cap_or_below_cutoff,0.595490294104078
COIN_20260422_133000,COIN,2026-04-22 13:30:00+00:00,-1,13,255.19200626959335,4.114801114422486,120.64401735895846,10.0200124897482,0.160427563459592,2026-04-22 13:15:00+00:00,2026-04-22 13:30:00+00:00,2026-04-22 13:35:00+00:00,2026-04-22 14:30:00+00:00,-0.0032223415682062,0.0256661442006269,reversal,over_cap_or_below_cutoff,0.4370219129758705
COIN_20260428_200500,COIN,2026-04-28 20:05:00+00:00,-1,5,238.88625217528548,4.320847241954235,1.219229273771979,6.2341353771205,18.925337169041757,2026-04-28 19:50:00+00:00,2026-04-28 20:05:00+00:00,2026-04-28 20:10:00+00:00,2026-04-28 21:05:00+00:00,-0.0156000617824229,-0.0014121338912133,unclear,over_cap_or_below_cutoff,0.5194304212151226
COIN_20260430_132500,COIN,2026-04-30 13:25:00+00:00,-1,30,219.7041059455862,4.583885539016121,215.64184157075152,13.29327787235564,0.9410215302146712,2026-04-30 13:10:00+00:00,2026-04-30 13:25:00+00:00,2026-04-30 13:30:00+00:00,2026-04-30 14:25:00+00:00,-0.0089426904411362,0.0113342503438789,reversal,over_cap_or_below_cutoff,0.5872229690544623
GOOGL_20240524_132500,GOOGL,2024-05-24 13:25:00+00:00,1,6,72.82570870405624,4.9024813377329,1111.7169481654048,27.56624668498872,0.2867849097493399,2024-05-24 13:10:00+00:00,2024-05-24 13:25:00+00:00,2024-05-24 13:30:00+00:00,2024-05-24 14:25:00+00:00,0.0046511627906977,-0.0010288065843622,unclear,over_cap_or_below_cutoff,0.6122563293694838
GOOGL_20240603_133000,GOOGL,2024-06-03 13:30:00+00:00,1,7,100.72017534703326,4.814606575543623,702.8219584569733,34.96547483182691,0.039887934958396,2024-06-03 13:15:00+00:00,2024-06-03 13:30:00+00:00,2024-06-03 13:35:00+00:00,2024-06-03 14:30:00+00:00,0.0049184122208076,-0.0051022053319513,reversal,over_cap_or_below_cutoff,0.5831379044645584
GOOGL_20240606_133000,GOOGL,2024-06-06 13:30:00+00:00,1,5,79.840319361284,5.9670818956088825,1644.614660390047,41.68039600573516,0.0394596269918036,2024-06-06 13:15:00+00:00,2024-06-06 13:30:00+00:00,2024-06-06 13:35:00+00:00,2024-06-06 14:30:00+00:00,0.0079840319361277,-0.0031683168316831,reversal,over_cap_or_below_cutoff,0.6767761948722626
GOOGL_20240611_132500,GOOGL,2024-06-11 13:25:00+00:00,1,5,106.63845845960029,4.360385664452807,486.690872415532,15.043741340463312,0.3045056001701671,2024-06-11 13:10:00+00:00,2024-06-11 13:25:00+00:00,2024-06-11 13:30:00+00:00,2024-06-11 14:25:00+00:00,0.0039872408293459,-0.0088505616702598,reversal,over_cap_or_below_cutoff,0.5567283540729231
GOOGL_20240612_123000,GOOGL,2024-06-12 12:30:00+00:00,1,3,66.6365484526743,4.015164565094398,31.060690943043884,54.65267818920111,0.9899442780542534,2024-06-12 12:15:00+00:00,2024-06-12 12:30:00+00:00,2024-06-12 12:35:00+00:00,2024-06-12 13:30:00+00:00,0.0056449336720294,0.0115632893628965,continuation,over_cap_or_below_cutoff,0.37937446446865314
GOOGL_20240612_133000,GOOGL,2024-06-12 13:30:00+00:00,1,7,130.98718237013696,5.024991012259443,1219.0612002376708,111.00285343794572,0.0774197134969725,2024-06-12 13:15:00+00:00,2024-06-12 13:30:00+00:00,2024-06-12 13:35:00+00:00,2024-06-12 14:30:00+00:00,0.0130987182370136,-0.011294600743577,reversal,over_cap_or_below_cutoff,0.7140187755560217
GOOGL_20240618_133000,GOOGL,2024-06-18 13:30:00+00:00,-1,3,80.1865332120122,4.164929797316674,786.7873045949787,112.58322817553146,0.0310605092666236,2024-06-18 13:15:00+00:00,2024-06-18 13:30:00+00:00,2024-06-18 13:35:00+00:00,2024-06-18 14:30:00+00:00,-0.0079548660084626,0.0047770700636942,reversal,over_cap_or_below_cutoff,0.4516929569649901
GOOGL_20240620_133000,GOOGL,2024-06-20 13:30:00+00:00,1,4,85.04690825712701,4.916005816253517,1068.772658610272,64.31428133028997,0.0238767321515603,2024-06-20 13:15:00+00:00,2024-06-20 13:30:00+00:00,2024-06-20 13:35:00+00:00,2024-06-20 14:30:00+00:00,0.0081588406458605,-0.0041312959818901,reversal,over_cap_or_below_cutoff,0.6000409482277733
GOOGL_20240621_133500,GOOGL,2024-06-21 13:35:00+00:00,1,3,72.83197831978505,4.88426204245255,674.5493230174081,25.98254951029965,0.0336799349290727,2024-06-21 13:20:00+00:00,2024-06-21 13:35:00+00:00,2024-06-21 13:40:00+00:00,2024-06-21 14:35:00+00:00,0.0061710921134574,0.0069209993247805,continuation,over_cap_or_below_cutoff,0.47348352612606626
GOOGL_20240627_133000,GOOGL,2024-06-27 13:30:00+00:00,1,3,116.06364428945248,6.139246670419428,975.9828150572832,44.56573987836021,0.0469543735041408,2024-06-27 13:15:00+00:00,2024-06-27 13:30:00+00:00,2024-06-27 13:35:00+00:00,2024-06-27 14:30:00+00:00,0.0075113023585162,0.0036276349009833,continuation,over_cap_or_below_cutoff,0.71791428452706
GOOGL_20240705_133000,GOOGL,2024-07-05 13:30:00+00:00,1,7,138.83657105957514,5.145693597792614,118.33832807570978,9.382779043293745,0.27110818465044,2024-07-05 13:15:00+00:00,2024-07-05 13:30:00+00:00,2024-07-05 13:35:00+00:00,2024-07-05 14:30:00+00:00,0.0054461554971292,0.0123542439362809,continuation,over_cap_or_below_cutoff,0.613071615439302
GOOGL_20240708_120000,GOOGL,2024-07-08 12:00:00+00:00,1,2,109.13329095147527,4.517307135778737,30.79245283018868,48.87190546063238,1.3379561905863235,2024-07-08 11:45:00+00:00,2024-07-08 12:00:00+00:00,2024-07-08 12:05:00+00:00,2024-07-08 13:00:00+00:00,0.0109133290951473,-0.0084372707263389,reversal,over_cap_or_below_cutoff,0.45894113946446935
GOOGL_20240709_132500,GOOGL,2024-07-09 13:25:00+00:00,1,4,73.27358987875954,5.999738313861108,1733.5096660808435,116.01729155684038,0.3857456124061332,2024-07-09 13:10:00+00:00,2024-07-09 13:25:00+00:00,2024-07-09 13:30:00+00:00,2024-07-09 14:25:00+00:00,0.0036653218363524,0.0004466396931321,unclear,over_cap_or_below_cutoff,0.7171201158381968
GOOGL_20240711_134500,GOOGL,2024-07-11 13:45:00+00:00,-1,6,81.82885172352883,4.240247034374259,287.0064184852375,16.575851658642463,0.189562898746732,2024-07-11 13:30:00+00:00,2024-07-11 13:45:00+00:00,2024-07-11 13:50:00+00:00,2024-07-11 14:45:00+00:00,-0.0031768536021843,-0.0126688966734269,continuation,over_cap_or_below_cutoff,0.4391134985273507
GOOGL_20240715_133000,GOOGL,2024-07-15 13:30:00+00:00,1,5,126.82926829268747,4.294230782986946,434.8793817278499,21.49919581098685,0.0577132575913268,2024-07-15 13:15:00+00:00,2024-07-15 13:30:00+00:00,2024-07-15 13:35:00+00:00,2024-07-15 14:30:00+00:00,0.0077080173347778,0.0101444499575051,continuation,over_cap_or_below_cutoff,0.54736060352664
GOOGL_20240718_132500,GOOGL,2024-07-18 13:25:00+00:00,-1,8,85.23202050024548,4.05374494365754,625.1246612466125,19.7060618660596,0.1852147973409243,2024-07-18 13:10:00+00:00,2024-07-18 13:25:00+00:00,2024-07-18 13:30:00+00:00,2024-07-18 14:25:00+00:00,-0.0038872159868601,-0.0117621193800153,continuation,over_cap_or_below_cutoff,0.4953036149153007
GOOGL_20240724_133000,GOOGL,2024-07-24 13:30:00+00:00,-1,6,164.59513640721292,4.428508325704634,306.7881501582994,6.982513033068067,0.1125372131066381,2024-07-24 13:15:00+00:00,2024-07-24 13:30:00+00:00,2024-07-24 13:35:00+00:00,2024-07-24 14:30:00+00:00,-0.0109482758620689,0.0190011330950929,reversal,over_cap_or_below_cutoff,0.6217510053505664
GOOGL_20240725_133500,GOOGL,2024-07-25 13:35:00+00:00,-1,16,146.23832736242903,4.000297588317576,302.5964682799215,8.168465777493473,0.0562358288245078,2024-07-25 13:20:00+00:00,2024-07-25 13:35:00+00:00,2024-07-25 13:40:00+00:00,2024-07-25 14:35:00+00:00,-0.0045264623955432,-0.0059461350122419,continuation,over_cap_or_below_cutoff,0.5389427253196444
GOOGL_20240725_180000,GOOGL,2024-07-25 18:00:00+00:00,-1,6,197.2829297105716,4.092731937271745,10.47433373268878,4.878995375403246,0.8900186153435911,2024-07-25 17:45:00+00:00,2024-07-25 18:00:00+00:00,2024-07-25 18:05:00+00:00,2024-07-25 19:00:00+00:00,-0.0113987812099138,-0.008497919474887,continuation,over_cap_or_below_cutoff,0.6573669278030678
GOOGL_20240801_131500,GOOGL,2024-08-01 13:15:00+00:00,-1,6,162.45647964523658,4.280434164092329,178.28007240414678,9.80096925748127,0.7970021539655932,2024-08-01 13:00:00+00:00,2024-08-01 13:15:00+00:00,2024-08-01 13:20:00+00:00,2024-08-01 14:15:00+00:00,-0.0043023255813954,0.0106855074156253,reversal,over_cap_or_below_cutoff,0.6772477977839688
GOOGL_20240806_132500,GOOGL,2024-08-06 13:25:00+00:00,-1,5,160.73478760045612,4.861503171466018,591.5391028185788,7.094977095899026,0.2171657070671799,2024-08-06 13:10:00+00:00,2024-08-06 13:25:00+00:00,2024-08-06 13:30:00+00:00,2024-08-06 14:25:00+00:00,-0.0043749999999999,-0.0102950408035155,continuation,over_cap_or_below_cutoff,0.7189334486188721
GOOGL_20240809_110500,GOOGL,2024-08-09 11:05:00+00:00,-1,11,120.42209807572758,4.057997376439301,26.38085399449036,41.37437052525304,0.8841170960087534,2024-08-09 10:45:00+00:00,2024-08-09 11:05:00+00:00,2024-08-09 11:10:00+00:00,2024-08-09 12:05:00+00:00,-0.0095062864152101,-0.011764705882353,continuation,over_cap_or_below_cutoff,0.5440461156837646
GOOGL_20240812_132500,GOOGL,2024-08-12 13:25:00+00:00,1,5,71.63850110212921,4.281203518501182,331.0983537357535,43.44327085013167,0.7723896281473637,2024-08-12 13:05:00+00:00,2024-08-12 13:25:00+00:00,2024-08-12 13:30:00+00:00,2024-08-12 14:25:00+00:00,0.003175572519084,-0.004261277165642,reversal,over_cap_or_below_cutoff,0.5145531053712074
GOOGL_20240813_202500,GOOGL,2024-08-13 20:25:00+00:00,-1,3,139.6699833137638,4.838392832135472,0.964937792858297,20.64463582554505,27.387996794870368,2024-08-13 20:10:00+00:00,2024-08-13 20:25:00+00:00,2024-08-13 20:30:00+00:00,2024-08-13 21:25:00+00:00,-0.0130977764240024,0.0024691358024691,unclear,over_cap_or_below_cutoff,0.5942001926119194
GOOGL_20240814_120500,GOOGL,2024-08-14 12:05:00+00:00,1,2,108.02469135802406,4.341302462206097,5.010908018867925,17.47629419106966,13.93390605789595,2024-08-14 11:50:00+00:00,2024-08-14 12:05:00+00:00,2024-08-14 12:10:00+00:00,2024-08-14 13:05:00+00:00,0.0108024691358024,-0.0086974045801527,reversal,over_cap_or_below_cutoff,0.4362756037462633
GOOGL_20240816_132500,GOOGL,2024-08-16 13:25:00+00:00,1,4,107.55362138639146,5.789192274683605,724.4685618729097,16.12641776127727,0.1744942770763446,2024-08-16 13:10:00+00:00,2024-08-16 13:25:00+00:00,2024-08-16 13:30:00+00:00,2024-08-16 14:25:00+00:00,0.0036047234307021,0.0195696061431756,continuation,over_cap_or_below_cutoff,0.7009923157894304
GOOGL_20240819_100000,GOOGL,2024-08-19 10:00:00+00:00,1,4,94.2703232125397,4.5037985811422185,38.395317725752506,41.18025204303056,6.296864084966436,2024-08-19 09:45:00+00:00,2024-08-19 10:00:00+00:00,2024-08-19 10:05:00+00:00,2024-08-19 11:00:00+00:00,0.0094270323212535,-0.0012128562765313,unclear,over_cap_or_below_cutoff,0.5249398677114363
GOOGL_20240826_133000,GOOGL,2024-08-26 13:30:00+00:00,1,3,86.90404345201853,4.798356571596758,709.607124148769,38.98147382596029,0.0382376892824866,2024-08-26 13:15:00+00:00,2024-08-26 13:30:00+00:00,2024-08-26 13:35:00+00:00,2024-08-26 14:30:00+00:00,0.0071708345887315,-0.0130429579992819,reversal,over_cap_or_below_cutoff,0.5036561065109186
GOOGL_20240828_132500,GOOGL,2024-08-28 13:25:00+00:00,1,4,106.31155496666932,4.5165185705951005,401.20782959124926,35.5175784010808,0.3839347491605673,2024-08-28 13:10:00+00:00,2024-08-28 13:25:00+00:00,2024-08-28 13:30:00+00:00,2024-08-28 14:25:00+00:00,0.0040546606700346,-0.0129944871872538,reversal,over_cap_or_below_cutoff,0.5641742018326152
GOOGL_20240903_133000,GOOGL,2024-09-03 13:30:00+00:00,-1,3,118.4686369871546,4.403538146332301,1157.517819706499,44.30720949164838,0.0116477966248664,2024-09-03 13:15:00+00:00,2024-09-03 13:30:00+00:00,2024-09-03 13:35:00+00:00,2024-09-03 14:30:00+00:00,-0.0077777777777777,-0.0047281323877069,continuation,over_cap_or_below_cutoff,0.5772435105483575
GOOGL_20240906_132500,GOOGL,2024-09-06 13:25:00+00:00,-1,8,136.67864476385904,4.670046116797869,520.2872821174951,27.17640331662936,0.2706574190285978,2024-09-06 13:10:00+00:00,2024-09-06 13:25:00+00:00,2024-09-06 13:30:00+00:00,2024-09-06 14:25:00+00:00,-0.0033586818757921,-0.0221911362624785,continuation,over_cap_or_below_cutoff,0.6468158285976555
GOOGL_20240911_125500,GOOGL,2024-09-11 12:55:00+00:00,1,6,60.44325050369892,4.271649240831477,333.0446293494705,14.99427996771809,1.4174094478699093,2024-09-11 12:40:00+00:00,2024-09-11 12:55:00+00:00,2024-09-11 13:00:00+00:00,2024-09-11 13:55:00+00:00,0.0059047170446133,0.0014884187641106,unclear,low_strength_unclear,0.4904760547940877
GOOGL_20240911_141000,GOOGL,2024-09-11 14:10:00+00:00,-1,5,105.24895425718884,4.970379969758572,296.0492836676217,9.523176293330067,0.0664775018285838,2024-09-11 13:55:00+00:00,2024-09-11 14:10:00+00:00,2024-09-11 14:15:00+00:00,2024-09-11 15:10:00+00:00,-0.007280742769354,-0.0008067554837841,unclear,low_strength_unclear,0.5313786212072034
GOOGL_20240916_133500,GOOGL,2024-09-16 13:35:00+00:00,-1,4,79.1169527212432,4.055616057889196,264.7199786039048,10.176992048004587,0.0354931807408289,2024-09-16 13:20:00+00:00,2024-09-16 13:35:00+00:00,2024-09-16 13:40:00+00:00,2024-09-16 14:35:00+00:00,-0.003940260565618,0.0055509474893129,reversal,over_cap_or_below_cutoff,0.39115510327433956
GOOGL_20240918_132500,GOOGL,2024-09-18 13:25:00+00:00,-1,3,68.35570048915108,4.563860891872992,417.6485297522575,12.49632328781727,0.3735533678127298,2024-09-18 13:10:00+00:00,2024-09-18 13:25:00+00:00,2024-09-18 13:30:00+00:00,2024-09-18 14:25:00+00:00,-0.0040473225404732,-0.002907158487027,unclear,low_strength_unclear,0.4393647817168765
GOOGL_20240920_122500,GOOGL,2024-09-20 12:25:00+00:00,1,3,60.13745704466666,4.359721116295119,35.718736842105265,12.576885586594836,0.3028271471051678,2024-09-20 12:10:00+00:00,2024-09-20 12:25:00+00:00,2024-09-20 12:30:00+00:00,2024-09-20 13:25:00+00:00,0.0042611894543225,-0.001556824078879,unclear,low_strength_unclear,0.3216661244509016
GOOGL_20241001_132500,GOOGL,2024-10-01 13:25:00+00:00,-1,10,118.972510139701,4.573657565575567,296.96069138555896,20.962017337690572,0.0948384600755737,2024-10-01 13:10:00+00:00,2024-10-01 13:25:00+00:00,2024-10-01 13:30:00+00:00,2024-10-01 14:25:00+00:00,-0.0034472511144131,-0.016431084869088,continuation,over_cap_or_below_cutoff,0.5325544230069152
GOOGL_20241004_123000,GOOGL,2024-10-04 12:30:00+00:00,1,6,82.49036608863224,5.384268927321281,24.60578883000408,17.936726388514945,0.5380745371105,2024-10-04 12:15:00+00:00,2024-10-04 12:30:00+00:00,2024-10-04 12:35:00+00:00,2024-10-04 13:30:00+00:00,0.0043776554633947,0.0070245812361151,continuation,over_cap_or_below_cutoff,0.5351099129476807
GOOGL_20241007_132500,GOOGL,2024-10-07 13:25:00+00:00,1,8,74.4873808977209,4.105055147467952,2464.3185419968304,323.27749940285804,0.12166599535272,2024-10-07 13:10:00+00:00,2024-10-07 13:25:00+00:00,2024-10-07 13:30:00+00:00,2024-10-07 14:25:00+00:00,0.0065445812068445,-0.0048914340252922,reversal,over_cap_or_below_cutoff,0.5263679817848881
GOOGL_20241009_134500,GOOGL,2024-10-09 13:45:00+00:00,-1,8,142.95439074199612,4.524147503302383,375.7585920177384,14.787330737767512,0.0492906176873029,2024-10-09 13:30:00+00:00,2024-10-09 13:45:00+00:00,2024-10-09 13:50:00+00:00,2024-10-09 14:45:00+00:00,-0.0077958462756562,-0.0079798661837823,continuation,over_cap_or_below_cutoff,0.5875601991591735
GOOGL_20241011_133500,GOOGL,2024-10-11 13:35:00+00:00,-1,8,60.34854362953146,4.242199038807527,326.8701792504074,31.623791695273177,0.0538323282893186,2024-10-11 13:20:00+00:00,2024-10-11 13:35:00+00:00,2024-10-11 13:40:00+00:00,2024-10-11 14:35:00+00:00,-0.0039452595241029,0.0119136031687088,reversal,over_cap_or_below_cutoff,0.3812737603329146
GOOGL_20241014_132500,GOOGL,2024-10-14 13:25:00+00:00,-1,7,106.005987658091,7.126315993457435,477.4884568651276,261.9090096786608,0.5560132561021525,2024-10-14 13:10:00+00:00,2024-10-14 13:25:00+00:00,2024-10-14 13:30:00+00:00,2024-10-14 14:25:00+00:00,-0.0032884720784362,0.0109977393535773,reversal,over_cap_or_below_cutoff,0.7350918584899502
GOOGL_20241016_140500,GOOGL,2024-10-16 14:05:00+00:00,1,7,68.03343706144771,4.38456900075103,158.80402449693787,14.341201957494894,0.0708297359057982,2024-10-16 13:50:00+00:00,2024-10-16 14:05:00+00:00,2024-10-16 14:10:00+00:00,2024-10-16 15:05:00+00:00,0.0034698971205942,0.0019776753215239,unclear,low_strength_unclear,0.3794175385638941
GOOGL_20241018_132500,GOOGL,2024-10-18 13:25:00+00:00,-1,2,73.56096364862674,4.50044769183976,200.84637068358,32.56474650504108,0.1598916272671569,2024-10-18 13:10:00+00:00,2024-10-18 13:25:00+00:00,2024-10-18 13:30:00+00:00,2024-10-18 14:25:00+00:00,-0.0065769441568723,0.0041991050082756,reversal,over_cap_or_below_cutoff,0.32184602901274506
GOOGL_20241022_133000,GOOGL,2024-10-22 13:30:00+00:00,1,6,111.08383454031534,5.844294910800836,971.1452001929572,60.75004799867085,0.0371227782324561,2024-10-22 13:15:00+00:00,2024-10-22 13:30:00+00:00,2024-10-22 13:35:00+00:00,2024-10-22 14:30:00+00:00,0.0050251256281406,0.01,continuation,over_cap_or_below_cutoff,0.7325165801621263
GOOGL_20241025_132500,GOOGL,2024-10-25 13:25:00+00:00,-1,6,92.9839081134709,5.789810068958763,507.1688622754491,18.341778404353224,0.2531122664589375,2024-10-25 13:10:00+00:00,2024-10-25 13:25:00+00:00,2024-10-25 13:30:00+00:00,2024-10-25 14:25:00+00:00,-0.0030842374740948,0.0108587989287942,reversal,over_cap_or_below_cutoff,0.6402981093264932
GOOGL_20241028_133000,GOOGL,2024-10-28 13:30:00+00:00,-1,5,127.27381881491029,4.509730353343013,277.0687577897798,10.946229435277631,0.0623143533426562,2024-10-28 13:15:00+00:00,2024-10-28 13:30:00+00:00,2024-10-28 13:35:00+00:00,2024-10-28 14:30:00+00:00,-0.0082385016595541,0.0022709615729397,unclear,low_strength_unclear,0.5362565034540837
GOOGL_20241101_132500,GOOGL,2024-11-01 13:25:00+00:00,-1,8,118.165784832458,4.574247826739326,449.5629232505643,11.475647502319257,0.2755873832011801,2024-11-01 13:10:00+00:00,2024-11-01 13:25:00+00:00,2024-11-01 13:30:00+00:00,2024-11-01 14:25:00+00:00,-0.0067153284671532,0.005408583186361,reversal,over_cap_or_below_cutoff,0.5870628437565104
GOOGL_20241104_143000,GOOGL,2024-11-04 14:30:00+00:00,-1,3,121.3130352045666,5.850706673789345,807.2764331210191,36.45961882213886,0.0502237541058859,2024-11-04 14:15:00+00:00,2024-11-04 14:30:00+00:00,2024-11-04 14:35:00+00:00,2024-11-04 15:30:00+00:00,-0.0087420793241024,0.0042616158626813,reversal,over_cap_or_below_cutoff,0.6824484365791097
GOOGL_20241112_143500,GOOGL,2024-11-12 14:35:00+00:00,1,9,89.5339784228666,5.586738608525425,490.40509915014167,21.56664319053072,0.1003718106562113,2024-11-12 14:20:00+00:00,2024-11-12 14:35:00+00:00,2024-11-12 14:40:00+00:00,2024-11-12 15:35:00+00:00,0.0054746554024012,-0.0061634559575468,reversal,over_cap_or_below_cutoff,0.5905367335837763
GOOGL_20241113_143000,GOOGL,2024-11-13 14:30:00+00:00,-1,3,72.46780757010241,4.896701813879712,854.2192028985507,32.473838477477166,0.0479733292736793,2024-11-13 14:15:00+00:00,2024-11-13 14:30:00+00:00,2024-11-13 14:35:00+00:00,2024-11-13 15:30:00+00:00,-0.00426018666941,-0.0031107654705032,continuation,over_cap_or_below_cutoff,0.5102863183703046
GOOGL_20241114_143000,GOOGL,2024-11-14 14:30:00+00:00,-1,4,79.14523149979314,4.312196373841858,876.780510018215,59.525107457361926,0.0537804097366733,2024-11-14 14:15:00+00:00,2024-11-14 14:30:00+00:00,2024-11-14 14:35:00+00:00,2024-11-14 15:30:00+00:00,-0.0037373680664721,-0.0057721903611238,continuation,over_cap_or_below_cutoff,0.5320905567780965
GOOGL_20241118_221500,GOOGL,2024-11-18 22:15:00+00:00,-1,3,95.58357805032892,4.029192434911357,0.8522493520134995,17.52956891207268,40.38757871056617,2024-11-18 22:00:00+00:00,2024-11-18 22:15:00+00:00,2024-11-18 22:20:00+00:00,2024-11-18 23:15:00+00:00,-0.009467860605715,0.006324638682559,reversal,over_cap_or_below_cutoff,0.43461161542554116
GOOGL_20241120_143000,GOOGL,2024-11-20 14:30:00+00:00,-1,10,79.32431661245465,5.1487167483828085,634.9077007099945,20.786305931300067,0.0658094407822627,2024-11-20 14:15:00+00:00,2024-11-20 14:30:00+00:00,2024-11-20 14:35:00+00:00,2024-11-20 15:30:00+00:00,-0.0042458666066809,-0.0157286872052635,continuation,over_cap_or_below_cutoff,0.5558935343084292
GOOGL_20241202_142500,GOOGL,2024-12-02 14:25:00+00:00,-1,9,90.21061002011832,4.367552340259045,569.126980584691,25.257379902580336,0.4929579321129572,2024-12-02 14:10:00+00:00,2024-12-02 14:25:00+00:00,2024-12-02 14:30:00+00:00,2024-12-02 15:25:00+00:00,-0.0042589749645726,0.0168187966344617,reversal,over_cap_or_below_cutoff,0.56643904325793
GOOGL_20241204_142000,GOOGL,2024-12-04 14:20:00+00:00,-1,6,110.48754822869267,6.262180151447781,368.6258754146701,24.291736838409168,0.3975796697875703,2024-12-04 14:05:00+00:00,2024-12-04 14:20:00+00:00,2024-12-04 14:25:00+00:00,2024-12-04 15:20:00+00:00,-0.0043586912303132,0.0092516927387344,reversal,over_cap_or_below_cutoff,0.7001084100766037
GOOGL_20241205_142500,GOOGL,2024-12-05 14:25:00+00:00,1,4,81.49210903873438,4.565771364446808,457.40499801666,16.316156387142094,0.4868190047358608,2024-12-05 14:10:00+00:00,2024-12-05 14:25:00+00:00,2024-12-05 14:30:00+00:00,2024-12-05 15:25:00+00:00,0.0038285714285712,-0.0084818124893264,reversal,over_cap_or_below_cutoff,0.5417873364978685
GOOGL_20241211_143000,GOOGL,2024-12-11 14:30:00+00:00,1,11,264.6044406121928,5.538065910837472,237.1437494259208,15.57424641096972,0.0970420666625718,2024-12-11 14:15:00+00:00,2024-12-11 14:30:00+00:00,2024-12-11 14:35:00+00:00,2024-12-11 15:30:00+00:00,0.0162169454937939,0.0217466344494303,continuation,over_cap_or_below_cutoff,0.7192844119489854
GOOGL_20241212_133000,GOOGL,2024-12-12 13:30:00+00:00,-1,4,91.84247030976866,4.243647704109406,11.383997077091706,9.718069253072516,0.9171793691991914,2024-12-12 13:15:00+00:00,2024-12-12 13:30:00+00:00,2024-12-12 13:35:00+00:00,2024-12-12 14:30:00+00:00,-0.0046555854486981,-0.0021594940613913,unclear,low_strength_unclear,0.4929523187139248
GOOGL_20241213_143000,GOOGL,2024-12-13 14:30:00+00:00,1,6,83.23735734477644,4.6317719919809335,446.561583077448,10.68935969110141,0.0501129731698638,2024-12-13 14:15:00+00:00,2024-12-13 14:30:00+00:00,2024-12-13 14:35:00+00:00,2024-12-13 15:30:00+00:00,0.0036988457502624,0.0002352264708187,unclear,low_strength_unclear,0.4837207797333344
GOOGL_20241217_143500,GOOGL,2024-12-17 14:35:00+00:00,1,15,143.2976142337239,5.446691604096212,416.8972027972028,8.05464335123898,0.1448042778928122,2024-12-17 14:20:00+00:00,2024-12-17 14:35:00+00:00,2024-12-17 14:40:00+00:00,2024-12-17 15:35:00+00:00,0.0069993913572732,-0.0112319935529363,reversal,over_cap_or_below_cutoff,0.6853738610765594
GOOGL_20241219_142500,GOOGL,2024-12-19 14:25:00+00:00,1,7,76.66945781870993,4.437817313185824,473.8297753592856,10.63376573685566,0.1643106216522105,2024-12-19 14:10:00+00:00,2024-12-19 14:25:00+00:00,2024-12-19 14:30:00+00:00,2024-12-19 15:25:00+00:00,0.0041876046901172,-0.007245621351126,reversal,over_cap_or_below_cutoff,0.47630341212785027
GOOGL_20241223_133500,GOOGL,2024-12-23 13:35:00+00:00,-1,3,70.30151538822027,4.225252683444939,7.13889347646573,4.917446225516542,4.196888331425267,2024-12-23 13:20:00+00:00,2024-12-23 13:35:00+00:00,2024-12-23 13:40:00+00:00,2024-12-23 14:35:00+00:00,-0.0037243947858472,0.0001038421599168,unclear,over_cap_or_below_cutoff,0.3950931161431882
GOOGL_20241224_142500,GOOGL,2024-12-24 14:25:00+00:00,-1,5,87.74562896488148,4.856184237219605,707.4545454545455,21.397235827252395,0.5223713552049474,2024-12-24 14:10:00+00:00,2024-12-24 14:25:00+00:00,2024-12-24 14:30:00+00:00,2024-12-24 15:25:00+00:00,-0.0055680425010217,0.0034674063800277,reversal,over_cap_or_below_cutoff,0.6318299549437592
GOOGL_20241230_124000,GOOGL,2024-12-30 12:40:00+00:00,-1,3,73.99632642350883,4.614759946996179,7.2382386149793,15.393206127070856,1.9146305725554893,2024-12-30 12:25:00+00:00,2024-12-30 12:40:00+00:00,2024-12-30 12:45:00+00:00,2024-12-30 13:40:00+00:00,-0.0050013024225057,-0.007120791664485,continuation,over_cap_or_below_cutoff,0.43614455212933745
GOOGL_20250107_143000,GOOGL,2025-01-07 14:30:00+00:00,1,13,134.69212072108715,5.41764587610719,748.4740634005764,15.193540088682724,0.0896151790730144,2025-01-07 14:15:00+00:00,2025-01-07 14:30:00+00:00,2025-01-07 14:35:00+00:00,2025-01-07 15:30:00+00:00,0.0062915419351565,-0.0064533857711895,reversal,over_cap_or_below_cutoff,0.7201414654872969
GOOGL_20250113_143000,GOOGL,2025-01-13 14:30:00+00:00,-1,5,159.07639923388393,4.454492250416564,459.0407798983935,15.572714735163183,0.0357986113406457,2025-01-13 14:15:00+00:00,2025-01-13 14:30:00+00:00,2025-01-13 14:35:00+00:00,2025-01-13 15:30:00+00:00,-0.0120795395081109,0.0053678235684215,reversal,over_cap_or_below_cutoff,0.6299419782212855
GOOGL_20250115_133000,GOOGL,2025-01-15 13:30:00+00:00,1,5,141.9963321980644,4.755854793398196,68.58046917621385,53.93363054121056,0.6278506659328366,2025-01-15 13:15:00+00:00,2025-01-15 13:30:00+00:00,2025-01-15 13:35:00+00:00,2025-01-15 14:30:00+00:00,0.0141996332198062,-0.0036939450299648,reversal,over_cap_or_below_cutoff,0.6316672358098572
GOOGL_20250117_143000,GOOGL,2025-01-17 14:30:00+00:00,-1,4,110.31397053151704,4.897702011585785,4797.77824049974,18.11705745480617,0.0259535897273761,2025-01-17 14:15:00+00:00,2025-01-17 14:30:00+00:00,2025-01-17 14:35:00+00:00,2025-01-17 15:30:00+00:00,-0.0051132027473926,-0.0043340407578817,continuation,over_cap_or_below_cutoff,0.6522925421126069
GOOGL_20250121_143000,GOOGL,2025-01-21 14:30:00+00:00,1,8,156.68225944368783,4.066887393956801,768.8750175734571,18.63605095032205,0.1573436218492953,2025-01-21 14:15:00+00:00,2025-01-21 14:30:00+00:00,2025-01-21 14:35:00+00:00,2025-01-21 15:30:00+00:00,0.0147494848987386,-0.0104741859601337,reversal,over_cap_or_below_cutoff,0.6708588501546697
GOOGL_20250122_142500,GOOGL,2025-01-22 14:25:00+00:00,1,3,68.63090150334594,4.043186049016211,195.0025520483546,10.122578101226487,0.2122288073866665,2025-01-22 14:10:00+00:00,2025-01-22 14:25:00+00:00,2025-01-22 14:30:00+00:00,2025-01-22 15:25:00+00:00,0.0031032120259542,0.0015568501406186,unclear,low_strength_unclear,0.33093298269908583
GOOGL_20250123_143000,GOOGL,2025-01-23 14:30:00+00:00,1,6,73.21753181175339,4.285686416839958,500.8439450686642,16.5208933548227,0.0454679229391497,2025-01-23 14:15:00+00:00,2025-01-23 14:30:00+00:00,2025-01-23 14:35:00+00:00,2025-01-23 15:30:00+00:00,0.0048982477402412,0.0015326633165828,unclear,low_strength_unclear,0.4441165086915051
GOOGL_20250123_185000,GOOGL,2025-01-23 18:50:00+00:00,-1,5,110.97003555104344,4.567496605637185,10.25303391176137,7.416220984182843,1.0399812500311003,2025-01-23 18:35:00+00:00,2025-01-23 18:50:00+00:00,2025-01-23 18:55:00+00:00,2025-01-23 19:50:00+00:00,-0.0109752115930381,-0.0014220416455053,unclear,low_strength_unclear,0.5595030364251159
GOOGL_20250124_140500,GOOGL,2025-01-24 14:05:00+00:00,-1,10,103.13969361444464,4.126334231599974,815.1675288499802,40.37501299205708,0.5277035569486814,2025-01-24 13:50:00+00:00,2025-01-24 14:05:00+00:00,2025-01-24 14:10:00+00:00,2025-01-24 15:05:00+00:00,-0.0061868115285951,0.0088571717785201,reversal,over_cap_or_below_cutoff,0.6265020868931299
GOOGL_20250128_142500,GOOGL,2025-01-28 14:25:00+00:00,-1,12,102.51728185730836,4.564480036902566,457.58293683347006,10.793120047987324,0.3426231100658924,2025-01-28 14:10:00+00:00,2025-01-28 14:25:00+00:00,2025-01-28 14:30:00+00:00,2025-01-28 15:25:00+00:00,-0.0033128008696101,0.0103869124902622,reversal,over_cap_or_below_cutoff,0.5646998836124204
GOOGL_20250129_140500,GOOGL,2025-01-29 14:05:00+00:00,1,8,101.12151455910822,4.8996046363568455,581.5429300989467,13.979941443250253,0.3503490081080715,2025-01-29 13:50:00+00:00,2025-01-29 14:05:00+00:00,2025-01-29 14:10:00+00:00,2025-01-29 15:05:00+00:00,0.0050115060086932,-0.0130616190912329,reversal,over_cap_or_below_cutoff,0.6138921185130725
GOOGL_20250131_143000,GOOGL,2025-01-31 14:30:00+00:00,1,5,105.50822270655846,5.012981521036713,535.2855709412,16.010173201934546,0.0374259719206773,2025-01-31 14:15:00+00:00,2025-01-31 14:30:00+00:00,2025-01-31 14:35:00+00:00,2025-01-31 15:30:00+00:00,0.0046454163577958,0.0062226376112943,continuation,over_cap_or_below_cutoff,0.5769109408535769
GOOGL_20250210_150000,GOOGL,2025-02-10 15:00:00+00:00,1,3,89.67767355523293,4.146274776628746,152.78652450090743,10.711248906449574,0.0847317054180275,2025-02-10 14:45:00+00:00,2025-02-10 15:00:00+00:00,2025-02-10 15:05:00+00:00,2025-02-10 16:00:00+00:00,0.0048115864288587,0.0011637714737189,unclear,low_strength_unclear,0.3567369857462623
GOOGL_20250211_143000,GOOGL,2025-02-11 14:30:00+00:00,1,5,86.30810810811296,4.45486380856027,572.907190370605,30.92096512292635,0.0624950426039345,2025-02-11 14:15:00+00:00,2025-02-11 14:30:00+00:00,2025-02-11 14:35:00+00:00,2025-02-11 15:30:00+00:00,0.0086308108108108,-0.0017776305797476,unclear,low_strength_unclear,0.5018941315499216
GOOGL_20250211_155500,GOOGL,2025-02-11 15:55:00+00:00,-1,4,100.09208103129774,4.164581627107963,255.82859162396184,8.638400439826071,0.0827640626139741,2025-02-11 15:40:00+00:00,2025-02-11 15:55:00+00:00,2025-02-11 16:00:00+00:00,2025-02-11 16:55:00+00:00,-0.0052586391929599,-0.0033444816053511,continuation,over_cap_or_below_cutoff,0.4497017314762233
GOOGL_20250212_133000,GOOGL,2025-02-12 13:30:00+00:00,-1,3,72.47956403269696,4.892138876930787,83.52508650519032,33.031991294877955,0.2617351630239921,2025-02-12 13:15:00+00:00,2025-02-12 13:30:00+00:00,2025-02-12 13:35:00+00:00,2025-02-12 14:30:00+00:00,-0.0054650722363508,-0.0031556039173015,continuation,over_cap_or_below_cutoff,0.3940777003103288
GOOGL_20250212_143500,GOOGL,2025-02-12 14:35:00+00:00,1,6,82.96037550486358,4.178407876153631,289.76053349499847,12.97558736828509,0.1366299036805414,2025-02-12 14:20:00+00:00,2025-02-12 14:35:00+00:00,2025-02-12 14:40:00+00:00,2025-02-12 15:35:00+00:00,0.003079186876669,-0.0017929423270218,unclear,low_strength_unclear,0.42912433323757493
GOOGL_20250218_142500,GOOGL,2025-02-18 14:25:00+00:00,-1,9,84.23518428877674,5.06170129131871,1026.60162601626,40.62954648584248,0.4685353859583132,2025-02-18 14:10:00+00:00,2025-02-18 14:25:00+00:00,2025-02-18 14:30:00+00:00,2025-02-18 15:25:00+00:00,-0.0063192845284634,-0.0096200485044464,continuation,over_cap_or_below_cutoff,0.676393108065754
GOOGL_20250220_145000,GOOGL,2025-02-20 14:50:00+00:00,-1,6,74.26823940585248,4.836013252550759,393.3272854152128,15.215904077040284,0.0409665330865869,2025-02-20 14:35:00+00:00,2025-02-20 14:50:00+00:00,2025-02-20 14:55:00+00:00,2025-02-20 15:50:00+00:00,-0.0051747493904091,0.0004085078569677,unclear,low_strength_unclear,0.46978954692946057
GOOGL_20250224_125500,GOOGL,2025-02-24 12:55:00+00:00,1,4,146.81440443212733,5.621944443749256,95.86992805755396,45.07773818603893,0.5937353114051104,2025-02-24 12:40:00+00:00,2025-02-24 12:55:00+00:00,2025-02-24 13:00:00+00:00,2025-02-24 13:55:00+00:00,0.0083656509695291,0.0084610735673864,continuation,over_cap_or_below_cutoff,0.7123941163419596
GOOGL_20250228_143000,GOOGL,2025-02-28 14:30:00+00:00,-1,4,115.07307887736351,5.360916063773585,573.2675838614932,19.02922641956109,0.0873734735505473,2025-02-28 14:15:00+00:00,2025-02-28 14:30:00+00:00,2025-02-28 14:35:00+00:00,2025-02-28 15:30:00+00:00,-0.0113763961940783,0.0101634934393399,reversal,over_cap_or_below_cutoff,0.6401328417117647
GOOGL_20250303_143000,GOOGL,2025-03-03 14:30:00+00:00,1,10,125.81928838951484,4.241351859676188,866.4118016321406,17.257756016469607,0.1046068184032644,2025-03-03 14:15:00+00:00,2025-03-03 14:30:00+00:00,2025-03-03 14:35:00+00:00,2025-03-03 15:30:00+00:00,0.0065150369379327,-0.0139282205397908,reversal,over_cap_or_below_cutoff,0.6306130005504869
GOOGL_20250306_142000,GOOGL,2025-03-06 14:20:00+00:00,-1,11,124.31655520356745,4.047173813745293,407.76345984112976,12.708267022493668,0.150857673726931,2025-03-06 14:05:00+00:00,2025-03-06 14:20:00+00:00,2025-03-06 14:25:00+00:00,2025-03-06 15:20:00+00:00,-0.0032161861879421,0.0219406312331338,reversal,over_cap_or_below_cutoff,0.5306444064272602
GOOGL_20250310_132500,GOOGL,2025-03-10 13:25:00+00:00,-1,6,176.89530685920164,4.282743788415927,485.5318005374739,10.542547251743867,0.2834436631538743,2025-03-10 13:10:00+00:00,2025-03-10 13:25:00+00:00,2025-03-10 13:30:00+00:00,2025-03-10 14:25:00+00:00,-0.0037271490267999,-0.0124703087885985,continuation,over_cap_or_below_cutoff,0.6926257132646207
GOOGL_20250312_122000,GOOGL,2025-03-12 12:20:00+00:00,1,9,111.19124894819032,4.537475617871684,53.64478764478765,17.59386870569607,0.506261811584129,2025-03-12 12:05:00+00:00,2025-03-12 12:20:00+00:00,2025-03-12 12:25:00+00:00,2025-03-12 13:20:00+00:00,0.0036702767749698,0.00083927822073,unclear,low_strength_unclear,0.5278064590553381
GOOGL_20250318_123000,GOOGL,2025-03-18 12:30:00+00:00,1,3,63.558027256613855,4.136828527435628,22.05534204458109,19.547995660760694,0.4112701784458199,2025-03-18 12:15:00+00:00,2025-03-18 12:30:00+00:00,2025-03-18 12:35:00+00:00,2025-03-18 13:30:00+00:00,0.0063558027256616,-0.0068591728912369,reversal,over_cap_or_below_cutoff,0.3243170949043501
GOOGL_20250326_102500,GOOGL,2025-03-26 10:25:00+00:00,-1,3,115.28229382205213,5.313177754895986,20.370844769746878,23.612593233626782,1.2786512538501704,2025-03-26 10:10:00+00:00,2025-03-26 10:25:00+00:00,2025-03-26 10:30:00+00:00,2025-03-26 11:25:00+00:00,-0.0090005844535359,0.0016513328615239,unclear,low_strength_unclear,0.5817858849879888
GOOGL_20250331_133000,GOOGL,2025-03-31 13:30:00+00:00,-1,9,147.42599371535547,4.901831180766721,392.1167450775396,11.440427880324904,0.0756452994683065,2025-03-31 13:15:00+00:00,2025-03-31 13:30:00+00:00,2025-03-31 13:35:00+00:00,2025-03-31 14:30:00+00:00,-0.0045838517451379,0.0005920663114269,unclear,low_strength_unclear,0.6347716413346667
GOOGL_20250401_132500,GOOGL,2025-04-01 13:25:00+00:00,-1,6,122.99882858258336,4.569876896282799,364.59114191021393,12.277752391161634,0.2685817972549587,2025-04-01 13:10:00+00:00,2025-04-01 13:25:00+00:00,2025-04-01 13:30:00+00:00,2025-04-01 14:25:00+00:00,-0.0045316290866451,0.0141220877261487,reversal,over_cap_or_below_cutoff,0.5795996823606313
GOOGL_20250402_201000,GOOGL,2025-04-02 20:10:00+00:00,1,20,289.7044494965839,4.529856717366403,0.6302047134643332,14.313743179768798,44.33654686178359,2025-04-02 19:55:00+00:00,2025-04-02 20:10:00+00:00,2025-04-02 20:15:00+00:00,2025-04-02 21:10:00+00:00,0.0063085452112405,-0.0374240121580546,reversal,over_cap_or_below_cutoff,0.6936292205685106
GOOGL_20250404_101000,GOOGL,2025-04-04 10:10:00+00:00,-1,16,159.9999999999957,5.192578819344342,12.724648229015042,9.945579383887898,0.9851201374937868,2025-04-04 09:55:00+00:00,2025-04-04 10:10:00+00:00,2025-04-04 10:15:00+00:00,2025-04-04 11:10:00+00:00,-0.0037546094535702,-0.0203916818090046,continuation,over_cap_or_below_cutoff,0.7144581214450401
GOOGL_20250422_212000,GOOGL,2025-04-22 21:20:00+00:00,1,5,135.86598074133204,4.370681852815463,0.1048196270986629,2.734478523014581,96.75979861483394,2025-04-22 21:05:00+00:00,2025-04-22 21:20:00+00:00,2025-04-22 21:25:00+00:00,2025-04-22 22:20:00+00:00,0.0067964368195314,0.0072093328090181,continuation,over_cap_or_below_cutoff,0.5947114984148569
GOOGL_20250424_200000,GOOGL,2025-04-24 20:00:00+00:00,1,14,501.726844583994,4.851690808270741,5.983117505646866,30.49104853707795,8.941979130485619,2025-04-24 19:45:00+00:00,2025-04-24 20:00:00+00:00,2025-04-24 20:05:00+00:00,2025-04-24 21:00:00+00:00,0.0501726844583987,0.0065773738340109,continuation,over_cap_or_below_cutoff,0.7228859885125034
GOOGL_20250428_133000,GOOGL,2025-04-28 13:30:00+00:00,-1,10,116.67341031466717,5.451720092346924,387.72010512483575,13.578918608473552,0.0832620808111372,2025-04-28 13:15:00+00:00,2025-04-28 13:30:00+00:00,2025-04-28 13:35:00+00:00,2025-04-28 14:30:00+00:00,-0.0046142488002952,-0.0091476605476233,continuation,over_cap_or_below_cutoff,0.6147250764874562
GOOGL_20250429_132500,GOOGL,2025-04-29 13:25:00+00:00,1,9,132.65319014529763,4.507315685411311,1008.187732971874,21.51803340541913,0.1316551082230101,2025-04-29 13:10:00+00:00,2025-04-29 13:25:00+00:00,2025-04-29 13:30:00+00:00,2025-04-29 14:25:00+00:00,0.0040619464040914,-0.0045816736793476,reversal,over_cap_or_below_cutoff,0.6835464728445617
GOOGL_20250430_130500,GOOGL,2025-04-30 13:05:00+00:00,-1,10,131.42710603923467,5.364024913538964,515.0003352329869,13.52098949824829,0.2732763886331276,2025-04-30 12:50:00+00:00,2025-04-30 13:05:00+00:00,2025-04-30 13:10:00+00:00,2025-04-30 14:05:00+00:00,-0.0033629441624365,-0.0013051505698095,unclear,low_strength_unclear,0.6914895509335377
GOOGL_20250505_133000,GOOGL,2025-05-05 13:30:00+00:00,1,5,92.02453987730009,5.029687347554228,679.5085501858736,22.5897737377218,0.0283889963665139,2025-05-05 13:15:00+00:00,2025-05-05 13:30:00+00:00,2025-05-05 13:35:00+00:00,2025-05-05 14:30:00+00:00,0.0073402948402947,0.0033842495198024,continuation,over_cap_or_below_cutoff,0.5760497735207329
GOOGL_20250506_220000,GOOGL,2025-05-06 22:00:00+00:00,1,3,125.4042970118574,4.108579549163049,0.3093329181910174,9.645506357939995,45.74476032547037,2025-05-06 21:45:00+00:00,2025-05-06 22:00:00+00:00,2025-05-06 22:05:00+00:00,2025-05-06 23:00:00+00:00,0.0118634686346863,0.00116088956962,unclear,over_cap_or_below_cutoff,0.5026117659160254
GOOGL_20250509_141500,GOOGL,2025-05-09 14:15:00+00:00,-1,9,110.08452919205824,4.769553967945782,97.3109823739677,6.228775471873627,0.1726835976986815,2025-05-09 14:00:00+00:00,2025-05-09 14:15:00+00:00,2025-05-09 14:20:00+00:00,2025-05-09 15:15:00+00:00,-0.0042117540335644,0.0003253513794896,unclear,low_strength_unclear,0.5030131769923736
GOOGL_20250514_133500,GOOGL,2025-05-14 13:35:00+00:00,1,14,102.57985257984936,5.025230665088236,167.14455332236608,8.72928989678884,0.263585809603196,2025-05-14 13:20:00+00:00,2025-05-14 13:35:00+00:00,2025-05-14 13:40:00+00:00,2025-05-14 14:35:00+00:00,0.0057686311194262,0.0108820337932102,continuation,over_cap_or_below_cutoff,0.5348456849151013
GOOGL_20250516_121000,GOOGL,2025-05-16 12:10:00+00:00,1,3,76.19390448763363,4.273909460640831,31.69892098851375,8.158469019362759,0.4674656186444588,2025-05-16 11:55:00+00:00,2025-05-16 12:10:00+00:00,2025-05-16 12:15:00+00:00,2025-05-16 13:10:00+00:00,0.0046834834834834,-0.0013139661812124,unclear,low_strength_unclear,0.37239589270879364
GOOGL_20250516_132500,GOOGL,2025-05-16 13:25:00+00:00,1,12,118.74062968515452,4.810003503566207,1106.658061594203,17.024171048054225,0.2049947058728556,2025-05-16 13:10:00+00:00,2025-05-16 13:25:00+00:00,2025-05-16 13:30:00+00:00,2025-05-16 14:25:00+00:00,0.0038309589369087,-0.0010137149672032,unclear,over_cap_or_below_cutoff,0.6896504791073257
GOOGL_20250519_132500,GOOGL,2025-05-19 13:25:00+00:00,1,5,121.10091743119388,5.678192573849836,317.2902517564403,8.423955830158233,0.92506401648418,2025-05-19 13:10:00+00:00,2025-05-19 13:25:00+00:00,2025-05-19 13:30:00+00:00,2025-05-19 14:25:00+00:00,0.0070357907617009,0.0007290400972053,unclear,over_cap_or_below_cutoff,0.7300379767542768
GOOGL_20250520_132500,GOOGL,2025-05-20 13:25:00+00:00,-1,3,87.1019252206895,4.535904150391817,376.2957025161434,11.848405246450064,0.4127706270793849,2025-05-20 13:10:00+00:00,2025-05-20 13:25:00+00:00,2025-05-20 13:30:00+00:00,2025-05-20 14:25:00+00:00,-0.0050185259431918,-0.0010208983905838,unclear,low_strength_unclear,0.4746494485581202
GOOGL_20250520_172500,GOOGL,2025-05-20 17:25:00+00:00,-1,5,210.0378556600324,4.592227802951619,13.534915048923883,13.157240066451829,1.381517348532597,2025-05-20 17:10:00+00:00,2025-05-20 17:25:00+00:00,2025-05-20 17:30:00+00:00,2025-05-20 18:25:00+00:00,-0.0053958979251133,-0.0145970086622905,continuation,over_cap_or_below_cutoff,0.6985490528212428
GOOGL_20250528_133000,GOOGL,2025-05-28 13:30:00+00:00,1,8,103.86612810155292,5.369854542388966,738.5014460511679,19.81610501697091,0.0332970372888636,2025-05-28 13:15:00+00:00,2025-05-28 13:30:00+00:00,2025-05-28 13:35:00+00:00,2025-05-28 14:30:00+00:00,0.0033435176111142,-0.006090203964378,reversal,over_cap_or_below_cutoff,0.6407732548279577
GOOGL_20250603_123500,GOOGL,2025-06-03 12:35:00+00:00,-1,7,132.55407603783408,6.364002321543968,134.6194454994303,18.52300040201173,0.357004625075385,2025-06-03 12:20:00+00:00,2025-06-03 12:35:00+00:00,2025-06-03 12:40:00+00:00,2025-06-03 13:35:00+00:00,-0.004750593824228,-0.0099665871121717,continuation,over_cap_or_below_cutoff,0.6958807963639067
GOOGL_20250604_133000,GOOGL,2025-06-04 13:30:00+00:00,1,3,68.04552068701675,4.998681371872394,389.6457041629761,16.675788796660488,0.0714959630590449,2025-06-04 13:15:00+00:00,2025-06-04 13:30:00+00:00,2025-06-04 13:35:00+00:00,2025-06-04 14:30:00+00:00,0.0068045520687016,-0.0010741138560688,unclear,low_strength_unclear,0.42369298993854054
GOOGL_20250606_122500,GOOGL,2025-06-06 12:25:00+00:00,1,4,65.4095462581017,4.133457297222658,36.47304170905392,11.296336341069663,0.2460159565847427,2025-06-06 12:10:00+00:00,2025-06-06 12:25:00+00:00,2025-06-06 12:30:00+00:00,2025-06-06 13:25:00+00:00,0.0033616328234002,0.004171072729409,continuation,over_cap_or_below_cutoff,0.3561084462491636
GOOGL_20250611_123000,GOOGL,2025-06-11 12:30:00+00:00,1,4,68.63545630933388,4.121283746452406,43.0641447368421,12.917564779563785,0.5460988743564927,2025-06-11 12:15:00+00:00,2025-06-11 12:30:00+00:00,2025-06-11 12:35:00+00:00,2025-06-11 13:30:00+00:00,0.0068635456309333,-0.0066359249662877,reversal,over_cap_or_below_cutoff,0.40789813513770323
GOOGL_20250618_195000,GOOGL,2025-06-18 19:50:00+00:00,-1,4,120.0369344413721,4.636268148785473,17.70085290554535,4.4233526359504,5.201657579279321,2025-06-18 19:35:00+00:00,2025-06-18 19:50:00+00:00,2025-06-18 19:55:00+00:00,2025-06-18 20:50:00+00:00,-0.0077532637819963,-0.0004596380350474,unclear,over_cap_or_below_cutoff,0.5856925725756132
GOOGL_20250620_142500,GOOGL,2025-06-20 14:25:00+00:00,-1,9,128.78832634252157,4.854868601750355,200.2278983964808,8.920884739282002,0.1210843277442891,2025-06-20 14:10:00+00:00,2025-06-20 14:25:00+00:00,2025-06-20 14:30:00+00:00,2025-06-20 15:25:00+00:00,-0.004049754122071,-0.0180656404298578,continuation,over_cap_or_below_cutoff,0.5615365182835489
GOOGL_20250623_133000,GOOGL,2025-06-23 13:30:00+00:00,-1,8,105.86693445441276,4.345935067403123,359.30512902198154,15.997074696282196,0.1529811112585744,2025-06-23 13:15:00+00:00,2025-06-23 13:30:00+00:00,2025-06-23 13:35:00+00:00,2025-06-23 14:30:00+00:00,-0.0104757894736842,0.0119847983446437,reversal,over_cap_or_below_cutoff,0.5069414126003546
GOOGL_20250626_133000,GOOGL,2025-06-26 13:30:00+00:00,-1,7,98.29734948218594,4.974508377250873,409.9070527790752,13.795545364868977,0.0744930338267471,2025-06-26 13:15:00+00:00,2025-06-26 13:30:00+00:00,2025-06-26 13:35:00+00:00,2025-06-26 14:30:00+00:00,-0.007512172501739,-0.0002861748353033,unclear,low_strength_unclear,0.5400284526870951
GOOGL_20250630_132500,GOOGL,2025-06-30 13:25:00+00:00,-1,7,147.83556437413915,4.764933844509828,430.1324054918187,11.182154136748624,0.4498316592976262,2025-06-30 13:10:00+00:00,2025-06-30 13:25:00+00:00,2025-06-30 13:30:00+00:00,2025-06-30 14:25:00+00:00,-0.0057224606580831,-0.0188710570005533,continuation,over_cap_or_below_cutoff,0.6875285565935227
GOOGL_20250701_133500,GOOGL,2025-07-01 13:35:00+00:00,-1,2,74.52419169915237,5.215812580015945,248.02963377131675,6.881711948870559,0.02324822255337,2025-07-01 13:20:00+00:00,2025-07-01 13:35:00+00:00,2025-07-01 13:40:00+00:00,2025-07-01 14:35:00+00:00,-0.0052652550091075,0.0008011215701984,unclear,low_strength_unclear,0.3707135909607038
GOOGL_20250703_132500,GOOGL,2025-07-03 13:25:00+00:00,-1,5,66.90672943503006,4.198234944271651,932.03591160221,36.66472930669633,0.4609953837451349,2025-07-03 13:10:00+00:00,2025-07-03 13:25:00+00:00,2025-07-03 13:30:00+00:00,2025-07-03 14:25:00+00:00,-0.0031210721485611,-0.0017076311516712,unclear,over_cap_or_below_cutoff,0.5681890688486997
GOOGL_20250708_151500,GOOGL,2025-07-08 15:15:00+00:00,-1,5,118.70036101083502,4.763304780996688,371.3332326740148,11.348956067877475,0.0669232557652803,2025-07-08 15:00:00+00:00,2025-07-08 15:15:00+00:00,2025-07-08 15:20:00+00:00,2025-07-08 16:15:00+00:00,-0.0076828606517579,0.0043172921943357,reversal,over_cap_or_below_cutoff,0.5574876487353265
GOOGL_20250709_134000,GOOGL,2025-07-09 13:40:00+00:00,1,16,116.36445800147222,6.172065345755945,403.0570204350692,12.839592615086138,0.0897255559416358,2025-07-09 13:25:00+00:00,2025-07-09 13:40:00+00:00,2025-07-09 13:45:00+00:00,2025-07-09 14:40:00+00:00,0.0035977385643308,0.0120063730510981,continuation,over_cap_or_below_cutoff,0.6732825151915065
GOOGL_20250709_175000,GOOGL,2025-07-09 17:50:00+00:00,-1,3,207.5781968721224,4.585683968887782,16.63809483751229,14.925332613664436,1.5120291547918756,2025-07-09 17:35:00+00:00,2025-07-09 17:50:00+00:00,2025-07-09 17:55:00+00:00,2025-07-09 18:50:00+00:00,-0.0203356949972456,0.0151218951241951,reversal,over_cap_or_below_cutoff,0.648611926745953
GOOGL_20250716_135000,GOOGL,2025-07-16 13:50:00+00:00,-1,7,87.86381109280761,5.811806012590391,161.35980504587155,8.117575835985065,0.1045535619847759,2025-07-16 13:35:00+00:00,2025-07-16 13:50:00+00:00,2025-07-16 13:55:00+00:00,2025-07-16 14:50:00+00:00,-0.0039265787595982,0.0055039842273885,reversal,over_cap_or_below_cutoff,0.5428595714247475
GOOGL_20250722_133000,GOOGL,2025-07-22 13:30:00+00:00,-1,8,112.99435028248928,5.962947132837605,513.8288007133303,20.94396090220548,0.1169442316503545,2025-07-22 13:15:00+00:00,2025-07-22 13:30:00+00:00,2025-07-22 13:35:00+00:00,2025-07-22 14:30:00+00:00,-0.0056473541100189,-0.004312158182583,continuation,over_cap_or_below_cutoff,0.677679156163304
GOOGL_20250723_132500,GOOGL,2025-07-23 13:25:00+00:00,1,3,65.44060344297442,4.531762352862302,125.39088693597223,7.143636548189722,0.6963793641074307,2025-07-23 13:10:00+00:00,2025-07-23 13:25:00+00:00,2025-07-23 13:30:00+00:00,2025-07-23 14:25:00+00:00,0.0036154047681424,-0.007779053983502,reversal,over_cap_or_below_cutoff,0.4226635243512427
GOOGL_20250723_200000,GOOGL,2025-07-23 20:00:00+00:00,-1,22,314.4184060214572,4.927745862990281,4.596501934490197,34.75517286456052,23.60148627256876,2025-07-23 19:45:00+00:00,2025-07-23 20:00:00+00:00,2025-07-23 20:05:00+00:00,2025-07-23 21:00:00+00:00,-0.021907013396375,0.0462992802664088,reversal,over_cap_or_below_cutoff,0.7298844203821646
GOOGL_20250724_133000,GOOGL,2025-07-24 13:30:00+00:00,-1,13,152.39664315502387,4.979026743844175,283.99695842495737,11.46681581469088,0.2188625298421946,2025-07-24 13:15:00+00:00,2025-07-24 13:30:00+00:00,2025-07-24 13:35:00+00:00,2025-07-24 14:30:00+00:00,-0.0045189134298044,-0.0171335305518719,continuation,over_cap_or_below_cutoff,0.6521666079934176
GOOGL_20250725_132500,GOOGL,2025-07-25 13:25:00+00:00,-1,6,105.96750676941993,5.462312951958582,503.08719795887737,16.709654856855785,0.3103901772055788,2025-07-25 13:10:00+00:00,2025-07-25 13:25:00+00:00,2025-07-25 13:30:00+00:00,2025-07-25 14:25:00+00:00,-0.0034250129735339,0.0064049156425745,reversal,over_cap_or_below_cutoff,0.6488853397429746
GOOGL_20250730_134000,GOOGL,2025-07-30 13:40:00+00:00,1,7,76.09531129900704,5.228891877574643,303.97347089167283,14.70641799066464,0.0670315503067387,2025-07-30 13:25:00+00:00,2025-07-30 13:40:00+00:00,2025-07-30 13:45:00+00:00,2025-07-30 14:40:00+00:00,0.0046750459840587,-0.0021867927886692,unclear,low_strength_unclear,0.4923413840692589
GOOGL_20250804_133000,GOOGL,2025-08-04 13:30:00+00:00,1,6,148.64226062292653,5.609717832525642,486.0167582417582,15.595269066734698,0.0727126533341839,2025-08-04 13:15:00+00:00,2025-08-04 13:30:00+00:00,2025-08-04 13:35:00+00:00,2025-08-04 14:30:00+00:00,0.0072992700729925,0.0123292670211656,continuation,over_cap_or_below_cutoff,0.7124344700058229
GOOGL_20250808_133000,GOOGL,2025-08-08 13:30:00+00:00,1,7,105.0592528524441,4.360370542938628,1414.7291750503018,34.12047120850107,0.0464751596115586,2025-08-08 13:15:00+00:00,2025-08-08 13:30:00+00:00,2025-08-08 13:35:00+00:00,2025-08-08 14:30:00+00:00,0.0073745565129244,0.0134587809111721,continuation,over_cap_or_below_cutoff,0.6005667773686485
GOOGL_20250811_133000,GOOGL,2025-08-11 13:30:00+00:00,-1,2,73.20497392700132,5.30676091800225,711.7036669970267,19.9705603130296,0.0295730445572788,2025-08-11 13:15:00+00:00,2025-08-11 13:30:00+00:00,2025-08-11 13:35:00+00:00,2025-08-11 14:30:00+00:00,-0.0045906370908547,-0.0001999700044993,unclear,low_strength_unclear,0.46511885392192676
GOOGL_20250812_123000,GOOGL,2025-08-12 12:30:00+00:00,1,3,69.7558545092214,5.205672144330951,84.05790108564536,23.03912582142233,0.3553274607898619,2025-08-12 12:15:00+00:00,2025-08-12 12:30:00+00:00,2025-08-12 12:35:00+00:00,2025-08-12 13:30:00+00:00,0.005431492492024,0.00753258337876,continuation,near_duplicate,0.42784170889008466
GOOGL_20250812_132500,GOOGL,2025-08-12 13:25:00+00:00,-1,11,103.02129767211012,4.028541679575213,1417.1837398373984,52.03210739328804,0.2523822399032829,2025-08-12 13:10:00+00:00,2025-08-12 13:25:00+00:00,2025-08-12 13:30:00+00:00,2025-08-12 14:25:00+00:00,-0.0035520241587148,0.005564387917329,reversal,over_cap_or_below_cutoff,0.5999563706819461
GOOGL_20250813_135000,GOOGL,2025-08-13 13:50:00+00:00,-1,3,64.22607578676853,5.882455614029447,274.4265115102454,18.10665581529945,0.0792690414092816,2025-08-13 13:35:00+00:00,2025-08-13 13:50:00+00:00,2025-08-13 13:55:00+00:00,2025-08-13 14:50:00+00:00,-0.0038227798470887,0.0010331595001475,unclear,low_strength_unclear,0.46651988241630227
GOOGL_20250813_183500,GOOGL,2025-08-13 18:35:00+00:00,-1,4,92.8599880501868,4.88731756634636,30.161899868698978,24.853922520755944,1.9609740670412212,2025-08-13 18:20:00+00:00,2025-08-13 18:35:00+00:00,2025-08-13 18:40:00+00:00,2025-08-13 19:35:00+00:00,-0.0092005623936262,0.0046803425612427,reversal,over_cap_or_below_cutoff,0.5510157199152668
GOOGL_20250814_123000,GOOGL,2025-08-14 12:30:00+00:00,-1,3,75.8104738154608,4.676900851862094,39.55876807039598,40.34509353541969,0.734898482141489,2025-08-14 12:15:00+00:00,2025-08-14 12:30:00+00:00,2025-08-14 12:35:00+00:00,2025-08-14 13:30:00+00:00,-0.0075240075240076,0.0056857855361596,reversal,over_cap_or_below_cutoff,0.4458259334832313
GOOGL_20250815_134000,GOOGL,2025-08-15 13:40:00+00:00,1,7,84.72501101915108,4.245366481293234,367.0855235711306,13.90253580711587,0.0777397263865004,2025-08-15 13:25:00+00:00,2025-08-15 13:40:00+00:00,2025-08-15 13:45:00+00:00,2025-08-15 14:40:00+00:00,0.003630788854003,0.0081136923874807,continuation,over_cap_or_below_cutoff,0.4443456801454493
GOOGL_20250819_133000,GOOGL,2025-08-19 13:30:00+00:00,-1,3,75.4267566494593,4.134808481653151,949.752128666036,56.26695519144107,0.0389600074724778,2025-08-19 13:15:00+00:00,2025-08-19 13:30:00+00:00,2025-08-19 13:35:00+00:00,2025-08-19 14:30:00+00:00,-0.0064278317471274,-0.0020423204532314,unclear,over_cap_or_below_cutoff,0.4684542970479777
GOOGL_20250820_132500,GOOGL,2025-08-20 13:25:00+00:00,1,11,104.5804213384338,5.482482627266889,600.6066274719401,28.25165887989647,0.276016741770001,2025-08-20 13:10:00+00:00,2025-08-20 13:25:00+00:00,2025-08-20 13:30:00+00:00,2025-08-20 14:25:00+00:00,0.0031947286976488,-0.0163706025774991,reversal,over_cap_or_below_cutoff,0.6611610657417926
GOOGL_20250822_135000,GOOGL,2025-08-22 13:50:00+00:00,-1,5,113.01157020855211,4.853093287103741,204.11860684028863,8.335518074794033,0.068219765220015,2025-08-22 13:35:00+00:00,2025-08-22 13:50:00+00:00,2025-08-22 13:55:00+00:00,2025-08-22 14:50:00+00:00,-0.0042194092827003,0.0100604618891861,reversal,over_cap_or_below_cutoff,0.5209025987751346
GOOGL_20250825_133000,GOOGL,2025-08-25 13:30:00+00:00,-1,8,66.91551873614587,4.007633976211208,786.7184672698244,25.200453677969943,0.0893905042393189,2025-08-25 13:15:00+00:00,2025-08-25 13:30:00+00:00,2025-08-25 13:35:00+00:00,2025-08-25 14:30:00+00:00,-0.0048100003916072,0.015372246107508,reversal,over_cap_or_below_cutoff,0.46952055947799376
GOOGL_20250827_131000,GOOGL,2025-08-27 13:10:00+00:00,-1,7,67.03584960653153,4.165609894286775,789.9711815561959,47.59753344114953,0.2885757824903855,2025-08-27 12:55:00+00:00,2025-08-27 13:10:00+00:00,2025-08-27 13:15:00+00:00,2025-08-27 14:10:00+00:00,-0.0035354513754358,0.0124899149453219,reversal,over_cap_or_below_cutoff,0.5129042527880807
GOOGL_20250828_133000,GOOGL,2025-08-28 13:30:00+00:00,1,3,127.4561869357438,4.97451238166285,611.4132581100141,22.68466205911438,0.0547554098915253,2025-08-28 13:15:00+00:00,2025-08-28 13:30:00+00:00,2025-08-28 13:35:00+00:00,2025-08-28 14:30:00+00:00,0.0063282001924926,0.0078903952370703,continuation,over_cap_or_below_cutoff,0.587366330183289
GOOGL_20250829_105000,GOOGL,2025-08-29 10:50:00+00:00,-1,4,81.30470132478473,4.977397181051016,19.99665151877541,15.60495402836925,3.725434343768003,2025-08-29 10:25:00+00:00,2025-08-29 10:50:00+00:00,2025-08-29 10:55:00+00:00,2025-08-29 11:50:00+00:00,-0.0070693172652654,0.0006689602446483,unclear,over_cap_or_below_cutoff,0.5319537665630059
GOOGL_20250829_133000,GOOGL,2025-08-29 13:30:00+00:00,1,4,101.19047619047804,4.431268405781994,309.07994301092293,15.120689783291915,0.0710764105044044,2025-08-29 13:15:00+00:00,2025-08-29 13:30:00+00:00,2025-08-29 13:35:00+00:00,2025-08-29 14:30:00+00:00,0.0078608861362554,0.0018199007326873,unclear,low_strength_unclear,0.4821635067088095
GOOGL_20250904_132500,GOOGL,2025-09-04 13:25:00+00:00,1,6,104.36119960453016,4.035373059156268,400.8416839608657,12.657806452941298,0.1620577629128505,2025-09-04 13:10:00+00:00,2025-09-04 13:25:00+00:00,2025-09-04 13:30:00+00:00,2025-09-04 14:25:00+00:00,0.0030131004366811,-0.0143671905611911,reversal,over_cap_or_below_cutoff,0.4878292270592906
GOOGL_20250905_133500,GOOGL,2025-09-05 13:35:00+00:00,1,10,116.27906976743762,6.624745942576121,622.2444740346205,13.863055596290396,0.1561963132843315,2025-09-05 13:20:00+00:00,2025-09-05 13:35:00+00:00,2025-09-05 13:40:00+00:00,2025-09-05 14:35:00+00:00,0.0063620341314534,-0.0075605484601256,reversal,over_cap_or_below_cutoff,0.7250084863799144
GOOGL_20250908_133500,GOOGL,2025-09-08 13:35:00+00:00,1,4,74.39371416436691,6.064942428839496,592.9436834094369,13.144292012498866,0.0236470941579084,2025-09-08 13:20:00+00:00,2025-09-08 13:35:00+00:00,2025-09-08 13:40:00+00:00,2025-09-08 14:35:00+00:00,0.0039239808255207,-0.004056537998352,reversal,over_cap_or_below_cutoff,0.6056098596250619
GOOGL_20250912_132500,GOOGL,2025-09-12 13:25:00+00:00,-1,4,108.78205932805862,4.762054255777638,552.3383333333334,17.311121368382175,0.5018204115120013,2025-09-12 13:10:00+00:00,2025-09-12 13:25:00+00:00,2025-09-12 13:30:00+00:00,2025-09-12 14:25:00+00:00,-0.0040173949057775,-0.0064454424484363,continuation,over_cap_or_below_cutoff,0.6358752326930643
GOOGL_20250916_133500,GOOGL,2025-09-16 13:35:00+00:00,-1,5,77.92104266725053,4.709596758055493,182.10729829260129,7.584738420094618,0.0801040076750196,2025-09-16 13:20:00+00:00,2025-09-16 13:35:00+00:00,2025-09-16 13:40:00+00:00,2025-09-16 14:35:00+00:00,-0.0077318568321138,0.0012156479802307,unclear,low_strength_unclear,0.4325892262486837
GOOGL_20250917_133000,GOOGL,2025-09-17 13:30:00+00:00,-1,3,71.0834699836016,4.446405124249187,587.2786757546252,15.584894683524974,0.0406656784221097,2025-09-17 13:15:00+00:00,2025-09-17 13:30:00+00:00,2025-09-17 13:35:00+00:00,2025-09-17 14:30:00+00:00,-0.0070581750409935,-0.0024397072351318,unclear,low_strength_unclear,0.4185155295616408
GOOGL_20250922_132500,GOOGL,2025-09-22 13:25:00+00:00,1,4,89.71709536158556,4.723135669441456,959.5582905982906,22.721452532300564,0.534126282046956,2025-09-22 13:10:00+00:00,2025-09-22 13:25:00+00:00,2025-09-22 13:30:00+00:00,2025-09-22 14:25:00+00:00,0.0056135357368753,0.0007469140655711,unclear,over_cap_or_below_cutoff,0.6702380267643588
GOOGL_20250923_134000,GOOGL,2025-09-23 13:40:00+00:00,-1,4,62.03399940352128,4.867563094150485,292.44980416408987,12.702313843336915,0.0498351579520605,2025-09-23 13:25:00+00:00,2025-09-23 13:40:00+00:00,2025-09-23 13:45:00+00:00,2025-09-23 14:40:00+00:00,-0.0034650335835637,-0.0030251008036539,continuation,over_cap_or_below_cutoff,0.4284712479478371
GOOGL_20250924_133000,GOOGL,2025-09-24 13:30:00+00:00,-1,7,88.54521415120553,6.157750828711343,729.1709173962695,27.855714648415773,0.0372566310203104,2025-09-24 13:15:00+00:00,2025-09-24 13:30:00+00:00,2025-09-24 13:35:00+00:00,2025-09-24 14:30:00+00:00,-0.0057948005556657,-0.0043913928699749,continuation,over_cap_or_below_cutoff,0.6691394389278091
GOOGL_20250925_132500,GOOGL,2025-09-25 13:25:00+00:00,1,11,135.63280374994545,4.800633728492827,541.9370911889188,14.927746441437844,0.4941181539094005,2025-09-25 13:10:00+00:00,2025-09-25 13:25:00+00:00,2025-09-25 13:30:00+00:00,2025-09-25 14:25:00+00:00,0.0043146039705701,0.0046259367593559,continuation,over_cap_or_below_cutoff,0.692648912386049
GOOGL_20250925_203500,GOOGL,2025-09-25 20:35:00+00:00,1,5,163.6222324404124,4.908794048510387,0.51987192304118,12.347004064590298,29.9152783460636,2025-09-25 20:20:00+00:00,2025-09-25 20:35:00+00:00,2025-09-25 20:40:00+00:00,2025-09-25 21:35:00+00:00,0.0134722617933167,-0.0046184738955823,reversal,over_cap_or_below_cutoff,0.6989812728500779
GOOGL_20250929_132500,GOOGL,2025-09-29 13:25:00+00:00,-1,6,112.14229535966736,5.017018410721732,628.4629171817058,14.750036587550824,0.1775636234506659,2025-09-29 13:10:00+00:00,2025-09-29 13:25:00+00:00,2025-09-29 13:30:00+00:00,2025-09-29 14:25:00+00:00,-0.0053394355453852,0.0064602841459477,reversal,over_cap_or_below_cutoff,0.6299966516346922
GOOGL_20251002_142500,GOOGL,2025-10-02 14:25:00+00:00,-1,6,97.5148123765579,4.352922327214119,158.7687119437939,7.94179191003922,0.2024765921316997,2025-10-02 14:10:00+00:00,2025-10-02 14:25:00+00:00,2025-10-02 14:30:00+00:00,2025-10-02 15:25:00+00:00,-0.0041631807659504,-0.0057906673153759,continuation,over_cap_or_below_cutoff,0.45878773002819
GOOGL_20251003_133000,GOOGL,2025-10-03 13:30:00+00:00,-1,3,96.42209398186051,6.203185131607941,700.1591760299625,24.93671944924655,0.0192275435776647,2025-10-03 13:15:00+00:00,2025-10-03 13:30:00+00:00,2025-10-03 13:35:00+00:00,2025-10-03 14:30:00+00:00,-0.0057574520212331,-0.005215819951538,continuation,over_cap_or_below_cutoff,0.6275506987936164
GOOGL_20251006_132500,GOOGL,2025-10-06 13:25:00+00:00,1,7,127.2452027331128,4.746485299023745,741.8713096139288,35.36846423974122,0.2814245403807227,2025-10-06 13:10:00+00:00,2025-10-06 13:25:00+00:00,2025-10-06 13:30:00+00:00,2025-10-06 14:25:00+00:00,0.0038141327974408,0.0008375551560713,unclear,over_cap_or_below_cutoff,0.6771495886879073
GOOGL_20251009_120000,GOOGL,2025-10-09 12:00:00+00:00,1,4,134.73115197181863,4.584175453008123,191.2736842105263,61.24709399202674,0.736556318172817,2025-10-09 11:40:00+00:00,2025-10-09 12:00:00+00:00,2025-10-09 12:05:00+00:00,2025-10-09 13:00:00+00:00,0.0134731151971825,-0.0093704541781153,reversal,over_cap_or_below_cutoff,0.6420556135667839
GOOGL_20251010_133000,GOOGL,2025-10-10 13:30:00+00:00,1,6,88.88750879807449,5.393572230766244,591.674011299435,20.841038319692668,0.0649773671645708,2025-10-10 13:15:00+00:00,2025-10-10 13:30:00+00:00,2025-10-10 13:35:00+00:00,2025-10-10 14:30:00+00:00,0.0032292787944026,0.0025998679432155,unclear,low_strength_unclear,0.5876065914999558
GOOGL_20251010_145500,GOOGL,2025-10-10 14:55:00+00:00,-1,11,127.06159542241748,4.455734000163916,389.4423142759329,14.563182735065972,0.1233746273890026,2025-10-10 14:40:00+00:00,2025-10-10 14:55:00+00:00,2025-10-10 15:00:00+00:00,2025-10-10 15:55:00+00:00,-0.0036236359892938,-0.0127288506839691,continuation,over_cap_or_below_cutoff,0.562049536625386
GOOGL_20251015_134500,GOOGL,2025-10-15 13:45:00+00:00,-1,8,104.15820677333264,5.291014287421114,408.2914679385268,18.53967610751229,0.0423138220555153,2025-10-15 13:30:00+00:00,2025-10-15 13:45:00+00:00,2025-10-15 13:50:00+00:00,2025-10-15 14:45:00+00:00,-0.0039637599093999,0.0185109234142777,reversal,over_cap_or_below_cutoff,0.5730428753452252
GOOGL_20251021_133000,GOOGL,2025-10-21 13:30:00+00:00,-1,3,78.16674252469014,4.627652457373425,820.7867704280155,41.46367680798287,0.0297848904953787,2025-10-21 13:15:00+00:00,2025-10-21 13:30:00+00:00,2025-10-21 13:35:00+00:00,2025-10-21 14:30:00+00:00,-0.0063055653468061,-0.007015607756582,continuation,over_cap_or_below_cutoff,0.4913546674666425
GOOGL_20251023_203000,GOOGL,2025-10-23 20:30:00+00:00,1,4,123.73986953943428,4.612317908053187,1.9171294060840172,12.3903178377439,13.814173506665115,2025-10-23 20:15:00+00:00,2025-10-23 20:30:00+00:00,2025-10-23 20:35:00+00:00,2025-10-23 21:30:00+00:00,0.0123739869539434,-0.0055841924398624,reversal,over_cap_or_below_cutoff,0.5905585677336072
GOOGL_20251024_132500,GOOGL,2025-10-24 13:25:00+00:00,1,8,97.07610263160804,5.345261637291418,309.80346344145136,15.712481679143526,0.4102142908582301,2025-10-24 13:10:00+00:00,2025-10-24 13:25:00+00:00,2025-10-24 13:30:00+00:00,2025-10-24 14:25:00+00:00,0.0030883502736511,0.0144748431349626,continuation,over_cap_or_below_cutoff,0.5983961881213492
GOOGL_20251028_130000,GOOGL,2025-10-28 13:00:00+00:00,-1,3,75.18388030187006,4.942129174917038,23.12559756627553,9.499557199243368,1.0085895229891757,2025-10-28 12:45:00+00:00,2025-10-28 13:00:00+00:00,2025-10-28 13:05:00+00:00,2025-10-28 14:00:00+00:00,-0.0052143042047262,-0.0048327137546468,continuation,over_cap_or_below_cutoff,0.4667439530847002
GOOGL_20251031_132500,GOOGL,2025-10-31 13:25:00+00:00,-1,9,131.819682811678,4.621295427719831,535.6394574012375,13.349952362200844,0.1612745029939884,2025-10-31 13:10:00+00:00,2025-10-31 13:25:00+00:00,2025-10-31 13:30:00+00:00,2025-10-31 14:25:00+00:00,-0.007023458350892,-0.0152535719337952,continuation,over_cap_or_below_cutoff,0.6192295968917435
GOOGL_20251105_142500,GOOGL,2025-11-05 14:25:00+00:00,-1,9,155.11373813361874,4.724363379052623,408.57156133828994,13.09443643830878,0.1944199454141857,2025-11-05 14:10:00+00:00,2025-11-05 14:25:00+00:00,2025-11-05 14:30:00+00:00,2025-11-05 15:25:00+00:00,-0.003327608415629,0.0164947047208761,reversal,over_cap_or_below_cutoff,0.6574486386454654
GOOGL_20251106_142500,GOOGL,2025-11-06 14:25:00+00:00,-1,9,135.88482824379966,4.388057310833701,884.1844692005243,11.03038295100073,0.2948854096345936,2025-11-06 14:10:00+00:00,2025-11-06 14:25:00+00:00,2025-11-06 14:30:00+00:00,2025-11-06 15:25:00+00:00,-0.0117488043252237,-0.0016703489391547,unclear,over_cap_or_below_cutoff,0.695567029593597
GOOGL_20251107_143000,GOOGL,2025-11-07 14:30:00+00:00,-1,12,136.09340305136274,4.589373999153514,550.0678200692041,8.741243230977865,0.0965714706244722,2025-11-07 14:15:00+00:00,2025-11-07 14:30:00+00:00,2025-11-07 14:35:00+00:00,2025-11-07 15:30:00+00:00,-0.003180773988337,-0.0155646162028009,continuation,over_cap_or_below_cutoff,0.6188007353328924
GOOGL_20251114_210500,GOOGL,2025-11-14 21:05:00+00:00,1,3,172.2079519554276,4.090268591992343,1.3167965771727626,14.31217471733405,17.700698478187572,2025-11-14 20:50:00+00:00,2025-11-14 21:05:00+00:00,2025-11-14 21:10:00+00:00,2025-11-14 22:05:00+00:00,0.016907425509576,0.0004272287097693,unclear,over_cap_or_below_cutoff,0.6009892000061672
GOOGL_20251118_143000,GOOGL,2025-11-18 14:30:00+00:00,-1,23,183.11651583710287,5.285703189262302,251.7663918969883,8.168103968316828,0.3209314995831235,2025-11-18 14:15:00+00:00,2025-11-18 14:30:00+00:00,2025-11-18 14:35:00+00:00,2025-11-18 15:30:00+00:00,-0.0052007248382501,-0.0218685795870042,continuation,over_cap_or_below_cutoff,0.7349225993647956
GOOGL_20251124_224500,GOOGL,2025-11-24 22:45:00+00:00,1,7,137.2686497399278,4.497243343008928,0.2763635390071094,4.060721873725169,28.340158182055188,2025-11-24 22:30:00+00:00,2025-11-24 22:45:00+00:00,2025-11-24 22:50:00+00:00,2025-11-24 23:45:00+00:00,0.0083974037264995,0.0076250385445575,continuation,over_cap_or_below_cutoff,0.6082178039097264
GOOGL_20251125_140500,GOOGL,2025-11-25 14:05:00+00:00,-1,11,166.40407324638673,4.112782546284718,205.3063517447821,9.023833320185664,0.6079528088884242,2025-11-25 13:50:00+00:00,2025-11-25 14:05:00+00:00,2025-11-25 14:10:00+00:00,2025-11-25 15:05:00+00:00,-0.0043486532189879,-0.0088860272006632,continuation,over_cap_or_below_cutoff,0.6542548709219576
GOOGL_20251201_144000,GOOGL,2025-12-01 14:40:00+00:00,-1,4,120.41685200482988,4.351961011676505,172.24991697110593,9.79034923985123,0.0551113484480168,2025-12-01 14:25:00+00:00,2025-12-01 14:40:00+00:00,2025-12-01 14:45:00+00:00,2025-12-01 15:40:00+00:00,-0.0082795529671021,0.0083328042663957,reversal,over_cap_or_below_cutoff,0.48777340431496424
GOOGL_20251203_140000,GOOGL,2025-12-03 14:00:00+00:00,-1,10,73.76788553258518,4.729851584156094,1046.658740880843,40.02913235328095,0.4169008172373645,2025-12-03 13:45:00+00:00,2025-12-03 14:00:00+00:00,2025-12-03 14:05:00+00:00,2025-12-03 15:00:00+00:00,-0.0039862064601853,0.0087189912016008,reversal,over_cap_or_below_cutoff,0.6195979855162418
GOOGL_20251205_143000,GOOGL,2025-12-05 14:30:00+00:00,1,3,130.0087928652216,6.046208164163819,781.5463696723067,24.330887079484967,0.0673355753200642,2025-12-05 14:15:00+00:00,2025-12-05 14:30:00+00:00,2025-12-05 14:35:00+00:00,2025-12-05 15:30:00+00:00,0.010739751845453,-0.0003698305305981,unclear,over_cap_or_below_cutoff,0.7143431234251434
GOOGL_20251208_142500,GOOGL,2025-12-08 14:25:00+00:00,-1,11,86.77880836345908,4.106317366528685,751.750047339519,21.00906346086804,0.294479930901894,2025-12-08 14:10:00+00:00,2025-12-08 14:25:00+00:00,2025-12-08 14:30:00+00:00,2025-12-08 15:25:00+00:00,-0.0032386646736423,-0.0094663834041488,continuation,over_cap_or_below_cutoff,0.5433883799112034
GOOGL_20251211_143500,GOOGL,2025-12-11 14:35:00+00:00,-1,8,137.7414844941538,5.689711966869012,192.90553393860787,12.00176917986975,0.1007338922442142,2025-12-11 14:20:00+00:00,2025-12-11 14:35:00+00:00,2025-12-11 14:40:00+00:00,2025-12-11 15:35:00+00:00,-0.0055331916489561,-0.0043807214314985,continuation,over_cap_or_below_cutoff,0.6438849280911434
GOOGL_20251212_155500,GOOGL,2025-12-12 15:55:00+00:00,-1,3,111.01852759533236,4.07103692783278,157.46818716625938,5.731551663897156,0.0870399702673292,2025-12-12 15:40:00+00:00,2025-12-12 15:55:00+00:00,2025-12-12 16:00:00+00:00,2025-12-12 16:55:00+00:00,-0.0061452875347695,0.0018224420723769,unclear,low_strength_unclear,0.396990678317957
GOOGL_20251215_143000,GOOGL,2025-12-15 14:30:00+00:00,-1,8,112.70248945544516,4.207234573940257,538.3088524590164,23.63236610708464,0.1800042158524073,2025-12-15 14:15:00+00:00,2025-12-15 14:30:00+00:00,2025-12-15 14:35:00+00:00,2025-12-15 15:30:00+00:00,-0.0111446460105956,-0.0022696352673396,unclear,low_strength_unclear,0.5484534464461519
GOOGL_20251216_142500,GOOGL,2025-12-16 14:25:00+00:00,-1,9,114.07216410725064,4.127167957640179,543.0898277276456,18.307948502040176,0.272818987629056,2025-12-16 14:10:00+00:00,2025-12-16 14:25:00+00:00,2025-12-16 14:30:00+00:00,2025-12-16 15:25:00+00:00,-0.0068098139519729,0.009710648907552,reversal,over_cap_or_below_cutoff,0.5595826035604046
GOOGL_20251218_133000,GOOGL,2025-12-18 13:30:00+00:00,1,3,93.79485296572732,5.457978832672105,18.833549877291755,6.170094464306242,1.0012815752577398,2025-12-18 13:15:00+00:00,2025-12-18 13:30:00+00:00,2025-12-18 13:35:00+00:00,2025-12-18 14:30:00+00:00,0.0042706526091016,0.0009302325581395,unclear,low_strength_unclear,0.5472009689741165
GOOGL_20251222_143000,GOOGL,2025-12-22 14:30:00+00:00,-1,3,146.6071632909971,6.072635239261716,563.9715672676838,27.91426078776669,0.0906643708144369,2025-12-22 14:15:00+00:00,2025-12-22 14:30:00+00:00,2025-12-22 14:35:00+00:00,2025-12-22 15:30:00+00:00,-0.0114416475972538,0.00127151799687,unclear,over_cap_or_below_cutoff,0.7133672225743238
GOOGL_20251224_143000,GOOGL,2025-12-24 14:30:00+00:00,-1,5,87.4495483374993,6.543174325887972,486.27336956521737,30.38390910322626,0.0949427179497678,2025-12-24 14:15:00+00:00,2025-12-24 14:30:00+00:00,2025-12-24 14:35:00+00:00,2025-12-24 15:30:00+00:00,-0.0039058778698676,-0.0037299158377965,continuation,over_cap_or_below_cutoff,0.6288639976533896
GOOGL_20251229_143000,GOOGL,2025-12-29 14:30:00+00:00,1,2,82.89252999612361,4.956764903965516,769.2906683480454,32.011800257435695,0.0344723606884713,2025-12-29 14:15:00+00:00,2025-12-29 14:30:00+00:00,2025-12-29 14:35:00+00:00,2025-12-29 15:30:00+00:00,0.0043156199677938,0.0038000256541816,continuation,over_cap_or_below_cutoff,0.46892497003475464
GOOGL_20251230_143000,GOOGL,2025-12-30 14:30:00+00:00,1,8,121.72843450479532,4.35988593192035,1207.9441164895711,63.17785362182833,0.1268253122043509,2025-12-30 14:15:00+00:00,2025-12-30 14:30:00+00:00,2025-12-30 14:35:00+00:00,2025-12-30 15:30:00+00:00,0.012172843450479,-0.010321956276015,reversal,over_cap_or_below_cutoff,0.6477434990766
GOOGL_20260102_142500,GOOGL,2026-01-02 14:25:00+00:00,1,21,135.87244872909966,4.188577197700272,776.999833416625,29.559539596567003,0.3325321470588434,2026-01-02 14:10:00+00:00,2026-01-02 14:25:00+00:00,2026-01-02 14:30:00+00:00,2026-01-02 15:25:00+00:00,0.0031332088489413,-0.0077927814235233,reversal,over_cap_or_below_cutoff,0.6643941010881225
GOOGL_20260106_143000,GOOGL,2026-01-06 14:30:00+00:00,1,3,92.94091613188505,4.769731644392433,1014.307300509338,50.01781751934576,0.035330074555589,2026-01-06 14:15:00+00:00,2026-01-06 14:30:00+00:00,2026-01-06 14:35:00+00:00,2026-01-06 15:30:00+00:00,0.0092940916131887,-0.0154101544147585,reversal,over_cap_or_below_cutoff,0.55655136897018
GOOGL_20260108_131000,GOOGL,2026-01-08 13:10:00+00:00,1,3,74.24751224622383,4.304956022296576,22.095373376623375,8.974697844619646,0.2883697578033106,2026-01-08 12:55:00+00:00,2026-01-08 13:10:00+00:00,2026-01-08 13:15:00+00:00,2026-01-08 14:10:00+00:00,0.0050616980028923,0.0035059637511944,continuation,over_cap_or_below_cutoff,0.3422882517016347
GOOGL_20260109_144000,GOOGL,2026-01-09 14:40:00+00:00,1,2,92.81345565749666,4.541523377416804,338.6832814122534,11.909699417227454,0.032040045607352,2026-01-09 14:25:00+00:00,2026-01-09 14:40:00+00:00,2026-01-09 14:45:00+00:00,2026-01-09 15:40:00+00:00,0.0092813455657492,-0.003045131576954,reversal,over_cap_or_below_cutoff,0.37326945159509284
GOOGL_20260113_143000,GOOGL,2026-01-13 14:30:00+00:00,1,16,123.05486693946044,5.268987431953698,429.87381300219135,21.43989822210898,0.3860406946749884,2026-01-13 14:15:00+00:00,2026-01-13 14:30:00+00:00,2026-01-13 14:35:00+00:00,2026-01-13 15:30:00+00:00,0.0051247572090245,-0.0026310704145793,unclear,low_strength_unclear,0.6665425583632143
GOOGL_20260114_145500,GOOGL,2026-01-14 14:55:00+00:00,-1,10,86.877828054297,4.14311257880803,160.14594087282967,8.845281898326096,0.1335942542123847,2026-01-14 14:40:00+00:00,2026-01-14 14:55:00+00:00,2026-01-14 15:00:00+00:00,2026-01-14 15:55:00+00:00,-0.0048300483004828,0.0004823344989748,unclear,low_strength_unclear,0.4092474105727296
GOOGL_20260115_143000,GOOGL,2026-01-15 14:30:00+00:00,-1,7,120.73097663271248,4.450572868173356,422.5253779697624,31.865036391309573,0.1283767032461621,2026-01-15 14:15:00+00:00,2026-01-15 14:30:00+00:00,2026-01-15 14:35:00+00:00,2026-01-15 15:30:00+00:00,-0.0119290767545806,-0.0024565608148591,unclear,low_strength_unclear,0.5553285554067267
GOOGL_20260116_143000,GOOGL,2026-01-16 14:30:00+00:00,-1,5,103.62694300518172,5.523027893265271,1319.1834770403048,26.478655238761363,0.0580822242551708,2026-01-16 14:15:00+00:00,2026-01-16 14:30:00+00:00,2026-01-16 14:35:00+00:00,2026-01-16 15:30:00+00:00,-0.0088851784489697,-0.0077614993532084,continuation,over_cap_or_below_cutoff,0.6937595310512474
GOOGL_20260121_140000,GOOGL,2026-01-21 14:00:00+00:00,1,11,103.08638141960591,4.432109391568206,345.1412395709178,13.447265532228526,1.6296674696557762,2026-01-21 13:45:00+00:00,2026-01-21 14:00:00+00:00,2026-01-21 14:05:00+00:00,2026-01-21 15:00:00+00:00,0.0035775618928235,0.0172319898476649,continuation,over_cap_or_below_cutoff,0.5960088209004986
GOOGL_20260126_143000,GOOGL,2026-01-26 14:30:00+00:00,1,9,87.40357381599839,4.997659304044404,804.9535020600354,27.708412659135675,0.0522799330001846,2026-01-26 14:15:00+00:00,2026-01-26 14:30:00+00:00,2026-01-26 14:35:00+00:00,2026-01-26 15:30:00+00:00,0.0087403573815991,0.0096856337345014,continuation,over_cap_or_below_cutoff,0.5912745604517965
GOOGL_20260128_221500,GOOGL,2026-01-28 22:15:00+00:00,1,5,121.54048909065018,4.485881470391767,0.7596445600346771,7.23546175010274,29.562749815962345,2026-01-28 22:00:00+00:00,2026-01-28 22:15:00+00:00,2026-01-28 22:20:00+00:00,2026-01-28 23:15:00+00:00,0.0044285421004779,-0.0021315113291288,unclear,over_cap_or_below_cutoff,0.5746439572539391
GOOGL_20260130_143500,GOOGL,2026-01-30 14:35:00+00:00,1,10,141.86415795307994,4.380075624596427,131.9777436684574,9.511124576483695,0.0918732311089056,2026-01-30 14:20:00+00:00,2026-01-30 14:35:00+00:00,2026-01-30 14:40:00+00:00,2026-01-30 15:35:00+00:00,0.0037060282734093,0.0086948753833786,continuation,over_cap_or_below_cutoff,0.5331682843923846
GOOGL_20260203_143500,GOOGL,2026-02-03 14:35:00+00:00,-1,16,107.88960944542404,5.492504526406873,115.55658720200752,12.12190752110377,0.4337849225992692,2026-02-03 14:20:00+00:00,2026-02-03 14:35:00+00:00,2026-02-03 14:40:00+00:00,2026-02-03 15:35:00+00:00,-0.008786562742673,-0.0031482583022617,continuation,over_cap_or_below_cutoff,0.5995133774167046
GOOGL_20260204_144000,GOOGL,2026-02-04 14:40:00+00:00,-1,12,157.7512624569888,5.593412290278283,192.28709975369455,12.302295553866688,0.2122547534588229,2026-02-04 14:25:00+00:00,2026-02-04 14:40:00+00:00,2026-02-04 14:45:00+00:00,2026-02-04 15:40:00+00:00,-0.004024027526681,-0.0193962993324745,continuation,over_cap_or_below_cutoff,0.6948625550775838
GOOGL_20260204_210000,GOOGL,2026-02-04 21:00:00+00:00,-1,29,714.6985166634634,5.011032001309056,3.6220371395500974,34.991148746525965,35.10073289130646,2026-02-04 20:45:00+00:00,2026-02-04 21:00:00+00:00,2026-02-04 21:05:00+00:00,2026-02-04 22:00:00+00:00,-0.0667026249550523,0.0900240801387015,reversal,over_cap_or_below_cutoff,0.7366985668005104
GOOGL_20260212_153500,GOOGL,2026-02-12 15:35:00+00:00,-1,3,96.49207732275178,5.177301752594043,154.04908241937235,7.338562720470657,0.0725468353342552,2026-02-12 15:20:00+00:00,2026-02-12 15:35:00+00:00,2026-02-12 15:40:00+00:00,2026-02-12 16:35:00+00:00,-0.0056303784510061,0.0103271884953191,reversal,near_duplicate,0.4533686687680406
GOOGL_20260212_163000,GOOGL,2026-02-12 16:30:00+00:00,1,6,144.5895522388074,5.868133796391051,181.34512740007244,8.879987883648583,0.1816018233696063,2026-02-12 16:15:00+00:00,2026-02-12 16:30:00+00:00,2026-02-12 16:35:00+00:00,2026-02-12 17:30:00+00:00,0.0061553335481789,0.0057012907978604,continuation,over_cap_or_below_cutoff,0.6826957612866766
GOOGL_20260213_131500,GOOGL,2026-02-13 13:15:00+00:00,-1,4,89.6437070117706,4.206043539863081,19.67966227961261,14.587459938644344,0.654272310459168,2026-02-13 13:00:00+00:00,2026-02-13 13:15:00+00:00,2026-02-13 13:20:00+00:00,2026-02-13 14:15:00+00:00,-0.0031523353635096,0.0036183459921113,reversal,over_cap_or_below_cutoff,0.4708408174765287
GOOGL_20260217_142500,GOOGL,2026-02-17 14:25:00+00:00,-1,7,149.87357034010884,4.333094284114488,220.30685480982737,11.19197806849998,0.1673636933442783,2026-02-17 14:10:00+00:00,2026-02-17 14:25:00+00:00,2026-02-17 14:30:00+00:00,2026-02-17 15:25:00+00:00,-0.0050399549056665,-0.0080981104408971,continuation,over_cap_or_below_cutoff,0.5744581823255822
GOOGL_20260220_143000,GOOGL,2026-02-20 14:30:00+00:00,1,4,184.7897503285156,5.250313331531929,412.7466565493693,14.22207230477182,0.0466751780781965,2026-02-20 14:15:00+00:00,2026-02-20 14:30:00+00:00,2026-02-20 14:35:00+00:00,2026-02-20 15:30:00+00:00,0.010416041510685,0.0095910418695228,continuation,over_cap_or_below_cutoff,0.7220497900876446
GOOGL_20260223_142500,GOOGL,2026-02-23 14:25:00+00:00,1,12,98.62744787626498,4.750658512307252,152.59149784124875,9.19004577527933,0.3979337662959102,2026-02-23 14:10:00+00:00,2026-02-23 14:25:00+00:00,2026-02-23 14:30:00+00:00,2026-02-23 15:25:00+00:00,0.0045669291338581,-0.0100015676438313,reversal,over_cap_or_below_cutoff,0.5213933452684132
GOOGL_20260225_143000,GOOGL,2026-02-25 14:30:00+00:00,-1,6,96.68063164679496,5.109560396250303,673.574455019957,46.23114152215033,0.0697768727351974,2026-02-25 14:15:00+00:00,2026-02-25 14:30:00+00:00,2026-02-25 14:35:00+00:00,2026-02-25 15:30:00+00:00,-0.0054805935707188,0.0030615533354818,reversal,over_cap_or_below_cutoff,0.5974141722701325
GOOGL_20260226_131500,GOOGL,2026-02-26 13:15:00+00:00,1,5,65.82115909456121,4.216488846477512,22.20863143318717,15.206481234971156,0.7560482232256864,2026-02-26 13:00:00+00:00,2026-02-26 13:15:00+00:00,2026-02-26 13:20:00+00:00,2026-02-26 14:15:00+00:00,0.0065821159094558,-0.000542264752791,unclear,low_strength_unclear,0.43695762790481496
GOOGL_20260226_231000,GOOGL,2026-02-26 23:10:00+00:00,1,4,158.35027211330566,4.983138786410555,0.391882484868889,6.309399208417928,53.84345573609807,2026-02-26 22:55:00+00:00,2026-02-26 23:10:00+00:00,2026-02-26 23:15:00+00:00,2026-02-27 00:10:00+00:00,0.0061815208503679,0.0011701989338188,unclear,over_cap_or_below_cutoff,0.6927183008252218
GOOGL_20260305_143000,GOOGL,2026-03-05 14:30:00+00:00,-1,4,123.11855799268967,4.627517012267759,462.9280604669996,14.459508579570112,0.0494212884877024,2026-03-05 14:15:00+00:00,2026-03-05 14:30:00+00:00,2026-03-05 14:35:00+00:00,2026-03-05 15:30:00+00:00,-0.0053363732487443,-0.003654181546383,continuation,over_cap_or_below_cutoff,0.5707415260305126
GOOGL_20260306_134000,GOOGL,2026-03-06 13:40:00+00:00,-1,17,122.95951320665075,5.040819703000442,460.7597488433576,16.130542710054048,0.6055125630513791,2026-03-06 13:25:00+00:00,2026-03-06 13:40:00+00:00,2026-03-06 13:45:00+00:00,2026-03-06 14:40:00+00:00,-0.0054355120118104,0.002614533432292,unclear,low_strength_unclear,0.6864043527568428
GOOGL_20260318_133000,GOOGL,2026-03-18 13:30:00+00:00,1,5,111.2228022957984,4.486169041802388,476.6666666666667,31.58667877729763,0.0645272742642695,2026-03-18 13:15:00+00:00,2026-03-18 13:30:00+00:00,2026-03-18 13:35:00+00:00,2026-03-18 14:30:00+00:00,0.0111222802295793,-0.0064941312295554,reversal,over_cap_or_below_cutoff,0.5389817403016384
GOOGL_20260326_120000,GOOGL,2026-03-26 12:00:00+00:00,1,2,110.29155939043856,4.326628448791932,79.42095357590966,45.82232241432587,0.3455696121130157,2026-03-26 11:45:00+00:00,2026-03-26 12:00:00+00:00,2026-03-26 12:05:00+00:00,2026-03-26 13:00:00+00:00,0.0110291559390438,-0.0109776661275335,reversal,over_cap_or_below_cutoff,0.38977414786452746
GOOGL_20260414_134000,GOOGL,2026-04-14 13:40:00+00:00,1,3,70.98305084745071,4.003029558344478,120.09363117870724,9.659061972202124,0.131043712569175,2026-04-14 13:25:00+00:00,2026-04-14 13:40:00+00:00,2026-04-14 13:45:00+00:00,2026-04-14 14:40:00+00:00,0.0032322610435584,0.0047253758821725,continuation,over_cap_or_below_cutoff,0.3061955052629722
GOOGL_20260414_151500,GOOGL,2026-04-14 15:15:00+00:00,1,6,85.24980174465125,4.440935659230501,54.82053471369871,3.3248718873664083,0.5060443861919475,2026-04-14 15:00:00+00:00,2026-04-14 15:15:00+00:00,2026-04-14 15:20:00+00:00,2026-04-14 16:15:00+00:00,0.0053958720770708,0.0091882494961033,continuation,over_cap_or_below_cutoff,0.4652973694820321
GOOGL_20260422_120000,GOOGL,2026-04-22 12:00:00+00:00,1,3,97.9923518164405,5.1890070203466285,86.29801547258661,24.29053424701793,0.3013005102488331,2026-04-22 11:45:00+00:00,2026-04-22 12:00:00+00:00,2026-04-22 12:05:00+00:00,2026-04-22 13:00:00+00:00,0.0097992351816442,0.0,unclear,low_strength_unclear,0.47857886840686054
GOOGL_20260429_132500,GOOGL,2026-04-29 13:25:00+00:00,-1,7,109.73144672249856,5.020966529822125,321.95374782103426,11.88555931033865,0.2703649149312214,2026-04-29 13:10:00+00:00,2026-04-29 13:25:00+00:00,2026-04-29 13:30:00+00:00,2026-04-29 14:25:00+00:00,-0.003256521933633,0.0173485240807873,reversal,over_cap_or_below_cutoff,0.5803001511400749
JPM_20240610_133000,JPM,2024-06-10 13:30:00+00:00,-1,3,69.48290619808395,4.239882716699173,5.500930861237918,5.926097616424927,1.317432072363972,2024-06-10 13:10:00+00:00,2024-06-10 13:30:00+00:00,2024-06-10 13:35:00+00:00,2024-06-10 14:30:00+00:00,-0.0037620385232745,0.0056895423191178,reversal,over_cap_or_below_cutoff,0.36573248973195643
JPM_20240701_133000,JPM,2024-07-01 13:30:00+00:00,1,6,130.93007199921348,4.846124290213161,92.75918642544106,20.3620157802668,0.967720922850146,2024-07-01 13:10:00+00:00,2024-07-01 13:30:00+00:00,2024-07-01 13:35:00+00:00,2024-07-01 14:30:00+00:00,0.0101540740740739,0.0027562107626168,unclear,low_strength_unclear,0.6352473861799148
JPM_20240708_133000,JPM,2024-07-08 13:30:00+00:00,1,4,102.79190299237628,4.737909134652254,11.30810773741149,19.18163822197013,1.971598474338132,2024-07-08 13:10:00+00:00,2024-07-08 13:30:00+00:00,2024-07-08 13:35:00+00:00,2024-07-08 14:30:00+00:00,0.009756455399061,-0.0042378011865843,reversal,over_cap_or_below_cutoff,0.5660343721972909
JPM_20240828_133500,JPM,2024-08-28 13:35:00+00:00,1,4,67.44440393729346,4.62780358996367,7.575715822019089,6.003649912558226,1.7412045458724303,2024-08-28 13:20:00+00:00,2024-08-28 13:35:00+00:00,2024-08-28 13:40:00+00:00,2024-08-28 14:35:00+00:00,0.0067444403937293,0.0032138330617419,continuation,over_cap_or_below_cutoff,0.46090498480594194
JPM_20240829_133000,JPM,2024-08-29 13:30:00+00:00,-1,7,116.88578003600014,4.466912846497565,56.60056997150142,16.348643652400042,0.8479963077270875,2024-08-29 13:15:00+00:00,2024-08-29 13:30:00+00:00,2024-08-29 13:35:00+00:00,2024-08-29 14:30:00+00:00,-0.0109262589928057,0.0033868254762012,reversal,over_cap_or_below_cutoff,0.5523964417319622
JPM_20240916_133000,JPM,2024-09-16 13:30:00+00:00,1,4,102.25944682508812,4.317250612240602,295.9713511420828,20.34451042188301,0.270948510995247,2024-09-16 13:15:00+00:00,2024-09-16 13:30:00+00:00,2024-09-16 13:35:00+00:00,2024-09-16 14:30:00+00:00,0.0102259446825088,-0.0069892991420034,reversal,over_cap_or_below_cutoff,0.5370449915126873
JPM_20240927_134000,JPM,2024-09-27 13:40:00+00:00,-1,3,63.53300850291177,4.5470088037007335,3.1162337409202543,4.265728935023637,2.260448744091313,2024-09-27 13:25:00+00:00,2024-09-27 13:40:00+00:00,2024-09-27 13:45:00+00:00,2024-09-27 14:40:00+00:00,-0.0030137636449928,0.0031418846547497,reversal,over_cap_or_below_cutoff,0.41286652538083346
JPM_20240930_132000,JPM,2024-09-30 13:20:00+00:00,-1,8,89.77917981072724,4.384624076333706,109.84707446808513,6.592226757325213,21.57309081911057,2024-09-30 13:05:00+00:00,2024-09-30 13:20:00+00:00,2024-09-30 13:25:00+00:00,2024-09-30 14:20:00+00:00,-0.0038498556304139,0.008599033816425,reversal,over_cap_or_below_cutoff,0.5867266508662508
JPM_20241002_134500,JPM,2024-10-02 13:45:00+00:00,1,2,108.19465334044544,4.281778089699896,4.136120691924909,4.514271728553264,2.95982011958326,2024-10-02 13:30:00+00:00,2024-10-02 13:45:00+00:00,2024-10-02 13:50:00+00:00,2024-10-02 14:45:00+00:00,0.0108194653340449,-0.0026879139867523,unclear,low_strength_unclear,0.4550405315271048
JPM_20241014_133000,JPM,2024-10-14 13:30:00+00:00,-1,8,95.02262443439102,4.318958834220639,79.3933661570355,14.720907769259725,1.041826315429877,2024-10-14 13:15:00+00:00,2024-10-14 13:30:00+00:00,2024-10-14 13:35:00+00:00,2024-10-14 14:30:00+00:00,-0.0045579056086936,-0.010172549904139,continuation,over_cap_or_below_cutoff,0.49403593497620596
JPM_20241030_133500,JPM,2024-10-30 13:35:00+00:00,1,5,91.27377625530286,5.152467677674175,3.893965572406732,9.596613895092457,4.039988822199155,2024-10-30 13:20:00+00:00,2024-10-30 13:35:00+00:00,2024-10-30 13:40:00+00:00,2024-10-30 14:35:00+00:00,0.0043122810169795,0.0048304857321763,continuation,over_cap_or_below_cutoff,0.6299990489323595
JPM_20241115_143000,JPM,2024-11-15 14:30:00+00:00,1,4,131.69100388426003,4.737001627465646,18.547773897861195,10.041884446767336,1.3673979361160693,2024-11-15 14:15:00+00:00,2024-11-15 14:30:00+00:00,2024-11-15 14:35:00+00:00,2024-11-15 15:30:00+00:00,0.0116346592558795,0.0042436294306975,continuation,over_cap_or_below_cutoff,0.620737108606394
JPM_20241118_142000,JPM,2024-11-18 14:20:00+00:00,1,4,89.92513020833259,4.052111024639102,2.026113425184236,7.020485892739434,489.0103901907332,2024-11-18 14:00:00+00:00,2024-11-18 14:20:00+00:00,2024-11-18 14:25:00+00:00,2024-11-18 15:20:00+00:00,0.0035790928214984,-0.0141176470588234,reversal,over_cap_or_below_cutoff,0.5321829724080093
JPM_20241122_142500,JPM,2024-11-22 14:25:00+00:00,-1,4,140.9259259259299,4.4217256497734745,3.1789466384660727,6.391547940694683,232.36680520552707,2024-11-22 14:05:00+00:00,2024-11-22 14:25:00+00:00,2024-11-22 14:30:00+00:00,2024-11-22 15:25:00+00:00,-0.0070690148326727,0.0169547325102881,reversal,over_cap_or_below_cutoff,0.6931145828838579
JPM_20241210_173500,JPM,2024-12-10 17:35:00+00:00,1,3,144.41472947952948,4.44830861956347,18.01739533571184,15.104925160397304,3.407271572187815,2024-12-10 17:20:00+00:00,2024-12-10 17:35:00+00:00,2024-12-10 17:40:00+00:00,2024-12-10 18:35:00+00:00,0.0144414729479529,-0.0107884490590525,reversal,over_cap_or_below_cutoff,0.6238410394749232
JPM_20241213_143500,JPM,2024-12-13 14:35:00+00:00,-1,5,94.95252373812768,5.164663847535364,4.147424511545293,7.603792108921552,3.925827873622599,2024-12-13 14:15:00+00:00,2024-12-13 14:35:00+00:00,2024-12-13 14:40:00+00:00,2024-12-13 15:35:00+00:00,-0.0045032018178062,-0.0040674800796813,continuation,over_cap_or_below_cutoff,0.6368666588960517
JPM_20241218_203500,JPM,2024-12-18 20:35:00+00:00,-1,4,127.73722627737794,4.303571454089264,6.631629848725408,4.409853323084318,1.512152933280586,2024-12-18 20:20:00+00:00,2024-12-18 20:35:00+00:00,2024-12-18 20:40:00+00:00,2024-12-18 21:35:00+00:00,-0.0103427643388323,-0.0023751943340819,unclear,low_strength_unclear,0.5686270412704075
JPM_20250114_143000,JPM,2025-01-14 14:30:00+00:00,1,4,110.03757380568136,4.441852782370275,515.1519317373785,16.898593235263878,0.0572504701183624,2025-01-14 14:15:00+00:00,2025-01-14 14:30:00+00:00,2025-01-14 14:35:00+00:00,2025-01-14 15:30:00+00:00,0.0046757847903105,0.0069092772936956,continuation,over_cap_or_below_cutoff,0.6086846755261497
JPM_20250123_143000,JPM,2025-01-23 14:30:00+00:00,1,4,101.70777988614432,5.4042298319192055,8.134839959201916,6.143712698700584,1.3171251542941096,2025-01-23 14:15:00+00:00,2025-01-23 14:30:00+00:00,2025-01-23 14:35:00+00:00,2025-01-23 15:30:00+00:00,0.0061503416856492,-0.00094294770206,unclear,low_strength_unclear,0.6117607115743688
JPM_20250210_143000,JPM,2025-02-10 14:30:00+00:00,-1,5,140.9948479125811,4.738543852688138,7.805266768694918,7.778304041248699,1.9439104254741693,2025-02-10 14:15:00+00:00,2025-02-10 14:30:00+00:00,2025-02-10 14:35:00+00:00,2025-02-10 15:30:00+00:00,-0.0076068930708775,-0.0133323645874957,continuation,over_cap_or_below_cutoff,0.6557773078610389
JPM_20250220_143000,JPM,2025-02-20 14:30:00+00:00,-1,19,96.47468446249752,4.885206729055815,8.69329193211628,10.133893175821466,3.89490938852598,2025-02-20 14:15:00+00:00,2025-02-20 14:30:00+00:00,2025-02-20 14:35:00+00:00,2025-02-20 15:30:00+00:00,-0.0046180282093505,-0.0213990289516273,continuation,over_cap_or_below_cutoff,0.6121442863239417
JPM_20250319_133500,JPM,2025-03-19 13:35:00+00:00,1,6,98.572460381523,4.029508630158243,8.443604805620332,5.57074757666643,1.0123486394465429,2025-03-19 13:20:00+00:00,2025-03-19 13:35:00+00:00,2025-03-19 13:40:00+00:00,2025-03-19 14:35:00+00:00,0.003056027164686,0.0043656905890319,continuation,over_cap_or_below_cutoff,0.4579824994448868
JPM_20250402_132500,JPM,2025-04-02 13:25:00+00:00,1,4,141.97269596248452,4.2641163651793725,7.037379696492724,9.403112927476815,53.035785786249726,2025-04-02 13:10:00+00:00,2025-04-02 13:25:00+00:00,2025-04-02 13:30:00+00:00,2025-04-02 14:25:00+00:00,0.0036944790369446,0.0170602589023531,continuation,over_cap_or_below_cutoff,0.6803978230762033
JPM_20250404_112500,JPM,2025-04-04 11:25:00+00:00,-1,12,235.84905660377632,4.053736535109362,20.55992390615092,62.91327755744981,2.764805211541627,2025-04-04 11:10:00+00:00,2025-04-04 11:25:00+00:00,2025-04-04 11:30:00+00:00,2025-04-04 12:25:00+00:00,-0.0069109461966604,0.0228387277567605,reversal,over_cap_or_below_cutoff,0.6880647479581032
JPM_20250430_122000,JPM,2025-04-30 12:20:00+00:00,-1,5,102.87895129843515,4.291043015461927,0.0697992022175647,3.039180376364393,294.37365671069426,2025-04-30 12:05:00+00:00,2025-04-30 12:20:00+00:00,2025-04-30 12:30:00+00:00,2025-04-30 13:25:00+00:00,-0.0032768083886294,-0.0055066984466178,continuation,over_cap_or_below_cutoff,0.586882380171555
JPM_20250605_133500,JPM,2025-06-05 13:35:00+00:00,-1,5,105.12845767565835,6.297198181883363,6.148214364219874,6.468465172416903,2.911547244102917,2025-06-05 13:20:00+00:00,2025-06-05 13:35:00+00:00,2025-06-05 13:40:00+00:00,2025-06-05 14:35:00+00:00,-0.007413010590015,-0.0017908855357413,unclear,low_strength_unclear,0.6895710086442229
JPM_20250609_133000,JPM,2025-06-09 13:30:00+00:00,-1,6,117.51326762698744,5.095915938324998,6.130516238985653,12.453631008778672,3.8769679554296834,2025-06-09 13:05:00+00:00,2025-06-09 13:30:00+00:00,2025-06-09 13:35:00+00:00,2025-06-09 14:30:00+00:00,-0.0116148370176094,0.0054018195602729,reversal,over_cap_or_below_cutoff,0.6844844823896648
JPM_20250718_133000,JPM,2025-07-18 13:30:00+00:00,-1,2,63.51349012685192,4.14812913745998,23.919894169774636,9.888293512298809,0.9304499856175092,2025-07-18 13:10:00+00:00,2025-07-18 13:30:00+00:00,2025-07-18 13:35:00+00:00,2025-07-18 14:30:00+00:00,-0.0063112639724849,0.004759185227489,reversal,over_cap_or_below_cutoff,0.29322764872973395
JPM_20250721_133000,JPM,2025-07-21 13:30:00+00:00,1,3,77.24137931034436,4.428401888194725,6.027880670729279,6.520964555470189,1.4719623437365872,2025-07-21 13:10:00+00:00,2025-07-21 13:30:00+00:00,2025-07-21 13:35:00+00:00,2025-07-21 14:30:00+00:00,0.0034251290877798,0.0016466834765604,unclear,low_strength_unclear,0.4075858689993606
JPM_20250805_143000,JPM,2025-08-05 14:30:00+00:00,-1,5,108.86172650878656,4.636997559322566,6.406709544946704,6.185880576105606,3.134508159176497,2025-08-05 14:15:00+00:00,2025-08-05 14:30:00+00:00,2025-08-05 14:35:00+00:00,2025-08-05 15:30:00+00:00,-0.0032618025751072,-0.0064416121253875,continuation,over_cap_or_below_cutoff,0.5972570669127335
JPM_20250908_132000,JPM,2025-09-08 13:20:00+00:00,1,6,96.88995215310968,4.137972617173273,8.017502190949157,8.632151653340463,96.35098574219684,2025-09-08 12:55:00+00:00,2025-09-08 13:20:00+00:00,2025-09-08 13:30:00+00:00,2025-09-08 14:25:00+00:00,0.0030570652173913,-0.0046732136810023,reversal,over_cap_or_below_cutoff,0.5580796334976441
JPM_20250909_143500,JPM,2025-09-09 14:35:00+00:00,1,4,115.64510667118276,4.3040544438093,10.440589074895716,11.3763195589521,2.5087152727995488,2025-09-09 14:20:00+00:00,2025-09-09 14:35:00+00:00,2025-09-09 14:40:00+00:00,2025-09-09 15:35:00+00:00,0.0062151772256937,0.0027430321798842,unclear,low_strength_unclear,0.5654284391023838
JPM_20250911_133500,JPM,2025-09-11 13:35:00+00:00,1,4,102.68956793821891,4.067077775549788,6.665552946368064,5.01340567782527,1.2532021204334196,2025-09-11 13:20:00+00:00,2025-09-11 13:35:00+00:00,2025-09-11 13:40:00+00:00,2025-09-11 14:35:00+00:00,0.0072061250064923,0.0068755784741505,continuation,over_cap_or_below_cutoff,0.477465279145347
JPM_20250919_133000,JPM,2025-09-19 13:30:00+00:00,-1,3,86.89472494104677,4.442128608903809,41.65330390467097,7.423325947322382,1.1287753689476925,2025-09-19 13:15:00+00:00,2025-09-19 13:30:00+00:00,2025-09-19 13:35:00+00:00,2025-09-19 14:30:00+00:00,-0.0038043478260869,0.0001604569814832,unclear,low_strength_unclear,0.43106013383353736
JPM_20250929_135500,JPM,2025-09-29 13:55:00+00:00,-1,2,62.04066049442014,4.015573392342385,4.698792042457591,4.145722786635491,1.9691366601123856,2025-09-29 13:40:00+00:00,2025-09-29 13:55:00+00:00,2025-09-29 14:00:00+00:00,2025-09-29 14:55:00+00:00,-0.0041689037678046,-0.0026006152675145,unclear,low_strength_unclear,0.30205369583114094
JPM_20250930_135500,JPM,2025-09-30 13:55:00+00:00,-1,3,82.3917512629757,4.03302800466684,4.136956590073241,6.597368979741666,3.762880996691696,2025-09-30 13:40:00+00:00,2025-09-30 13:55:00+00:00,2025-09-30 14:00:00+00:00,2025-09-30 14:55:00+00:00,-0.0030300160969604,-0.0141513913951942,continuation,over_cap_or_below_cutoff,0.4380073336155762
JPM_20251002_132500,JPM,2025-10-02 13:25:00+00:00,-1,4,68.267115309959,4.888607015544121,69.65967831392125,9.293947632634469,22.35821390861371,2025-10-02 13:10:00+00:00,2025-10-02 13:25:00+00:00,2025-10-02 13:30:00+00:00,2025-10-02 14:25:00+00:00,-0.0032154340836012,-0.0058387096774193,continuation,over_cap_or_below_cutoff,0.5769375011247546
JPM_20251003_133000,JPM,2025-10-03 13:30:00+00:00,1,3,75.38623400714872,5.5701356297162965,5.4930874258345845,8.608962537131585,1.728660215484706,2025-10-03 13:15:00+00:00,2025-10-03 13:30:00+00:00,2025-10-03 13:35:00+00:00,2025-10-03 14:30:00+00:00,0.0054187351958208,0.0038081714322597,continuation,over_cap_or_below_cutoff,0.5250544289762034
JPM_20251006_134500,JPM,2025-10-06 13:45:00+00:00,-1,9,121.4124423209073,5.3938640225566505,6.336251450268959,11.437786838844612,2.1652454353667294,2025-10-06 13:30:00+00:00,2025-10-06 13:45:00+00:00,2025-10-06 13:50:00+00:00,2025-10-06 14:45:00+00:00,-0.0049625002007482,0.0003227993156653,unclear,low_strength_unclear,0.6806181424625617
JPM_20251009_133000,JPM,2025-10-09 13:30:00+00:00,1,8,122.4845455741197,4.558389145949459,29.435973646406104,12.06029400555555,1.665511953219937,2025-10-09 13:15:00+00:00,2025-10-09 13:30:00+00:00,2025-10-09 13:35:00+00:00,2025-10-09 14:30:00+00:00,0.0070616829797018,-0.008055836404553,reversal,over_cap_or_below_cutoff,0.5901654743242499
JPM_20251024_133500,JPM,2025-10-24 13:35:00+00:00,1,5,71.36863474877408,4.008485792002925,5.366955228197765,7.502378885233842,1.6148158871831086,2025-10-24 13:20:00+00:00,2025-10-24 13:35:00+00:00,2025-10-24 13:40:00+00:00,2025-10-24 14:35:00+00:00,0.0065753887762001,0.0062637491813464,continuation,over_cap_or_below_cutoff,0.40481379376402443
JPM_20251029_133500,JPM,2025-10-29 13:35:00+00:00,1,3,99.00174612064605,5.5308303044950495,5.363424767788389,6.0375374197185465,1.2794125669601877,2025-10-29 13:15:00+00:00,2025-10-29 13:35:00+00:00,2025-10-29 13:40:00+00:00,2025-10-29 14:35:00+00:00,0.0040412669207516,-0.003435976308125,reversal,over_cap_or_below_cutoff,0.5665637187687877
JPM_20251103_143500,JPM,2025-11-03 14:35:00+00:00,1,4,144.55948427426924,4.563197261239356,5.533738025895645,11.409790039436258,2.473875685143132,2025-11-03 14:20:00+00:00,2025-11-03 14:35:00+00:00,2025-11-03 14:40:00+00:00,2025-11-03 15:35:00+00:00,0.0041315122881875,-0.0139450542396815,reversal,over_cap_or_below_cutoff,0.6608680352686316
JPM_20251105_143500,JPM,2025-11-05 14:35:00+00:00,-1,3,133.93440480857998,5.327094340443456,5.820548924463314,7.1808543097965485,1.3338839426729916,2025-11-05 14:20:00+00:00,2025-11-05 14:35:00+00:00,2025-11-05 14:40:00+00:00,2025-11-05 15:35:00+00:00,-0.009239351502121,0.0074128380579994,reversal,over_cap_or_below_cutoff,0.6324455006246611
JPM_20251113_144000,JPM,2025-11-13 14:40:00+00:00,-1,5,84.4933265499792,4.0370144768161245,246.060553633218,9.766209346274378,0.1465978690304142,2025-11-13 14:25:00+00:00,2025-11-13 14:40:00+00:00,2025-11-13 14:45:00+00:00,2025-11-13 15:40:00+00:00,-0.0035982478097622,-0.010394096404459,continuation,over_cap_or_below_cutoff,0.45215692913246974
JPM_20251128_143000,JPM,2025-11-28 14:30:00+00:00,1,3,69.64916259029951,4.047359028161339,5.197065915891272,11.11329290829712,1.8638680007834847,2025-11-28 14:15:00+00:00,2025-11-28 14:30:00+00:00,2025-11-28 14:35:00+00:00,2025-11-28 15:30:00+00:00,0.0069649162590299,0.0062733238965384,continuation,over_cap_or_below_cutoff,0.3615863773752544
JPM_20251202_142500,JPM,2025-12-02 14:25:00+00:00,-1,3,78.39947950553095,5.115096512566539,560.9297725024728,27.83593898183104,1.6671389445060951,2025-12-02 14:10:00+00:00,2025-12-02 14:25:00+00:00,2025-12-02 14:30:00+00:00,2025-12-02 15:25:00+00:00,-0.0055205811138013,0.0048045708349564,reversal,over_cap_or_below_cutoff,0.5933857142257998
JPM_20251208_142500,JPM,2025-12-08 14:25:00+00:00,-1,5,72.29759857315221,4.609231350771688,39.49095942555584,8.038251998539856,13.010157714079424,2025-12-08 14:10:00+00:00,2025-12-08 14:25:00+00:00,2025-12-08 14:30:00+00:00,2025-12-08 15:25:00+00:00,-0.003099500284648,-0.0006345177664974,unclear,over_cap_or_below_cutoff,0.5522911654152886
JPM_20251210_142000,JPM,2025-12-10 14:20:00+00:00,-1,12,111.04830933935884,4.004775228717967,505.1060672195548,21.260240423161022,1.90354361673367,2025-12-10 14:05:00+00:00,2025-12-10 14:20:00+00:00,2025-12-10 14:25:00+00:00,2025-12-10 15:20:00+00:00,-0.0041777188328914,0.0125524405673571,reversal,over_cap_or_below_cutoff,0.6115402291270919
JPM_20251224_143000,JPM,2025-12-24 14:30:00+00:00,-1,3,73.55651105651617,4.76601787307999,4.092283006194492,6.020915220725749,1.4058295379750914,2025-12-24 14:15:00+00:00,2025-12-24 14:30:00+00:00,2025-12-24 14:35:00+00:00,2025-12-24 15:30:00+00:00,-0.0035195103289976,0.0074576167076167,reversal,over_cap_or_below_cutoff,0.43089513974516824
JPM_20260102_142500,JPM,2026-01-02 14:25:00+00:00,-1,2,75.65615367850941,4.397648981568814,15.544090222893171,12.116421272033222,10.448580352855604,2026-01-02 14:10:00+00:00,2026-01-02 14:25:00+00:00,2026-01-02 14:30:00+00:00,2026-01-02 15:25:00+00:00,-0.0030598052851182,-0.0018291170634919,unclear,over_cap_or_below_cutoff,0.4341400786513804
JPM_20260108_143000,JPM,2026-01-08 14:30:00+00:00,1,5,72.57594800895495,4.419737519817385,525.8366533864541,24.63689557673381,0.042595481133077,2026-01-08 14:15:00+00:00,2026-01-08 14:30:00+00:00,2026-01-08 14:35:00+00:00,2026-01-08 15:30:00+00:00,0.0059691873312055,0.0064829080037218,continuation,over_cap_or_below_cutoff,0.5173652965170821
JPM_20260113_114500,JPM,2026-01-13 11:45:00+00:00,1,9,126.69877596097612,4.933568478453216,39.79789212647241,63.94453450167612,1.7689212025896417,2026-01-13 11:30:00+00:00,2026-01-13 11:45:00+00:00,2026-01-13 11:50:00+00:00,2026-01-13 12:45:00+00:00,0.0095418680041592,-0.0132081187518934,reversal,over_cap_or_below_cutoff,0.6479917268210704
JPM_20260115_143500,JPM,2026-01-15 14:35:00+00:00,1,3,73.55085377311887,4.556517454368762,512.2272126816381,10.46273697750996,0.0397210072053481,2026-01-15 14:20:00+00:00,2026-01-15 14:35:00+00:00,2026-01-15 14:40:00+00:00,2026-01-15 15:35:00+00:00,0.0073550853773125,0.0018012222579608,unclear,low_strength_unclear,0.48061405968953425
JPM_20260116_143500,JPM,2026-01-16 14:35:00+00:00,1,2,81.96721311475753,4.160727571011526,386.0640776699029,18.602421707708263,0.0384474233320403,2026-01-16 14:20:00+00:00,2026-01-16 14:35:00+00:00,2026-01-16 14:40:00+00:00,2026-01-16 15:35:00+00:00,0.0081967213114755,-0.0040330324563088,reversal,over_cap_or_below_cutoff,0.3848849915947714
JPM_20260122_143000,JPM,2026-01-22 14:30:00+00:00,1,5,79.14614121510954,6.143148970014649,756.3004366812227,30.63118352183295,0.0233291395368367,2026-01-22 14:15:00+00:00,2026-01-22 14:30:00+00:00,2026-01-22 14:35:00+00:00,2026-01-22 15:30:00+00:00,0.0056301473275515,-0.002656947491573,unclear,over_cap_or_below_cutoff,0.6625617449387737
JPM_20260123_143000,JPM,2026-01-23 14:30:00+00:00,-1,3,94.16007212261324,5.366359509586848,1040.041514041514,69.85880290635325,0.0289361741708171,2026-01-23 14:15:00+00:00,2026-01-23 14:30:00+00:00,2026-01-23 14:35:00+00:00,2026-01-23 15:30:00+00:00,-0.0067487098054782,-0.0060951239008792,continuation,over_cap_or_below_cutoff,0.6156741446050258
JPM_20260126_143000,JPM,2026-01-26 14:30:00+00:00,1,4,90.80513889824005,5.6433495038642825,905.257275902212,37.43250777591357,0.0325468204611221,2026-01-26 14:15:00+00:00,2026-01-26 14:30:00+00:00,2026-01-26 14:35:00+00:00,2026-01-26 15:30:00+00:00,0.0033411685695097,0.0041165347479039,continuation,over_cap_or_below_cutoff,0.6855364103691319
JPM_20260129_143000,JPM,2026-01-29 14:30:00+00:00,1,7,120.96506926492223,4.800447895401488,1120.8708388814914,74.59421312628612,0.0174784322531366,2026-01-29 14:15:00+00:00,2026-01-29 14:30:00+00:00,2026-01-29 14:35:00+00:00,2026-01-29 15:30:00+00:00,0.0106319455962846,-0.0021499729201883,unclear,over_cap_or_below_cutoff,0.6734240844140186
JPM_20260203_143000,JPM,2026-02-03 14:30:00+00:00,1,6,112.39666029414953,5.1582424320189695,617.5449890270665,20.759861500417152,0.08730453416678,2026-02-03 14:10:00+00:00,2026-02-03 14:30:00+00:00,2026-02-03 14:35:00+00:00,2026-02-03 15:30:00+00:00,0.0100722267206478,0.0106785164359113,continuation,over_cap_or_below_cutoff,0.6904427600065007
JPM_20260204_143000,JPM,2026-02-04 14:30:00+00:00,1,9,110.187573644156,4.431346829882083,156.62383177570092,10.55739309853158,0.1672225038075805,2026-02-04 14:15:00+00:00,2026-02-04 14:30:00+00:00,2026-02-04 14:35:00+00:00,2026-02-04 15:30:00+00:00,0.007370264247055,0.004124330388888,continuation,over_cap_or_below_cutoff,0.5361936468019164
JPM_20260210_143000,JPM,2026-02-10 14:30:00+00:00,1,3,107.7469406715581,4.153636868461115,4.194985653337345,14.39199085391593,5.470231569668803,2026-02-10 14:15:00+00:00,2026-02-10 14:30:00+00:00,2026-02-10 14:35:00+00:00,2026-02-10 15:30:00+00:00,0.0090663520352718,0.0020616018954429,unclear,over_cap_or_below_cutoff,0.5372131531477129
JPM_20260211_142500,JPM,2026-02-11 14:25:00+00:00,1,15,120.56074766354952,4.551255100841903,206.6423125794155,10.04423156123989,6.306924037657985,2026-02-11 14:10:00+00:00,2026-02-11 14:25:00+00:00,2026-02-11 14:30:00+00:00,2026-02-11 15:25:00+00:00,0.0046105919003116,-0.0168072438600843,reversal,over_cap_or_below_cutoff,0.6983787606707879
JPM_20260213_142500,JPM,2026-02-13 14:25:00+00:00,-1,11,118.46432646485994,4.302148125001096,1017.4928057553956,20.43760469413021,1.4152782491733684,2026-02-13 14:10:00+00:00,2026-02-13 14:25:00+00:00,2026-02-13 14:30:00+00:00,2026-02-13 15:25:00+00:00,-0.0092838196286472,0.0091365461847388,reversal,over_cap_or_below_cutoff,0.6523687083609113
JPM_20260218_143000,JPM,2026-02-18 14:30:00+00:00,1,4,112.27204880265074,4.378613498393655,7.704984253956442,10.441581016030092,1.1324097688911534,2026-02-18 14:10:00+00:00,2026-02-18 14:30:00+00:00,2026-02-18 14:35:00+00:00,2026-02-18 15:30:00+00:00,0.00519987000325,0.0059165858389911,continuation,over_cap_or_below_cutoff,0.529865980159468
JPM_20260226_143000,JPM,2026-02-26 14:30:00+00:00,1,5,151.7358770092625,4.44034288004466,316.8383005707039,20.7217472926648,0.0719380783979263,2026-02-26 14:15:00+00:00,2026-02-26 14:30:00+00:00,2026-02-26 14:35:00+00:00,2026-02-26 15:30:00+00:00,0.0138600823045267,-0.0081828808936225,reversal,over_cap_or_below_cutoff,0.6688849741980978
JPM_20260304_142500,JPM,2026-03-04 14:25:00+00:00,-1,7,137.97039175534874,4.192814397797915,882.5590778097983,262.9512559719993,1.1622243815295028,2026-03-04 14:10:00+00:00,2026-03-04 14:25:00+00:00,2026-03-04 14:30:00+00:00,2026-03-04 15:25:00+00:00,-0.0047806698369975,-0.0072888238035012,continuation,over_cap_or_below_cutoff,0.6823245259624318
JPM_20260305_143000,JPM,2026-03-05 14:30:00+00:00,1,11,133.61604738825196,4.250546104811952,311.29297820823246,17.89733010400609,0.1331721885977088,2026-03-05 14:15:00+00:00,2026-03-05 14:30:00+00:00,2026-03-05 14:35:00+00:00,2026-03-05 15:30:00+00:00,0.0097270371242974,-0.0168666666666666,reversal,over_cap_or_below_cutoff,0.6061585205100953
JPM_20260313_133500,JPM,2026-03-13 13:35:00+00:00,1,4,105.28169014084156,4.196164589374525,283.7746031746032,40.734325344146136,0.04337954596922,2026-03-13 13:20:00+00:00,2026-03-13 13:35:00+00:00,2026-03-13 13:40:00+00:00,2026-03-13 14:35:00+00:00,0.0076612194693375,-0.0014124786384404,unclear,low_strength_unclear,0.5239052539060076
JPM_20260317_130500,JPM,2026-03-17 13:05:00+00:00,1,6,103.5667198667678,4.044512726571443,250.84729064039408,11.141386873205482,224.6243226349411,2026-03-17 12:45:00+00:00,2026-03-17 13:05:00+00:00,2026-03-17 13:10:00+00:00,2026-03-17 14:05:00+00:00,0.0034727549127628,0.0066018068102848,continuation,over_cap_or_below_cutoff,0.6152464309562533
JPM_20260416_133000,JPM,2026-04-16 13:30:00+00:00,1,7,93.5007192362991,4.284758963218432,745.9910011248594,51.34409072574833,0.0395877597869495,2026-04-16 13:15:00+00:00,2026-04-16 13:30:00+00:00,2026-04-16 13:35:00+00:00,2026-04-16 14:30:00+00:00,0.0047354670150228,0.0044696895823177,continuation,over_cap_or_below_cutoff,0.5553352615343414
JPM_20260421_133000,JPM,2026-04-21 13:30:00+00:00,1,7,81.42397273243729,4.089468890264048,571.7038961038961,25.316960329923315,0.066834519556069,2026-04-21 13:10:00+00:00,2026-04-21 13:30:00+00:00,2026-04-21 13:35:00+00:00,2026-04-21 14:30:00+00:00,0.0046985368314833,-0.0029973949342457,unclear,low_strength_unclear,0.5070222107427402
META_20240524_134500,META,2024-05-24 13:45:00+00:00,-1,9,118.178509494955,5.72724850834575,451.77777777777777,19.22502600536166,0.106510911125471,2024-05-24 13:30:00+00:00,2024-05-24 13:45:00+00:00,2024-05-24 13:50:00+00:00,2024-05-24 14:45:00+00:00,-0.0034913894283092,0.0200141806640585,reversal,over_cap_or_below_cutoff,0.662919933248866
META_20240530_133000,META,2024-05-30 13:30:00+00:00,-1,5,150.57621454888758,4.314572159383158,486.9114811568799,19.23808060971525,0.0301321678114163,2024-05-30 13:15:00+00:00,2024-05-30 13:30:00+00:00,2024-05-30 13:35:00+00:00,2024-05-30 14:30:00+00:00,-0.010760871863174,0.001474611044623,unclear,low_strength_unclear,0.6049556481855621
META_20240531_135000,META,2024-05-31 13:50:00+00:00,-1,7,141.83153395078253,5.460856273171898,271.5368620037807,11.197128165238452,0.0474816496287462,2024-05-31 13:35:00+00:00,2024-05-31 13:50:00+00:00,2024-05-31 13:55:00+00:00,2024-05-31 14:50:00+00:00,-0.0081154579131067,-0.0167738871378611,continuation,over_cap_or_below_cutoff,0.6268377800834573
META_20240603_132500,META,2024-06-03 13:25:00+00:00,1,6,115.12597889002495,5.783852816599588,378.88506151142354,23.268592751635808,0.5792581304836997,2024-06-03 13:05:00+00:00,2024-06-03 13:25:00+00:00,2024-06-03 13:30:00+00:00,2024-06-03 14:25:00+00:00,0.0038202966599081,0.0141812305991411,continuation,over_cap_or_below_cutoff,0.6915050384175166
META_20240606_140000,META,2024-06-06 14:00:00+00:00,1,10,124.25731145734753,5.186868740805736,494.3082329317269,44.63339181334853,0.1238815075909346,2024-06-06 13:45:00+00:00,2024-06-06 14:00:00+00:00,2024-06-06 14:05:00+00:00,2024-06-06 15:00:00+00:00,0.0065169271769698,0.0013886932195543,unclear,low_strength_unclear,0.6424718889185259
META_20240611_134000,META,2024-06-11 13:40:00+00:00,1,8,93.0755034903319,4.350340701072241,343.8150289017341,41.48305430099006,0.2378414456940107,2024-06-11 13:25:00+00:00,2024-06-11 13:40:00+00:00,2024-06-11 13:45:00+00:00,2024-06-11 14:40:00+00:00,0.0037992681024656,0.0044227751504621,continuation,over_cap_or_below_cutoff,0.4885654190411102
META_20240612_123000,META,2024-06-12 12:30:00+00:00,1,5,127.95275590550936,6.3567371456546296,50.156111929307805,47.967433753781066,0.6944540905253134,2024-06-12 12:15:00+00:00,2024-06-12 12:30:00+00:00,2024-06-12 12:35:00+00:00,2024-06-12 13:30:00+00:00,0.008609732072498,-0.0025593281485273,unclear,low_strength_unclear,0.667332424222157
META_20240617_133000,META,2024-06-17 13:30:00+00:00,-1,6,98.18913480885485,4.075524749531912,430.854527938343,57.100223283435966,0.0977645072463128,2024-06-17 13:15:00+00:00,2024-06-17 13:30:00+00:00,2024-06-17 13:35:00+00:00,2024-06-17 14:30:00+00:00,-0.009147313070151,0.0062566901355365,reversal,over_cap_or_below_cutoff,0.48420995590435156
META_20240621_134500,META,2024-06-21 13:45:00+00:00,-1,3,93.03401524751952,4.126246610348606,251.0544747081712,30.78529570888515,0.1669870683582471,2024-06-21 13:30:00+00:00,2024-06-21 13:45:00+00:00,2024-06-21 13:50:00+00:00,2024-06-21 14:45:00+00:00,-0.0055898764447986,-0.0021944107656389,unclear,low_strength_unclear,0.3869823712975307
META_20240624_133000,META,2024-06-24 13:30:00+00:00,1,4,133.453561767356,4.9188228225354615,621.9110367892977,33.85157271462453,0.0466933527300782,2024-06-24 13:15:00+00:00,2024-06-24 13:30:00+00:00,2024-06-24 13:35:00+00:00,2024-06-24 14:30:00+00:00,0.0107652138983731,-0.0034177164884949,reversal,over_cap_or_below_cutoff,0.6636383649633834
META_20240625_133000,META,2024-06-25 13:30:00+00:00,1,8,123.83215206185348,4.04368221505228,314.1314325452017,29.199763999972056,0.0627353099613454,2024-06-25 13:15:00+00:00,2024-06-25 13:30:00+00:00,2024-06-25 13:35:00+00:00,2024-06-25 14:30:00+00:00,0.0037338151159289,0.0171396572068558,continuation,over_cap_or_below_cutoff,0.4910671933933782
META_20240627_133000,META,2024-06-27 13:30:00+00:00,1,3,157.35703576782444,5.577815940675957,949.8485915492956,55.58767472065075,0.0381421939210077,2024-06-27 13:15:00+00:00,2024-06-27 13:30:00+00:00,2024-06-27 13:35:00+00:00,2024-06-27 14:30:00+00:00,0.0115197509243045,0.00111557846947,unclear,over_cap_or_below_cutoff,0.733494754241056
META_20240628_124500,META,2024-06-28 12:45:00+00:00,-1,4,60.90979182729495,4.511343025427728,11.683972911963885,10.240648727660552,1.5134811002689288,2024-06-28 12:30:00+00:00,2024-06-28 12:45:00+00:00,2024-06-28 12:50:00+00:00,2024-06-28 13:45:00+00:00,-0.0060541037627406,-0.0044718581341556,continuation,over_cap_or_below_cutoff,0.4330281199262351
META_20240628_195000,META,2024-06-28 19:50:00+00:00,-1,4,148.2466411319905,4.582119961368409,22.379441919525277,3.896427450160051,1.522480740159374,2024-06-28 19:35:00+00:00,2024-06-28 19:50:00+00:00,2024-06-28 19:55:00+00:00,2024-06-28 20:50:00+00:00,-0.0075665741211433,-0.0050828424515848,continuation,over_cap_or_below_cutoff,0.5961745753265872
META_20240701_132500,META,2024-07-01 13:25:00+00:00,-1,17,175.06684829221132,4.377439264966024,540.5663019693654,135.88616359569443,0.4755344085271888,2024-07-01 13:10:00+00:00,2024-07-01 13:25:00+00:00,2024-07-01 13:30:00+00:00,2024-07-01 14:25:00+00:00,-0.003219498706275,-0.0143661078746086,continuation,over_cap_or_below_cutoff,0.7147486980790263
META_20240705_151000,META,2024-07-05 15:10:00+00:00,1,4,136.39899076129058,4.015954504480485,10.397182617757773,5.852625805762159,0.7597352840665017,2024-07-05 14:55:00+00:00,2024-07-05 15:10:00+00:00,2024-07-05 15:15:00+00:00,2024-07-05 16:10:00+00:00,0.0093324987196266,-0.0043036214316587,reversal,over_cap_or_below_cutoff,0.5000881790538311
META_20240708_133000,META,2024-07-08 13:30:00+00:00,-1,5,181.05065666041756,4.741732061177716,504.7735722284434,31.304186209975644,0.0728485142277441,2024-07-08 13:15:00+00:00,2024-07-08 13:30:00+00:00,2024-07-08 13:35:00+00:00,2024-07-08 14:30:00+00:00,-0.0141735476260689,-0.0098715575747377,continuation,over_cap_or_below_cutoff,0.7035481000281978
META_20240709_133000,META,2024-07-09 13:30:00+00:00,1,2,64.22376572179145,4.475718541242817,532.1882831019302,47.37025177815879,0.0736335025210775,2024-07-09 13:15:00+00:00,2024-07-09 13:30:00+00:00,2024-07-09 13:35:00+00:00,2024-07-09 14:30:00+00:00,0.0064223765721793,-0.0107744293641066,reversal,over_cap_or_below_cutoff,0.3827118790851899
META_20240711_132500,META,2024-07-11 13:25:00+00:00,-1,12,127.90790661333595,4.038041949832481,211.90191017036653,24.02781870669032,1.7412656126481945,2024-07-11 13:10:00+00:00,2024-07-11 13:25:00+00:00,2024-07-11 13:30:00+00:00,2024-07-11 14:25:00+00:00,-0.0040644531345316,-0.0140124387485865,continuation,over_cap_or_below_cutoff,0.5674265455728293
META_20240719_133000,META,2024-07-19 13:30:00+00:00,1,3,152.8395372761393,4.263118796569001,792.0404425791683,30.23206192333296,0.0254382693314228,2024-07-19 13:15:00+00:00,2024-07-19 13:30:00+00:00,2024-07-19 13:35:00+00:00,2024-07-19 14:30:00+00:00,0.0111891778523489,0.0025513600962385,unclear,over_cap_or_below_cutoff,0.6153730303531297
META_20240722_133500,META,2024-07-22 13:35:00+00:00,1,8,122.72904964714336,5.391622426095871,447.47056007659165,28.66145388157568,0.1154045975074772,2024-07-22 13:20:00+00:00,2024-07-22 13:35:00+00:00,2024-07-22 13:40:00+00:00,2024-07-22 14:35:00+00:00,0.0037826614312439,0.00286726606181,unclear,low_strength_unclear,0.642925492476765
META_20240731_200500,META,2024-07-31 20:05:00+00:00,1,6,479.68771372354666,4.967663528933445,10.76304764084116,29.444001874991105,5.47782900011373,2024-07-31 19:50:00+00:00,2024-07-31 20:05:00+00:00,2024-07-31 20:10:00+00:00,2024-07-31 21:05:00+00:00,0.0479687713723551,0.001004016064257,unclear,over_cap_or_below_cutoff,0.7135077728749515
META_20240802_132500,META,2024-08-02 13:25:00+00:00,1,13,251.8518518518542,4.193437594794486,363.414979757085,14.058545580137556,0.4468317155111232,2024-08-02 13:10:00+00:00,2024-08-02 13:25:00+00:00,2024-08-02 13:30:00+00:00,2024-08-02 14:25:00+00:00,0.00875128998968,-0.0171665916438187,reversal,over_cap_or_below_cutoff,0.6837855209103645
META_20240808_123000,META,2024-08-08 12:30:00+00:00,1,6,206.36550308008597,4.4534898406899925,36.25493367842122,15.796140321892016,0.9035182719910898,2024-08-08 12:15:00+00:00,2024-08-08 12:30:00+00:00,2024-08-08 12:35:00+00:00,2024-08-08 13:30:00+00:00,0.0140243526826964,0.0125647983152439,continuation,over_cap_or_below_cutoff,0.6628592728085911
META_20240809_112000,META,2024-08-09 11:20:00+00:00,-1,5,100.83634853788048,4.998820265780343,33.99052132701422,13.15063295165897,1.7436047223667854,2024-08-09 11:05:00+00:00,2024-08-09 11:20:00+00:00,2024-08-09 11:25:00+00:00,2024-08-09 12:20:00+00:00,-0.0069554654283978,-0.0082274485044588,continuation,over_cap_or_below_cutoff,0.5500792550174765
META_20240809_132500,META,2024-08-09 13:25:00+00:00,1,7,148.84791712148848,4.2553656840981535,194.6856373774274,14.413639813858156,1.1107309882432903,2024-08-09 13:10:00+00:00,2024-08-09 13:25:00+00:00,2024-08-09 13:30:00+00:00,2024-08-09 14:25:00+00:00,0.0070238095238095,0.0083343184773612,continuation,over_cap_or_below_cutoff,0.6176743626668033
META_20240819_133000,META,2024-08-19 13:30:00+00:00,1,10,96.2576352843314,5.494076738684356,680.9903536977492,39.07974006990025,0.1355824883266313,2024-08-19 13:15:00+00:00,2024-08-19 13:30:00+00:00,2024-08-19 13:35:00+00:00,2024-08-19 14:30:00+00:00,0.0047893047722136,-0.0051255688776666,reversal,over_cap_or_below_cutoff,0.6710820358029954
META_20240826_133500,META,2024-08-26 13:35:00+00:00,-1,16,109.46246453492626,5.135157304168271,343.35346358792185,26.551180201484165,0.1157529256118323,2024-08-26 13:20:00+00:00,2024-08-26 13:35:00+00:00,2024-08-26 13:40:00+00:00,2024-08-26 14:35:00+00:00,-0.003739559605163,-0.0182916372920756,continuation,over_cap_or_below_cutoff,0.569600001459464
META_20240828_141500,META,2024-08-28 14:15:00+00:00,1,6,85.38052547832243,4.440326490385268,208.90128755364807,12.038629013390391,0.0877385661740179,2024-08-28 14:00:00+00:00,2024-08-28 14:15:00+00:00,2024-08-28 14:20:00+00:00,2024-08-28 15:15:00+00:00,0.0077739064607862,-0.0096881681080145,reversal,over_cap_or_below_cutoff,0.4295582942665196
META_20240903_132500,META,2024-09-03 13:25:00+00:00,1,19,116.9437408410201,4.163421526971625,370.55311125078566,35.60638224756541,0.5917408363092403,2024-09-03 13:10:00+00:00,2024-09-03 13:25:00+00:00,2024-09-03 13:30:00+00:00,2024-09-03 14:25:00+00:00,0.0055899419729206,-0.0098482371270846,reversal,over_cap_or_below_cutoff,0.5596096668838741
META_20240905_133000,META,2024-09-05 13:30:00+00:00,1,10,167.38777188276987,5.350455223282235,425.1412474849095,18.064512869011693,0.1479705764452264,2024-09-05 13:15:00+00:00,2024-09-05 13:30:00+00:00,2024-09-05 13:35:00+00:00,2024-09-05 14:30:00+00:00,0.0101621240601501,0.0065709135314298,continuation,over_cap_or_below_cutoff,0.7156875513954459
META_20240913_113000,META,2024-09-13 11:30:00+00:00,-1,7,78.84615384615046,4.01707562330444,21.75336787564767,50.16771104636012,3.87358496455617,2024-09-13 11:05:00+00:00,2024-09-13 11:30:00+00:00,2024-09-13 11:35:00+00:00,2024-09-13 12:30:00+00:00,-0.0066413662239088,-0.0067048710601719,continuation,over_cap_or_below_cutoff,0.4344216296152812
META_20240913_132500,META,2024-09-13 13:25:00+00:00,1,5,122.75006243157138,4.049304234834938,345.9871478002966,29.292618582603705,0.2992003702134712,2024-09-13 13:10:00+00:00,2024-09-13 13:25:00+00:00,2024-09-13 13:30:00+00:00,2024-09-13 14:25:00+00:00,0.0039922854387657,0.0043221852968862,continuation,over_cap_or_below_cutoff,0.5230986173722403
META_20240916_133000,META,2024-09-16 13:30:00+00:00,-1,8,115.67949634035956,4.094396583304196,164.35121196493037,26.386209109712688,0.5106061051336942,2024-09-16 13:15:00+00:00,2024-09-16 13:30:00+00:00,2024-09-16 13:35:00+00:00,2024-09-16 14:30:00+00:00,-0.0114356624665903,0.0008883567331647,unclear,low_strength_unclear,0.48636608284432453
META_20240920_134000,META,2024-09-20 13:40:00+00:00,-1,3,64.05324649764398,4.191269398707246,277.93949044585986,29.388981137442805,0.0709609713002598,2024-09-20 13:25:00+00:00,2024-09-20 13:40:00+00:00,2024-09-20 13:45:00+00:00,2024-09-20 14:40:00+00:00,-0.0033006244424621,0.0051150093976553,reversal,over_cap_or_below_cutoff,0.33852734915856525
META_20240924_133000,META,2024-09-24 13:30:00+00:00,-1,8,123.68839143862331,4.578734931953696,604.0254988913525,89.65652968701563,0.0601131859124351,2024-09-24 13:15:00+00:00,2024-09-24 13:30:00+00:00,2024-09-24 13:35:00+00:00,2024-09-24 14:30:00+00:00,-0.0078770752384317,-0.0085982839035854,continuation,over_cap_or_below_cutoff,0.6147070826800566
META_20240925_133000,META,2024-09-25 13:30:00+00:00,1,6,83.13455252231262,5.374687742105453,317.16327345309384,25.96596146184092,0.1024047713262105,2024-09-25 13:10:00+00:00,2024-09-25 13:30:00+00:00,2024-09-25 13:35:00+00:00,2024-09-25 14:30:00+00:00,0.0033737592556424,0.0105650627355902,continuation,over_cap_or_below_cutoff,0.5342869286012685
META_20241004_131500,META,2024-10-04 13:15:00+00:00,-1,5,71.74032803821228,4.283574494651885,610.7368852459016,26.710296020095903,0.4077773636191703,2024-10-04 13:00:00+00:00,2024-10-04 13:15:00+00:00,2024-10-04 13:20:00+00:00,2024-10-04 14:15:00+00:00,-0.0040545144804088,0.0005131538435221,unclear,low_strength_unclear,0.5366405471668731
META_20241009_133000,META,2024-10-09 13:30:00+00:00,-1,15,139.35010480032207,6.333933329318372,235.33740458015268,29.267887214609026,0.1517595164784679,2024-10-09 13:15:00+00:00,2024-10-09 13:30:00+00:00,2024-10-09 13:35:00+00:00,2024-10-09 14:30:00+00:00,-0.005252613680365,-0.0049418653849407,continuation,over_cap_or_below_cutoff,0.6818152640981701
META_20241014_133000,META,2024-10-14 13:30:00+00:00,-1,8,77.17917675544194,4.764516334478673,389.63856589147287,42.88931829972172,0.146955478706139,2024-10-14 13:15:00+00:00,2024-10-14 13:30:00+00:00,2024-10-14 13:35:00+00:00,2024-10-14 14:30:00+00:00,-0.0030088584827956,0.0060566158618828,reversal,over_cap_or_below_cutoff,0.49788660385577543
META_20241015_132500,META,2024-10-15 13:25:00+00:00,-1,3,89.07889358223065,4.94939591784848,511.183908045977,75.26299547011452,0.8029280619435146,2024-10-15 13:10:00+00:00,2024-10-15 13:25:00+00:00,2024-10-15 13:30:00+00:00,2024-10-15 14:25:00+00:00,-0.0048821619798473,-0.0116253728308026,continuation,over_cap_or_below_cutoff,0.5862308261668833
META_20241016_132500,META,2024-10-16 13:25:00+00:00,-1,10,67.58271123908033,4.389236841939061,614.968546637744,31.70907946246845,0.5610103894012444,2024-10-16 13:10:00+00:00,2024-10-16 13:25:00+00:00,2024-10-16 13:30:00+00:00,2024-10-16 14:25:00+00:00,-0.0051282929376813,-0.0053440501187567,continuation,over_cap_or_below_cutoff,0.5552105670954512
META_20241017_132500,META,2024-10-17 13:25:00+00:00,1,8,91.99218412270228,4.9025490217428,175.2867194371152,16.18922247787183,0.7385944993723177,2024-10-17 13:10:00+00:00,2024-10-17 13:25:00+00:00,2024-10-17 13:30:00+00:00,2024-10-17 14:25:00+00:00,0.0031971397631367,-0.0108212394839196,reversal,over_cap_or_below_cutoff,0.5382211332298259
META_20241029_200000,META,2024-10-29 20:00:00+00:00,1,3,97.96689669135716,4.535167904480747,2.214358959951678,5.075807214924704,11.770127192775984,2024-10-29 19:45:00+00:00,2024-10-29 20:00:00+00:00,2024-10-29 20:05:00+00:00,2024-10-29 21:00:00+00:00,0.0035036299627739,0.0101049097775911,continuation,over_cap_or_below_cutoff,0.4486661868097689
META_20241104_143000,META,2024-11-04 14:30:00+00:00,-1,6,98.22411220377305,4.649344859905312,566.2291950886766,52.29625689644518,0.0763904614959002,2024-11-04 14:15:00+00:00,2024-11-04 14:30:00+00:00,2024-11-04 14:35:00+00:00,2024-11-04 15:30:00+00:00,-0.0097268699042893,0.0127398350599532,reversal,over_cap_or_below_cutoff,0.5668357801452251
META_20241105_142500,META,2024-11-05 14:25:00+00:00,1,6,117.10785269764656,5.605043201144537,426.7535511363636,20.524417110263983,0.4441999416574823,2024-11-05 14:10:00+00:00,2024-11-05 14:25:00+00:00,2024-11-05 14:30:00+00:00,2024-11-05 15:25:00+00:00,0.0078873039276643,0.0037365387665897,continuation,over_cap_or_below_cutoff,0.6792913169465047
META_20241125_143000,META,2024-11-25 14:30:00+00:00,1,9,122.71029699449043,5.727842642195204,326.0870018233915,26.36643712021644,0.1320149538332607,2024-11-25 14:15:00+00:00,2024-11-25 14:30:00+00:00,2024-11-25 14:35:00+00:00,2024-11-25 15:30:00+00:00,0.0071066441341278,-0.0023580531489283,unclear,low_strength_unclear,0.6390060163772945
META_20241127_143000,META,2024-11-27 14:30:00+00:00,-1,6,65.54875741115795,4.535860439640761,273.42243902439026,26.81485029884257,0.0989193693097605,2024-11-27 14:15:00+00:00,2024-11-27 14:30:00+00:00,2024-11-27 14:35:00+00:00,2024-11-27 15:30:00+00:00,-0.0048996514365283,-0.0057779720279719,continuation,over_cap_or_below_cutoff,0.421366105810837
META_20241202_143000,META,2024-12-02 14:30:00+00:00,1,8,119.25404449376175,4.519637988460223,37.22585227272727,13.756328094175425,1.0835084997586075,2024-12-02 14:15:00+00:00,2024-12-02 14:30:00+00:00,2024-12-02 14:35:00+00:00,2024-12-02 15:30:00+00:00,0.0119254044493766,0.0067040503780495,continuation,over_cap_or_below_cutoff,0.5438587559741048
META_20241203_153500,META,2024-12-03 15:35:00+00:00,1,6,129.672133894021,4.842424083727527,536.3796698523023,17.347989909275796,0.1038512537020921,2024-12-03 15:20:00+00:00,2024-12-03 15:35:00+00:00,2024-12-03 15:40:00+00:00,2024-12-03 16:35:00+00:00,0.004092067751132,0.0111821473123312,continuation,over_cap_or_below_cutoff,0.6330338869774296
META_20241205_143000,META,2024-12-05 14:30:00+00:00,1,4,62.43682957843389,4.731864786692985,567.9025906735751,38.92231668607043,0.0596363056865377,2024-12-05 14:15:00+00:00,2024-12-05 14:30:00+00:00,2024-12-05 14:35:00+00:00,2024-12-05 15:30:00+00:00,0.0032507110930515,-0.0080680437424058,reversal,over_cap_or_below_cutoff,0.509133500698532
META_20241206_143000,META,2024-12-06 14:30:00+00:00,1,6,112.87529811492946,4.987259498364406,299.17899249732045,17.00393220887071,0.1405621899275399,2024-12-06 14:15:00+00:00,2024-12-06 14:30:00+00:00,2024-12-06 14:35:00+00:00,2024-12-06 15:30:00+00:00,0.0045920459204591,0.0124479634315566,continuation,over_cap_or_below_cutoff,0.5538089601226149
META_20241211_143000,META,2024-12-11 14:30:00+00:00,1,8,129.51432129513884,4.224341375078341,666.4854054054055,44.43884563873849,0.0510233550172414,2024-12-11 14:15:00+00:00,2024-12-11 14:30:00+00:00,2024-12-11 14:35:00+00:00,2024-12-11 15:30:00+00:00,0.0093447682873486,0.0073204377557942,continuation,over_cap_or_below_cutoff,0.6119332550973868
META_20241216_144000,META,2024-12-16 14:40:00+00:00,-1,4,95.79896659071665,4.323604855461449,126.3076923076923,17.51328873984426,0.1729270962948485,2024-12-16 14:25:00+00:00,2024-12-16 14:40:00+00:00,2024-12-16 14:45:00+00:00,2024-12-16 15:40:00+00:00,-0.0088095238095237,-0.0071261109776604,continuation,over_cap_or_below_cutoff,0.42444792347476695
META_20241217_142500,META,2024-12-17 14:25:00+00:00,1,2,88.06968574041285,4.219748276152136,636.5268924302788,47.92037883917457,0.9995209088814252,2024-12-17 14:10:00+00:00,2024-12-17 14:25:00+00:00,2024-12-17 14:30:00+00:00,2024-12-17 15:25:00+00:00,0.0050389151889593,-0.0133484488016734,reversal,over_cap_or_below_cutoff,0.5290744152088454
META_20241218_203000,META,2024-12-18 20:30:00+00:00,-1,9,172.6529725393222,4.528571913841978,4.290626758809038,3.6737799438084218,8.98109461585609,2024-12-18 20:15:00+00:00,2024-12-18 20:30:00+00:00,2024-12-18 20:35:00+00:00,2024-12-18 21:30:00+00:00,-0.0066821349512175,-0.0119263772731421,continuation,over_cap_or_below_cutoff,0.6298888108495677
META_20241219_142500,META,2024-12-19 14:25:00+00:00,1,4,132.1842427065767,4.150677873636176,331.0078515346181,22.040724075688697,0.342664609710024,2024-12-19 14:10:00+00:00,2024-12-19 14:25:00+00:00,2024-12-19 14:30:00+00:00,2024-12-19 15:25:00+00:00,0.0044565038644959,-0.0104860758664723,reversal,over_cap_or_below_cutoff,0.5485732426681306
META_20241220_205000,META,2024-12-20 20:50:00+00:00,-1,3,249.65517241378964,5.034240687532905,23.25735464671539,6.17336666340753,1.5822236774999114,2024-12-20 20:35:00+00:00,2024-12-20 20:50:00+00:00,2024-12-20 20:55:00+00:00,2024-12-20 21:50:00+00:00,-0.0102514711592279,-0.0022756606208818,unclear,over_cap_or_below_cutoff,0.6673132481827412
META_20241223_141000,META,2024-12-23 14:10:00+00:00,-1,6,114.9923508414119,4.311389127161257,564.2700490998363,54.27295538653579,1.7977221936513246,2024-12-23 13:55:00+00:00,2024-12-23 14:10:00+00:00,2024-12-23 14:15:00+00:00,2024-12-23 15:10:00+00:00,-0.0044906360033338,0.0074327210593763,reversal,over_cap_or_below_cutoff,0.6643254325562855
META_20241224_142500,META,2024-12-24 14:25:00+00:00,-1,6,80.4771981271979,4.520940596689745,291.8577441077441,21.21465183221799,0.6075726877768473,2024-12-24 14:10:00+00:00,2024-12-24 14:25:00+00:00,2024-12-24 14:30:00+00:00,2024-12-24 15:25:00+00:00,-0.0055339886016354,0.0068485049833886,reversal,over_cap_or_below_cutoff,0.5047245756206886
META_20241227_143000,META,2024-12-27 14:30:00+00:00,-1,7,78.5022824848336,5.465061057102225,349.63878608438193,239.04499491519564,0.1295578422421886,2024-12-27 14:15:00+00:00,2024-12-27 14:30:00+00:00,2024-12-27 14:35:00+00:00,2024-12-27 15:30:00+00:00,-0.0043267965144371,-0.0103048378570638,continuation,over_cap_or_below_cutoff,0.5453659177129828
META_20250103_143000,META,2025-01-03 14:30:00+00:00,1,8,91.47958501657172,4.998999195790123,559.2736196319019,27.66219898233537,0.0743154136538131,2025-01-03 14:15:00+00:00,2025-01-03 14:30:00+00:00,2025-01-03 14:35:00+00:00,2025-01-03 15:30:00+00:00,0.0035829540752998,-0.0114888319055431,reversal,over_cap_or_below_cutoff,0.5817227106483351
META_20250107_143000,META,2025-01-07 14:30:00+00:00,-1,19,142.06064928119045,4.852160464542188,144.29326620516048,15.320485537026794,0.2809536530937223,2025-01-07 14:15:00+00:00,2025-01-07 14:30:00+00:00,2025-01-07 14:35:00+00:00,2025-01-07 15:30:00+00:00,-0.0088205485526066,-0.0235337348820118,continuation,over_cap_or_below_cutoff,0.5661876274111151
META_20250114_142500,META,2025-01-14 14:25:00+00:00,-1,14,141.46610325188823,4.100685450083264,352.1721784776903,18.281204870948425,0.3805228265118426,2025-01-14 14:10:00+00:00,2025-01-14 14:25:00+00:00,2025-01-14 14:30:00+00:00,2025-01-14 15:25:00+00:00,-0.0041172595520421,-0.0115612700512651,continuation,over_cap_or_below_cutoff,0.57062507109418
META_20250115_133000,META,2025-01-15 13:30:00+00:00,1,3,128.89392978891357,5.081147613173871,58.49924962481241,30.445642676351746,0.5708129379802718,2025-01-15 13:15:00+00:00,2025-01-15 13:30:00+00:00,2025-01-15 13:35:00+00:00,2025-01-15 14:30:00+00:00,0.0107434056761268,0.0072091931210485,continuation,over_cap_or_below_cutoff,0.518507503349758
META_20250115_213500,META,2025-01-15 21:35:00+00:00,-1,4,133.08547739685483,4.261812664930208,5.729469128362461,9.5546888178136,39.88455074947464,2025-01-15 21:20:00+00:00,2025-01-15 21:35:00+00:00,2025-01-15 21:40:00+00:00,2025-01-15 22:35:00+00:00,-0.0110246433203631,0.0,unclear,over_cap_or_below_cutoff,0.5393374503572588
META_20250122_144000,META,2025-01-22 14:40:00+00:00,-1,5,78.81725953511997,5.10374415657639,225.12456747404843,10.282020538617871,0.0540130132199829,2025-01-22 14:25:00+00:00,2025-01-22 14:40:00+00:00,2025-01-22 14:45:00+00:00,2025-01-22 15:40:00+00:00,-0.0032716425570131,0.0116170555108607,reversal,over_cap_or_below_cutoff,0.47381544441072265
META_20250129_143000,META,2025-01-29 14:30:00+00:00,-1,8,121.7610364683308,6.178891735343585,544.8943338437979,13.2715883873476,0.0472490646825902,2025-01-29 14:15:00+00:00,2025-01-29 14:30:00+00:00,2025-01-29 14:35:00+00:00,2025-01-29 15:30:00+00:00,-0.0065368670417529,0.0015127014761879,unclear,over_cap_or_below_cutoff,0.7251175651406052
META_20250131_143500,META,2025-01-31 14:35:00+00:00,1,9,142.3800063343994,5.194548564999736,484.9094858797973,23.555696473287654,0.0503241495512128,2025-01-31 14:20:00+00:00,2025-01-31 14:35:00+00:00,2025-01-31 14:40:00+00:00,2025-01-31 15:35:00+00:00,0.00378612716763,0.0114882957588322,continuation,over_cap_or_below_cutoff,0.6648604282930218
META_20250204_143500,META,2025-02-04 14:35:00+00:00,-1,12,130.79907128332957,4.642063140589912,204.08838643371016,10.699793600143671,0.1259352501185493,2025-02-04 14:20:00+00:00,2025-02-04 14:35:00+00:00,2025-02-04 14:40:00+00:00,2025-02-04 15:35:00+00:00,-0.0041853555409535,0.0095391103524449,reversal,over_cap_or_below_cutoff,0.5291821713881726
META_20250206_143500,META,2025-02-06 14:35:00+00:00,-1,7,114.9531252216085,4.809432349459842,452.18359150889273,33.410117693689,0.0823076955735985,2025-02-06 14:20:00+00:00,2025-02-06 14:35:00+00:00,2025-02-06 14:40:00+00:00,2025-02-06 15:35:00+00:00,-0.0034346289752649,0.0146510275575473,reversal,over_cap_or_below_cutoff,0.5788402978601058
META_20250207_143000,META,2025-02-07 14:30:00+00:00,1,3,129.65555866704338,7.267802886983999,997.3699530516432,41.22760401194621,0.0245635484218618,2025-02-07 14:15:00+00:00,2025-02-07 14:30:00+00:00,2025-02-07 14:35:00+00:00,2025-02-07 15:30:00+00:00,0.0098347812705474,-0.007480882189959,reversal,over_cap_or_below_cutoff,0.7318876971971545
META_20250212_133000,META,2025-02-12 13:30:00+00:00,-1,3,102.89767709195095,5.791783796158861,74.70809399477807,30.733298448339188,0.3852494760644046,2025-02-12 13:15:00+00:00,2025-02-12 13:30:00+00:00,2025-02-12 13:35:00+00:00,2025-02-12 14:30:00+00:00,-0.0081274629857786,0.002478675504097,unclear,low_strength_unclear,0.5164665034744154
META_20250220_143500,META,2025-02-20 14:35:00+00:00,1,8,92.07296944297116,4.451193033413374,265.20828708842026,25.90366805989533,0.0800120778440374,2025-02-20 14:20:00+00:00,2025-02-20 14:35:00+00:00,2025-02-20 14:40:00+00:00,2025-02-20 15:35:00+00:00,0.0089413447782547,-0.0089542715349167,reversal,over_cap_or_below_cutoff,0.45699355869895825
META_20250225_142500,META,2025-02-25 14:25:00+00:00,-1,24,151.0681973694239,4.605953747740911,580.5304117869287,18.50957231714921,0.289807797158941,2025-02-25 14:10:00+00:00,2025-02-25 14:25:00+00:00,2025-02-25 14:30:00+00:00,2025-02-25 15:25:00+00:00,-0.0042909471480899,-0.0258716477972311,continuation,over_cap_or_below_cutoff,0.6828638838971928
META_20250226_142500,META,2025-02-26 14:25:00+00:00,-1,10,121.03990646743944,5.049112307779211,312.40931852819506,14.00517430742094,1.2417137249828738,2025-02-26 14:10:00+00:00,2025-02-26 14:25:00+00:00,2025-02-26 14:30:00+00:00,2025-02-26 15:25:00+00:00,-0.0045317220543806,0.0247224582701062,reversal,over_cap_or_below_cutoff,0.6666671709525354
META_20250303_143000,META,2025-03-03 14:30:00+00:00,1,4,124.74998136970504,5.694328001462663,560.6061080657792,46.54540478531128,0.0898889096166996,2025-03-03 14:15:00+00:00,2025-03-03 14:30:00+00:00,2025-03-03 14:35:00+00:00,2025-03-03 15:30:00+00:00,0.0102908906224787,-0.0124537754734476,reversal,over_cap_or_below_cutoff,0.7000610963168901
META_20250304_143000,META,2025-03-04 14:30:00+00:00,-1,10,156.216765533046,4.074899508219938,811.9487583760347,25.48556105312842,0.0525067150787787,2025-03-04 14:15:00+00:00,2025-03-04 14:30:00+00:00,2025-03-04 14:35:00+00:00,2025-03-04 15:30:00+00:00,-0.0122543939308031,-0.0107825377780914,continuation,over_cap_or_below_cutoff,0.6585906651562404
META_20250307_144000,META,2025-03-07 14:40:00+00:00,1,11,202.93968906507365,4.942973850566092,337.2932985204526,25.219697768424236,0.0966546411706994,2025-03-07 14:25:00+00:00,2025-03-07 14:40:00+00:00,2025-03-07 14:45:00+00:00,2025-03-07 15:40:00+00:00,0.0060249628433988,-0.0245909451945989,reversal,over_cap_or_below_cutoff,0.7020450156916846
META_20250311_132500,META,2025-03-11 13:25:00+00:00,-1,25,264.091314068613,4.601833062238666,326.84631147540983,11.879205083165012,0.6296900818602987,2025-03-11 13:10:00+00:00,2025-03-11 13:25:00+00:00,2025-03-11 13:30:00+00:00,2025-03-11 14:25:00+00:00,-0.0038183029693873,0.0099480558777547,reversal,over_cap_or_below_cutoff,0.7266101759748871
META_20250312_123000,META,2025-03-12 12:30:00+00:00,1,34,134.15179671942388,4.125115079418913,828.16026272578,39.896642185511936,0.4349132174583453,2025-03-12 12:15:00+00:00,2025-03-12 12:30:00+00:00,2025-03-12 12:35:00+00:00,2025-03-12 13:30:00+00:00,0.0121068664728103,0.011367650364471,continuation,over_cap_or_below_cutoff,0.663698212749119
META_20250313_133000,META,2025-03-13 13:30:00+00:00,-1,14,205.47324353450855,4.439434125167481,362.34957860021984,25.18108526291755,0.0886196787775684,2025-03-13 13:15:00+00:00,2025-03-13 13:30:00+00:00,2025-03-13 13:35:00+00:00,2025-03-13 14:30:00+00:00,-0.0035908431404159,-0.0234804131424043,continuation,over_cap_or_below_cutoff,0.6664346320229577
META_20250320_133000,META,2025-03-20 13:30:00+00:00,1,17,166.67813995112635,4.836783753080758,294.9273036712861,15.853078315669556,0.0554101836236163,2025-03-20 13:15:00+00:00,2025-03-20 13:30:00+00:00,2025-03-20 13:35:00+00:00,2025-03-20 14:30:00+00:00,0.0109508996854967,0.0270092920940701,continuation,over_cap_or_below_cutoff,0.6263687031597949
META_20250326_135000,META,2025-03-26 13:50:00+00:00,-1,9,137.69751363115645,5.399536626896167,515.7975757575757,30.856807036776523,0.0967587819977426,2025-03-26 13:35:00+00:00,2025-03-26 13:50:00+00:00,2025-03-26 13:55:00+00:00,2025-03-26 14:50:00+00:00,-0.0089062999680203,-0.0041704983624543,continuation,over_cap_or_below_cutoff,0.686913433643602
META_20250401_132500,META,2025-04-01 13:25:00+00:00,-1,15,156.55663022146936,4.5414374835368285,210.4834090115264,8.600362775931917,0.5596636581925319,2025-04-01 13:10:00+00:00,2025-04-01 13:25:00+00:00,2025-04-01 13:30:00+00:00,2025-04-01 14:25:00+00:00,-0.0057142857142856,0.0127381202691336,reversal,over_cap_or_below_cutoff,0.6134401473189808
META_20250409_171500,META,2025-04-09 17:15:00+00:00,1,12,577.8238519370982,5.052528964629212,10.034555592101352,6.723569511531705,1.298388763844683,2025-04-09 17:00:00+00:00,2025-04-09 17:15:00+00:00,2025-04-09 17:20:00+00:00,2025-04-09 18:15:00+00:00,0.0202854813981019,0.0782114138162244,continuation,over_cap_or_below_cutoff,0.7151831743765524
META_20250414_132500,META,2025-04-14 13:25:00+00:00,1,7,261.5415828983547,4.222211895861813,204.75663026521065,18.85108153307012,0.4427547081141021,2025-04-14 13:10:00+00:00,2025-04-14 13:25:00+00:00,2025-04-14 13:30:00+00:00,2025-04-14 14:25:00+00:00,0.0060585938941004,-0.0189089601869326,reversal,over_cap_or_below_cutoff,0.6420208473178601
META_20250422_212000,META,2025-04-22 21:20:00+00:00,1,6,189.81018981018892,4.151364417642956,0.3133161334558129,3.796250973556206,31.171440456020417,2025-04-22 21:05:00+00:00,2025-04-22 21:20:00+00:00,2025-04-22 21:25:00+00:00,2025-04-22 22:20:00+00:00,0.0091930133098845,0.0199017782882489,continuation,over_cap_or_below_cutoff,0.6288530138323032
META_20250424_200000,META,2025-04-24 20:00:00+00:00,1,10,275.51882805898043,4.716228021914728,2.5565112001786074,13.11057919638972,11.4275050410337,2025-04-24 19:45:00+00:00,2025-04-24 20:00:00+00:00,2025-04-24 20:05:00+00:00,2025-04-24 21:00:00+00:00,0.0275518828058971,0.0081700541014768,continuation,over_cap_or_below_cutoff,0.688196732960282
META_20250425_132500,META,2025-04-25 13:25:00+00:00,-1,17,128.5855588526186,4.2598687893177045,207.15861580252744,5.146176378891625,0.6848160001430295,2025-04-25 13:10:00+00:00,2025-04-25 13:25:00+00:00,2025-04-25 13:30:00+00:00,2025-04-25 14:25:00+00:00,-0.0038161115793082,-0.0127629964659135,continuation,over_cap_or_below_cutoff,0.5528623394361558
META_20250429_103500,META,2025-04-29 10:35:00+00:00,-1,5,108.22391913420492,4.905037425167032,5.90662776156732,7.692660760126404,7.317449159593762,2025-04-29 10:20:00+00:00,2025-04-29 10:35:00+00:00,2025-04-29 10:40:00+00:00,2025-04-29 11:35:00+00:00,-0.0031728764391261,-0.0005456529647143,unclear,over_cap_or_below_cutoff,0.5481258549771072
META_20250430_121500,META,2025-04-30 12:15:00+00:00,-1,6,115.74074074073516,5.351543678891059,18.420212765957448,9.458917325546452,1.1599697170184975,2025-04-30 12:00:00+00:00,2025-04-30 12:15:00+00:00,2025-04-30 12:20:00+00:00,2025-04-30 13:15:00+00:00,-0.0036463081130355,-0.0128087831655993,continuation,over_cap_or_below_cutoff,0.6013209271591726
META_20250430_132500,META,2025-04-30 13:25:00+00:00,-1,5,120.88838909193322,4.651983061857906,338.8250560717719,14.89970522888734,0.3679085608949178,2025-04-30 13:10:00+00:00,2025-04-30 13:25:00+00:00,2025-04-30 13:30:00+00:00,2025-04-30 14:25:00+00:00,-0.0046087214037165,1.8594618717227007e-05,unclear,low_strength_unclear,0.5748929841305627
META_20250501_125500,META,2025-05-01 12:55:00+00:00,1,21,257.9990986931113,4.4630277610101965,177.00197899223627,10.779394177903717,0.7466585185313016,2025-05-01 12:40:00+00:00,2025-05-01 12:55:00+00:00,2025-05-01 13:00:00+00:00,2025-05-01 13:55:00+00:00,0.0044414075845575,-0.0297619047619047,reversal,over_cap_or_below_cutoff,0.6860484167887381
META_20250502_123000,META,2025-05-02 12:30:00+00:00,1,5,149.26357593024298,4.1103432167299285,33.58267548538511,8.48436665955782,0.3812235121788708,2025-05-02 12:15:00+00:00,2025-05-02 12:30:00+00:00,2025-05-02 12:35:00+00:00,2025-05-02 13:30:00+00:00,0.0074457977023407,-0.0022674737636324,unclear,low_strength_unclear,0.49748586718133864
META_20250506_220000,META,2025-05-06 22:00:00+00:00,1,3,146.40321614918017,4.119374570771237,0.3244489771066731,7.959841575752401,35.81573244994517,2025-05-06 21:45:00+00:00,2025-05-06 22:00:00+00:00,2025-05-06 22:05:00+00:00,2025-05-06 23:00:00+00:00,0.0105239316239316,0.0030051263920805,continuation,over_cap_or_below_cutoff,0.5006440758138554
META_20250515_191500,META,2025-05-15 19:15:00+00:00,-1,5,158.85394327425084,4.280283778975594,15.04748951738392,7.590222759755579,0.9400214414616764,2025-05-15 19:00:00+00:00,2025-05-15 19:15:00+00:00,2025-05-15 19:20:00+00:00,2025-05-15 20:15:00+00:00,-0.0053686440275119,-0.0092771386174866,continuation,over_cap_or_below_cutoff,0.581761164465221
META_20250516_141500,META,2025-05-16 14:15:00+00:00,1,7,113.02358720515882,4.177729952042736,80.36283861121709,5.29348489526868,0.232293813914517,2025-05-16 14:00:00+00:00,2025-05-16 14:15:00+00:00,2025-05-16 14:20:00+00:00,2025-05-16 15:15:00+00:00,0.0035703051273987,-0.0105474320999263,reversal,over_cap_or_below_cutoff,0.4363543116594275
META_20250519_133000,META,2025-05-19 13:30:00+00:00,1,7,119.6172248803773,4.957399156313105,308.78935233703623,10.727152472666909,0.0608534049640185,2025-05-19 13:15:00+00:00,2025-05-19 13:30:00+00:00,2025-05-19 13:35:00+00:00,2025-05-19 14:30:00+00:00,0.0081736842105264,0.0092704780336922,continuation,over_cap_or_below_cutoff,0.5575740777604028
META_20250521_133000,META,2025-05-21 13:30:00+00:00,1,6,149.46427439295195,5.849279086463312,463.6419001218027,42.3141439793379,0.0444736186836726,2025-05-21 13:15:00+00:00,2025-05-21 13:30:00+00:00,2025-05-21 13:35:00+00:00,2025-05-21 14:30:00+00:00,0.0062361331220284,0.0086544291935395,continuation,over_cap_or_below_cutoff,0.7250970684599085
META_20250523_114000,META,2025-05-23 11:40:00+00:00,-1,8,117.25533304655976,4.644680719454697,67.85556202679092,57.73483612134419,0.9507924171848564,2025-05-23 11:20:00+00:00,2025-05-23 11:40:00+00:00,2025-05-23 11:45:00+00:00,2025-05-23 12:40:00+00:00,-0.0078740157480314,-0.011190476190476,continuation,over_cap_or_below_cutoff,0.5540847606115105
META_20250528_133000,META,2025-05-28 13:30:00+00:00,1,6,133.2481376429917,5.230872946587882,727.0588235294117,89.9171131904501,0.0488892042094774,2025-05-28 13:15:00+00:00,2025-05-28 13:30:00+00:00,2025-05-28 13:35:00+00:00,2025-05-28 14:30:00+00:00,0.0115699259836383,-0.0065621750683559,reversal,over_cap_or_below_cutoff,0.7132973283244011
META_20250603_133000,META,2025-06-03 13:30:00+00:00,-1,4,109.51067346765876,5.342845620689023,493.2598187311178,33.068736835796344,0.0647050876068792,2025-06-03 13:15:00+00:00,2025-06-03 13:30:00+00:00,2025-06-03 13:35:00+00:00,2025-06-03 14:30:00+00:00,-0.0041211039202558,-0.001725477307359,unclear,low_strength_unclear,0.6228509608717565
META_20250609_133500,META,2025-06-09 13:35:00+00:00,1,6,78.14249243502269,4.113842356050617,274.9086348978861,30.79086208154945,0.0903466830857891,2025-06-09 13:20:00+00:00,2025-06-09 13:35:00+00:00,2025-06-09 13:40:00+00:00,2025-06-09 14:35:00+00:00,0.0065329512893981,0.0002917900250511,unclear,low_strength_unclear,0.40820728234806963
META_20250620_134000,META,2025-06-20 13:40:00+00:00,-1,8,61.566788457663165,4.552472648834136,270.4995794785534,14.41216855236126,0.0575773180739045,2025-06-20 13:25:00+00:00,2025-06-20 13:40:00+00:00,2025-06-20 13:45:00+00:00,2025-06-20 14:40:00+00:00,-0.0055209210094583,-0.0122292354038158,continuation,over_cap_or_below_cutoff,0.4105802579075621
META_20250623_133000,META,2025-06-23 13:30:00+00:00,-1,8,83.78656475084068,4.608669520504123,760.1426146010186,70.91410117719894,0.0756530531116925,2025-06-23 13:15:00+00:00,2025-06-23 13:30:00+00:00,2025-06-23 13:35:00+00:00,2025-06-23 14:30:00+00:00,-0.0083090379008746,0.0129942672350433,reversal,over_cap_or_below_cutoff,0.5771877788280185
META_20250626_135500,META,2025-06-26 13:55:00+00:00,1,5,83.31987954767195,4.390292618622855,335.37412935323385,34.92406115657075,0.0519180457679099,2025-06-26 13:40:00+00:00,2025-06-26 13:55:00+00:00,2025-06-26 14:00:00+00:00,2025-06-26 14:55:00+00:00,0.0057794338228105,0.0025941060794132,unclear,low_strength_unclear,0.45288519550234624
META_20250701_142500,META,2025-07-01 14:25:00+00:00,-1,11,100.20040080160442,5.143606782632608,211.1407787762088,26.79944403467733,0.1606056751644216,2025-07-01 14:10:00+00:00,2025-07-01 14:25:00+00:00,2025-07-01 14:30:00+00:00,2025-07-01 15:25:00+00:00,-0.0055371136264692,-0.0110264443137202,continuation,over_cap_or_below_cutoff,0.5221836896683434
META_20250703_132500,META,2025-07-03 13:25:00+00:00,1,11,82.2797956159893,4.156728207776964,786.9921778509674,51.38002821448076,0.4871707455116052,2025-07-03 13:10:00+00:00,2025-07-03 13:25:00+00:00,2025-07-03 13:30:00+00:00,2025-07-03 14:25:00+00:00,0.007179487179487,-0.0155226509605328,reversal,over_cap_or_below_cutoff,0.5801053083469805
META_20250707_134000,META,2025-07-07 13:40:00+00:00,1,4,103.09565993778192,5.036359483384776,11.876612882538543,7.125889642818125,1.4110593750417426,2025-07-07 13:25:00+00:00,2025-07-07 13:40:00+00:00,2025-07-07 13:45:00+00:00,2025-07-07 14:40:00+00:00,0.0054636801339753,0.007682538360642,continuation,over_cap_or_below_cutoff,0.5510850800485951
META_20250709_133000,META,2025-07-09 13:30:00+00:00,1,9,91.00590570239488,5.605015200715587,601.2412523020258,39.19809453111705,0.092877670582245,2025-07-09 13:15:00+00:00,2025-07-09 13:30:00+00:00,2025-07-09 13:35:00+00:00,2025-07-09 14:30:00+00:00,0.0054065265486724,0.0070622051684063,continuation,over_cap_or_below_cutoff,0.6445464261873314
META_20250710_134000,META,2025-07-10 13:40:00+00:00,-1,6,72.68972781196759,5.445637267886332,570.6208955223881,72.75080719266941,0.0590768679014797,2025-07-10 13:25:00+00:00,2025-07-10 13:40:00+00:00,2025-07-10 13:45:00+00:00,2025-07-10 14:40:00+00:00,-0.0050578232222433,-0.005846065069246,continuation,over_cap_or_below_cutoff,0.5870186630420285
META_20250714_133000,META,2025-07-14 13:30:00+00:00,1,2,65.73621772505422,4.866779945441857,435.045923149016,39.05505238429987,0.0808447397936531,2025-07-14 13:10:00+00:00,2025-07-14 13:30:00+00:00,2025-07-14 13:35:00+00:00,2025-07-14 14:30:00+00:00,0.0060295153385825,-0.0013812825798749,unclear,low_strength_unclear,0.39173547167968525
META_20250715_133000,META,2025-07-15 13:30:00+00:00,-1,5,79.96836141411111,4.766649075791282,587.6233894945491,85.37908898682943,0.0629347116414966,2025-07-15 13:15:00+00:00,2025-07-15 13:30:00+00:00,2025-07-15 13:35:00+00:00,2025-07-15 14:30:00+00:00,-0.0079333940888371,-0.0057874749746877,continuation,over_cap_or_below_cutoff,0.5487729371828022
META_20250716_133000,META,2025-07-16 13:30:00+00:00,-1,7,91.12100021190672,5.66030664419255,369.3262861169838,45.64278445142612,0.1622904292533526,2025-07-16 13:15:00+00:00,2025-07-16 13:30:00+00:00,2025-07-16 13:35:00+00:00,2025-07-16 14:30:00+00:00,-0.0076335450653384,-0.0019794609775491,unclear,low_strength_unclear,0.5926694855312942
META_20250721_133000,META,2025-07-21 13:30:00+00:00,1,5,106.4938006001248,5.500866205587142,632.4795737122557,86.77054478510543,0.0761481677357017,2025-07-21 13:15:00+00:00,2025-07-21 13:30:00+00:00,2025-07-21 13:35:00+00:00,2025-07-21 14:30:00+00:00,0.0064922206506365,0.0036959485096754,continuation,over_cap_or_below_cutoff,0.6701572584216038
META_20250722_133000,META,2025-07-22 13:30:00+00:00,-1,10,125.03552145495922,5.786271515194327,364.550135501355,57.51516454880889,0.1441550353950185,2025-07-22 13:15:00+00:00,2025-07-22 13:30:00+00:00,2025-07-22 13:35:00+00:00,2025-07-22 14:30:00+00:00,-0.0080360752171064,-0.0088389249956085,continuation,over_cap_or_below_cutoff,0.659818137588707
META_20250731_132500,META,2025-07-31 13:25:00+00:00,1,9,154.92227979273966,4.609944228190978,260.8485957818818,11.05110591903397,0.4835803160481877,2025-07-31 13:10:00+00:00,2025-07-31 13:25:00+00:00,2025-07-31 13:30:00+00:00,2025-07-31 14:25:00+00:00,0.0034253658032159,0.0025763567738861,unclear,low_strength_unclear,0.6221533428714618
META_20250801_133000,META,2025-08-01 13:30:00+00:00,-1,9,108.13367801082664,4.131304179668116,421.2966360856269,13.31924514646169,0.0653181991999488,2025-08-01 13:15:00+00:00,2025-08-01 13:30:00+00:00,2025-08-01 13:35:00+00:00,2025-08-01 14:30:00+00:00,-0.0038549277266753,-0.0005558879802614,unclear,low_strength_unclear,0.5003775143941105
META_20250805_134500,META,2025-08-05 13:45:00+00:00,1,3,69.37658557943705,4.204412503582041,253.99131886477463,15.628735691740385,0.0642635428950931,2025-08-05 13:30:00+00:00,2025-08-05 13:45:00+00:00,2025-08-05 13:50:00+00:00,2025-08-05 14:45:00+00:00,0.0062892270378707,-0.0153373674696478,reversal,near_duplicate,0.3417237175328425
META_20250805_142000,META,2025-08-05 14:20:00+00:00,-1,11,89.10734597954884,4.399364441553263,161.63711227010705,12.258747001776587,0.114188233601214,2025-08-05 14:05:00+00:00,2025-08-05 14:20:00+00:00,2025-08-05 14:25:00+00:00,2025-08-05 15:20:00+00:00,-0.0045641025641024,-0.0126861058162897,continuation,over_cap_or_below_cutoff,0.4224926512138969
META_20250812_123000,META,2025-08-12 12:30:00+00:00,1,3,85.11986239712056,4.433780086359382,1.9105810535835408,9.79598094434308,6.878426842775775,2025-08-12 12:10:00+00:00,2025-08-12 12:30:00+00:00,2025-08-12 12:35:00+00:00,2025-08-12 13:30:00+00:00,0.0083452862172381,0.0146904176904179,continuation,over_cap_or_below_cutoff,0.41887226484225865
META_20250814_123000,META,2025-08-14 12:30:00+00:00,-1,3,73.72498386056137,4.374072775084018,14.85242951409718,24.129918761924497,3.835391893316297,2025-08-14 12:15:00+00:00,2025-08-14 12:30:00+00:00,2025-08-14 12:35:00+00:00,2025-08-14 13:30:00+00:00,-0.0063297626979653,-0.0009284332688588,unclear,over_cap_or_below_cutoff,0.39774348444770313
META_20250815_140000,META,2025-08-15 14:00:00+00:00,1,4,92.21200476673408,4.995890289223215,306.7530288909599,10.65346267106724,0.0490279637939346,2025-08-15 13:45:00+00:00,2025-08-15 14:00:00+00:00,2025-08-15 14:05:00+00:00,2025-08-15 15:00:00+00:00,0.0070725079966054,0.0021205752772572,unclear,low_strength_unclear,0.5105330549618181
META_20250819_132500,META,2025-08-19 13:25:00+00:00,1,4,104.66585918163406,4.5755036433016825,480.40121054907047,41.55358472270779,0.2962228433601537,2025-08-19 13:10:00+00:00,2025-08-19 13:25:00+00:00,2025-08-19 13:30:00+00:00,2025-08-19 14:25:00+00:00,0.0041473689719233,-0.0155437714166589,reversal,over_cap_or_below_cutoff,0.5714198731918609
META_20250820_133000,META,2025-08-20 13:30:00+00:00,-1,6,111.91690067885672,4.491619303061267,483.60588657573584,27.84848487581361,0.048975335726335,2025-08-20 13:15:00+00:00,2025-08-20 13:30:00+00:00,2025-08-20 13:35:00+00:00,2025-08-20 14:30:00+00:00,-0.0072651859780572,-0.0069881531598313,continuation,over_cap_or_below_cutoff,0.552347830322032
META_20250822_133500,META,2025-08-22 13:35:00+00:00,1,12,149.33546058057522,5.361491685316184,538.24375,54.848172080575,0.1305337070752965,2025-08-22 13:20:00+00:00,2025-08-22 13:35:00+00:00,2025-08-22 13:40:00+00:00,2025-08-22 14:35:00+00:00,0.003054054054054,0.0119499905693423,continuation,over_cap_or_below_cutoff,0.7140444718299095
META_20250827_134000,META,2025-08-27 13:40:00+00:00,-1,3,79.8169495607648,4.965313434874151,119.6181685693466,13.278497417945276,0.7711277554610725,2025-08-27 13:25:00+00:00,2025-08-27 13:40:00+00:00,2025-08-27 13:45:00+00:00,2025-08-27 14:40:00+00:00,-0.0038476874003189,0.0013474226322707,unclear,low_strength_unclear,0.459957941681313
META_20250829_134500,META,2025-08-29 13:45:00+00:00,-1,4,78.53731906829032,4.059429436854257,211.44914215686276,17.937360972182336,0.0679267067906623,2025-08-29 13:30:00+00:00,2025-08-29 13:45:00+00:00,2025-08-29 13:50:00+00:00,2025-08-29 14:45:00+00:00,-0.0077925314539145,-0.0018624896051958,unclear,low_strength_unclear,0.38457254747812786
META_20250905_141500,META,2025-09-05 14:15:00+00:00,-1,3,79.77855555408198,4.100710646959978,166.04232804232805,17.880107420553042,0.3568424315198172,2025-09-05 14:00:00+00:00,2025-09-05 14:15:00+00:00,2025-09-05 14:20:00+00:00,2025-09-05 15:15:00+00:00,-0.0063954486054094,-0.0035603972234216,continuation,over_cap_or_below_cutoff,0.3578491918931685
META_20250909_134000,META,2025-09-09 13:40:00+00:00,1,5,74.68008399033499,4.24300475470044,275.84752981260647,38.31761627711412,0.2208184715692518,2025-09-09 13:25:00+00:00,2025-09-09 13:40:00+00:00,2025-09-09 13:45:00+00:00,2025-09-09 14:40:00+00:00,0.0057067371202115,-0.0006567540587401,unclear,low_strength_unclear,0.42666595692249343
META_20250912_132500,META,2025-09-12 13:25:00+00:00,-1,8,80.89399264843865,4.867990368007799,199.3287037037037,23.639693343377047,1.6392827065068785,2025-09-12 13:10:00+00:00,2025-09-12 13:25:00+00:00,2025-09-12 13:30:00+00:00,2025-09-12 14:25:00+00:00,-0.003193612774451,0.0005539981310906,unclear,low_strength_unclear,0.5495700581980287
META_20250915_121500,META,2025-09-15 12:15:00+00:00,-1,3,98.04182762754854,4.251283533583694,35.06721536351166,41.79421630144682,1.9611468348445156,2025-09-15 12:00:00+00:00,2025-09-15 12:15:00+00:00,2025-09-15 12:20:00+00:00,2025-09-15 13:15:00+00:00,-0.0075277337559429,0.0,unclear,low_strength_unclear,0.43542102759468504
META_20250916_133500,META,2025-09-16 13:35:00+00:00,1,7,84.22095615556069,5.071101198793935,329.8715596330275,46.02398109765065,0.1237157058036725,2025-09-16 13:20:00+00:00,2025-09-16 13:35:00+00:00,2025-09-16 13:40:00+00:00,2025-09-16 14:35:00+00:00,0.003129074315515,-0.0026514166883284,unclear,low_strength_unclear,0.5168083367004821
META_20250917_133500,META,2025-09-17 13:35:00+00:00,-1,4,92.90770046971096,5.235832922003041,200.4390581717452,35.795502668420895,0.1194717930272637,2025-09-17 13:20:00+00:00,2025-09-17 13:35:00+00:00,2025-09-17 13:40:00+00:00,2025-09-17 14:35:00+00:00,-0.0071475454755881,-1.2944816248361413e-05,unclear,low_strength_unclear,0.5096835285426347
META_20250918_113500,META,2025-09-18 11:35:00+00:00,-1,4,71.43133462282236,4.123955797382832,48.320778405524166,30.23694946559728,7.0391870260682605,2025-09-18 11:20:00+00:00,2025-09-18 11:35:00+00:00,2025-09-18 11:40:00+00:00,2025-09-18 12:40:00+00:00,-0.0034468619461315,0.0027258817327349,unclear,over_cap_or_below_cutoff,0.42965522673217693
META_20250918_132500,META,2025-09-18 13:25:00+00:00,1,8,140.2275877631265,4.096924916683884,184.98589796764827,19.87946541706257,0.9477679392647372,2025-09-18 13:10:00+00:00,2025-09-18 13:25:00+00:00,2025-09-18 13:30:00+00:00,2025-09-18 14:25:00+00:00,0.0055362430796961,0.0088605633802818,continuation,over_cap_or_below_cutoff,0.5813068344362129
META_20250923_133000,META,2025-09-23 13:30:00+00:00,-1,11,87.86539545985406,5.39668191236986,486.45759817871374,60.13280306455008,0.1708175989104976,2025-09-23 13:15:00+00:00,2025-09-23 13:30:00+00:00,2025-09-23 13:35:00+00:00,2025-09-23 14:30:00+00:00,-0.0051855348266398,0.0025009159030215,unclear,low_strength_unclear,0.598264923385373
META_20250925_133000,META,2025-09-25 13:30:00+00:00,-1,4,97.8932829115875,5.482043902518706,694.2876775080165,24.448500956987587,0.0504097352984907,2025-09-25 13:15:00+00:00,2025-09-25 13:30:00+00:00,2025-09-25 13:35:00+00:00,2025-09-25 14:30:00+00:00,-0.0030319546687485,-0.0045846530568789,continuation,over_cap_or_below_cutoff,0.6677441064378054
META_20251008_134000,META,2025-10-08 13:40:00+00:00,-1,6,78.12996252302584,4.934088177664473,275.75993237531696,39.16609552221476,0.0784626583654634,2025-10-08 13:25:00+00:00,2025-10-08 13:40:00+00:00,2025-10-08 13:45:00+00:00,2025-10-08 14:40:00+00:00,-0.0077524265725451,0.0085681819785867,reversal,over_cap_or_below_cutoff,0.4750663363623316
META_20251009_134500,META,2025-10-09 13:45:00+00:00,-1,4,84.65031026786862,4.728326378582666,187.27674500175377,21.85391047409124,0.0516645878853903,2025-10-09 13:30:00+00:00,2025-10-09 13:45:00+00:00,2025-10-09 13:50:00+00:00,2025-10-09 14:45:00+00:00,-0.0083939757615277,0.0072506838485808,reversal,over_cap_or_below_cutoff,0.44237723289399555
META_20251020_134000,META,2025-10-20 13:40:00+00:00,1,6,98.99758036640448,4.50704929985259,281.81687155574394,21.97724947340799,0.0674369462812276,2025-10-20 13:25:00+00:00,2025-10-20 13:40:00+00:00,2025-10-20 13:45:00+00:00,2025-10-20 14:40:00+00:00,0.0044836523402309,0.0094433214440941,continuation,over_cap_or_below_cutoff,0.4771168285752232
META_20251023_133500,META,2025-10-23 13:35:00+00:00,1,5,87.94619762027223,5.11292581580711,394.98523985239854,244.549551010342,0.0387070630147483,2025-10-23 13:20:00+00:00,2025-10-23 13:35:00+00:00,2025-10-23 13:40:00+00:00,2025-10-23 14:35:00+00:00,0.00414225371304,0.004773794338752,continuation,over_cap_or_below_cutoff,0.5359164589500309
META_20251029_134000,META,2025-10-29 13:40:00+00:00,-1,2,86.82864877511243,5.5971136425179,173.90181234228035,13.132102107957255,0.0537466941834915,2025-10-29 13:25:00+00:00,2025-10-29 13:40:00+00:00,2025-10-29 13:45:00+00:00,2025-10-29 14:40:00+00:00,-0.0086081217197688,0.0013168009090605,unclear,low_strength_unclear,0.41466415568020065
META_20251029_194500,META,2025-10-29 19:45:00+00:00,1,12,867.8566287606171,5.105099892574341,9.828038384497136,54.56216567870433,9.697039004230806,2025-10-29 19:30:00+00:00,2025-10-29 19:45:00+00:00,2025-10-29 19:50:00+00:00,2025-10-29 20:45:00+00:00,0.0097278478893985,-0.0743810420506836,reversal,over_cap_or_below_cutoff,0.7318043761695643
META_20251030_131500,META,2025-10-30 13:15:00+00:00,-1,10,224.57527626924104,5.070154739284479,175.34993199875927,9.652549789782007,0.6788150845164381,2025-10-30 13:00:00+00:00,2025-10-30 13:15:00+00:00,2025-10-30 13:20:00+00:00,2025-10-30 14:15:00+00:00,-0.0061105521690241,-0.0115370301451432,continuation,over_cap_or_below_cutoff,0.7287556395630881
META_20251031_124500,META,2025-10-31 12:45:00+00:00,-1,3,74.27777196573837,4.291616366206311,12.530725925925926,5.030919898337393,0.7988522031697676,2025-10-31 12:30:00+00:00,2025-10-31 12:45:00+00:00,2025-10-31 12:50:00+00:00,2025-10-31 13:45:00+00:00,-0.0048295631305275,-0.0205053843585429,continuation,near_duplicate,0.3677970030814502
META_20251103_143000,META,2025-11-03 14:30:00+00:00,-1,11,130.50599639232053,5.07973394500892,188.21723167298984,9.39943245976845,0.2364884830239512,2025-11-03 14:15:00+00:00,2025-11-03 14:30:00+00:00,2025-11-03 14:35:00+00:00,2025-11-03 15:30:00+00:00,-0.0042346418071866,-0.0094996252160745,continuation,over_cap_or_below_cutoff,0.5720626670279725
META_20251107_142500,META,2025-11-07 14:25:00+00:00,1,9,129.859455905319,4.457111371082653,150.14559547501833,9.557397220469074,1.33187290463106,2025-11-07 14:10:00+00:00,2025-11-07 14:25:00+00:00,2025-11-07 14:30:00+00:00,2025-11-07 15:25:00+00:00,0.0053017944535074,-0.0156707505070994,reversal,over_cap_or_below_cutoff,0.5885420224873747
META_20251111_113000,META,2025-11-11 11:30:00+00:00,-1,3,125.88829222804688,4.187020931665182,20.623809523809523,30.436078438009684,2.32368688095566,2025-11-11 11:15:00+00:00,2025-11-11 11:30:00+00:00,2025-11-11 11:35:00+00:00,2025-11-11 12:30:00+00:00,-0.0124323208586715,0.0038908003472779,reversal,over_cap_or_below_cutoff,0.4761825809453157
META_20251112_143000,META,2025-11-12 14:30:00+00:00,-1,15,122.82686306128944,7.053643405885391,497.5954123962909,16.73234930516489,0.0785728431706316,2025-11-12 14:15:00+00:00,2025-11-12 14:30:00+00:00,2025-11-12 14:35:00+00:00,2025-11-12 15:30:00+00:00,-0.0076597364289453,-0.0199483811167576,continuation,over_cap_or_below_cutoff,0.7172392192459602
META_20251119_143000,META,2025-11-19 14:30:00+00:00,-1,8,121.43391478799391,5.669175892878489,330.5672137193436,12.441050887507062,0.0552183870258682,2025-11-19 14:15:00+00:00,2025-11-19 14:30:00+00:00,2025-11-19 14:35:00+00:00,2025-11-19 15:30:00+00:00,-0.010273627664932,0.0048678720445063,reversal,over_cap_or_below_cutoff,0.6251075600223583
META_20251126_120000,META,2025-11-26 12:00:00+00:00,-1,6,68.45849802371573,4.260685993199399,8.26458938473726,9.297978681774238,1.9105894989082288,2025-11-26 11:45:00+00:00,2025-11-26 12:00:00+00:00,2025-11-26 12:05:00+00:00,2025-11-26 13:00:00+00:00,-0.0038947631858849,-0.0035488277876356,continuation,over_cap_or_below_cutoff,0.42496494275370666
META_20251128_144000,META,2025-11-28 14:40:00+00:00,1,4,66.55831920105548,4.794958664107584,400.3308763308763,16.25609988045353,0.0401325674884457,2025-11-28 14:25:00+00:00,2025-11-28 14:40:00+00:00,2025-11-28 14:45:00+00:00,2025-11-28 15:40:00+00:00,0.0064309748427673,0.0051397451702501,continuation,over_cap_or_below_cutoff,0.4734251774343862
META_20251202_142500,META,2025-12-02 14:25:00+00:00,-1,6,81.62535897114908,5.187434910560632,515.6617142857143,15.528476513029243,0.7959520384351312,2025-12-02 14:10:00+00:00,2025-12-02 14:25:00+00:00,2025-12-02 14:30:00+00:00,2025-12-02 15:25:00+00:00,-0.0052965773579062,-4.281621722601603e-05,unclear,low_strength_unclear,0.6432655928625272
META_20251203_140000,META,2025-12-03 14:00:00+00:00,-1,5,97.32451361867732,6.456446260663264,63.371112646855565,21.509484088345783,1.2603315795715977,2025-12-03 13:45:00+00:00,2025-12-03 14:00:00+00:00,2025-12-03 14:05:00+00:00,2025-12-03 15:00:00+00:00,-0.0053340733203834,0.0042002479851208,reversal,over_cap_or_below_cutoff,0.6486553945288565
META_20251204_113000,META,2025-12-04 11:30:00+00:00,1,3,60.424842708528544,4.063021663917725,22.361462248035533,18.844819490088287,1.506857958837302,2025-12-04 11:15:00+00:00,2025-12-04 11:30:00+00:00,2025-12-04 11:35:00+00:00,2025-12-04 12:30:00+00:00,0.0060424842708528,-0.0026315789473685,unclear,low_strength_unclear,0.348007945255716
META_20251205_142000,META,2025-12-05 14:20:00+00:00,-1,13,94.94952525237466,4.888451644718793,287.20656226696497,16.145226683474725,1.0838151147366486,2025-12-05 14:05:00+00:00,2025-12-05 14:20:00+00:00,2025-12-05 14:25:00+00:00,2025-12-05 15:20:00+00:00,-0.0032221381833401,0.0178771287697754,reversal,over_cap_or_below_cutoff,0.6003182800822329
META_20251208_143000,META,2025-12-08 14:30:00+00:00,1,6,97.66123104157032,4.730681457200704,380.66206420434935,22.591189456742065,0.0881172963886126,2025-12-08 14:15:00+00:00,2025-12-08 14:30:00+00:00,2025-12-08 14:35:00+00:00,2025-12-08 15:30:00+00:00,0.0038345854794006,-0.0059277967612538,reversal,over_cap_or_below_cutoff,0.5226624699491904
META_20251209_143000,META,2025-12-09 14:30:00+00:00,-1,7,113.87021539306376,5.068675370334912,572.6554762903903,31.46741597195626,0.0531491357851458,2025-12-09 14:15:00+00:00,2025-12-09 14:30:00+00:00,2025-12-09 14:35:00+00:00,2025-12-09 15:30:00+00:00,-0.0095327807083648,0.0002434663521895,unclear,low_strength_unclear,0.6285347129422766
META_20251217_130000,META,2025-12-17 13:00:00+00:00,-1,1,67.14276994445268,4.895675716306108,43.69923932124049,23.65300281039956,0.5320220024442317,2025-12-17 12:45:00+00:00,2025-12-17 13:00:00+00:00,2025-12-17 13:05:00+00:00,2025-12-17 14:00:00+00:00,-0.0066694961498817,0.0031129829701519,reversal,over_cap_or_below_cutoff,0.28590020019398377
META_20251223_143500,META,2025-12-23 14:35:00+00:00,1,5,60.53801453519636,4.585919991898408,313.3165137614679,17.19729419629693,0.0768073346794024,2025-12-23 14:20:00+00:00,2025-12-23 14:35:00+00:00,2025-12-23 14:40:00+00:00,2025-12-23 15:35:00+00:00,0.0040292041564422,0.0001961257618732,unclear,low_strength_unclear,0.42533793105594064
META_20251230_143000,META,2025-12-30 14:30:00+00:00,1,9,106.42168455521129,4.091171930146586,893.0644122383253,45.64200843339487,0.0671713229961665,2025-12-30 14:15:00+00:00,2025-12-30 14:30:00+00:00,2025-12-30 14:35:00+00:00,2025-12-30 15:30:00+00:00,0.0106421684555211,-0.0015450154501545,unclear,over_cap_or_below_cutoff,0.5734716092183815
META_20251231_143000,META,2025-12-31 14:30:00+00:00,-1,3,66.68539173137145,6.08035998704477,592.1152597402597,17.911547851017374,0.0225465002107113,2025-12-31 14:15:00+00:00,2025-12-31 14:30:00+00:00,2025-12-31 14:35:00+00:00,2025-12-31 15:30:00+00:00,-0.0048420736739441,-0.0002759252920963,unclear,low_strength_unclear,0.5810481383524069
META_20260105_143000,META,2026-01-05 14:30:00+00:00,1,8,114.97042783623846,6.558439790144575,409.3277545327754,26.15567425446856,0.0833385299535507,2026-01-05 14:15:00+00:00,2026-01-05 14:30:00+00:00,2026-01-05 14:35:00+00:00,2026-01-05 15:30:00+00:00,0.0056288725517044,0.0141314782023382,continuation,over_cap_or_below_cutoff,0.6795298901782139
META_20260106_143500,META,2026-01-06 14:35:00+00:00,-1,6,86.0632557286367,5.228152578056156,407.6074014481094,20.220134672239368,0.0982363108967054,2026-01-06 14:20:00+00:00,2026-01-06 14:35:00+00:00,2026-01-06 14:40:00+00:00,2026-01-06 15:35:00+00:00,-0.005532056821455,0.0041831755241545,reversal,over_cap_or_below_cutoff,0.5518220886159221
META_20260107_144500,META,2026-01-07 14:45:00+00:00,-1,7,111.1111111111085,5.994859346102691,482.2165137614679,16.605265389301273,0.0393648082619993,2026-01-07 14:30:00+00:00,2026-01-07 14:45:00+00:00,2026-01-07 14:50:00+00:00,2026-01-07 15:45:00+00:00,-0.0046244181447564,-0.0097273588654216,continuation,over_cap_or_below_cutoff,0.6739533572971441
META_20260108_143000,META,2026-01-08 14:30:00+00:00,-1,3,139.4647568790064,5.631701467156609,948.873473917869,54.09631644781692,0.0606456566851888,2026-01-08 14:15:00+00:00,2026-01-08 14:30:00+00:00,2026-01-08 14:35:00+00:00,2026-01-08 15:30:00+00:00,-0.01107239643825,0.0047212652677732,reversal,over_cap_or_below_cutoff,0.7086860688297821
META_20260113_143000,META,2026-01-13 14:30:00+00:00,-1,11,124.1006793629551,6.543102144531722,560.0604496866937,22.88086321199854,0.0621360517467296,2026-01-13 14:15:00+00:00,2026-01-13 14:30:00+00:00,2026-01-13 14:35:00+00:00,2026-01-13 15:30:00+00:00,-0.0068764568764567,-0.0192543911121544,continuation,over_cap_or_below_cutoff,0.7349864189939634
META_20260114_143500,META,2026-01-14 14:35:00+00:00,-1,7,69.72093885811992,4.295638621750327,269.8307189542484,11.92719129381368,0.1235453953707375,2026-01-14 14:20:00+00:00,2026-01-14 14:35:00+00:00,2026-01-14 14:40:00+00:00,2026-01-14 15:35:00+00:00,-0.0037265130603448,-0.006197255272471,continuation,over_cap_or_below_cutoff,0.4104396999691825
META_20260121_141000,META,2026-01-21 14:10:00+00:00,1,7,89.48285880302498,4.3790180900041085,413.3703703703704,11.187387256262516,0.4644419703605036,2026-01-21 13:55:00+00:00,2026-01-21 14:10:00+00:00,2026-01-21 14:15:00+00:00,2026-01-21 15:10:00+00:00,0.0037637217128376,-0.005585994701943,reversal,over_cap_or_below_cutoff,0.5274265910126821
META_20260122_113000,META,2026-01-22 11:30:00+00:00,1,4,115.5601592593758,4.6864941162783085,17.824747231584016,21.933342106950647,1.622759621136676,2026-01-22 11:15:00+00:00,2026-01-22 11:30:00+00:00,2026-01-22 11:35:00+00:00,2026-01-22 12:30:00+00:00,0.0081095517894429,0.0030667951188183,continuation,over_cap_or_below_cutoff,0.5469268051288896
META_20260127_143000,META,2026-01-27 14:30:00+00:00,-1,12,85.15287110339331,5.35918146109594,489.3802643713496,18.441535247247444,0.2187767734657573,2026-01-27 14:15:00+00:00,2026-01-27 14:30:00+00:00,2026-01-27 14:35:00+00:00,2026-01-27 15:30:00+00:00,-0.0040634129702954,0.0003201453310897,unclear,low_strength_unclear,0.5961826113797157
META_20260129_141500,META,2026-01-29 14:15:00+00:00,1,7,232.08613391348945,4.644441876715537,274.9386794508608,9.430159829373984,0.1703792501046647,2026-01-29 14:00:00+00:00,2026-01-29 14:15:00+00:00,2026-01-29 14:20:00+00:00,2026-01-29 15:15:00+00:00,0.0034836065573768,-0.0201075488394254,reversal,over_cap_or_below_cutoff,0.6678552517099865
META_20260203_143000,META,2026-02-03 14:30:00+00:00,1,10,98.16124469589128,4.885018638455359,417.04942084942087,24.809622052548853,0.1382084277026994,2026-02-03 14:15:00+00:00,2026-02-03 14:30:00+00:00,2026-02-03 14:35:00+00:00,2026-02-03 15:30:00+00:00,0.0035691523263226,-0.0178105197792737,reversal,over_cap_or_below_cutoff,0.5515791732994548
META_20260204_135000,META,2026-02-04 13:50:00+00:00,-1,19,137.698898408809,4.033335427724047,578.6322686322686,11.426735410541786,0.4936831193812672,2026-02-04 13:35:00+00:00,2026-02-04 13:50:00+00:00,2026-02-04 13:55:00+00:00,2026-02-04 14:50:00+00:00,-0.0047033547694049,-0.0114493239794057,continuation,over_cap_or_below_cutoff,0.6326176277843335
META_20260205_142500,META,2026-02-05 14:25:00+00:00,1,4,176.6413815119483,5.053844006858683,440.9654496446949,15.572611232199664,0.3795528046308942,2026-02-05 14:10:00+00:00,2026-02-05 14:25:00+00:00,2026-02-05 14:30:00+00:00,2026-02-05 15:25:00+00:00,0.0086586662615828,-0.0090662650602408,reversal,over_cap_or_below_cutoff,0.73604199979594
META_20260206_142500,META,2026-02-06 14:25:00+00:00,-1,18,184.6584357078029,4.304167721736226,140.13368381524597,5.6054503452731455,0.8896703950244736,2026-02-06 14:10:00+00:00,2026-02-06 14:25:00+00:00,2026-02-06 14:30:00+00:00,2026-02-06 15:25:00+00:00,-0.0036690378135531,-0.0143544265744776,continuation,over_cap_or_below_cutoff,0.6585491493133964
META_20260209_143000,META,2026-02-09 14:30:00+00:00,1,8,119.70338983051442,4.852432252367355,453.0999595305544,22.09476668048645,0.0498830534934294,2026-02-09 14:15:00+00:00,2026-02-09 14:30:00+00:00,2026-02-09 14:35:00+00:00,2026-02-09 15:30:00+00:00,0.0092332123411977,-0.0079049310285401,reversal,over_cap_or_below_cutoff,0.5876594255834701
META_20260210_144500,META,2026-02-10 14:45:00+00:00,-1,4,78.38529271775086,4.555388690061481,246.78850102669404,9.99575147026118,0.0617221279705826,2026-02-10 14:30:00+00:00,2026-02-10 14:45:00+00:00,2026-02-10 14:50:00+00:00,2026-02-10 15:45:00+00:00,-0.007777564603964,0.0023128867206092,unclear,low_strength_unclear,0.4344422535884483
META_20260212_143000,META,2026-02-12 14:30:00+00:00,-1,25,91.33810321205527,5.216372393858261,530.1755146262188,31.52467624869481,1.6787245179918189,2026-02-12 14:15:00+00:00,2026-02-12 14:30:00+00:00,2026-02-12 14:35:00+00:00,2026-02-12 15:30:00+00:00,-0.0038670335390793,-0.0139305711086227,continuation,over_cap_or_below_cutoff,0.6880298597893697
META_20260217_144000,META,2026-02-17 14:40:00+00:00,-1,16,141.45569620253485,5.002715323195824,147.96997350603473,11.97028453224345,0.2288982340693341,2026-02-17 14:25:00+00:00,2026-02-17 14:40:00+00:00,2026-02-17 14:45:00+00:00,2026-02-17 15:40:00+00:00,-0.0056569571196399,-0.007119283356907,continuation,over_cap_or_below_cutoff,0.5731549647243723
META_20260219_144000,META,2026-02-19 14:40:00+00:00,1,3,75.50007048762409,4.265851871284094,170.82274590163934,8.336995970279474,0.0745432639332339,2026-02-19 14:25:00+00:00,2026-02-19 14:40:00+00:00,2026-02-19 14:45:00+00:00,2026-02-19 15:40:00+00:00,0.0075500070487617,-0.0022076084759728,unclear,low_strength_unclear,0.3357857862299929
META_20260223_142500,META,2026-02-23 14:25:00+00:00,1,7,76.04094512429383,4.229292473195804,741.0264853256979,25.49365775885,0.4297990826528207,2026-02-23 14:10:00+00:00,2026-02-23 14:25:00+00:00,2026-02-23 14:30:00+00:00,2026-02-23 15:25:00+00:00,0.0031362420440919,-0.0051800766283525,reversal,over_cap_or_below_cutoff,0.5690930490642281
META_20260224_142500,META,2026-02-24 14:25:00+00:00,-1,9,122.516109040931,4.053971079851972,306.8144853875477,12.117528198927925,2.0606099951292096,2026-02-24 14:10:00+00:00,2026-02-24 14:25:00+00:00,2026-02-24 14:30:00+00:00,2026-02-24 15:25:00+00:00,-0.0040906230333543,0.0039020537124803,reversal,over_cap_or_below_cutoff,0.585370930297259
META_20260225_143500,META,2026-02-25 14:35:00+00:00,1,5,97.246622409477,5.928312094094194,407.9510328997704,19.35942810976901,0.0440566986361404,2026-02-25 14:20:00+00:00,2026-02-25 14:35:00+00:00,2026-02-25 14:40:00+00:00,2026-02-25 15:35:00+00:00,0.0051755655953458,0.0059845889083551,continuation,over_cap_or_below_cutoff,0.6239695820544104
META_20260227_205000,META,2026-02-27 20:50:00+00:00,1,3,125.79304309779047,4.060809108881237,21.84628299342196,4.134660294930604,1.20703638313995,2026-02-27 20:35:00+00:00,2026-02-27 20:50:00+00:00,2026-02-27 20:55:00+00:00,2026-02-27 21:50:00+00:00,0.0070190714397373,0.003368415627623,continuation,over_cap_or_below_cutoff,0.46320125910256266
META_20260302_142000,META,2026-03-02 14:20:00+00:00,-1,12,194.08488271750235,4.022087424274028,522.7113821138212,20.56746113708657,0.5133875626518917,2026-03-02 14:05:00+00:00,2026-03-02 14:20:00+00:00,2026-03-02 14:25:00+00:00,2026-03-02 15:20:00+00:00,-0.0056551986089854,0.0326145339652448,reversal,over_cap_or_below_cutoff,0.7179802817417966
META_20260313_132500,META,2026-03-13 13:25:00+00:00,-1,6,177.39433889104373,5.076035575084404,347.23975,11.363615379556276,0.3884708659313236,2026-03-13 13:10:00+00:00,2026-03-13 13:25:00+00:00,2026-03-13 13:30:00+00:00,2026-03-13 14:25:00+00:00,-0.0076788553259141,0.0042135956550297,reversal,over_cap_or_below_cutoff,0.7143135525310536
META_20260317_133000,META,2026-03-17 13:30:00+00:00,1,7,117.75001989020596,5.137732722971572,576.124773960217,26.63180292512435,0.0449730057698292,2026-03-17 13:15:00+00:00,2026-03-17 13:30:00+00:00,2026-03-17 13:35:00+00:00,2026-03-17 14:30:00+00:00,0.0109783301465902,-0.0076518148434175,reversal,over_cap_or_below_cutoff,0.641208610743438
META_20260320_133000,META,2026-03-20 13:30:00+00:00,-1,7,93.9710340181832,4.429548841862217,2471.1316281971303,18.313127125532876,0.0193374178856425,2026-03-20 13:15:00+00:00,2026-03-20 13:30:00+00:00,2026-03-20 13:35:00+00:00,2026-03-20 14:30:00+00:00,-0.0084298914031637,-0.0058594075580522,continuation,over_cap_or_below_cutoff,0.5744782447111296
META_20260323_110500,META,2026-03-23 11:05:00+00:00,1,9,374.1456014454525,5.0536242219749,17.220917822838846,32.66411167838572,3.6071556258918864,2026-03-23 10:50:00+00:00,2026-03-23 11:05:00+00:00,2026-03-23 11:10:00+00:00,2026-03-23 12:05:00+00:00,0.0286643176905139,-0.0018949911472209,unclear,over_cap_or_below_cutoff,0.7215096853343741
META_20260327_133500,META,2026-03-27 13:35:00+00:00,-1,5,121.34122880282705,4.217548077239626,144.81716833890746,4.18578822689252,0.0837801798395709,2026-03-27 13:20:00+00:00,2026-03-27 13:35:00+00:00,2026-03-27 13:40:00+00:00,2026-03-27 14:35:00+00:00,-0.0043389579083996,-0.0089950834326579,continuation,over_cap_or_below_cutoff,0.45659688230478257
META_20260414_133500,META,2026-04-14 13:35:00+00:00,1,4,146.6965983849322,6.677322956875891,217.61513292433537,12.755295141620824,0.1602787401343956,2026-04-14 13:20:00+00:00,2026-04-14 13:35:00+00:00,2026-04-14 13:40:00+00:00,2026-04-14 14:35:00+00:00,0.0057107290126818,0.0137315880678301,continuation,over_cap_or_below_cutoff,0.6908042405752088
META_20260415_133000,META,2026-04-15 13:30:00+00:00,1,8,107.62399337698848,4.565419537853373,329.38227360308287,7.331064964872547,0.0735471774735396,2026-04-15 13:15:00+00:00,2026-04-15 13:30:00+00:00,2026-04-15 13:35:00+00:00,2026-04-15 14:30:00+00:00,0.0049481124981201,0.0096230114189077,continuation,over_cap_or_below_cutoff,0.5109379231572309
META_20260420_132500,META,2026-04-20 13:25:00+00:00,-1,6,148.24917721706578,4.681495610045184,498.07309236947793,18.160993097760937,0.6243696058365109,2026-04-20 13:10:00+00:00,2026-04-20 13:25:00+00:00,2026-04-20 13:30:00+00:00,2026-04-20 14:25:00+00:00,-0.0051712048615167,-0.0072503010190596,continuation,over_cap_or_below_cutoff,0.6963591147650641
META_20260423_103000,META,2026-04-23 10:30:00+00:00,-1,8,164.3078418271271,5.73470135193243,41.65689467969598,29.19520801623017,3.5017731538438333,2026-04-23 10:10:00+00:00,2026-04-23 10:30:00+00:00,2026-04-23 10:35:00+00:00,2026-04-23 11:30:00+00:00,-0.0038262637132693,-0.0042160540135033,continuation,over_cap_or_below_cutoff,0.7252638552940753
META_20260424_133000,META,2026-04-24 13:30:00+00:00,-1,9,131.935768914353,5.111908683044839,401.9170188244333,12.532278165910682,0.1217714048427802,2026-04-24 13:15:00+00:00,2026-04-24 13:30:00+00:00,2026-04-24 13:35:00+00:00,2026-04-24 14:30:00+00:00,-0.008489425981873,0.0128431701148723,reversal,over_cap_or_below_cutoff,0.6241571426096222
META_20260427_133000,META,2026-04-27 13:30:00+00:00,1,20,92.0601817369282,4.695731860743537,367.8777703156481,14.474511908465404,0.2758299781023443,2026-04-27 13:15:00+00:00,2026-04-27 13:30:00+00:00,2026-04-27 13:35:00+00:00,2026-04-27 14:30:00+00:00,0.0050625372245383,0.0032444444444446,continuation,over_cap_or_below_cutoff,0.5259564951568217
MSFT_20240603_133000,MSFT,2024-06-03 13:30:00+00:00,-1,2,65.89905134332996,4.731396838640792,585.2403100775193,13.186568800841524,0.0205159933180584,2024-06-03 13:15:00+00:00,2024-06-03 13:30:00+00:00,2024-06-03 13:35:00+00:00,2024-06-03 14:30:00+00:00,-0.004369223382547,-0.0002893448749788,unclear,low_strength_unclear,0.46139609816102
MSFT_20240620_133000,MSFT,2024-06-20 13:30:00+00:00,-1,3,83.0180154741056,4.247760025563065,545.4793881254861,20.95496199989392,0.0398861624809439,2024-06-20 13:15:00+00:00,2024-06-20 13:30:00+00:00,2024-06-20 13:35:00+00:00,2024-06-20 14:30:00+00:00,-0.0076623202043284,0.0004741262530478,unclear,low_strength_unclear,0.5075150781020258
MSFT_20240624_133500,MSFT,2024-06-24 13:35:00+00:00,-1,9,79.41553805941304,4.540980993030064,328.550840672538,49.651744651706,0.1064569277856767,2024-06-24 13:20:00+00:00,2024-06-24 13:35:00+00:00,2024-06-24 13:40:00+00:00,2024-06-24 14:35:00+00:00,-0.0058009034897732,0.0070476105244317,reversal,over_cap_or_below_cutoff,0.5289257013785824
MSFT_20240628_195000,MSFT,2024-06-28 19:50:00+00:00,-1,4,129.13477462960455,5.312059932327043,27.432587467316484,8.134645855041867,1.767066589448843,2024-06-28 19:35:00+00:00,2024-06-28 19:50:00+00:00,2024-06-28 19:55:00+00:00,2024-06-28 20:50:00+00:00,-0.004323547299165,-0.0034205499533561,continuation,over_cap_or_below_cutoff,0.7298680826559776
MSFT_20240711_134500,MSFT,2024-07-11 13:45:00+00:00,-1,12,91.47727272727391,4.54242933302371,304.1683867463335,28.45339770803943,0.1320118170191632,2024-07-11 13:30:00+00:00,2024-07-11 13:45:00+00:00,2024-07-11 13:50:00+00:00,2024-07-11 14:45:00+00:00,-0.0046326222796811,-0.0178915467041886,continuation,over_cap_or_below_cutoff,0.5568120616430476
MSFT_20240723_134000,MSFT,2024-07-23 13:40:00+00:00,1,4,85.96020819719996,4.881018129263085,363.72186563970905,84.20291499686132,0.0709512035988025,2024-07-23 13:25:00+00:00,2024-07-23 13:40:00+00:00,2024-07-23 13:45:00+00:00,2024-07-23 14:40:00+00:00,0.0085960208197202,-0.0051940798659592,reversal,over_cap_or_below_cutoff,0.5792589627436455
MSFT_20240729_132500,MSFT,2024-07-29 13:25:00+00:00,1,5,106.10826799379412,4.068454329708864,793.8093126385809,65.91693251172168,0.6815001188692986,2024-07-29 13:10:00+00:00,2024-07-29 13:25:00+00:00,2024-07-29 13:30:00+00:00,2024-07-29 14:25:00+00:00,0.0037911385044773,-0.0099865610083877,reversal,over_cap_or_below_cutoff,0.7161494703950491
MSFT_20240812_133500,MSFT,2024-08-12 13:35:00+00:00,-1,4,73.13336957058381,4.6953332819859765,265.2637308263236,27.758850666658347,0.0603679533193202,2024-08-12 13:20:00+00:00,2024-08-12 13:35:00+00:00,2024-08-12 13:40:00+00:00,2024-08-12 14:35:00+00:00,-0.00328431372549,-0.0019426547976196,unclear,low_strength_unclear,0.5070425673544069
MSFT_20240822_133000,MSFT,2024-08-22 13:30:00+00:00,1,3,60.88495575222064,4.291559663913192,384.81206030150753,22.22065267770733,0.0535972651465403,2024-08-22 13:15:00+00:00,2024-08-22 13:30:00+00:00,2024-08-22 13:35:00+00:00,2024-08-22 14:30:00+00:00,0.0060884955752211,-0.0075021696807636,reversal,over_cap_or_below_cutoff,0.4184426473731217
MSFT_20240829_132500,MSFT,2024-08-29 13:25:00+00:00,1,7,117.07636363636809,4.71266639164063,548.0470069775982,12.67557434138392,0.6082686201313294,2024-08-29 13:10:00+00:00,2024-08-29 13:25:00+00:00,2024-08-29 13:30:00+00:00,2024-08-29 14:25:00+00:00,0.0046489104116222,0.0117099681866383,continuation,over_cap_or_below_cutoff,0.7355382313766992
MSFT_20240903_134500,MSFT,2024-09-03 13:45:00+00:00,1,3,79.00108056189126,4.0286999390465,296.11041009463725,20.576812567247217,0.0567759119421163,2024-09-03 13:30:00+00:00,2024-09-03 13:45:00+00:00,2024-09-03 13:50:00+00:00,2024-09-03 14:45:00+00:00,0.0079001080561893,-0.0133415924143518,reversal,over_cap_or_below_cutoff,0.42297717705027305
MSFT_20240905_133000,MSFT,2024-09-05 13:30:00+00:00,1,3,122.37460911530772,5.397710856749171,666.4059809696421,35.33505231823876,0.0255403892423624,2024-09-05 13:15:00+00:00,2024-09-05 13:30:00+00:00,2024-09-05 13:35:00+00:00,2024-09-05 14:30:00+00:00,0.009050218877576,0.0055812819887886,continuation,over_cap_or_below_cutoff,0.7320025546719994
MSFT_20240918_132500,MSFT,2024-09-18 13:25:00+00:00,-1,4,82.23798193536692,4.653665036725861,379.9689984101749,22.42543687120847,0.7141283569468883,2024-09-18 13:10:00+00:00,2024-09-18 13:25:00+00:00,2024-09-18 13:30:00+00:00,2024-09-18 14:25:00+00:00,-0.0041208791208791,-0.0064698850574712,continuation,over_cap_or_below_cutoff,0.6115891362002266
MSFT_20240924_133000,MSFT,2024-09-24 13:30:00+00:00,-1,6,68.61889813073452,4.538026920386597,408.1674277016743,20.145595111333336,0.0469585730658983,2024-09-24 13:15:00+00:00,2024-09-24 13:30:00+00:00,2024-09-24 13:35:00+00:00,2024-09-24 14:30:00+00:00,-0.0034034963231444,-0.0121985093282718,continuation,over_cap_or_below_cutoff,0.5138427596657114
MSFT_20241014_133500,MSFT,2024-10-14 13:35:00+00:00,1,4,76.27382062500799,5.7085359041309225,517.1515151515151,115.5960757938397,0.0342862519976953,2024-10-14 13:20:00+00:00,2024-10-14 13:35:00+00:00,2024-10-14 13:40:00+00:00,2024-10-14 14:35:00+00:00,0.0038945834229326,0.0051884996191926,continuation,over_cap_or_below_cutoff,0.6557433157100712
MSFT_20241015_141500,MSFT,2024-10-15 14:15:00+00:00,-1,6,61.93734245589333,4.136337713041185,248.5435134260757,24.76899384967536,0.0664688552588253,2024-10-15 14:00:00+00:00,2024-10-15 14:15:00+00:00,2024-10-15 14:20:00+00:00,2024-10-15 15:15:00+00:00,-0.0034476199533977,-0.0035311239949419,continuation,over_cap_or_below_cutoff,0.4279606637973087
MSFT_20241017_132500,MSFT,2024-10-17 13:25:00+00:00,1,2,111.525942944668,4.442991378868746,150.57855771867287,21.300895062711326,0.3963435662002337,2024-10-17 13:10:00+00:00,2024-10-17 13:25:00+00:00,2024-10-17 13:30:00+00:00,2024-10-17 14:25:00+00:00,0.0074635763168562,-0.0111242603550295,reversal,over_cap_or_below_cutoff,0.48839252211854134
MSFT_20241022_133000,MSFT,2024-10-22 13:30:00+00:00,1,8,99.01693710766324,4.554161636070272,690.6439024390244,35.73858796558185,0.0265573255164543,2024-10-22 13:15:00+00:00,2024-10-22 13:30:00+00:00,2024-10-22 13:35:00+00:00,2024-10-22 14:30:00+00:00,0.0036545801526719,0.0193900154968007,continuation,over_cap_or_below_cutoff,0.6566439893298313
MSFT_20241024_132500,MSFT,2024-10-24 13:25:00+00:00,-1,3,75.84604314849753,4.44714597897379,506.5753122703894,15.001133309593436,0.3441052126087234,2024-10-24 13:10:00+00:00,2024-10-24 13:25:00+00:00,2024-10-24 13:30:00+00:00,2024-10-24 14:25:00+00:00,-0.0033751318410875,-0.002445850285741,unclear,low_strength_unclear,0.5239168116746789
MSFT_20241025_133500,MSFT,2024-10-25 13:35:00+00:00,1,4,92.87054409006012,5.954141640533371,514.7915543575921,22.837891746860016,0.0460242238565022,2024-10-25 13:20:00+00:00,2024-10-25 13:35:00+00:00,2024-10-25 13:40:00+00:00,2024-10-25 14:35:00+00:00,0.0046532292007668,0.0034912137786571,continuation,over_cap_or_below_cutoff,0.71964443876875
MSFT_20241028_120500,MSFT,2024-10-28 12:05:00+00:00,-1,2,100.21541631544562,4.059900520175182,4.063356685957965,37.55931145572779,7.573164885894951,2024-10-28 11:50:00+00:00,2024-10-28 12:05:00+00:00,2024-10-28 12:10:00+00:00,2024-10-28 13:05:00+00:00,-0.0097154914554686,0.010332958696263,reversal,over_cap_or_below_cutoff,0.4525405700724271
MSFT_20241030_200000,MSFT,2024-10-30 20:00:00+00:00,1,22,373.493975903616,4.467090420130057,5.961545941596933,45.819249106853775,43.72827781160585,2024-10-30 19:45:00+00:00,2024-10-30 20:00:00+00:00,2024-10-30 20:05:00+00:00,2024-10-30 21:00:00+00:00,0.0190652082046316,-0.0161490683229813,reversal,over_cap_or_below_cutoff,0.7028152836810571
MSFT_20241104_143000,MSFT,2024-11-04 14:30:00+00:00,-1,5,81.26277426186323,4.05965584487523,685.1633254716982,26.2266019440135,0.0942898198499846,2024-11-04 14:15:00+00:00,2024-11-04 14:30:00+00:00,2024-11-04 14:35:00+00:00,2024-11-04 15:30:00+00:00,-0.0068368343917928,0.0086423791382708,reversal,over_cap_or_below_cutoff,0.5741415826521856
MSFT_20241105_142500,MSFT,2024-11-05 14:25:00+00:00,-1,5,79.76377180945127,4.489954890421593,308.6374952847982,27.2400374623048,0.5880438660582303,2024-11-05 14:10:00+00:00,2024-11-05 14:25:00+00:00,2024-11-05 14:30:00+00:00,2024-11-05 15:25:00+00:00,-0.0042758942435981,0.0108189570672416,reversal,over_cap_or_below_cutoff,0.5638507970642622
MSFT_20241114_143000,MSFT,2024-11-14 14:30:00+00:00,1,2,76.19721632459608,5.777254180051499,896.9229946524064,71.20364659203742,0.0396252354666244,2024-11-14 14:15:00+00:00,2024-11-14 14:30:00+00:00,2024-11-14 14:35:00+00:00,2024-11-14 15:30:00+00:00,0.0076197216324604,-0.0015217849366703,unclear,over_cap_or_below_cutoff,0.6253275325038616
MSFT_20241120_143000,MSFT,2024-11-20 14:30:00+00:00,-1,10,60.76388888889284,4.112428367134641,621.7209720972097,21.212770897257972,0.0550796878872529,2024-11-20 14:15:00+00:00,2024-11-20 14:30:00+00:00,2024-11-20 14:35:00+00:00,2024-11-20 15:30:00+00:00,-0.0043689691411101,-0.012476406426472,continuation,over_cap_or_below_cutoff,0.5076620462943637
MSFT_20241121_142500,MSFT,2024-11-21 14:25:00+00:00,1,14,114.74303345867963,4.830693392192311,285.78644501278774,23.123135564811164,0.5156339956893439,2024-11-21 14:10:00+00:00,2024-11-21 14:25:00+00:00,2024-11-21 14:30:00+00:00,2024-11-21 15:25:00+00:00,0.0049095916656687,-0.0198045757864633,reversal,over_cap_or_below_cutoff,0.6709203963925798
MSFT_20241122_143500,MSFT,2024-11-22 14:35:00+00:00,1,3,106.68580604350277,5.96988341704397,333.2514435695538,24.8596100915396,0.0378110165795872,2024-11-22 14:20:00+00:00,2024-11-22 14:35:00+00:00,2024-11-22 14:40:00+00:00,2024-11-22 15:35:00+00:00,0.0039282780280576,-0.0022690515847152,unclear,low_strength_unclear,0.6633306250195005
MSFT_20241125_143500,MSFT,2024-11-25 14:35:00+00:00,1,6,93.29208336330996,4.878781432193761,628.5494505494505,26.37856433404033,0.0632683752988268,2024-11-25 14:20:00+00:00,2024-11-25 14:35:00+00:00,2024-11-25 14:40:00+00:00,2024-11-25 15:35:00+00:00,0.0046789209835282,-0.0104512189326617,reversal,over_cap_or_below_cutoff,0.6581376111601716
MSFT_20241126_143500,MSFT,2024-11-26 14:35:00+00:00,1,4,91.3405356418795,4.389524063277389,331.03634298693925,11.502116751518322,0.0325320731602615,2024-11-26 14:20:00+00:00,2024-11-26 14:35:00+00:00,2024-11-26 14:40:00+00:00,2024-11-26 15:35:00+00:00,0.0047176554681915,0.0094384367292734,continuation,over_cap_or_below_cutoff,0.5409391602534415
MSFT_20241127_210000,MSFT,2024-11-27 21:00:00+00:00,-1,2,88.87884160053927,4.662639434427406,8.019194253045093,6.071810205225841,7.892699879971974,2024-11-27 20:45:00+00:00,2024-11-27 21:00:00+00:00,2024-11-27 21:05:00+00:00,2024-11-27 22:00:00+00:00,-0.0053740807090326,-0.0012325809952173,unclear,over_cap_or_below_cutoff,0.4671257558213402
MSFT_20241129_142500,MSFT,2024-11-29 14:25:00+00:00,-1,3,83.48939422892832,5.196383036710292,586.7393536695862,18.19562514363543,0.5429572690177882,2024-11-29 14:10:00+00:00,2024-11-29 14:25:00+00:00,2024-11-29 14:30:00+00:00,2024-11-29 15:25:00+00:00,-0.0038240600469887,0.003197125110069,reversal,over_cap_or_below_cutoff,0.6426396159124782
MSFT_20241204_130000,MSFT,2024-12-04 13:00:00+00:00,-1,2,116.66457423707531,4.876684142304497,108.18413754853024,58.264216691921646,2.1304669372308886,2024-12-04 12:45:00+00:00,2024-12-04 13:00:00+00:00,2024-12-04 13:05:00+00:00,2024-12-04 14:00:00+00:00,-0.0115319207611342,0.0106434918464992,reversal,over_cap_or_below_cutoff,0.5797320647416121
MSFT_20241205_144500,MSFT,2024-12-05 14:45:00+00:00,-1,2,62.75048665979499,4.697748828172288,155.83172065628943,13.375928704272276,0.0506786468306977,2024-12-05 14:30:00+00:00,2024-12-05 14:45:00+00:00,2024-12-05 14:50:00+00:00,2024-12-05 15:45:00+00:00,-0.0062359179771956,0.0032062292453911,reversal,over_cap_or_below_cutoff,0.35447357040184035
MSFT_20241210_142500,MSFT,2024-12-10 14:25:00+00:00,1,4,84.76779910660426,4.260054865849903,572.5040214477211,26.195682629598974,0.1945373951967076,2024-12-10 14:10:00+00:00,2024-12-10 14:25:00+00:00,2024-12-10 14:30:00+00:00,2024-12-10 15:25:00+00:00,0.0037023659021131,0.0081198830409356,continuation,over_cap_or_below_cutoff,0.5830391944814322
MSFT_20241226_144500,MSFT,2024-12-26 14:45:00+00:00,-1,2,71.57545225554563,4.40128922513279,2.172011841076589,4.771548475995546,1.7714383842227532,2024-12-26 14:30:00+00:00,2024-12-26 14:45:00+00:00,2024-12-26 14:50:00+00:00,2024-12-26 15:45:00+00:00,-0.0034805159353032,-0.0010957403095467,unclear,low_strength_unclear,0.399838227700252
MSFT_20250110_133000,MSFT,2025-01-10 13:30:00+00:00,-1,3,100.39730687793292,4.622809891880618,19.981369352585,50.05563103137509,2.3906021832820694,2025-01-10 13:15:00+00:00,2025-01-10 13:30:00+00:00,2025-01-10 13:35:00+00:00,2025-01-10 14:30:00+00:00,-0.0099399364032505,0.0035448338210453,reversal,over_cap_or_below_cutoff,0.5531325654371778
MSFT_20250115_133000,MSFT,2025-01-15 13:30:00+00:00,1,3,134.6360651516409,4.455378588465875,36.918042813455656,34.37494217139218,1.9396080923243928,2025-01-15 13:15:00+00:00,2025-01-15 13:30:00+00:00,2025-01-15 13:35:00+00:00,2025-01-15 14:30:00+00:00,0.0134636065151643,-0.0014938850967008,unclear,low_strength_unclear,0.6243167178678578
MSFT_20250117_134500,MSFT,2025-01-17 13:45:00+00:00,-1,8,126.2605654328186,4.235489049278984,317.8841769265846,47.649131579633625,0.5971574540768387,2025-01-17 13:30:00+00:00,2025-01-17 13:45:00+00:00,2025-01-17 13:50:00+00:00,2025-01-17 14:45:00+00:00,-0.0034041362587142,0.0053318672063262,reversal,over_cap_or_below_cutoff,0.6652816440440801
MSFT_20250122_145000,MSFT,2025-01-22 14:50:00+00:00,1,3,77.5308867523794,4.242678616332835,160.5872680291285,5.8266260851504486,0.0761856421654316,2025-01-22 14:35:00+00:00,2025-01-22 14:50:00+00:00,2025-01-22 14:55:00+00:00,2025-01-22 15:50:00+00:00,0.0067875374859784,0.0036835343739696,continuation,over_cap_or_below_cutoff,0.40773770098363254
MSFT_20250124_143000,MSFT,2025-01-24 14:30:00+00:00,-1,2,69.4640537640523,4.671499915830972,828.0996965756393,45.939393780975145,0.0212894335524213,2025-01-24 14:15:00+00:00,2025-01-24 14:30:00+00:00,2025-01-24 14:35:00+00:00,2025-01-24 15:30:00+00:00,-0.0068984856982613,0.0033884904275145,reversal,over_cap_or_below_cutoff,0.5135192956384877
MSFT_20250129_142500,MSFT,2025-01-29 14:25:00+00:00,1,6,113.6263853647157,4.699237413637744,527.8258791396381,23.74226716613053,0.6006798820458943,2025-01-29 14:10:00+00:00,2025-01-29 14:25:00+00:00,2025-01-29 14:30:00+00:00,2025-01-29 15:25:00+00:00,0.0036382419655489,-0.0108751594352077,reversal,over_cap_or_below_cutoff,0.720195818110881
MSFT_20250205_142500,MSFT,2025-02-05 14:25:00+00:00,1,7,73.13683902581135,5.299114674523594,576.2676514032496,12.101282720322263,0.4940468113366876,2025-02-05 14:10:00+00:00,2025-02-05 14:25:00+00:00,2025-02-05 14:30:00+00:00,2025-02-05 15:25:00+00:00,0.0039487154487398,-0.0005826939885403,unclear,low_strength_unclear,0.6678155679881097
MSFT_20250206_142500,MSFT,2025-02-06 14:25:00+00:00,1,6,76.95833634894456,5.580955114451451,497.8603759110088,24.95362356830393,0.8955098256053944,2025-02-06 14:10:00+00:00,2025-02-06 14:25:00+00:00,2025-02-06 14:30:00+00:00,2025-02-06 15:25:00+00:00,0.0033646398140976,0.006103592193192,continuation,over_cap_or_below_cutoff,0.7190594806472361
MSFT_20250207_150000,MSFT,2025-02-07 15:00:00+00:00,-1,5,84.45232666160595,4.579466498284039,271.95371154388937,21.555160777318576,0.0960418808855241,2025-02-07 14:45:00+00:00,2025-02-07 15:00:00+00:00,2025-02-07 15:05:00+00:00,2025-02-07 16:00:00+00:00,-0.0083745079976551,-0.0070819308214798,continuation,over_cap_or_below_cutoff,0.5312074310736574
MSFT_20250212_133000,MSFT,2025-02-12 13:30:00+00:00,-1,3,93.08960039700496,5.629972546821053,100.71134704711348,68.1898738491894,0.4462134446707175,2025-02-12 13:15:00+00:00,2025-02-12 13:30:00+00:00,2025-02-12 13:35:00+00:00,2025-02-12 14:30:00+00:00,-0.0083555987369443,-0.0026698672414636,unclear,low_strength_unclear,0.5834894327723255
MSFT_20250219_161000,MSFT,2025-02-19 16:10:00+00:00,1,4,73.39724385860168,5.502151858495893,433.21983575489577,20.61509293028749,0.0740515098034463,2025-02-19 15:55:00+00:00,2025-02-19 16:10:00+00:00,2025-02-19 16:15:00+00:00,2025-02-19 17:10:00+00:00,0.007001934709671,-0.0006787631286918,unclear,low_strength_unclear,0.6152596957556641
MSFT_20250226_143000,MSFT,2025-02-26 14:30:00+00:00,-1,8,71.08585769290299,4.223266283375667,912.6473060756592,42.17983391378236,0.0565144221189139,2025-02-26 14:15:00+00:00,2025-02-26 14:30:00+00:00,2025-02-26 14:35:00+00:00,2025-02-26 15:30:00+00:00,-0.007058410453189,0.0165739869810637,reversal,over_cap_or_below_cutoff,0.5832110282003036
MSFT_20250312_133000,MSFT,2025-03-12 13:30:00+00:00,1,4,98.08053905512094,4.19329242339887,675.2408566721582,15.962920379136486,0.0215467744289716,2025-03-12 13:15:00+00:00,2025-03-12 13:30:00+00:00,2025-03-12 13:35:00+00:00,2025-03-12 14:30:00+00:00,0.0032657601467542,-0.0093219456306635,reversal,over_cap_or_below_cutoff,0.6199526672786595
MSFT_20250317_133000,MSFT,2025-03-17 13:30:00+00:00,1,3,83.71900398612908,4.456390081833452,416.809019473864,20.57360174259934,0.0353193705548351,2025-03-17 13:15:00+00:00,2025-03-17 13:30:00+00:00,2025-03-17 13:35:00+00:00,2025-03-17 14:30:00+00:00,0.0060300207039338,0.0001438016103723,unclear,low_strength_unclear,0.49686274150181675
MSFT_20250318_134000,MSFT,2025-03-18 13:40:00+00:00,-1,3,113.83217586548922,5.671068015983726,335.4093161546085,27.91053724584432,0.0751635026828774,2025-03-18 13:25:00+00:00,2025-03-18 13:40:00+00:00,2025-03-18 13:45:00+00:00,2025-03-18 14:40:00+00:00,-0.0112550983530383,0.0014098480497102,unclear,low_strength_unclear,0.6612926227304438
MSFT_20250321_195000,MSFT,2025-03-21 19:50:00+00:00,1,3,148.77706807914004,5.494861714575382,28.54629160298943,6.243277975327763,1.1919159092127585,2025-03-21 19:35:00+00:00,2025-03-21 19:50:00+00:00,2025-03-21 19:55:00+00:00,2025-03-21 20:50:00+00:00,0.0070936701637898,0.0054868783641093,continuation,over_cap_or_below_cutoff,0.7351196063070926
MSFT_20250326_135000,MSFT,2025-03-26 13:50:00+00:00,-1,3,63.19920491322462,4.721162344625162,413.4889632107024,131.79785906652023,0.0186135262446405,2025-03-26 13:35:00+00:00,2025-03-26 13:50:00+00:00,2025-03-26 13:55:00+00:00,2025-03-26 14:50:00+00:00,-0.0032191016931967,0.0020089001907184,unclear,low_strength_unclear,0.4639437383428637
MSFT_20250331_133000,MSFT,2025-03-31 13:30:00+00:00,-1,3,116.90037701050038,4.165057659083463,793.9668066386722,24.90598471077656,0.0466417502191328,2025-03-31 13:15:00+00:00,2025-03-31 13:30:00+00:00,2025-03-31 13:35:00+00:00,2025-03-31 14:30:00+00:00,-0.0115549597855227,0.00160026038135,unclear,over_cap_or_below_cutoff,0.6455419734765795
MSFT_20250401_134000,MSFT,2025-04-01 13:40:00+00:00,1,11,78.2105010276779,4.130751128107933,414.5765654060757,12.83816335825816,0.0512766346284631,2025-04-01 13:25:00+00:00,2025-04-01 13:40:00+00:00,2025-04-01 13:45:00+00:00,2025-04-01 14:40:00+00:00,0.0032199092607418,0.0098521839872416,continuation,over_cap_or_below_cutoff,0.5062367062041517
MSFT_20250402_133000,MSFT,2025-04-02 13:30:00+00:00,1,4,100.0900280675765,4.040641144928493,604.4113821138211,21.223504310479413,0.0346169161740725,2025-04-02 13:15:00+00:00,2025-04-02 13:30:00+00:00,2025-04-02 13:35:00+00:00,2025-04-02 14:30:00+00:00,0.0031207024225115,0.0056683364091747,continuation,over_cap_or_below_cutoff,0.5972076433039604
MSFT_20250409_171500,MSFT,2025-04-09 17:15:00+00:00,1,5,333.96036094980985,4.473203772662067,7.940187453953756,7.891340915178877,1.251543360435731,2025-04-09 17:00:00+00:00,2025-04-09 17:15:00+00:00,2025-04-09 17:20:00+00:00,2025-04-09 18:15:00+00:00,0.0172356397975474,0.0224734859615847,continuation,over_cap_or_below_cutoff,0.6946247311728231
MSFT_20250414_150000,MSFT,2025-04-14 15:00:00+00:00,-1,9,83.45279541265515,4.070195529000322,61.23062095552802,4.132476368846336,0.4792233891000802,2025-04-14 14:45:00+00:00,2025-04-14 15:00:00+00:00,2025-04-14 15:05:00+00:00,2025-04-14 16:00:00+00:00,-0.0049262334628373,-0.012835889453135,continuation,over_cap_or_below_cutoff,0.47158555741227004
MSFT_20250422_211500,MSFT,2025-04-22 21:15:00+00:00,1,11,120.38634846938568,4.008319571254182,0.2598696919672649,3.5263895911709944,128.52896990925154,2025-04-22 21:00:00+00:00,2025-04-22 21:15:00+00:00,2025-04-22 21:20:00+00:00,2025-04-22 22:15:00+00:00,0.0032168365956055,0.0083095108695652,continuation,over_cap_or_below_cutoff,0.5923854881859063
MSFT_20250430_133000,MSFT,2025-04-30 13:30:00+00:00,-1,8,104.6198466956616,4.975710057119607,839.8209379441023,29.49349265488097,0.050953516367744,2025-04-30 13:15:00+00:00,2025-04-30 13:30:00+00:00,2025-04-30 13:35:00+00:00,2025-04-30 14:30:00+00:00,-0.0060030785017958,0.0028390027357663,unclear,over_cap_or_below_cutoff,0.7323182054746242
MSFT_20250502_133000,MSFT,2025-05-02 13:30:00+00:00,1,10,121.9625301428251,4.911390315991406,633.714786488209,8.520959640133713,0.0527413921783982,2025-05-02 13:15:00+00:00,2025-05-02 13:30:00+00:00,2025-05-02 13:35:00+00:00,2025-05-02 14:30:00+00:00,0.0033736621684503,0.0121391304347826,continuation,over_cap_or_below_cutoff,0.735028222884341
MSFT_20250505_132500,MSFT,2025-05-05 13:25:00+00:00,1,5,91.66095100556326,4.401663306294072,513.7356580427446,30.220633375718524,2.1161686520943834,2025-05-05 13:10:00+00:00,2025-05-05 13:25:00+00:00,2025-05-05 13:30:00+00:00,2025-05-05 14:25:00+00:00,0.0044306293349416,0.0048267898383371,continuation,over_cap_or_below_cutoff,0.6685921183034689
MSFT_20250523_114000,MSFT,2025-05-23 11:40:00+00:00,-1,5,102.8289078323552,5.046430104555601,11.56037358238826,10.315614215219943,1.333403901423792,2025-05-23 11:25:00+00:00,2025-05-23 11:40:00+00:00,2025-05-23 11:45:00+00:00,2025-05-23 12:40:00+00:00,-0.0059510689883182,-0.003170731707317,continuation,over_cap_or_below_cutoff,0.636114760903892
MSFT_20250605_124500,MSFT,2025-06-05 12:45:00+00:00,1,1,65.98951931163555,4.357019817272643,15.920099875156057,18.454947508813245,0.9848116831618808,2025-06-05 12:30:00+00:00,2025-06-05 12:45:00+00:00,2025-06-05 12:50:00+00:00,2025-06-05 13:45:00+00:00,0.0065989519311637,-0.0034331683698608,reversal,over_cap_or_below_cutoff,0.3348674035867151
MSFT_20250613_132500,MSFT,2025-06-13 13:25:00+00:00,1,3,89.24615481992416,4.064245072052587,482.6737646737647,13.98937837273197,0.6843253141367601,2025-06-13 13:10:00+00:00,2025-06-13 13:25:00+00:00,2025-06-13 13:30:00+00:00,2025-06-13 14:25:00+00:00,0.005187465733204,-0.0030628513887722,reversal,over_cap_or_below_cutoff,0.5511221289723439
MSFT_20250623_133000,MSFT,2025-06-23 13:30:00+00:00,-1,4,93.00556723465635,4.323387672005341,878.4354838709677,104.48768654880328,0.0893907517099057,2025-06-23 13:15:00+00:00,2025-06-23 13:30:00+00:00,2025-06-23 13:35:00+00:00,2025-06-23 14:30:00+00:00,-0.0092148534561979,0.0047854977234551,reversal,over_cap_or_below_cutoff,0.6510456564126457
MSFT_20250702_134000,MSFT,2025-07-02 13:40:00+00:00,1,3,80.34181045056377,5.320426325435268,437.0483193277311,20.62419135760826,0.0409826088069425,2025-07-02 13:25:00+00:00,2025-07-02 13:40:00+00:00,2025-07-02 13:45:00+00:00,2025-07-02 14:40:00+00:00,0.0080341810450568,-0.0033259648340059,reversal,over_cap_or_below_cutoff,0.5658411600717631
MSFT_20250703_135500,MSFT,2025-07-03 13:55:00+00:00,1,4,62.57948604073471,4.800625470061108,595.3325198291641,19.4082629162871,0.0416652237710489,2025-07-03 13:40:00+00:00,2025-07-03 13:55:00+00:00,2025-07-03 14:00:00+00:00,2025-07-03 14:55:00+00:00,0.0032560444116367,0.0050194023081187,continuation,over_cap_or_below_cutoff,0.5628527704883162
MSFT_20250721_133500,MSFT,2025-07-21 13:35:00+00:00,1,4,74.78295185477268,6.073010427684902,207.86115949241105,16.147979509278287,0.0874677791693332,2025-07-21 13:20:00+00:00,2025-07-21 13:35:00+00:00,2025-07-21 13:40:00+00:00,2025-07-21 14:35:00+00:00,0.0046312775388666,0.0048011318975003,continuation,over_cap_or_below_cutoff,0.6067047942544956
MSFT_20250723_133000,MSFT,2025-07-23 13:30:00+00:00,-1,3,72.58594502298709,4.673733406317106,548.8040747028863,43.74875229114264,0.0336592353068396,2025-07-23 13:15:00+00:00,2025-07-23 13:30:00+00:00,2025-07-23 13:35:00+00:00,2025-07-23 14:30:00+00:00,-0.0056063327871764,-0.0029976376233299,unclear,low_strength_unclear,0.5165907850786615
MSFT_20250812_140500,MSFT,2025-08-12 14:05:00+00:00,-1,3,70.09172431149402,4.736402144961529,287.01251203079886,18.09916888541595,0.044184544990829,2025-08-12 13:50:00+00:00,2025-08-12 14:05:00+00:00,2025-08-12 14:10:00+00:00,2025-08-12 15:05:00+00:00,-0.0033738338241038,0.0059239095929204,reversal,over_cap_or_below_cutoff,0.4562057046721067
MSFT_20250819_133000,MSFT,2025-08-19 13:30:00+00:00,-1,3,81.22778927637242,5.808300456945397,991.784301212508,39.28612784405598,0.0405385216420241,2025-08-19 13:15:00+00:00,2025-08-19 13:30:00+00:00,2025-08-19 13:35:00+00:00,2025-08-19 14:30:00+00:00,-0.0080573310091032,-0.0010153473659545,unclear,over_cap_or_below_cutoff,0.6909822801076887
MSFT_20250820_133000,MSFT,2025-08-20 13:30:00+00:00,-1,5,69.1016781836118,4.001101607560826,1056.9382303839732,44.33891769214488,0.0451338742660184,2025-08-20 13:15:00+00:00,2025-08-20 13:30:00+00:00,2025-08-20 13:35:00+00:00,2025-08-20 14:30:00+00:00,-0.0034697718183955,-0.0019081341595358,unclear,over_cap_or_below_cutoff,0.5584339778289469
MSFT_20250821_141000,MSFT,2025-08-21 14:10:00+00:00,1,2,65.18282988871692,4.681733700862065,159.03626634958383,10.134341682507868,0.034621394753274,2025-08-21 13:55:00+00:00,2025-08-21 14:10:00+00:00,2025-08-21 14:15:00+00:00,2025-08-21 15:10:00+00:00,0.0065182829888712,-0.0014612620439109,unclear,low_strength_unclear,0.35870548702768335
MSFT_20250822_134000,MSFT,2025-08-22 13:40:00+00:00,1,6,89.53280673203112,4.729222100318353,499.3615147512109,32.21952898518715,0.0205317637358726,2025-08-22 13:25:00+00:00,2025-08-22 13:40:00+00:00,2025-08-22 13:45:00+00:00,2025-08-22 14:40:00+00:00,0.0041646008924145,0.0067443467956946,continuation,over_cap_or_below_cutoff,0.6024028482313608
MSFT_20250911_133500,MSFT,2025-09-11 13:35:00+00:00,-1,3,71.09551265981784,5.057510266366935,417.65105908584167,62.25814464044977,0.0529635267211896,2025-09-11 13:20:00+00:00,2025-09-11 13:35:00+00:00,2025-09-11 13:40:00+00:00,2025-09-11 14:35:00+00:00,-0.0066056506167927,0.00721038295145,reversal,over_cap_or_below_cutoff,0.516547112841272
MSFT_20250916_132500,MSFT,2025-09-16 13:25:00+00:00,1,10,76.00857532644945,5.473930651416518,367.2176759410802,20.651952802087987,0.5718197907662419,2025-09-16 13:10:00+00:00,2025-09-16 13:25:00+00:00,2025-09-16 13:30:00+00:00,2025-09-16 14:25:00+00:00,0.0038445108927809,-0.0068278529980657,reversal,over_cap_or_below_cutoff,0.648783531236926
MSFT_20250917_133000,MSFT,2025-09-17 13:30:00+00:00,-1,3,64.17017417618354,5.353424828838093,661.0417070805044,37.24855209307877,0.0595897996619105,2025-09-17 13:15:00+00:00,2025-09-17 13:30:00+00:00,2025-09-17 13:35:00+00:00,2025-09-17 14:30:00+00:00,-0.0035826155050899,-0.0023184077647012,unclear,low_strength_unclear,0.580050863223683
MSFT_20250919_133000,MSFT,2025-09-19 13:30:00+00:00,1,5,62.0320541672359,5.79739206796575,7913.481093659104,39.91918142503283,0.0438743831946591,2025-09-19 13:15:00+00:00,2025-09-19 13:30:00+00:00,2025-09-19 13:35:00+00:00,2025-09-19 14:30:00+00:00,0.0037502454349105,0.0037753565071105,continuation,over_cap_or_below_cutoff,0.6908827456722266
MSFT_20250919_195000,MSFT,2025-09-19 19:50:00+00:00,1,3,137.58146270817616,5.590314672902121,27.43524198934628,10.207928699290026,1.4071818174729496,2025-09-19 19:35:00+00:00,2025-09-19 19:50:00+00:00,2025-09-19 19:55:00+00:00,2025-09-19 20:50:00+00:00,0.0114454531225545,0.0007350523241194,unclear,low_strength_unclear,0.7249990330422442
MSFT_20250923_132500,MSFT,2025-09-23 13:25:00+00:00,-1,4,64.8146340511091,4.754926248451217,495.6964095271952,26.96450691095643,0.5848488672262439,2025-09-23 13:10:00+00:00,2025-09-23 13:25:00+00:00,2025-09-23 13:30:00+00:00,2025-09-23 14:25:00+00:00,-0.0034917555771095,-0.0041755888650963,continuation,over_cap_or_below_cutoff,0.590255814242606
MSFT_20250925_120000,MSFT,2025-09-25 12:00:00+00:00,1,2,61.28150144596445,4.012803549140143,29.733734939759035,57.04520527607431,1.943767640597032,2025-09-25 11:45:00+00:00,2025-09-25 12:00:00+00:00,2025-09-25 12:05:00+00:00,2025-09-25 13:00:00+00:00,0.0061281501445968,-0.0066969741408808,reversal,over_cap_or_below_cutoff,0.35270443846716215
MSFT_20250929_134000,MSFT,2025-09-29 13:40:00+00:00,1,4,68.68252650090723,4.331071628392817,323.69392033542977,24.24041599642225,0.07071149887081,2025-09-29 13:25:00+00:00,2025-09-29 13:40:00+00:00,2025-09-29 13:45:00+00:00,2025-09-29 14:40:00+00:00,0.0043108504398827,0.0027252995396189,unclear,low_strength_unclear,0.4793397367720618
MSFT_20250930_133000,MSFT,2025-09-30 13:30:00+00:00,-1,3,73.88679836939139,5.519115449571226,532.8239464356046,28.00408162691732,0.0569686100360211,2025-09-30 13:15:00+00:00,2025-09-30 13:30:00+00:00,2025-09-30 13:35:00+00:00,2025-09-30 14:30:00+00:00,-0.0052330557933233,0.003588540138848,reversal,over_cap_or_below_cutoff,0.5893110023974257
MSFT_20251002_144000,MSFT,2025-10-02 14:40:00+00:00,1,6,130.53503732364246,4.950283023881148,349.54456193353474,17.35707139841549,0.0871296451920793,2025-10-02 14:25:00+00:00,2025-10-02 14:40:00+00:00,2025-10-02 14:45:00+00:00,2025-10-02 15:40:00+00:00,0.003288452345878,-0.0119352910552801,reversal,over_cap_or_below_cutoff,0.6981570370140893
MSFT_20251003_135000,MSFT,2025-10-03 13:50:00+00:00,1,4,63.53116907050538,4.833264511532943,313.887877684747,35.42336128136938,0.0441362532123398,2025-10-03 13:35:00+00:00,2025-10-03 13:50:00+00:00,2025-10-03 13:55:00+00:00,2025-10-03 14:50:00+00:00,0.0043198217831372,0.0024399417500071,unclear,low_strength_unclear,0.5035963889556994
MSFT_20251010_132500,MSFT,2025-10-10 13:25:00+00:00,-1,2,65.9945357294034,4.126565145723937,246.0628205128205,69.60118907966392,0.5654131351161575,2025-10-10 13:10:00+00:00,2025-10-10 13:25:00+00:00,2025-10-10 13:30:00+00:00,2025-10-10 14:25:00+00:00,-0.0065561863256684,0.003078462308077,reversal,over_cap_or_below_cutoff,0.3814605885744018
MSFT_20251010_150000,MSFT,2025-10-10 15:00:00+00:00,-1,2,90.42851886993388,4.182822308514011,286.7394459102902,24.85017300631195,0.0758393719298211,2025-10-10 14:45:00+00:00,2025-10-10 15:00:00+00:00,2025-10-10 15:05:00+00:00,2025-10-10 16:00:00+00:00,-0.0063567918488796,-0.0034944202031125,continuation,over_cap_or_below_cutoff,0.4149154950987486
MSFT_20251014_133000,MSFT,2025-10-14 13:30:00+00:00,-1,6,83.46981865540614,4.408553805373244,429.9046408137317,37.90783835427423,0.0584684298193008,2025-10-14 13:15:00+00:00,2025-10-14 13:30:00+00:00,2025-10-14 13:35:00+00:00,2025-10-14 14:30:00+00:00,-0.0067683881064162,0.0040768897467207,reversal,over_cap_or_below_cutoff,0.547275477686582
MSFT_20251024_104500,MSFT,2025-10-24 10:45:00+00:00,-1,2,66.98656429942274,4.547879940416003,3.225025746652935,4.821100953996138,2.498029716147414,2025-10-24 10:30:00+00:00,2025-10-24 10:45:00+00:00,2025-10-24 10:50:00+00:00,2025-10-24 11:50:00+00:00,-0.0066540830139755,0.0019193857965451,unclear,low_strength_unclear,0.4003259450325386
MSFT_20251029_133000,MSFT,2025-10-29 13:30:00+00:00,-1,6,71.94111554963412,4.43343214283161,348.7012332581885,11.259291312787443,0.0619679795824692,2025-10-29 13:15:00+00:00,2025-10-29 13:30:00+00:00,2025-10-29 13:35:00+00:00,2025-10-29 14:30:00+00:00,-0.0043531571218794,-0.0081455911969211,continuation,over_cap_or_below_cutoff,0.5012992338387903
MSFT_20251029_195500,MSFT,2025-10-29 19:55:00+00:00,1,25,385.9111791730485,4.28998031012065,5.223284726413995,43.06824497597788,23.97931766018765,2025-10-29 19:40:00+00:00,2025-10-29 19:55:00+00:00,2025-10-29 20:00:00+00:00,2025-10-29 20:55:00+00:00,0.0057837757674623,-0.0307431436154526,reversal,over_cap_or_below_cutoff,0.6873161793766245
MSFT_20251104_143000,MSFT,2025-11-04 14:30:00+00:00,-1,5,87.40915340796462,4.4803711267772455,687.4624358376108,10.965647559457691,0.0960015831596375,2025-11-04 14:15:00+00:00,2025-11-04 14:30:00+00:00,2025-11-04 14:35:00+00:00,2025-11-04 15:30:00+00:00,-0.0069729845542548,0.0092089520036089,reversal,over_cap_or_below_cutoff,0.6259815565574169
MSFT_20251106_143000,MSFT,2025-11-06 14:30:00+00:00,-1,8,78.18991840617073,5.589347983540336,516.3045769764217,13.093943359566342,0.0358638897326308,2025-11-06 14:15:00+00:00,2025-11-06 14:30:00+00:00,2025-11-06 14:35:00+00:00,2025-11-06 15:30:00+00:00,-0.0048328754126228,-0.0065843703137258,continuation,over_cap_or_below_cutoff,0.6506234543922043
MSFT_20251106_153500,MSFT,2025-11-06 15:35:00+00:00,-1,4,78.31192070290038,4.417140943533073,243.83456737888724,7.318863411447162,0.0705869893167714,2025-11-06 15:20:00+00:00,2025-11-06 15:35:00+00:00,2025-11-06 15:40:00+00:00,2025-11-06 16:35:00+00:00,-0.0045286058632688,-0.0036873008556942,continuation,over_cap_or_below_cutoff,0.49302540851538945
MSFT_20251107_143000,MSFT,2025-11-07 14:30:00+00:00,1,3,75.061878062328,4.169712568306542,405.8542210617929,8.321689515625414,0.023474886585004,2025-11-07 14:15:00+00:00,2025-11-07 14:30:00+00:00,2025-11-07 14:35:00+00:00,2025-11-07 15:30:00+00:00,0.0063776539920883,-0.0058559281244985,reversal,over_cap_or_below_cutoff,0.44691099818943647
MSFT_20251110_143000,MSFT,2025-11-10 14:30:00+00:00,-1,6,97.20653669331504,4.697584701863338,351.57511229412745,9.260534405527252,0.0963576611407215,2025-11-10 14:15:00+00:00,2025-11-10 14:30:00+00:00,2025-11-10 14:35:00+00:00,2025-11-10 15:30:00+00:00,-0.0037462326101275,0.0097507057736703,reversal,over_cap_or_below_cutoff,0.5923223489195482
MSFT_20251112_143000,MSFT,2025-11-12 14:30:00+00:00,-1,3,61.6736616027258,4.953651730501363,491.421686746988,12.964844172615496,0.0801664579992943,2025-11-12 14:15:00+00:00,2025-11-12 14:30:00+00:00,2025-11-12 14:35:00+00:00,2025-11-12 15:30:00+00:00,-0.0061295629014569,-0.0057043210971211,continuation,over_cap_or_below_cutoff,0.5029155049685212
MSFT_20251114_142000,MSFT,2025-11-14 14:20:00+00:00,-1,7,94.84196355013852,4.254243873671798,338.9550650374458,6.03973037859777,0.3937432909256423,2025-11-14 14:05:00+00:00,2025-11-14 14:20:00+00:00,2025-11-14 14:25:00+00:00,2025-11-14 15:20:00+00:00,-0.0032334021362296,0.0147136137869887,reversal,over_cap_or_below_cutoff,0.572595246489196
MSFT_20251117_143000,MSFT,2025-11-17 14:30:00+00:00,1,7,62.97077314203703,4.219983397400319,976.647209421403,17.63496661677055,0.0672207539975765,2025-11-17 14:15:00+00:00,2025-11-17 14:30:00+00:00,2025-11-17 14:35:00+00:00,2025-11-17 15:30:00+00:00,0.0033298739369735,-0.0052356020942408,reversal,over_cap_or_below_cutoff,0.5629705893046142
MSFT_20251119_142500,MSFT,2025-11-19 14:25:00+00:00,-1,4,75.11277121220905,4.342923274399301,266.9593086064098,10.571353235999675,0.2256517839590209,2025-11-19 14:10:00+00:00,2025-11-19 14:25:00+00:00,2025-11-19 14:30:00+00:00,2025-11-19 15:25:00+00:00,-0.0037821021167572,0.0097360847468004,reversal,over_cap_or_below_cutoff,0.4976713254357011
MSFT_20251119_154000,MSFT,2025-11-19 15:40:00+00:00,-1,5,94.66461853559372,4.299724503329764,141.84837229626393,6.908838920414631,0.1116876055256704,2025-11-19 15:25:00+00:00,2025-11-19 15:40:00+00:00,2025-11-19 15:45:00+00:00,2025-11-19 16:40:00+00:00,-0.003695168789165,-0.0082007093119511,continuation,over_cap_or_below_cutoff,0.505547707081953
MSFT_20251121_145500,MSFT,2025-11-21 14:55:00+00:00,-1,8,106.51841792565176,4.161008702152777,275.65398091095807,11.795843336637676,0.1221097891109006,2025-11-21 14:40:00+00:00,2025-11-21 14:55:00+00:00,2025-11-21 15:00:00+00:00,2025-11-21 15:55:00+00:00,-0.0066494931724889,-0.0077479680796112,continuation,over_cap_or_below_cutoff,0.5561327124512485
MSFT_20251124_144000,MSFT,2025-11-24 14:40:00+00:00,-1,6,124.50698219806044,5.391972996981451,337.8295868122458,9.935763628902414,0.0449453350362347,2025-11-24 14:25:00+00:00,2025-11-24 14:40:00+00:00,2025-11-24 14:45:00+00:00,2025-11-24 15:40:00+00:00,-0.0067547662135433,0.0059108917183958,reversal,over_cap_or_below_cutoff,0.7132464355227712
MSFT_20251126_132500,MSFT,2025-11-26 13:25:00+00:00,1,9,79.54001954708411,5.437171162723924,52.01042028482112,11.458680017884184,0.7114278018754107,2025-11-26 13:10:00+00:00,2025-11-26 13:25:00+00:00,2025-11-26 13:30:00+00:00,2025-11-26 14:25:00+00:00,0.0033598335168378,0.0118530225207427,continuation,over_cap_or_below_cutoff,0.5948060289503021
MSFT_20251210_113000,MSFT,2025-12-10 11:30:00+00:00,-1,6,113.40248621058092,5.512597350776418,54.68587896253602,58.76920975953905,1.102057810200921,2025-12-10 11:15:00+00:00,2025-12-10 11:30:00+00:00,2025-12-10 11:35:00+00:00,2025-12-10 12:30:00+00:00,-0.0089136717001099,-0.0069815195071868,continuation,over_cap_or_below_cutoff,0.7133488421627576
MSFT_20251218_142500,MSFT,2025-12-18 14:25:00+00:00,-1,6,79.24591257924662,4.193333399025431,400.0776233828462,9.758364118180872,0.1101261226574488,2025-12-18 14:10:00+00:00,2025-12-18 14:25:00+00:00,2025-12-18 14:30:00+00:00,2025-12-18 15:25:00+00:00,-0.003292832878311,0.0135703084161002,reversal,over_cap_or_below_cutoff,0.5160681270962968
MSFT_20251222_143500,MSFT,2025-12-22 14:35:00+00:00,-1,5,75.62044097287225,5.382511448366001,469.6722846441948,17.476639827576196,0.0784360437830417,2025-12-22 14:20:00+00:00,2025-12-22 14:35:00+00:00,2025-12-22 14:40:00+00:00,2025-12-22 15:35:00+00:00,-0.0075052887726252,0.0012708449569152,unclear,low_strength_unclear,0.619713946971924
MSFT_20260102_142500,MSFT,2026-01-02 14:25:00+00:00,-1,10,85.38998229720596,4.361794974033873,1012.8228849665246,17.65194977394788,0.3053014796997606,2026-01-02 14:10:00+00:00,2026-01-02 14:25:00+00:00,2026-01-02 14:30:00+00:00,2026-01-02 15:25:00+00:00,-0.0032931974889369,-0.018347960764068,continuation,over_cap_or_below_cutoff,0.6538662140336191
MSFT_20260105_143000,MSFT,2026-01-05 14:30:00+00:00,-1,3,84.62323524408788,4.877771961998284,747.2543140028289,26.829949666829005,0.0535717150164377,2026-01-05 14:15:00+00:00,2026-01-05 14:30:00+00:00,2026-01-05 14:35:00+00:00,2026-01-05 15:30:00+00:00,-0.0083913135146531,0.0057407722401767,reversal,over_cap_or_below_cutoff,0.6121192338088499
MSFT_20260108_143500,MSFT,2026-01-08 14:35:00+00:00,-1,3,90.22998153432438,5.134076590320425,328.2087415222306,11.930387030833591,0.0463644848707695,2026-01-08 14:20:00+00:00,2026-01-08 14:35:00+00:00,2026-01-08 14:40:00+00:00,2026-01-08 15:35:00+00:00,-0.0051308683007893,-0.0029231829286118,unclear,low_strength_unclear,0.5511578439098737
MSFT_20260112_143000,MSFT,2026-01-12 14:30:00+00:00,1,3,99.5077207893269,4.112544135561043,729.9683184402925,30.633603758300065,0.0381745607681061,2026-01-12 14:15:00+00:00,2026-01-12 14:30:00+00:00,2026-01-12 14:35:00+00:00,2026-01-12 15:30:00+00:00,0.0095704850448026,-0.0020313769610601,unclear,over_cap_or_below_cutoff,0.5809091674495159
MSFT_20260113_151500,MSFT,2026-01-13 15:15:00+00:00,-1,8,88.44647867789269,4.602505977918041,406.57782573509576,11.138766813262077,0.1006464153946353,2026-01-13 15:00:00+00:00,2026-01-13 15:15:00+00:00,2026-01-13 15:20:00+00:00,2026-01-13 16:15:00+00:00,-0.0068422997729791,-0.0033277693313629,continuation,over_cap_or_below_cutoff,0.5747806621554616
MSFT_20260114_144000,MSFT,2026-01-14 14:40:00+00:00,-1,2,65.09996341489632,4.76549288021507,392.5195030338053,9.546383739945645,0.0377478416666321,2026-01-14 14:25:00+00:00,2026-01-14 14:40:00+00:00,2026-01-14 14:45:00+00:00,2026-01-14 15:40:00+00:00,-0.005644332105218,-0.0021542206568219,unclear,low_strength_unclear,0.41945018820476976
MSFT_20260115_142500,MSFT,2026-01-15 14:25:00+00:00,1,4,88.92850930596552,4.983834648334628,137.49962565510356,14.346778109380272,0.7161966083736918,2026-01-15 14:10:00+00:00,2026-01-15 14:25:00+00:00,2026-01-15 14:30:00+00:00,2026-01-15 15:25:00+00:00,0.004198498063064,-0.0111420012499731,reversal,over_cap_or_below_cutoff,0.6010208623759496
MSFT_20260122_142500,MSFT,2026-01-22 14:25:00+00:00,-1,4,72.75295383719182,4.219140538795204,150.8956190035834,5.277697237573024,0.511690842679521,2026-01-22 14:10:00+00:00,2026-01-22 14:25:00+00:00,2026-01-22 14:30:00+00:00,2026-01-22 15:25:00+00:00,-0.0030282113513393,-0.0021440536013399,unclear,low_strength_unclear,0.48000148932616377
MSFT_20260127_143000,MSFT,2026-01-27 14:30:00+00:00,1,3,111.1581621850588,5.7213651207388025,659.4329091315026,18.65368819182331,0.038851026383749,2026-01-27 14:15:00+00:00,2026-01-27 14:30:00+00:00,2026-01-27 14:35:00+00:00,2026-01-27 15:30:00+00:00,0.0111158162185052,-0.0012040624018426,unclear,over_cap_or_below_cutoff,0.7298411702794098
MSFT_20260128_143500,MSFT,2026-01-28 14:35:00+00:00,-1,3,66.86664166979384,4.609204417036104,152.4268292682927,5.586623844062014,0.0488329621621659,2026-01-28 14:20:00+00:00,2026-01-28 14:35:00+00:00,2026-01-28 14:40:00+00:00,2026-01-28 15:35:00+00:00,-0.0053072394062525,0.0013964151729888,unclear,low_strength_unclear,0.40670447370557933
MSFT_20260209_143500,MSFT,2026-02-09 14:35:00+00:00,1,9,110.35045227620222,4.065465562194945,194.13590733590732,9.976462929214122,0.0739993468378771,2026-02-09 14:20:00+00:00,2026-02-09 14:35:00+00:00,2026-02-09 14:40:00+00:00,2026-02-09 15:35:00+00:00,0.0094645019398522,0.0041615667074663,continuation,over_cap_or_below_cutoff,0.5349751999417842
MSFT_20260212_142500,MSFT,2026-02-12 14:25:00+00:00,-1,5,90.22655672887404,4.686542469197192,560.4800604800605,12.785306798348444,0.677008041800238,2026-02-12 14:10:00+00:00,2026-02-12 14:25:00+00:00,2026-02-12 14:30:00+00:00,2026-02-12 15:25:00+00:00,-0.003052382827885,-0.0063333333333333,continuation,over_cap_or_below_cutoff,0.6731126863497133
MSFT_20260217_130000,MSFT,2026-02-17 13:00:00+00:00,1,2,98.95050215748437,4.403276542895999,58.98107171420954,28.31456450190305,1.0191621275882106,2026-02-17 12:45:00+00:00,2026-02-17 13:00:00+00:00,2026-02-17 13:05:00+00:00,2026-02-17 14:00:00+00:00,0.0090111102751233,-0.0060970911431859,reversal,over_cap_or_below_cutoff,0.48302590546074153
MSFT_20260219_144500,MSFT,2026-02-19 14:45:00+00:00,1,7,78.09186397545575,4.131008282662897,249.37588892651544,7.412052300204388,0.0606929494633623,2026-02-19 14:30:00+00:00,2026-02-19 14:45:00+00:00,2026-02-19 14:50:00+00:00,2026-02-19 15:45:00+00:00,0.0048372883607998,0.00088570644445,unclear,low_strength_unclear,0.46883178252009766
MSFT_20260225_143500,MSFT,2026-02-25 14:35:00+00:00,1,6,126.70627297823422,5.590717454436389,326.39073514602217,9.559980434233244,0.0724675124016274,2026-02-25 14:20:00+00:00,2026-02-25 14:35:00+00:00,2026-02-25 14:40:00+00:00,2026-02-25 15:35:00+00:00,0.0049880452653214,0.015677292104091,continuation,over_cap_or_below_cutoff,0.7354211031806424
MSFT_20260226_142500,MSFT,2026-02-26 14:25:00+00:00,1,1,75.92730893702048,4.103407976209319,48.54447050333754,13.77716075220843,0.4898006636877036,2026-02-26 14:10:00+00:00,2026-02-26 14:25:00+00:00,2026-02-26 14:30:00+00:00,2026-02-26 15:25:00+00:00,0.0075927308937018,-0.0076096355775169,reversal,over_cap_or_below_cutoff,0.30300194888073284
MSFT_20260226_213500,MSFT,2026-02-26 21:35:00+00:00,-1,6,102.31148162181958,4.119179031628965,0.3322579688951248,3.764658930765629,23.339540680122937,2026-02-26 21:20:00+00:00,2026-02-26 21:35:00+00:00,2026-02-26 21:40:00+00:00,2026-02-26 22:35:00+00:00,-0.0037453183520599,-0.0076441102756892,continuation,over_cap_or_below_cutoff,0.5551543484761454
MSFT_20260310_133000,MSFT,2026-03-10 13:30:00+00:00,-1,4,100.73894270411054,4.197093077995048,370.1458181818182,9.293868488040683,0.0414929812006896,2026-03-10 13:15:00+00:00,2026-03-10 13:30:00+00:00,2026-03-10 13:35:00+00:00,2026-03-10 14:30:00+00:00,-0.0043993072287905,-0.006542502469783,continuation,over_cap_or_below_cutoff,0.5587968471021445
MSFT_20260313_132500,MSFT,2026-03-13 13:25:00+00:00,-1,7,77.3279453216591,4.3596232206087615,632.0484124489154,9.464614589674168,0.2957609850181482,2026-03-13 13:10:00+00:00,2026-03-13 13:25:00+00:00,2026-03-13 13:30:00+00:00,2026-03-13 14:25:00+00:00,-0.0039505068574836,0.0003242784803811,unclear,low_strength_unclear,0.5949154987441772
MSFT_20260324_100500,MSFT,2026-03-24 10:05:00+00:00,1,2,63.30604023333741,4.074721853173623,7.261433447098976,13.407588833032458,1.772198519719472,2026-03-24 09:50:00+00:00,2026-03-24 10:05:00+00:00,2026-03-24 10:10:00+00:00,2026-03-24 11:10:00+00:00,0.0063306040233344,-0.0020276066443108,unclear,low_strength_unclear,0.35309375005144417
MSFT_20260325_133500,MSFT,2026-03-25 13:35:00+00:00,-1,3,88.30612791008497,4.330021014978137,114.64145010635346,4.4979259841013,0.0844233977274355,2026-03-25 13:20:00+00:00,2026-03-25 13:35:00+00:00,2026-03-25 13:40:00+00:00,2026-03-25 14:35:00+00:00,-0.0044203148644702,-0.0042266103118624,continuation,over_cap_or_below_cutoff,0.43302110434577534
MSFT_20260326_132500,MSFT,2026-03-26 13:25:00+00:00,1,10,73.18227605373818,4.046799037292689,235.86814419974752,9.184396979676418,0.8974046565265087,2026-03-26 13:10:00+00:00,2026-03-26 13:25:00+00:00,2026-03-26 13:30:00+00:00,2026-03-26 14:25:00+00:00,0.0040069309075156,0.00296623880919,unclear,low_strength_unclear,0.520514756134485
MSFT_20260327_133000,MSFT,2026-03-27 13:30:00+00:00,-1,9,80.13478796655704,5.219534391741482,491.4813736197064,9.529767169466426,0.131318637660572,2026-03-27 13:15:00+00:00,2026-03-27 13:30:00+00:00,2026-03-27 13:35:00+00:00,2026-03-27 14:30:00+00:00,-0.0040687346080411,-0.001603413651271,unclear,low_strength_unclear,0.6273904887434281
MSFT_20260401_132500,MSFT,2026-04-01 13:25:00+00:00,-1,8,102.2380826027436,4.22417325692334,228.72314107018764,8.588865738674262,0.6889654465869854,2026-04-01 13:10:00+00:00,2026-04-01 13:25:00+00:00,2026-04-01 13:30:00+00:00,2026-04-01 14:25:00+00:00,-0.0034721294837211,-0.0042882795958296,continuation,over_cap_or_below_cutoff,0.5900974939919693
MSFT_20260402_141500,MSFT,2026-04-02 14:15:00+00:00,1,7,93.64963700644324,4.302436826114139,109.2862136584534,8.502137689723407,0.1987710111857319,2026-04-02 14:00:00+00:00,2026-04-02 14:15:00+00:00,2026-04-02 14:20:00+00:00,2026-04-02 15:15:00+00:00,0.0031854717525459,0.0110638181768574,continuation,over_cap_or_below_cutoff,0.5034319990954768
MSFT_20260406_132500,MSFT,2026-04-06 13:25:00+00:00,-1,6,89.24478956024772,4.356349798806128,212.58565063757877,13.563365298969606,1.284029738247448,2026-04-06 13:10:00+00:00,2026-04-06 13:25:00+00:00,2026-04-06 13:30:00+00:00,2026-04-06 14:25:00+00:00,-0.0035227242400789,-0.0019818420418329,unclear,low_strength_unclear,0.5893630510875667
MSFT_20260407_223500,MSFT,2026-04-07 22:35:00+00:00,1,6,118.22712331671868,4.783781930797776,0.7166274777013857,4.458259166612277,15.953725794555243,2026-04-07 22:20:00+00:00,2026-04-07 22:35:00+00:00,2026-04-07 22:40:00+00:00,2026-04-07 23:35:00+00:00,0.0072742369752305,0.0084672092072104,continuation,over_cap_or_below_cutoff,0.6521276767326971
MSFT_20260408_133000,MSFT,2026-04-08 13:30:00+00:00,-1,5,168.79754860523954,5.183665049318893,142.45100956429332,7.428047305638486,0.1855415570750876,2026-04-08 13:15:00+00:00,2026-04-08 13:30:00+00:00,2026-04-08 13:35:00+00:00,2026-04-08 14:30:00+00:00,-0.0046604726898176,-0.0075694080670507,continuation,over_cap_or_below_cutoff,0.7149675467814622
MSFT_20260409_133000,MSFT,2026-04-09 13:30:00+00:00,-1,6,115.8458099044779,5.487528419823441,417.0716557530402,13.346921567167897,0.1142196804179613,2026-04-09 13:15:00+00:00,2026-04-09 13:30:00+00:00,2026-04-09 13:35:00+00:00,2026-04-09 14:30:00+00:00,-0.0110640805829403,-0.0048354327509141,continuation,over_cap_or_below_cutoff,0.7233186065567909
MSFT_20260413_123000,MSFT,2026-04-13 12:30:00+00:00,-1,9,86.50986753176105,4.374656996543757,28.078618559595675,13.24677904717755,1.4307957507702385,2026-04-13 12:15:00+00:00,2026-04-13 12:30:00+00:00,2026-04-13 12:35:00+00:00,2026-04-13 13:30:00+00:00,-0.0053812871822607,0.0122617655854924,reversal,over_cap_or_below_cutoff,0.5414545865753255
MSFT_20260413_134000,MSFT,2026-04-13 13:40:00+00:00,-1,10,116.86233515600053,4.059808657242632,243.860661345496,10.04301935364807,0.1873251713076884,2026-04-13 13:25:00+00:00,2026-04-13 13:40:00+00:00,2026-04-13 13:45:00+00:00,2026-04-13 14:40:00+00:00,-0.0059397993311037,0.0142115037816596,reversal,over_cap_or_below_cutoff,0.5728035356825067
MSFT_20260414_132500,MSFT,2026-04-14 13:25:00+00:00,-1,7,123.47270196422012,4.721726002763387,118.51937984496124,5.475678605461887,1.269552661360708,2026-04-14 13:10:00+00:00,2026-04-14 13:25:00+00:00,2026-04-14 13:30:00+00:00,2026-04-14 14:25:00+00:00,-0.0090932311621967,0.0118930762489044,reversal,over_cap_or_below_cutoff,0.6866486945090897
MSFT_20260415_133000,MSFT,2026-04-15 13:30:00+00:00,1,9,110.96589610799512,6.112599447638129,286.8068899258853,10.606039107513206,0.0816751544855282,2026-04-15 13:15:00+00:00,2026-04-15 13:30:00+00:00,2026-04-15 13:35:00+00:00,2026-04-15 14:30:00+00:00,0.009093890318349,0.0167614524092245,continuation,over_cap_or_below_cutoff,0.7175977538480807
MSFT_20260421_134500,MSFT,2026-04-21 13:45:00+00:00,1,4,100.39513423820034,4.957487528904724,151.94979919678715,7.7749323267280275,0.1199560064309143,2026-04-21 13:30:00+00:00,2026-04-21 13:45:00+00:00,2026-04-21 13:50:00+00:00,2026-04-21 14:45:00+00:00,0.0090479888181393,0.0064538448041646,continuation,over_cap_or_below_cutoff,0.5785906561766878
MSFT_20260422_133000,MSFT,2026-04-22 13:30:00+00:00,-1,8,86.97086829451806,4.166653847364394,257.2266286257727,9.39206813110807,0.1107442480829665,2026-04-22 13:15:00+00:00,2026-04-22 13:30:00+00:00,2026-04-22 13:35:00+00:00,2026-04-22 14:30:00+00:00,-0.0056714319193813,0.0154379183558028,reversal,over_cap_or_below_cutoff,0.500972478547733
MSFT_20260422_201000,MSFT,2026-04-22 20:10:00+00:00,-1,5,187.53525098703204,4.502961481186347,1.2565412403252467,13.293965578716945,40.328899110907535,2026-04-22 19:55:00+00:00,2026-04-22 20:10:00+00:00,2026-04-22 20:15:00+00:00,2026-04-22 21:10:00+00:00,-0.0163862438753814,0.0058507013792616,reversal,over_cap_or_below_cutoff,0.6983528272705812
MSFT_20260428_132500,MSFT,2026-04-28 13:25:00+00:00,1,1,90.30418250950412,4.004210844388624,10.17598402738163,4.643384740852374,1.094987680733683,2026-04-28 13:10:00+00:00,2026-04-28 13:25:00+00:00,2026-04-28 13:30:00+00:00,2026-04-28 14:25:00+00:00,0.0090304182509506,0.0042159679698539,continuation,over_cap_or_below_cutoff,0.36602558834644516
MSFT_20260429_213500,MSFT,2026-04-29 21:35:00+00:00,-1,16,667.9109939979488,4.765433693572447,5.149982574468521,19.021176216900443,18.206561750132416,2026-04-29 21:20:00+00:00,2026-04-29 21:35:00+00:00,2026-04-29 21:40:00+00:00,2026-04-29 22:35:00+00:00,-0.0061291796968967,0.0335176802925605,reversal,over_cap_or_below_cutoff,0.7217012650324215
NFLX_20240605_133000,NFLX,2024-06-05 13:30:00+00:00,-1,3,161.84419713831664,5.2904732871582345,5.022997385310197,8.416311168473456,3.755928279244284,2024-06-05 13:10:00+00:00,2024-06-05 13:30:00+00:00,2024-06-05 13:35:00+00:00,2024-06-05 14:30:00+00:00,-0.0107496441686916,0.0244992050874404,reversal,over_cap_or_below_cutoff,0.6624764202964236
NFLX_20240625_133000,NFLX,2024-06-25 13:30:00+00:00,-1,3,123.79145206469656,4.434257271942225,6.578371941978784,10.3583460631648,2.262012034126326,2024-06-25 13:10:00+00:00,2024-06-25 13:30:00+00:00,2024-06-25 13:35:00+00:00,2024-06-25 14:30:00+00:00,-0.0096701482775933,0.0043926288078224,reversal,over_cap_or_below_cutoff,0.4950020435711661
NFLX_20240627_133000,NFLX,2024-06-27 13:30:00+00:00,1,3,127.98279381829536,4.051327154141712,7.8680348407111325,9.618326406819884,2.43319456644311,2024-06-27 13:10:00+00:00,2024-06-27 13:30:00+00:00,2024-06-27 13:35:00+00:00,2024-06-27 14:30:00+00:00,0.0127982793818299,0.0008313521870397,unclear,low_strength_unclear,0.46821146251665546
NFLX_20240711_122500,NFLX,2024-07-11 12:25:00+00:00,-1,1,93.0544182237769,4.33696849672376,0.2228119874757715,1.8738335022154995,32.73395288407307,2024-07-11 12:00:00+00:00,2024-07-11 12:25:00+00:00,2024-07-11 12:30:00+00:00,2024-07-11 13:30:00+00:00,-0.0092196489157693,-0.0051589369463262,continuation,over_cap_or_below_cutoff,0.3572464622814812
NFLX_20240715_132500,NFLX,2024-07-15 13:25:00+00:00,1,10,148.48560233845066,4.498203277768321,71.45285647933116,14.125986095080483,1.2909849993806974,2024-07-15 13:00:00+00:00,2024-07-15 13:25:00+00:00,2024-07-15 13:30:00+00:00,2024-07-15 14:25:00+00:00,0.0049785300889912,0.027122422441018,continuation,over_cap_or_below_cutoff,0.5665730368994353
NFLX_20240801_133000,NFLX,2024-08-01 13:30:00+00:00,1,7,167.80876494023823,5.046979682097747,7.410148347943358,6.245699559748035,1.89310794417954,2024-08-01 13:05:00+00:00,2024-08-01 13:30:00+00:00,2024-08-01 13:35:00+00:00,2024-08-01 14:30:00+00:00,0.0116494023904383,0.0106488555630817,continuation,over_cap_or_below_cutoff,0.6615280010139257
NFLX_20240821_132500,NFLX,2024-08-21 13:25:00+00:00,-1,4,106.98970530905738,4.384424031155465,8.314809726610799,6.0917536003155055,28.8811665131844,2024-08-21 13:10:00+00:00,2024-08-21 13:25:00+00:00,2024-08-21 13:30:00+00:00,2024-08-21 14:25:00+00:00,-0.0036441586280814,-0.0030765920826162,continuation,over_cap_or_below_cutoff,0.534904042980441
NFLX_20240822_132000,NFLX,2024-08-22 13:20:00+00:00,1,5,122.32526512246932,4.543919872574462,21.73547285763059,12.475863122445409,32.82212396081975,2024-08-22 13:05:00+00:00,2024-08-22 13:20:00+00:00,2024-08-22 13:25:00+00:00,2024-08-22 14:20:00+00:00,0.0034252539912915,0.0085483684332332,continuation,over_cap_or_below_cutoff,0.5776940938604007
NFLX_20240823_144500,NFLX,2024-08-23 14:45:00+00:00,-1,2,133.48767693344809,4.653946900965493,4.883528437980371,7.900562985872125,1.6960486995641888,2024-08-23 14:30:00+00:00,2024-08-23 14:45:00+00:00,2024-08-23 14:50:00+00:00,2024-08-23 15:45:00+00:00,-0.0131729253727027,0.0030551241098379,reversal,over_cap_or_below_cutoff,0.4611698737169556
NFLX_20240830_133000,NFLX,2024-08-30 13:30:00+00:00,-1,6,122.63967296087142,4.289356542333579,16.724659511705266,7.213097208018397,0.8889287672485771,2024-08-30 13:15:00+00:00,2024-08-30 13:30:00+00:00,2024-08-30 13:35:00+00:00,2024-08-30 14:30:00+00:00,-0.0087303851640513,-0.0011944508404329,unclear,low_strength_unclear,0.47912928264094384
NFLX_20240918_131500,NFLX,2024-09-18 13:15:00+00:00,1,5,152.09070970886307,5.0718867937155805,9.40812585917214,7.431409013667839,6.43417415009732,2024-09-18 13:00:00+00:00,2024-09-18 13:15:00+00:00,2024-09-18 13:25:00+00:00,2024-09-18 14:20:00+00:00,0.0036806342015855,-0.0166276445698165,reversal,over_cap_or_below_cutoff,0.6752015925238697
NFLX_20240923_134500,NFLX,2024-09-23 13:45:00+00:00,1,3,128.20512820511885,5.166047644372317,9.921994729373608,9.717460847686231,2.7825941201337394,2024-09-23 13:30:00+00:00,2024-09-23 13:45:00+00:00,2024-09-23 13:50:00+00:00,2024-09-23 14:45:00+00:00,0.0128205128205127,0.0004500703234882,unclear,low_strength_unclear,0.5961162074852119
NFLX_20241007_133000,NFLX,2024-10-07 13:30:00+00:00,-1,6,225.16215675629337,5.142308125333206,34.04223395387608,24.90777854512117,0.9784532562222036,2024-10-07 13:10:00+00:00,2024-10-07 13:30:00+00:00,2024-10-07 13:35:00+00:00,2024-10-07 14:30:00+00:00,-0.0203212290502793,0.0083398674174923,reversal,over_cap_or_below_cutoff,0.7152670292055032
NFLX_20241015_132500,NFLX,2024-10-15 13:25:00+00:00,-1,5,117.94618264001856,5.938371597339663,9.431522451399507,9.286879303464858,9.767422188791286,2024-10-15 13:05:00+00:00,2024-10-15 13:25:00+00:00,2024-10-15 13:30:00+00:00,2024-10-15 14:25:00+00:00,-0.0030757185997092,-0.0123127839793572,continuation,over_cap_or_below_cutoff,0.7048499270763944
NFLX_20241021_132500,NFLX,2024-10-21 13:25:00+00:00,-1,4,107.4971711270778,4.613285862791488,241.01838116736536,51.58663952734207,0.9593478480805516,2024-10-21 13:10:00+00:00,2024-10-21 13:25:00+00:00,2024-10-21 13:30:00+00:00,2024-10-21 14:25:00+00:00,-0.003008948691563,-0.0035536974131173,continuation,over_cap_or_below_cutoff,0.538537069503733
NFLX_20241113_143500,NFLX,2024-11-13 14:35:00+00:00,1,5,98.8180702841257,4.424125135971007,7.340723995912427,6.178070679510391,1.365137595793226,2024-11-13 14:20:00+00:00,2024-11-13 14:35:00+00:00,2024-11-13 14:40:00+00:00,2024-11-13 15:35:00+00:00,0.0079253568843553,-0.0002293135077724,unclear,low_strength_unclear,0.471916304179425
NFLX_20241114_142500,NFLX,2024-11-14 14:25:00+00:00,1,4,130.9872569230963,5.067210275153613,8.107271685264472,9.16260216405983,27.03029261658024,2024-11-14 14:05:00+00:00,2024-11-14 14:25:00+00:00,2024-11-14 14:30:00+00:00,2024-11-14 15:25:00+00:00,0.0034772773760392,0.0023920863309352,unclear,over_cap_or_below_cutoff,0.6422109827843931
NFLX_20241121_151000,NFLX,2024-11-21 15:10:00+00:00,1,9,110.8741811201508,4.0183521202060914,8.877730630205878,7.632200815489036,1.5244679914363437,2024-11-21 14:55:00+00:00,2024-11-21 15:10:00+00:00,2024-11-21 15:15:00+00:00,2024-11-21 16:10:00+00:00,0.0047221624559774,0.0121274965060185,continuation,over_cap_or_below_cutoff,0.4549118790347663
NFLX_20241126_143000,NFLX,2024-11-26 14:30:00+00:00,1,4,176.5588914549654,4.963134282718668,8.522483559452574,11.707479682014055,2.3728335856881206,2024-11-26 14:10:00+00:00,2024-11-26 14:30:00+00:00,2024-11-26 14:35:00+00:00,2024-11-26 15:30:00+00:00,0.0129210890632209,0.0053302961275627,continuation,over_cap_or_below_cutoff,0.6849129158085149
NFLX_20241209_145500,NFLX,2024-12-09 14:55:00+00:00,-1,2,126.16921710801644,4.695363734807932,7.713847251962884,9.406059068650954,1.4037406518613855,2024-12-09 14:40:00+00:00,2024-12-09 14:55:00+00:00,2024-12-09 15:00:00+00:00,2024-12-09 15:55:00+00:00,-0.0102316810344827,-0.0107674971829221,continuation,over_cap_or_below_cutoff,0.4437306984228775
NFLX_20241218_203000,NFLX,2024-12-18 20:30:00+00:00,-1,4,136.69299856883475,4.239782722039707,8.234219928543073,3.951388650389415,1.7236946496901102,2024-12-18 20:15:00+00:00,2024-12-18 20:30:00+00:00,2024-12-18 20:35:00+00:00,2024-12-18 21:30:00+00:00,-0.0037833399902366,-0.0109253711396464,continuation,over_cap_or_below_cutoff,0.5245925784013132
NFLX_20250106_142500,NFLX,2025-01-06 14:25:00+00:00,1,3,84.01569623698092,4.768595674607084,15.424359894711651,9.245724355417636,44.646316663960285,2025-01-06 13:55:00+00:00,2025-01-06 14:25:00+00:00,2025-01-06 14:30:00+00:00,2025-01-06 15:25:00+00:00,0.0067930006010501,-0.007270945504517,reversal,near_duplicate,0.49056144693390735
NFLX_20250106_145500,NFLX,2025-01-06 14:55:00+00:00,-1,4,108.43839606754946,4.667332641020919,8.90777698013879,8.33674983446076,2.715192637562148,2025-01-06 14:40:00+00:00,2025-01-06 14:55:00+00:00,2025-01-06 15:00:00+00:00,2025-01-06 15:55:00+00:00,-0.0057604594853313,0.0032678813141753,reversal,over_cap_or_below_cutoff,0.5617321328119915
NFLX_20250107_145000,NFLX,2025-01-07 14:50:00+00:00,1,3,133.31353919240118,4.488375220894791,3.187342189043803,6.454259881658709,3.718014967115231,2025-01-07 14:35:00+00:00,2025-01-07 14:50:00+00:00,2025-01-07 14:55:00+00:00,2025-01-07 15:50:00+00:00,0.0075782350002271,-0.0146435357253136,reversal,over_cap_or_below_cutoff,0.5356943390002928
NFLX_20250113_143000,NFLX,2025-01-13 14:30:00+00:00,1,3,147.83653846154098,4.045691519321552,199.1296016137166,41.46581966886164,0.1784120020089134,2025-01-13 14:15:00+00:00,2025-01-13 14:30:00+00:00,2025-01-13 14:35:00+00:00,2025-01-13 15:30:00+00:00,0.0147836538461538,-0.0088001895060998,reversal,over_cap_or_below_cutoff,0.45473191337757285
NFLX_20250121_142500,NFLX,2025-01-21 14:25:00+00:00,-1,6,133.37382042418744,4.815175515204127,156.5422943221321,100.3768055438928,0.1981684516907396,2025-01-21 14:10:00+00:00,2025-01-21 14:25:00+00:00,2025-01-21 14:30:00+00:00,2025-01-21 15:25:00+00:00,-0.0046109510086456,0.0018008106543139,unclear,low_strength_unclear,0.5534663790813978
NFLX_20250212_133000,NFLX,2025-02-12 13:30:00+00:00,-1,3,81.02511778651066,4.061612927565132,1.5785120369161116,13.187073319753727,8.016166614199856,2025-02-12 13:15:00+00:00,2025-02-12 13:30:00+00:00,2025-02-12 13:35:00+00:00,2025-02-12 14:35:00+00:00,-0.0080373887417021,0.0009152837379589,unclear,over_cap_or_below_cutoff,0.41278621425710815
NFLX_20250213_143000,NFLX,2025-02-13 14:30:00+00:00,1,6,111.43251562172551,4.658167312422791,14.50014524629622,13.74934970188989,1.0563990667210543,2025-02-13 14:10:00+00:00,2025-02-13 14:30:00+00:00,2025-02-13 14:35:00+00:00,2025-02-13 15:30:00+00:00,0.0111432515621723,0.0007361759566668,unclear,low_strength_unclear,0.5055204263046419
NFLX_20250224_145000,NFLX,2025-02-24 14:50:00+00:00,-1,4,150.8329126703689,4.540629225774786,3.941953883721364,4.785038010910306,2.0119645980953287,2025-02-24 14:35:00+00:00,2025-02-24 14:50:00+00:00,2025-02-24 14:55:00+00:00,2025-02-24 15:50:00+00:00,-0.0113902781151022,-0.010313206620106,continuation,over_cap_or_below_cutoff,0.5871691498925272
NFLX_20250306_143000,NFLX,2025-03-06 14:30:00+00:00,-1,3,286.84210526315866,5.495812202515888,7.130888477904581,6.898576008048894,1.5155560233950882,2025-03-06 14:15:00+00:00,2025-03-06 14:30:00+00:00,2025-03-06 14:35:00+00:00,2025-03-06 15:30:00+00:00,-0.0185739951789872,0.0015960651936857,unclear,over_cap_or_below_cutoff,0.7157729667356597
NFLX_20250307_142500,NFLX,2025-03-07 14:25:00+00:00,-1,28,182.28779757483383,4.041136158962059,234.97686645636173,15.48439052554417,1.2478505067006955,2025-03-07 14:10:00+00:00,2025-03-07 14:25:00+00:00,2025-03-07 14:30:00+00:00,2025-03-07 15:25:00+00:00,-0.0050997782705101,-0.0158179184310229,continuation,over_cap_or_below_cutoff,0.6040837538970605
NFLX_20250328_140500,NFLX,2025-03-28 14:05:00+00:00,-1,6,125.43554006968716,4.1511376587332665,4.943557551815575,5.5953582614274415,2.25444155164184,2025-03-28 13:50:00+00:00,2025-03-28 14:05:00+00:00,2025-03-28 14:10:00+00:00,2025-03-28 15:05:00+00:00,-0.0080694314396395,-0.0199983421063537,continuation,over_cap_or_below_cutoff,0.5171414157667891
NFLX_20250331_132500,NFLX,2025-03-31 13:25:00+00:00,-1,9,241.76924533922949,4.618837893739347,36.68357311224904,17.965624487273132,9.111855219755272,2025-03-31 13:10:00+00:00,2025-03-31 13:25:00+00:00,2025-03-31 13:30:00+00:00,2025-03-31 14:25:00+00:00,-0.005196067840553,-0.0162560132046172,continuation,over_cap_or_below_cutoff,0.7305108143118413
NFLX_20250409_171500,NFLX,2025-04-09 17:15:00+00:00,1,4,442.8223844282186,4.6616459176775935,12.779939153683046,6.921532798853606,1.1408211829258617,2025-04-09 17:00:00+00:00,2025-04-09 17:15:00+00:00,2025-04-09 17:20:00+00:00,2025-04-09 18:15:00+00:00,0.0210775775918681,0.0394058364931824,continuation,over_cap_or_below_cutoff,0.6673730122114614
NFLX_20250414_203500,NFLX,2025-04-14 20:35:00+00:00,1,5,172.22820236813652,4.089117343627886,0.4852085654165119,4.464238713378389,23.517014794165323,2025-04-14 20:20:00+00:00,2025-04-14 20:35:00+00:00,2025-04-14 20:40:00+00:00,2025-04-14 21:35:00+00:00,0.0110707842968817,0.0072112065761105,continuation,over_cap_or_below_cutoff,0.604071181279831
NFLX_20250415_133000,NFLX,2025-04-15 13:30:00+00:00,1,19,176.64932790853794,4.478892909472316,487.2812803103783,18.913740229709244,0.148513651121982,2025-04-15 13:15:00+00:00,2025-04-15 13:30:00+00:00,2025-04-15 13:35:00+00:00,2025-04-15 14:30:00+00:00,0.0042774261603375,0.0370482797737525,continuation,over_cap_or_below_cutoff,0.6526142742091969
NFLX_20250424_133000,NFLX,2025-04-24 13:30:00+00:00,1,4,276.9818529130852,4.868987741490577,38.51369598765432,12.083149784255983,0.8153455395376519,2025-04-24 13:10:00+00:00,2025-04-24 13:30:00+00:00,2025-04-24 13:35:00+00:00,2025-04-24 14:30:00+00:00,0.0229226361031518,0.0106442577030811,continuation,over_cap_or_below_cutoff,0.6820884641323101
NFLX_20250428_135000,NFLX,2025-04-28 13:50:00+00:00,-1,7,131.14965622753382,4.477001152237767,143.49540840985983,8.907884555616652,0.2895900361497235,2025-04-28 13:35:00+00:00,2025-04-28 13:50:00+00:00,2025-04-28 13:55:00+00:00,2025-04-28 14:50:00+00:00,-0.0035145939982952,0.0009881061299177,unclear,low_strength_unclear,0.515908647271772
NFLX_20250430_133000,NFLX,2025-04-30 13:30:00+00:00,1,7,117.4670327197469,4.209800462235711,110.44726203601616,10.072487264966636,0.2581303557015911,2025-04-30 13:15:00+00:00,2025-04-30 13:30:00+00:00,2025-04-30 13:35:00+00:00,2025-04-30 14:30:00+00:00,0.0117467032719744,-0.0112989323843417,reversal,over_cap_or_below_cutoff,0.4593317615748297
NFLX_20250506_132500,NFLX,2025-05-06 13:25:00+00:00,1,11,109.1086864736357,4.678898701350257,139.30157802454704,15.30089749137708,4.046816886762818,2025-05-06 13:10:00+00:00,2025-05-06 13:25:00+00:00,2025-05-06 13:30:00+00:00,2025-05-06 14:25:00+00:00,0.0039111111111111,0.012639454577652,continuation,over_cap_or_below_cutoff,0.5957747088639268
NFLX_20250513_133000,NFLX,2025-05-13 13:30:00+00:00,1,4,150.81070872939196,4.919995342318964,12.00406027506934,11.85975283776322,1.1269460656526633,2025-05-13 13:10:00+00:00,2025-05-13 13:30:00+00:00,2025-05-13 13:35:00+00:00,2025-05-13 14:30:00+00:00,0.008982898289829,0.0146255954611143,continuation,over_cap_or_below_cutoff,0.5950892311977497
NFLX_20250516_131500,NFLX,2025-05-16 13:15:00+00:00,1,7,92.99065025887288,4.211978717015766,319.924262439454,22.625106778615745,4.849593953549634,2025-05-16 13:00:00+00:00,2025-05-16 13:15:00+00:00,2025-05-16 13:20:00+00:00,2025-05-16 14:15:00+00:00,0.0078700177710078,0.0041981528127623,continuation,over_cap_or_below_cutoff,0.5606460949554855
NFLX_20250605_134000,NFLX,2025-06-05 13:40:00+00:00,1,5,74.17071344011595,4.596330697764374,9.92520201671386,5.50533607062418,2.071394535037148,2025-06-05 13:25:00+00:00,2025-06-05 13:40:00+00:00,2025-06-05 13:45:00+00:00,2025-06-05 14:40:00+00:00,0.0040783428709598,0.0117839712304135,continuation,over_cap_or_below_cutoff,0.4782456926117347
NFLX_20250620_132500,NFLX,2025-06-20 13:25:00+00:00,1,5,132.19512195122408,4.883448907344902,65.60272522211481,9.092683231091836,4.583791581782089,2025-06-20 13:10:00+00:00,2025-06-20 13:25:00+00:00,2025-06-20 13:30:00+00:00,2025-06-20 14:25:00+00:00,0.003170731707317,-0.000170192073912,unclear,over_cap_or_below_cutoff,0.6369446577710101
NFLX_20250624_135500,NFLX,2025-06-24 13:55:00+00:00,1,4,67.10347228816582,4.094720405168351,30.238752959747437,7.338117729142684,0.5167767708583408,2025-06-24 13:40:00+00:00,2025-06-24 13:55:00+00:00,2025-06-24 14:00:00+00:00,2025-06-24 14:55:00+00:00,0.0041531195861119,0.0028675868154028,unclear,low_strength_unclear,0.3628187282102839
NFLX_20250625_132500,NFLX,2025-06-25 13:25:00+00:00,1,9,65.48223350253846,4.592229434599584,15.54405529953917,12.218452112829748,18.46790383196564,2025-06-25 13:05:00+00:00,2025-06-25 13:25:00+00:00,2025-06-25 13:30:00+00:00,2025-06-25 14:25:00+00:00,0.0040437158469945,0.0039652303721096,continuation,over_cap_or_below_cutoff,0.49394261341742557
NFLX_20250701_142000,NFLX,2025-07-01 14:20:00+00:00,-1,12,126.69987777898184,5.514940797922345,7.601519457171026,7.106810473721923,1.0098433079061189,2025-07-01 14:05:00+00:00,2025-07-01 14:20:00+00:00,2025-07-01 14:25:00+00:00,2025-07-01 15:20:00+00:00,-0.0048286341381058,-0.0234799131378936,continuation,over_cap_or_below_cutoff,0.6139640480209052
NFLX_20250710_134500,NFLX,2025-07-10 13:45:00+00:00,-1,14,107.0244672454601,4.79124891120724,14.02155242262194,6.096342629948818,3.913680963876296,2025-07-10 13:30:00+00:00,2025-07-10 13:45:00+00:00,2025-07-10 13:50:00+00:00,2025-07-10 14:45:00+00:00,-0.0043424341734406,-0.0210610982695071,continuation,over_cap_or_below_cutoff,0.5779874726106646
NFLX_20250715_133000,NFLX,2025-07-15 13:30:00+00:00,-1,7,125.66158781074589,4.872276752148111,33.40363387041481,26.84181461624858,0.7654698620357507,2025-07-15 13:15:00+00:00,2025-07-15 13:30:00+00:00,2025-07-15 13:35:00+00:00,2025-07-15 14:30:00+00:00,-0.0124102101103217,0.0127826784282276,reversal,over_cap_or_below_cutoff,0.5426634064323117
NFLX_20250717_200000,NFLX,2025-07-17 20:00:00+00:00,-1,8,219.29373996790287,4.116056263919301,5.922951496388029,23.50798305622181,12.71930865904278,2025-07-17 19:45:00+00:00,2025-07-17 20:00:00+00:00,2025-07-17 20:05:00+00:00,2025-07-17 21:00:00+00:00,-0.02145879603306,0.0125280898876405,reversal,over_cap_or_below_cutoff,0.6760541327624627
NFLX_20250718_133000,NFLX,2025-07-18 13:30:00+00:00,-1,9,234.33669322328709,4.4608608181122165,341.29939024390245,26.44683950518031,0.1138315279369749,2025-07-18 13:15:00+00:00,2025-07-18 13:30:00+00:00,2025-07-18 13:35:00+00:00,2025-07-18 14:30:00+00:00,-0.0183467741935484,-0.0041445882111316,continuation,over_cap_or_below_cutoff,0.6774681368570377
NFLX_20250722_133000,NFLX,2025-07-22 13:30:00+00:00,-1,5,125.06995884773886,4.355048550513084,112.48950551405194,12.981219950834598,0.2160261085647422,2025-07-22 13:15:00+00:00,2025-07-22 13:30:00+00:00,2025-07-22 13:35:00+00:00,2025-07-22 14:30:00+00:00,-0.0032739112739111,-0.0091042877046382,continuation,over_cap_or_below_cutoff,0.48484009172900594
NFLX_20250723_132500,NFLX,2025-07-23 13:25:00+00:00,-1,5,74.27864173311427,4.058873626878145,135.57008310249307,24.964753194400465,2.48192987729806,2025-07-23 13:10:00+00:00,2025-07-23 13:25:00+00:00,2025-07-23 13:30:00+00:00,2025-07-23 14:25:00+00:00,-0.0041757322175731,-0.0106049528995554,continuation,over_cap_or_below_cutoff,0.4644568244913943
NFLX_20250724_133000,NFLX,2025-07-24 13:30:00+00:00,-1,8,104.71248942190536,6.25155965203389,176.08436992969172,23.8741826283955,0.4338314556845586,2025-07-24 13:15:00+00:00,2025-07-24 13:30:00+00:00,2025-07-24 13:35:00+00:00,2025-07-24 14:30:00+00:00,-0.0046550994498519,-0.0094642857142857,continuation,over_cap_or_below_cutoff,0.630693411250171
NFLX_20250728_133000,NFLX,2025-07-28 13:30:00+00:00,1,3,90.89445908055716,4.143803764256434,12.851322263222633,14.185384639084027,0.940588914133645,2025-07-28 13:05:00+00:00,2025-07-28 13:30:00+00:00,2025-07-28 13:35:00+00:00,2025-07-28 14:30:00+00:00,0.008617039295393,-0.0042780075148513,reversal,over_cap_or_below_cutoff,0.366705210836926
NFLX_20250808_140000,NFLX,2025-08-08 14:00:00+00:00,1,6,94.01917286612216,4.104873947639187,7.140777397358805,4.1120407645983645,1.5602832829476658,2025-08-08 13:45:00+00:00,2025-08-08 14:00:00+00:00,2025-08-08 14:05:00+00:00,2025-08-08 15:00:00+00:00,0.0037715834757499,0.002876768625609,unclear,low_strength_unclear,0.43884162924969483
NFLX_20250814_131000,NFLX,2025-08-14 13:10:00+00:00,1,7,169.4109068008043,5.208324881982913,15.072623574144489,11.848137683426431,34.26024878444546,2025-08-14 12:55:00+00:00,2025-08-14 13:10:00+00:00,2025-08-14 13:15:00+00:00,2025-08-14 14:10:00+00:00,0.005820809079962,0.0169346887712409,continuation,over_cap_or_below_cutoff,0.7170546911604752
NFLX_20250819_133000,NFLX,2025-08-19 13:30:00+00:00,-1,13,165.9744252215778,5.361281112426458,13.27304964539007,14.282409926712262,2.9694200300003257,2025-08-19 13:15:00+00:00,2025-08-19 13:30:00+00:00,2025-08-19 13:35:00+00:00,2025-08-19 14:30:00+00:00,-0.0096167331640671,-0.0289805887269586,continuation,over_cap_or_below_cutoff,0.7273349101971607
NFLX_20250825_133500,NFLX,2025-08-25 13:35:00+00:00,1,8,125.90481097657812,4.9368830970281605,12.51410521729659,10.222466681923978,1.7959331513638406,2025-08-25 13:15:00+00:00,2025-08-25 13:35:00+00:00,2025-08-25 13:40:00+00:00,2025-08-25 14:35:00+00:00,0.0125904810976573,0.0114572732346278,continuation,over_cap_or_below_cutoff,0.5832432526745548
NFLX_20250826_134500,NFLX,2025-08-26 13:45:00+00:00,-1,2,86.48253776654124,4.512405019444153,5.66331813957605,5.871914541178684,2.6959204151970164,2025-08-26 13:30:00+00:00,2025-08-26 13:45:00+00:00,2025-08-26 13:50:00+00:00,2025-08-26 14:45:00+00:00,-0.0085741027600779,0.0079433003035835,reversal,over_cap_or_below_cutoff,0.4106867647692731
NFLX_20250827_134000,NFLX,2025-08-27 13:40:00+00:00,-1,8,95.22711171887188,5.323716977152863,12.517123536682906,5.980467113039136,1.8371297996308755,2025-08-27 13:25:00+00:00,2025-08-27 13:40:00+00:00,2025-08-27 13:45:00+00:00,2025-08-27 14:40:00+00:00,-0.0041493775933608,0.0085470085470085,reversal,over_cap_or_below_cutoff,0.5773590869669656
NFLX_20250829_134000,NFLX,2025-08-29 13:40:00+00:00,-1,7,104.35286329029567,4.711122607209588,7.895535679715027,5.708269795068261,1.2486686552525244,2025-08-29 13:25:00+00:00,2025-08-29 13:40:00+00:00,2025-08-29 13:45:00+00:00,2025-08-29 14:40:00+00:00,-0.0043949771689497,-0.0073873268851196,continuation,over_cap_or_below_cutoff,0.5057749485843179
NFLX_20250909_133000,NFLX,2025-09-09 13:30:00+00:00,1,3,80.75845515337355,4.195940494422199,15.553989803517211,10.181676427601822,1.3582727684845777,2025-09-09 13:15:00+00:00,2025-09-09 13:30:00+00:00,2025-09-09 13:35:00+00:00,2025-09-09 14:30:00+00:00,0.0074939759036145,-0.0033962354404343,reversal,over_cap_or_below_cutoff,0.3721329545802853
NFLX_20251002_133000,NFLX,2025-10-02 13:30:00+00:00,-1,9,143.68918494751526,5.118895775970779,305.8046357615894,46.32894175788284,0.2266925566738006,2025-10-02 13:15:00+00:00,2025-10-02 13:30:00+00:00,2025-10-02 13:35:00+00:00,2025-10-02 14:30:00+00:00,-0.0133447979363714,-0.0067626451005683,continuation,over_cap_or_below_cutoff,0.6327567670465184
NFLX_20251003_133000,NFLX,2025-10-03 13:30:00+00:00,-1,4,94.76131187708516,5.279776702503051,26.412788130354148,14.568464544374192,1.0018935300612155,2025-10-03 13:15:00+00:00,2025-10-03 13:30:00+00:00,2025-10-03 13:35:00+00:00,2025-10-03 14:30:00+00:00,-0.0042669368201447,-0.006570098292809,continuation,over_cap_or_below_cutoff,0.5442872520053873
NFLX_20251009_133000,NFLX,2025-10-09 13:30:00+00:00,1,5,133.8521080368893,6.276401392123709,9.738934408462306,7.9664618705672945,2.361986185055056,2025-10-09 13:05:00+00:00,2025-10-09 13:30:00+00:00,2025-10-09 13:35:00+00:00,2025-10-09 14:30:00+00:00,0.0032218091697646,0.0123847167325428,continuation,over_cap_or_below_cutoff,0.7117617540287413
NFLX_20251016_140000,NFLX,2025-10-16 14:00:00+00:00,-1,3,91.78278075222312,4.199696629435263,5.756970295525337,5.772956105752924,1.3751838955779296,2025-10-16 13:45:00+00:00,2025-10-16 14:00:00+00:00,2025-10-16 14:05:00+00:00,2025-10-16 15:00:00+00:00,-0.0090948034402082,-0.0013883808320308,unclear,low_strength_unclear,0.3880571248193113
NFLX_20251020_132500,NFLX,2025-10-20 13:25:00+00:00,1,7,125.27033771419173,6.440499437086626,86.40039890301671,19.821120694883614,10.710229927683612,2025-10-20 13:10:00+00:00,2025-10-20 13:25:00+00:00,2025-10-20 13:30:00+00:00,2025-10-20 14:25:00+00:00,0.0064475873544092,0.0123992560446373,continuation,over_cap_or_below_cutoff,0.7321722951418961
NFLX_20251021_133500,NFLX,2025-10-21 13:35:00+00:00,-1,6,74.38817248326623,4.005795172894832,244.1601334445371,60.2498014257412,0.1197665273672256,2025-10-21 13:20:00+00:00,2025-10-21 13:35:00+00:00,2025-10-21 13:40:00+00:00,2025-10-21 14:35:00+00:00,-0.0049977502089091,0.0004602936188768,unclear,low_strength_unclear,0.3948968911348803
NFLX_20251024_132500,NFLX,2025-10-24 13:25:00+00:00,-1,5,107.58520929391668,4.951716505623245,376.5024429967427,32.52147758264076,1.2049990617849224,2025-10-24 13:10:00+00:00,2025-10-24 13:25:00+00:00,2025-10-24 13:30:00+00:00,2025-10-24 14:25:00+00:00,-0.0053264820152901,-0.0021510021510021,unclear,low_strength_unclear,0.6107824186586028
NFLX_20251028_133000,NFLX,2025-10-28 13:30:00+00:00,1,12,111.24458849928854,5.071293511172366,218.4823677581864,6837.704290373389,0.3887890435873512,2025-10-28 13:15:00+00:00,2025-10-28 13:30:00+00:00,2025-10-28 13:35:00+00:00,2025-10-28 14:30:00+00:00,0.0034584474885843,0.0054405448917762,continuation,over_cap_or_below_cutoff,0.6685158440481698
NFLX_20251030_135000,NFLX,2025-10-30 13:50:00+00:00,1,10,102.8057497950785,4.295849972679965,52.68287526427061,11.798056165265193,0.45933628399919,2025-10-30 13:35:00+00:00,2025-10-30 13:50:00+00:00,2025-10-30 13:55:00+00:00,2025-10-30 14:50:00+00:00,0.0074962518740628,-0.0046736202126109,reversal,over_cap_or_below_cutoff,0.4409846111410034
NFLX_20251103_143000,NFLX,2025-11-03 14:30:00+00:00,-1,14,124.86136453078169,4.19814709155299,303.73603504928803,12.07864395488801,0.1768627459647429,2025-11-03 14:15:00+00:00,2025-11-03 14:30:00+00:00,2025-11-03 14:35:00+00:00,2025-11-03 15:30:00+00:00,-0.0056498673740053,-0.0215007869394723,continuation,over_cap_or_below_cutoff,0.5068398944920903
NFLX_20251105_142500,NFLX,2025-11-05 14:25:00+00:00,-1,7,78.25870003142387,4.565781486491735,840.6678832116788,14.387628837710276,0.4162627163175676,2025-11-05 14:10:00+00:00,2025-11-05 14:25:00+00:00,2025-11-05 14:30:00+00:00,2025-11-05 15:25:00+00:00,-0.0046282713296561,0.0008336096680299,unclear,over_cap_or_below_cutoff,0.5668036852934786
NFLX_20251106_143000,NFLX,2025-11-06 14:30:00+00:00,-1,3,75.78962859402738,4.334253376561423,677.9677419354839,24.265790209674403,0.0403130003583437,2025-11-06 14:15:00+00:00,2025-11-06 14:30:00+00:00,2025-11-06 14:35:00+00:00,2025-11-06 15:30:00+00:00,-0.004879831855981,0.0064465177784307,reversal,over_cap_or_below_cutoff,0.46841010823305596
NFLX_20251112_143000,NFLX,2025-11-12 14:30:00+00:00,-1,6,69.90469954252454,4.376730018162627,324.5645390070922,17.678613481649023,0.1293004259763696,2025-11-12 14:15:00+00:00,2025-11-12 14:30:00+00:00,2025-11-12 14:35:00+00:00,2025-11-12 15:30:00+00:00,-0.0040745716869956,0.0049729748794231,reversal,over_cap_or_below_cutoff,0.443274289411658
NFLX_20251114_142500,NFLX,2025-11-14 14:25:00+00:00,-1,16,125.37440029686933,5.015936496496704,421.1080550098232,14.772989347077328,0.6320853841086782,2025-11-14 14:10:00+00:00,2025-11-14 14:25:00+00:00,2025-11-14 14:30:00+00:00,2025-11-14 15:25:00+00:00,-0.0031058881007842,-0.0230079201855336,continuation,over_cap_or_below_cutoff,0.6329713232035892
NFLX_20251117_144000,NFLX,2025-11-17 14:40:00+00:00,1,8,91.0202418149786,4.239129161526737,124.52911813643928,4.219017955842221,0.1211758435393987,2025-11-17 14:25:00+00:00,2025-11-17 14:40:00+00:00,2025-11-17 14:45:00+00:00,2025-11-17 15:40:00+00:00,0.0074040632054175,-0.0034955633234738,reversal,over_cap_or_below_cutoff,0.41956927969915736
NFLX_20251118_142500,NFLX,2025-11-18 14:25:00+00:00,1,22,157.43732083541852,4.306710401788283,493.6491671937592,6.459264595972892,0.2724060739530705,2025-11-18 14:10:00+00:00,2025-11-18 14:25:00+00:00,2025-11-18 14:30:00+00:00,2025-11-18 15:25:00+00:00,0.005749749018892,0.0149727767695098,continuation,over_cap_or_below_cutoff,0.6112446167185874
NFLX_20251120_142500,NFLX,2025-11-20 14:25:00+00:00,1,13,146.18547281863846,4.810764554203429,558.3456140350877,9.998139791452568,0.4976832448866139,2025-11-20 14:10:00+00:00,2025-11-20 14:25:00+00:00,2025-11-20 14:30:00+00:00,2025-11-20 15:25:00+00:00,0.0043411413584155,-0.0169293111211166,reversal,over_cap_or_below_cutoff,0.6675643127374529
NFLX_20251124_142500,NFLX,2025-11-24 14:25:00+00:00,1,7,132.5309358081972,4.311850969155608,980.3984632272228,7.243684954822755,0.6037303999802828,2025-11-24 14:10:00+00:00,2025-11-24 14:25:00+00:00,2025-11-24 14:30:00+00:00,2025-11-24 15:25:00+00:00,0.0079264683695614,0.0011034350412588,unclear,over_cap_or_below_cutoff,0.6310611281299161
NFLX_20251124_205000,NFLX,2025-11-24 20:50:00+00:00,1,3,246.00363740786776,4.82882775930827,30.72407514176659,14.683376440823316,0.8025871792300692,2025-11-24 20:35:00+00:00,2025-11-24 20:50:00+00:00,2025-11-24 20:55:00+00:00,2025-11-24 21:50:00+00:00,0.0145232180393657,0.002056884535694,unclear,over_cap_or_below_cutoff,0.6258636901166814
NFLX_20251125_142000,NFLX,2025-11-25 14:20:00+00:00,-1,9,127.0687651763125,5.17153955556484,420.1894291754757,6.605730908575064,1.743214473475079,2025-11-25 14:05:00+00:00,2025-11-25 14:20:00+00:00,2025-11-25 14:25:00+00:00,2025-11-25 15:20:00+00:00,-0.0035437878821934,-0.0177631578947368,continuation,over_cap_or_below_cutoff,0.692276294392558
NFLX_20251126_142500,NFLX,2025-11-26 14:25:00+00:00,1,9,102.7006466336955,4.943148498191845,791.7339707536557,8.700733311255467,0.4998059444053603,2025-11-26 14:10:00+00:00,2025-11-26 14:25:00+00:00,2025-11-26 14:30:00+00:00,2025-11-26 15:25:00+00:00,0.0058006846709774,0.0030254325423089,continuation,over_cap_or_below_cutoff,0.6462810485153778
NFLX_20251128_142500,NFLX,2025-11-28 14:25:00+00:00,1,9,92.87195926833692,5.254145133797252,891.1922246220303,7.467016000748997,0.7287004578184019,2025-11-28 14:10:00+00:00,2025-11-28 14:25:00+00:00,2025-11-28 14:30:00+00:00,2025-11-28 15:25:00+00:00,0.0036063865175612,0.0088262910798122,continuation,over_cap_or_below_cutoff,0.6715709344936012
NFLX_20251202_144000,NFLX,2025-12-02 14:40:00+00:00,-1,4,97.80992625214368,4.781575295557476,302.62047440699126,7.869761818357914,0.0572149342825831,2025-12-02 14:25:00+00:00,2025-12-02 14:40:00+00:00,2025-12-02 14:45:00+00:00,2025-12-02 15:40:00+00:00,-0.0096862514710107,0.0012465336845928,unclear,low_strength_unclear,0.5205994750810292
NFLX_20251204_141000,NFLX,2025-12-04 14:10:00+00:00,1,11,129.12621359223442,4.278034910126207,761.4758135444151,22.38003208897253,0.8070514220696259,2025-12-04 13:55:00+00:00,2025-12-04 14:10:00+00:00,2025-12-04 14:15:00+00:00,2025-12-04 15:10:00+00:00,0.0042222435466847,-0.0203678929765886,reversal,over_cap_or_below_cutoff,0.629828566739459
NFLX_20251209_143000,NFLX,2025-12-09 14:30:00+00:00,-1,4,72.98514415859492,4.189647043534731,324.9895100069013,7.1814634371949095,0.060283212426736,2025-12-09 14:15:00+00:00,2025-12-09 14:30:00+00:00,2025-12-09 14:35:00+00:00,2025-12-09 15:30:00+00:00,-0.004419775927639,-0.0032521164567416,continuation,over_cap_or_below_cutoff,0.4263208190979987
NFLX_20251210_143000,NFLX,2025-12-10 14:30:00+00:00,-1,4,128.11489283259814,6.475343022663979,576.5348618680699,10.358952276043974,0.0371595385569043,2025-12-10 14:15:00+00:00,2025-12-10 14:30:00+00:00,2025-12-10 14:35:00+00:00,2025-12-10 15:30:00+00:00,-0.0050892535347216,-0.0080154062353614,continuation,over_cap_or_below_cutoff,0.7356334433166474
NFLX_20251215_143000,NFLX,2025-12-15 14:30:00+00:00,-1,3,170.03019227713523,5.098845786129022,440.20050324460334,17.86870875186051,0.1013689088341543,2025-12-15 14:15:00+00:00,2025-12-15 14:30:00+00:00,2025-12-15 14:35:00+00:00,2025-12-15 15:30:00+00:00,-0.0157274994803575,-0.0064060937610539,continuation,over_cap_or_below_cutoff,0.6446350244046251
NFLX_20251216_143000,NFLX,2025-12-16 14:30:00+00:00,1,6,78.07145305003482,4.649431976723168,348.82980089916504,6.222554836870123,0.0847750687336346,2025-12-16 14:15:00+00:00,2025-12-16 14:30:00+00:00,2025-12-16 14:35:00+00:00,2025-12-16 15:30:00+00:00,0.0049385907657004,-0.0014031805425631,unclear,low_strength_unclear,0.4873047662024622
NFLX_20251222_143000,NFLX,2025-12-22 14:30:00+00:00,-1,4,138.16394798206844,4.8984187022480405,459.7340537295513,9.835151887383482,0.0538986591620715,2025-12-22 14:15:00+00:00,2025-12-22 14:30:00+00:00,2025-12-22 14:35:00+00:00,2025-12-22 15:30:00+00:00,-0.0087903609364266,-0.0003550738777585,unclear,low_strength_unclear,0.6273383432030972
NFLX_20251229_143500,NFLX,2025-12-29 14:35:00+00:00,1,7,90.41256518653285,5.5680693049719,679.1269565217391,10.14390145494394,0.0714256348793371,2025-12-29 14:20:00+00:00,2025-12-29 14:35:00+00:00,2025-12-29 14:40:00+00:00,2025-12-29 15:35:00+00:00,0.0066482289118179,-0.0079611137528398,reversal,over_cap_or_below_cutoff,0.6691781492116314
NFLX_20260102_143000,NFLX,2026-01-02 14:30:00+00:00,-1,3,212.67361111110492,4.630439138377844,1362.434705882353,35.84899238516738,0.0558160057815203,2026-01-02 14:15:00+00:00,2026-01-02 14:30:00+00:00,2026-01-02 14:35:00+00:00,2026-01-02 15:30:00+00:00,-0.01861504095309,0.0024387600260133,unclear,over_cap_or_below_cutoff,0.716928048041376
NFLX_20260105_143000,NFLX,2026-01-05 14:30:00+00:00,1,6,101.70423309510124,5.148418606286524,777.1105505267844,8.130886131203182,0.1247734783817955,2026-01-05 14:15:00+00:00,2026-01-05 14:30:00+00:00,2026-01-05 14:35:00+00:00,2026-01-05 15:30:00+00:00,0.0043931905546403,0.002351011481684,unclear,over_cap_or_below_cutoff,0.6520586659728304
NFLX_20260106_143000,NFLX,2026-01-06 14:30:00+00:00,-1,7,140.01881675797856,4.973977345975218,1428.7269612881123,22.627347355272203,0.0407637335442736,2026-01-06 14:15:00+00:00,2026-01-06 14:30:00+00:00,2026-01-06 14:35:00+00:00,2026-01-06 15:30:00+00:00,-0.0138085361860058,-0.0005589683989152,unclear,over_cap_or_below_cutoff,0.6899572796807377
NFLX_20260112_142500,NFLX,2026-01-12 14:25:00+00:00,1,5,113.22869955156855,5.562554975891111,541.64569356301,9.089414586877783,0.4099111606278391,2026-01-12 14:10:00+00:00,2026-01-12 14:25:00+00:00,2026-01-12 14:30:00+00:00,2026-01-12 15:25:00+00:00,0.0052643369175626,0.00033426183844,unclear,low_strength_unclear,0.687477870473921
NFLX_20260113_143000,NFLX,2026-01-13 14:30:00+00:00,1,8,144.49200878237312,4.958932832700982,805.945810754481,19.963219566311377,0.0913877081711976,2026-01-13 14:15:00+00:00,2026-01-13 14:30:00+00:00,2026-01-13 14:35:00+00:00,2026-01-13 15:30:00+00:00,0.0084005795809183,-0.010375390859443,reversal,over_cap_or_below_cutoff,0.6971529764542519
NFLX_20260114_143000,NFLX,2026-01-14 14:30:00+00:00,-1,5,228.7481303915961,5.005533220252207,284.63963577932515,8.624291603367892,0.0860573649156955,2026-01-14 14:15:00+00:00,2026-01-14 14:30:00+00:00,2026-01-14 14:35:00+00:00,2026-01-14 15:30:00+00:00,-0.0087670634487276,-0.0208467375880274,continuation,over_cap_or_below_cutoff,0.7206418303939826
NFLX_20260115_143000,NFLX,2026-01-15 14:30:00+00:00,1,8,78.71766029246885,4.641608046743993,436.0070914127424,8.889550517793312,0.1126624071443672,2026-01-15 14:15:00+00:00,2026-01-15 14:30:00+00:00,2026-01-15 14:35:00+00:00,2026-01-15 15:30:00+00:00,0.0059590735327186,-0.0019559628925897,unclear,low_strength_unclear,0.5067072911896613
NFLX_20260121_140000,NFLX,2026-01-21 14:00:00+00:00,1,24,189.34803683955613,4.048105620635695,197.8284676105751,6.231663073469778,2.1989641959505297,2026-01-21 13:45:00+00:00,2026-01-21 14:00:00+00:00,2026-01-21 14:05:00+00:00,2026-01-21 15:00:00+00:00,0.0106527932614888,0.0314989582056624,continuation,over_cap_or_below_cutoff,0.6429091170237506
NFLX_20260127_143000,NFLX,2026-01-27 14:30:00+00:00,-1,7,147.6014760147626,4.539692104035829,696.8322166005743,15.297571557836887,0.1027405297621147,2026-01-27 14:15:00+00:00,2026-01-27 14:30:00+00:00,2026-01-27 14:35:00+00:00,2026-01-27 15:30:00+00:00,-0.0066838649155722,-0.0021732971313894,unclear,low_strength_unclear,0.6562221099591556
NFLX_20260128_145500,NFLX,2026-01-28 14:55:00+00:00,1,8,110.0702576112389,5.150039836386672,353.9116698903933,7.682171005223137,0.0720260939430777,2026-01-28 14:40:00+00:00,2026-01-28 14:55:00+00:00,2026-01-28 15:00:00+00:00,2026-01-28 15:55:00+00:00,0.0110070257611241,-0.0091510308084319,reversal,over_cap_or_below_cutoff,0.588596396926593
NFLX_20260130_142500,NFLX,2026-01-30 14:25:00+00:00,1,8,131.04074589816994,5.220470487665748,452.6439518682711,5.475508551952324,1.0892540730094282,2026-01-30 14:10:00+00:00,2026-01-30 14:25:00+00:00,2026-01-30 14:30:00+00:00,2026-01-30 15:25:00+00:00,0.0043509789702682,-0.0002406738868832,unclear,low_strength_unclear,0.6861237089428054
NFLX_20260203_142500,NFLX,2026-02-03 14:25:00+00:00,-1,3,84.12582297001148,4.439065135879729,911.8231343283584,15.624199811663871,0.720177953538374,2026-02-03 14:10:00+00:00,2026-02-03 14:25:00+00:00,2026-02-03 14:30:00+00:00,2026-02-03 15:25:00+00:00,-0.0083424011606818,-0.0054255059741525,continuation,near_duplicate,0.52397929183227
NFLX_20260203_151000,NFLX,2026-02-03 15:10:00+00:00,-1,7,128.26046741074794,4.966845328616322,206.19243070362472,8.426141231183136,0.1112833991438386,2026-02-03 14:55:00+00:00,2026-02-03 15:10:00+00:00,2026-02-03 15:15:00+00:00,2026-02-03 16:10:00+00:00,-0.0048715138229205,-0.0055684738710072,continuation,over_cap_or_below_cutoff,0.5683608718371818
NFLX_20260204_144000,NFLX,2026-02-04 14:40:00+00:00,-1,12,125.06222000995491,5.242320415370011,190.2336,6.859577167574759,0.224162756866383,2026-02-04 14:25:00+00:00,2026-02-04 14:40:00+00:00,2026-02-04 14:45:00+00:00,2026-02-04 15:40:00+00:00,-0.0051256407050881,0.016908771048002,reversal,over_cap_or_below_cutoff,0.5925970948600833
NFLX_20260205_142000,NFLX,2026-02-05 14:20:00+00:00,1,5,209.64360587002463,4.272072488278053,475.0789598750764,7.808250966424382,0.2757867044223889,2026-02-05 14:05:00+00:00,2026-02-05 14:20:00+00:00,2026-02-05 14:25:00+00:00,2026-02-05 15:20:00+00:00,0.003334156581872,0.0028307692307691,unclear,over_cap_or_below_cutoff,0.6842291297862422
NFLX_20260217_120500,NFLX,2026-02-17 12:05:00+00:00,1,12,141.12112896903062,4.769550632083783,52.1421143847487,30.144137623927563,2.775570338217032,2026-02-17 11:50:00+00:00,2026-02-17 12:05:00+00:00,2026-02-17 12:10:00+00:00,2026-02-17 13:05:00+00:00,0.003791345273892,0.0097681687939568,continuation,over_cap_or_below_cutoff,0.6337541289551463
NFLX_20260217_142500,NFLX,2026-02-17 14:25:00+00:00,-1,16,215.43748347872872,4.142497274798284,231.94651555820656,8.858235430195707,0.6303177649684164,2026-02-17 14:10:00+00:00,2026-02-17 14:25:00+00:00,2026-02-17 14:30:00+00:00,2026-02-17 15:25:00+00:00,-0.0063512637718731,-0.0106313592486302,continuation,over_cap_or_below_cutoff,0.6409189333221046
NFLX_20260219_144000,NFLX,2026-02-19 14:40:00+00:00,1,7,99.6912786210502,4.12134408761022,250.4603291574552,7.248002551689274,0.0541509242571047,2026-02-19 14:25:00+00:00,2026-02-19 14:40:00+00:00,2026-02-19 14:45:00+00:00,2026-02-19 15:40:00+00:00,0.0072103501544797,-0.0026955487020082,unclear,low_strength_unclear,0.44459795526886514
NFLX_20260303_142500,NFLX,2026-03-03 14:25:00+00:00,1,23,182.79231011661068,4.02167995214457,236.2445875251509,8.535756044880968,0.7898682897247785,2026-03-03 14:10:00+00:00,2026-03-03 14:25:00+00:00,2026-03-03 14:30:00+00:00,2026-03-03 15:25:00+00:00,0.0122298365840802,-0.0054161024893241,reversal,over_cap_or_below_cutoff,0.5862702389338668
NFLX_20260305_142500,NFLX,2026-03-05 14:25:00+00:00,1,15,130.38606498930295,5.249059951777952,1055.4464579901153,13.34787137911838,0.6964890379963417,2026-03-05 14:10:00+00:00,2026-03-05 14:25:00+00:00,2026-03-05 14:30:00+00:00,2026-03-05 15:25:00+00:00,0.0042822185970636,-0.0009137055837563,unclear,over_cap_or_below_cutoff,0.7275616799098625
NFLX_20260313_133000,NFLX,2026-03-13 13:30:00+00:00,1,7,104.19528690690294,5.613826453522439,767.2161172161173,10.511719735982396,0.0516421310782253,2026-03-13 13:15:00+00:00,2026-03-13 13:30:00+00:00,2026-03-13 13:35:00+00:00,2026-03-13 14:30:00+00:00,0.0073131955484897,0.0015782828282826,unclear,over_cap_or_below_cutoff,0.7010632566127137
NFLX_20260316_133000,NFLX,2026-03-16 13:30:00+00:00,-1,9,104.1557075223576,4.541689395878561,526.9833369400562,9.571618776164234,0.0718484472397675,2026-03-16 13:15:00+00:00,2026-03-16 13:30:00+00:00,2026-03-16 13:35:00+00:00,2026-03-16 14:30:00+00:00,-0.0046684851028114,0.0082740447957838,reversal,over_cap_or_below_cutoff,0.553034300186674
NFLX_20260323_110500,NFLX,2026-03-23 11:05:00+00:00,1,5,247.9065667695024,4.06667554258738,23.065365494384093,13.512054001471054,2.0752226893530983,2026-03-23 10:50:00+00:00,2026-03-23 11:05:00+00:00,2026-03-23 11:10:00+00:00,2026-03-23 12:05:00+00:00,0.019031903190319,-0.0068012522940731,reversal,over_cap_or_below_cutoff,0.6427142368578127
NFLX_20260324_133000,NFLX,2026-03-24 13:30:00+00:00,1,4,84.25145819831448,4.184780405231248,1518.0405679513185,14.147189786098892,0.0187446863252507,2026-03-24 13:15:00+00:00,2026-03-24 13:30:00+00:00,2026-03-24 13:35:00+00:00,2026-03-24 14:30:00+00:00,0.0030081650193383,-0.0100685518423306,reversal,over_cap_or_below_cutoff,0.5222093013234437
NFLX_20260325_132500,NFLX,2026-03-25 13:25:00+00:00,1,5,83.06467404800787,4.314830768188199,459.50783545543584,8.171096886188145,0.2818719963603107,2026-03-25 13:10:00+00:00,2026-03-25 13:25:00+00:00,2026-03-25 13:30:00+00:00,2026-03-25 14:25:00+00:00,0.0036085292509568,0.0041403355850946,continuation,over_cap_or_below_cutoff,0.49091565621487226
NFLX_20260402_132500,NFLX,2026-04-02 13:25:00+00:00,1,6,145.56962025316534,4.82698330306662,679.3212435233161,7.101395072288808,0.4056551259147682,2026-04-02 13:10:00+00:00,2026-04-02 13:25:00+00:00,2026-04-02 13:30:00+00:00,2026-04-02 14:25:00+00:00,0.0060196430457282,0.0148540835607808,continuation,over_cap_or_below_cutoff,0.6901367121367771
NFLX_20260407_133000,NFLX,2026-04-07 13:30:00+00:00,1,10,121.61751292185664,4.000170092934828,321.7293233082707,5.819386283517812,0.0761271847021332,2026-04-07 13:15:00+00:00,2026-04-07 13:30:00+00:00,2026-04-07 13:35:00+00:00,2026-04-07 14:30:00+00:00,0.0055987223792641,-0.0010089799212995,unclear,low_strength_unclear,0.4815368193214077
NFLX_20260408_133000,NFLX,2026-04-08 13:30:00+00:00,-1,5,277.30790917013024,4.758983017429664,267.97174158768803,16.801238197777725,0.1444531970343678,2026-04-08 13:15:00+00:00,2026-04-08 13:30:00+00:00,2026-04-08 13:35:00+00:00,2026-04-08 14:30:00+00:00,-0.0269825436408976,0.0176841457788712,reversal,over_cap_or_below_cutoff,0.6939572647479089
NFLX_20260409_132500,NFLX,2026-04-09 13:25:00+00:00,1,6,65.96837546580359,4.041761348594274,500.747261663286,6.953473774929092,0.5906343671387306,2026-04-09 13:10:00+00:00,2026-04-09 13:25:00+00:00,2026-04-09 13:30:00+00:00,2026-04-09 14:25:00+00:00,0.0037243254128072,-0.0027575511661661,unclear,low_strength_unclear,0.4565023662616004
NFLX_20260414_133000,NFLX,2026-04-14 13:30:00+00:00,1,8,161.4819694174341,5.570255539804853,431.4298534250673,14.94156372525158,0.1274788913663915,2026-04-14 13:15:00+00:00,2026-04-14 13:30:00+00:00,2026-04-14 13:35:00+00:00,2026-04-14 14:30:00+00:00,0.0161481969417427,0.004015680275361,continuation,over_cap_or_below_cutoff,0.7290999484093152
NFLX_20260415_132500,NFLX,2026-04-15 13:25:00+00:00,-1,8,124.06122254967622,4.960993007826144,378.2299531211448,12.699330690507296,0.2836781443444174,2026-04-15 13:10:00+00:00,2026-04-15 13:25:00+00:00,2026-04-15 13:30:00+00:00,2026-04-15 14:25:00+00:00,-0.0031447960396635,-7.26415094339794e-05,unclear,low_strength_unclear,0.6035348581443254
NFLX_20260417_132000,NFLX,2026-04-17 13:20:00+00:00,-1,21,187.20825519479516,4.087122118216727,150.0346828600891,7.617883437244281,1.0096641067736958,2026-04-17 13:05:00+00:00,2026-04-17 13:20:00+00:00,2026-04-17 13:25:00+00:00,2026-04-17 14:20:00+00:00,-0.0098610259554465,0.0038185664894989,reversal,over_cap_or_below_cutoff,0.5898954606512332
NFLX_20260420_132500,NFLX,2026-04-20 13:25:00+00:00,-1,5,133.31776499877267,5.315260279147423,172.62646951251372,7.726795452492063,0.398253136016774,2026-04-20 13:10:00+00:00,2026-04-20 13:25:00+00:00,2026-04-20 13:30:00+00:00,2026-04-20 14:25:00+00:00,-0.0032833983172583,-0.0166563722462425,continuation,over_cap_or_below_cutoff,0.6155290764093464
NFLX_20260421_132500,NFLX,2026-04-21 13:25:00+00:00,-1,6,81.9604086845449,4.009469581407363,481.3150422714946,13.862933113386973,0.9099148474507848,2026-04-21 13:10:00+00:00,2026-04-21 13:25:00+00:00,2026-04-21 13:30:00+00:00,2026-04-21 14:25:00+00:00,-0.0081294118764785,-0.0042039165602383,continuation,over_cap_or_below_cutoff,0.48547314288592375
NFLX_20260422_133000,NFLX,2026-04-22 13:30:00+00:00,1,3,63.406770553471326,4.086118417743089,306.9580618892508,8.991315535542153,0.0604701020318172,2026-04-22 13:15:00+00:00,2026-04-22 13:30:00+00:00,2026-04-22 13:35:00+00:00,2026-04-22 14:30:00+00:00,0.0031189503118949,0.002144312211858,unclear,low_strength_unclear,0.3471865321645111
NFLX_20260424_133000,NFLX,2026-04-24 13:30:00+00:00,-1,8,76.22033623439827,4.644201458576544,428.7594594594594,7.468193346298865,0.0787933924298632,2026-04-24 13:15:00+00:00,2026-04-24 13:30:00+00:00,2026-04-24 13:35:00+00:00,2026-04-24 14:30:00+00:00,-0.0034486474835651,-0.0012977181788689,unclear,low_strength_unclear,0.5003746293525024
NFLX_20260427_133000,NFLX,2026-04-27 13:30:00+00:00,-1,8,121.63260121632602,5.073191230563316,392.6762548540199,15.389740818546882,0.1026881166552367,2026-04-27 13:15:00+00:00,2026-04-27 13:30:00+00:00,2026-04-27 13:35:00+00:00,2026-04-27 14:30:00+00:00,-0.009391474129515,0.01375101013751,reversal,over_cap_or_below_cutoff,0.6076920424607503
NFLX_20260429_132500,NFLX,2026-04-29 13:25:00+00:00,-1,14,66.33771929824394,4.276529446395202,399.63818014140793,8.255760621074408,0.7977306000105912,2026-04-29 13:10:00+00:00,2026-04-29 13:25:00+00:00,2026-04-29 13:30:00+00:00,2026-04-29 14:25:00+00:00,-0.0057778262291507,0.0089912280701753,reversal,over_cap_or_below_cutoff,0.46774217042566985
NFLX_20260430_132500,NFLX,2026-04-30 13:25:00+00:00,-1,4,93.62680683311586,4.058096387721692,369.9600601832855,11.74181845675928,0.9258445494829268,2026-04-30 13:10:00+00:00,2026-04-30 13:25:00+00:00,2026-04-30 13:30:00+00:00,2026-04-30 14:25:00+00:00,-0.0040353364598102,0.0151116951379763,reversal,over_cap_or_below_cutoff,0.48577291403493283
NVDA_20240530_141000,NVDA,2024-05-30 14:10:00+00:00,-1,8,154.46883498622333,4.376048764760286,130.44686440273202,7.709477687444219,0.1323823391784881,2024-05-30 13:55:00+00:00,2024-05-30 14:10:00+00:00,2024-05-30 14:15:00+00:00,2024-05-30 15:10:00+00:00,-0.0034575163001537,-0.0142160278745643,continuation,over_cap_or_below_cutoff,0.5212496671267097
NVDA_20240605_134500,NVDA,2024-06-05 13:45:00+00:00,1,4,97.5478471936575,4.378715534288494,79.16043356997972,5.769976345801515,0.1649931084601009,2024-06-05 13:30:00+00:00,2024-06-05 13:45:00+00:00,2024-06-05 13:50:00+00:00,2024-06-05 14:45:00+00:00,0.0070338049648395,0.0075542528112857,continuation,over_cap_or_below_cutoff,0.4209101878835717
NVDA_20240607_122500,NVDA,2024-06-07 12:25:00+00:00,-1,7,160.47297297297814,4.429251405004473,34.3926327659346,12.955452613351843,0.8031358078954733,2024-06-07 12:10:00+00:00,2024-06-07 12:25:00+00:00,2024-06-07 12:30:00+00:00,2024-06-07 13:25:00+00:00,-0.0036441941361603,-0.0043474646716541,continuation,over_cap_or_below_cutoff,0.543366617644403
NVDA_20240612_123000,NVDA,2024-06-12 12:30:00+00:00,1,5,159.74967061922695,5.923893728328368,90.77538718352965,19.457267065519314,0.3703149061557179,2024-06-12 12:15:00+00:00,2024-06-12 12:30:00+00:00,2024-06-12 12:35:00+00:00,2024-06-12 13:30:00+00:00,0.0118723720009894,0.0072924305385806,continuation,over_cap_or_below_cutoff,0.6551552437054677
NVDA_20240618_133000,NVDA,2024-06-18 13:30:00+00:00,1,8,126.20694898502371,4.801205841344983,208.2431206299575,7.234400349857056,0.0917830290084207,2024-06-18 13:15:00+00:00,2024-06-18 13:30:00+00:00,2024-06-18 13:35:00+00:00,2024-06-18 14:30:00+00:00,0.0044976368348834,0.0120285345678072,continuation,over_cap_or_below_cutoff,0.5542407134389842
NVDA_20240620_154000,NVDA,2024-06-20 15:40:00+00:00,-1,14,264.24374090083137,4.60563050586143,17.739228099778206,5.8298661825854445,3.1443372739398225,2024-06-20 15:25:00+00:00,2024-06-20 15:40:00+00:00,2024-06-20 15:45:00+00:00,2024-06-20 16:40:00+00:00,-0.0058580175409564,-0.0352792260238481,continuation,over_cap_or_below_cutoff,0.7027976831434981
NVDA_20240624_093000,NVDA,2024-06-24 09:30:00+00:00,-1,4,148.93790184748124,4.761889545412225,6.876281222350779,4.859356824706115,3.532591873005518,2024-06-24 09:15:00+00:00,2024-06-24 09:30:00+00:00,2024-06-24 09:35:00+00:00,2024-06-24 10:30:00+00:00,-0.0069472171204982,-0.0053071727243486,continuation,over_cap_or_below_cutoff,0.5815797904714337
NVDA_20240624_133000,NVDA,2024-06-24 13:30:00+00:00,1,27,254.18003715588665,4.027586935361334,144.90191649683078,6.36751638553358,0.5173792757825222,2024-06-24 13:15:00+00:00,2024-06-24 13:30:00+00:00,2024-06-24 13:35:00+00:00,2024-06-24 14:30:00+00:00,0.0040055025084966,-0.0213177513600644,reversal,over_cap_or_below_cutoff,0.655146100166105
NVDA_20240628_133000,NVDA,2024-06-28 13:30:00+00:00,-1,17,176.26597637921958,5.560711765903942,217.22701563712985,9.508356237831135,0.3007517252985576,2024-06-28 13:15:00+00:00,2024-06-28 13:30:00+00:00,2024-06-28 13:35:00+00:00,2024-06-28 14:30:00+00:00,-0.008183568677792,0.0254004206439086,reversal,over_cap_or_below_cutoff,0.7069572817211189
NVDA_20240701_133000,NVDA,2024-07-01 13:30:00+00:00,-1,13,257.4536998588117,4.164501362804847,128.21411391796164,8.084490764031768,0.2195114005582389,2024-07-01 13:15:00+00:00,2024-07-01 13:30:00+00:00,2024-07-01 13:35:00+00:00,2024-07-01 14:30:00+00:00,-0.0130039011703512,0.0044260540184453,reversal,over_cap_or_below_cutoff,0.6314140922830613
NVDA_20240703_141500,NVDA,2024-07-03 14:15:00+00:00,-1,15,185.95896179590235,5.375821789692109,91.08876896962327,5.735747156639169,0.3146084168830197,2024-07-03 14:00:00+00:00,2024-07-03 14:15:00+00:00,2024-07-03 14:20:00+00:00,2024-07-03 15:15:00+00:00,-0.0037130732821937,0.0297743375517058,reversal,over_cap_or_below_cutoff,0.6411521087831975
NVDA_20240708_110500,NVDA,2024-07-08 11:05:00+00:00,1,3,84.34118395926671,4.857827132500705,6.484272397483584,5.87451402214557,1.301728292520851,2024-07-08 10:50:00+00:00,2024-07-08 11:05:00+00:00,2024-07-08 11:10:00+00:00,2024-07-08 12:05:00+00:00,0.0049304174950297,0.0037983698662655,continuation,over_cap_or_below_cutoff,0.4518376166918711
NVDA_20240708_133000,NVDA,2024-07-08 13:30:00+00:00,1,18,162.47461334166547,4.082139892103176,247.93332445145884,10.510543311121603,0.1486411270405458,2024-07-08 13:15:00+00:00,2024-07-08 13:30:00+00:00,2024-07-08 13:35:00+00:00,2024-07-08 14:30:00+00:00,0.0098593762275118,0.0006169045859427,unclear,low_strength_unclear,0.5701414516147549
NVDA_20240709_133000,NVDA,2024-07-09 13:30:00+00:00,1,17,125.8151131568841,4.930694462032485,244.7373139158576,9.757450990132906,0.2842816523711098,2024-07-09 13:15:00+00:00,2024-07-09 13:30:00+00:00,2024-07-09 13:35:00+00:00,2024-07-09 14:30:00+00:00,0.0083978832732574,0.0096208693006805,continuation,over_cap_or_below_cutoff,0.600083528223249
NVDA_20240715_132500,NVDA,2024-07-15 13:25:00+00:00,-1,13,181.2242358248484,5.482033177266128,121.52332129551108,8.392507094281143,0.9317763272451496,2024-07-15 13:10:00+00:00,2024-07-15 13:25:00+00:00,2024-07-15 13:30:00+00:00,2024-07-15 14:25:00+00:00,-0.0041196216051268,-0.0103416577294315,continuation,over_cap_or_below_cutoff,0.7135792566988441
NVDA_20240723_133000,NVDA,2024-07-23 13:30:00+00:00,1,6,136.0488798370718,4.335142465963163,161.97783286394724,5.945402350966773,0.1203447847794181,2024-07-23 13:15:00+00:00,2024-07-23 13:30:00+00:00,2024-07-23 13:35:00+00:00,2024-07-23 14:30:00+00:00,0.0069195701725821,-0.0012935564718247,unclear,low_strength_unclear,0.5082024527266358
NVDA_20240723_211000,NVDA,2024-07-23 21:10:00+00:00,-1,12,126.70807453416089,4.311066164559221,0.3125448912848425,3.112271536742885,36.08531329120444,2024-07-23 20:55:00+00:00,2024-07-23 21:10:00+00:00,2024-07-23 21:15:00+00:00,2024-07-23 22:10:00+00:00,-0.0034922439697879,-0.0161369193154035,continuation,over_cap_or_below_cutoff,0.5128095107989039
NVDA_20240724_133000,NVDA,2024-07-24 13:30:00+00:00,-1,5,143.34032064729607,4.6486258147675885,245.1280716202216,5.786244928503549,0.0583324150224623,2024-07-24 13:15:00+00:00,2024-07-24 13:30:00+00:00,2024-07-24 13:35:00+00:00,2024-07-24 14:30:00+00:00,-0.0041021347844286,-0.0029421654337592,unclear,low_strength_unclear,0.581042141192516
NVDA_20240725_131500,NVDA,2024-07-25 13:15:00+00:00,1,31,361.79650679234896,4.335151017285527,183.69592966973596,6.563257793457748,0.911096513019432,2024-07-25 13:00:00+00:00,2024-07-25 13:15:00+00:00,2024-07-25 13:20:00+00:00,2024-07-25 14:15:00+00:00,0.0070509430636349,-0.0450726413443025,reversal,over_cap_or_below_cutoff,0.7349866100454747
NVDA_20240812_133000,NVDA,2024-08-12 13:30:00+00:00,1,11,261.3496359902934,4.091823412053845,332.188188772931,21.133015176115663,0.1524672195913081,2024-08-12 13:15:00+00:00,2024-08-12 13:30:00+00:00,2024-08-12 13:35:00+00:00,2024-08-12 14:30:00+00:00,0.0186247765967453,0.0181909686951702,continuation,over_cap_or_below_cutoff,0.724776034803994
NVDA_20240813_123000,NVDA,2024-08-13 12:30:00+00:00,1,4,194.7115103006003,4.175357637106465,32.555221841808006,7.97782888630872,0.6014388863294666,2024-08-13 12:15:00+00:00,2024-08-13 12:30:00+00:00,2024-08-13 12:35:00+00:00,2024-08-13 13:30:00+00:00,0.0153153153153153,-0.0063007985803016,reversal,over_cap_or_below_cutoff,0.5502180232384148
NVDA_20240822_111000,NVDA,2024-08-22 11:10:00+00:00,1,4,77.22007722007484,5.436546088254837,22.67021545194412,7.673775785616757,1.2511695315798912,2024-08-22 10:55:00+00:00,2024-08-22 11:10:00+00:00,2024-08-22 11:15:00+00:00,2024-08-22 12:10:00+00:00,0.0049474335188619,-0.0007692307692307,unclear,low_strength_unclear,0.5464129603313772
NVDA_20240826_133000,NVDA,2024-08-26 13:30:00+00:00,1,19,234.3031666934548,4.91263288025425,187.9664415854524,8.625253466213394,0.2084540774019679,2024-08-26 13:15:00+00:00,2024-08-26 13:30:00+00:00,2024-08-26 13:35:00+00:00,2024-08-26 14:30:00+00:00,0.0077811913256269,-0.0389003752201546,reversal,over_cap_or_below_cutoff,0.7093609396551797
NVDA_20240830_131500,NVDA,2024-08-30 13:15:00+00:00,1,20,155.94443575657647,4.520512913551034,168.12080645016957,6.802468403649279,1.233849170599699,2024-08-30 13:00:00+00:00,2024-08-30 13:15:00+00:00,2024-08-30 13:20:00+00:00,2024-08-30 14:15:00+00:00,0.0036225779275482,0.0054981952488877,continuation,over_cap_or_below_cutoff,0.6516738648008222
NVDA_20240904_132500,NVDA,2024-09-04 13:25:00+00:00,-1,24,291.75997703130065,4.0128428500159306,101.5097650556754,8.550032721885167,0.4165514256695588,2024-09-04 13:10:00+00:00,2024-09-04 13:25:00+00:00,2024-09-04 13:30:00+00:00,2024-09-04 14:25:00+00:00,-0.0098637858149365,0.0185967741935484,reversal,over_cap_or_below_cutoff,0.6226637291436461
NVDA_20240906_123000,NVDA,2024-09-06 12:30:00+00:00,1,6,151.420631769974,4.142053588233347,29.3803366538142,9.873743629732395,1.0107724542719776,2024-09-06 12:15:00+00:00,2024-09-06 12:30:00+00:00,2024-09-06 12:35:00+00:00,2024-09-06 13:30:00+00:00,0.0121143289797462,0.0022910043014774,unclear,near_duplicate,0.5234439754863234
NVDA_20240916_110500,NVDA,2024-09-16 11:05:00+00:00,-1,6,60.473725062046846,4.632784218043368,12.539395234118585,4.747845802692032,1.424836352528723,2024-09-16 10:50:00+00:00,2024-09-16 11:05:00+00:00,2024-09-16 11:10:00+00:00,2024-09-16 12:05:00+00:00,-0.003982038464797,-0.0016161959850289,unclear,low_strength_unclear,0.4543292416244833
NVDA_20240916_133000,NVDA,2024-09-16 13:30:00+00:00,-1,14,176.23080972205108,4.957627955889187,278.8258917674029,11.827971661306623,0.2005800429140941,2024-09-16 13:15:00+00:00,2024-09-16 13:30:00+00:00,2024-09-16 13:35:00+00:00,2024-09-16 14:30:00+00:00,-0.0173178864569082,0.0121416980976121,reversal,over_cap_or_below_cutoff,0.6806591770585977
NVDA_20240917_133000,NVDA,2024-09-17 13:30:00+00:00,-1,6,92.48231225474244,4.197927001458606,206.2256350228257,7.645319588436108,0.1191352451457431,2024-09-17 13:15:00+00:00,2024-09-17 13:30:00+00:00,2024-09-17 13:35:00+00:00,2024-09-17 14:30:00+00:00,-0.0040557667934092,-0.0029702214303893,unclear,low_strength_unclear,0.4608066680778055
NVDA_20240924_133500,NVDA,2024-09-24 13:35:00+00:00,1,23,210.42767081274505,5.522882758603089,148.65970229555236,7.364813980879789,0.3127512260264871,2024-09-24 13:20:00+00:00,2024-09-24 13:35:00+00:00,2024-09-24 13:40:00+00:00,2024-09-24 14:35:00+00:00,0.0074251907742433,-0.0142651664737522,reversal,over_cap_or_below_cutoff,0.7157675342019449
NVDA_20240926_133500,NVDA,2024-09-26 13:35:00+00:00,1,23,180.55479875959125,4.717369825419051,119.2725694176877,7.652050201134775,0.9968460690249754,2024-09-26 13:20:00+00:00,2024-09-26 13:35:00+00:00,2024-09-26 13:40:00+00:00,2024-09-26 14:35:00+00:00,0.0063959190129705,-0.0135922803140622,reversal,over_cap_or_below_cutoff,0.6548984999813341
NVDA_20240927_133000,NVDA,2024-09-27 13:30:00+00:00,-1,11,139.33931450779812,4.040463664660459,148.80458732696968,6.442451798221523,0.1020671946575225,2024-09-27 13:15:00+00:00,2024-09-27 13:30:00+00:00,2024-09-27 13:35:00+00:00,2024-09-27 14:30:00+00:00,-0.0079702778584567,-0.0203326119611159,continuation,over_cap_or_below_cutoff,0.4802141008975456
NVDA_20240930_133000,NVDA,2024-09-30 13:30:00+00:00,1,13,226.88890769100743,5.628856051864325,134.38408923362928,7.564093760056431,0.2013941750835027,2024-09-30 13:15:00+00:00,2024-09-30 13:30:00+00:00,2024-09-30 13:35:00+00:00,2024-09-30 14:30:00+00:00,0.01210018615671,0.0050990719839478,continuation,over_cap_or_below_cutoff,0.7294809605846928
NVDA_20241001_133500,NVDA,2024-10-01 13:35:00+00:00,-1,13,155.14476238710716,5.159596912787294,216.8160817494972,12.596526198484227,0.1918439012891988,2024-10-01 13:20:00+00:00,2024-10-01 13:35:00+00:00,2024-10-01 13:40:00+00:00,2024-10-01 14:35:00+00:00,-0.01182168951646,-0.0186931959790646,continuation,over_cap_or_below_cutoff,0.635857215802031
NVDA_20241004_123000,NVDA,2024-10-04 12:30:00+00:00,1,4,119.36713995943428,5.046246931291741,47.01629001115009,7.981333149302374,0.4169233182242917,2024-10-04 12:15:00+00:00,2024-10-04 12:30:00+00:00,2024-10-04 12:35:00+00:00,2024-10-04 13:30:00+00:00,0.006568277651638,0.0004833642149359,unclear,low_strength_unclear,0.5105123042548768
NVDA_20241009_133000,NVDA,2024-10-09 13:30:00+00:00,-1,17,175.21237864077665,5.9895204166209615,147.90534474272533,10.21660280920774,0.2659416381911589,2024-10-09 13:15:00+00:00,2024-10-09 13:30:00+00:00,2024-10-09 13:35:00+00:00,2024-10-09 14:30:00+00:00,-0.0067610393528306,0.0014214109373833,unclear,low_strength_unclear,0.7016740728308419
NVDA_20241010_123000,NVDA,2024-10-10 12:30:00+00:00,-1,4,123.77400867883192,6.108242498451078,37.48873798947183,9.541473832049142,0.701960389104064,2024-10-10 12:15:00+00:00,2024-10-10 12:30:00+00:00,2024-10-10 12:35:00+00:00,2024-10-10 13:30:00+00:00,-0.0070767145976061,0.0029327469861248,unclear,near_duplicate,0.6231431320477148
NVDA_20241010_131500,NVDA,2024-10-10 13:15:00+00:00,-1,13,138.87883992186323,4.907262012366761,237.54759631584855,10.949429842927367,0.9856073453606988,2024-10-10 13:00:00+00:00,2024-10-10 13:15:00+00:00,2024-10-10 13:20:00+00:00,2024-10-10 14:15:00+00:00,-0.0041024941040865,0.019721312723673,reversal,over_cap_or_below_cutoff,0.6740316969285194
NVDA_20241011_141000,NVDA,2024-10-11 14:10:00+00:00,1,8,87.00178465199437,4.147527812018439,200.11530867182464,6.172253402316609,0.1086115332956823,2024-10-11 13:55:00+00:00,2024-10-11 14:10:00+00:00,2024-10-11 14:15:00+00:00,2024-10-11 15:10:00+00:00,0.0067637877211237,-0.0035437430786267,reversal,over_cap_or_below_cutoff,0.445204117781901
NVDA_20241014_133000,NVDA,2024-10-14 13:30:00+00:00,1,7,134.12343223382584,4.330202328249971,325.6849402088511,17.32649302956815,0.0978587918631935,2024-10-14 13:15:00+00:00,2024-10-14 13:30:00+00:00,2024-10-14 13:35:00+00:00,2024-10-14 14:30:00+00:00,0.0104692876491689,0.0099623243008259,continuation,over_cap_or_below_cutoff,0.5876480462694909
NVDA_20241016_134000,NVDA,2024-10-16 13:40:00+00:00,-1,3,139.23285353575122,4.457959222275326,167.68453904008683,11.87094007604744,0.1046032975427048,2024-10-16 13:25:00+00:00,2024-10-16 13:40:00+00:00,2024-10-16 13:45:00+00:00,2024-10-16 14:40:00+00:00,-0.0137320895522388,0.0059026981709278,reversal,over_cap_or_below_cutoff,0.4740782598922647
NVDA_20241025_133000,NVDA,2024-10-25 13:30:00+00:00,1,6,100.14905245226524,4.554709663299578,411.8470769832815,14.7734043147399,0.0652574706351764,2024-10-25 13:15:00+00:00,2024-10-25 13:30:00+00:00,2024-10-25 13:35:00+00:00,2024-10-25 14:30:00+00:00,0.0100149052452267,0.0089458261010113,continuation,over_cap_or_below_cutoff,0.573140752953047
NVDA_20241030_125000,NVDA,2024-10-30 12:50:00+00:00,-1,5,102.8333093628686,4.549074724663363,39.01549003052543,5.921546646915911,0.7522835365427792,2024-10-30 12:35:00+00:00,2024-10-30 12:50:00+00:00,2024-10-30 12:55:00+00:00,2024-10-30 13:50:00+00:00,-0.0045597036192648,-0.005976238190667,continuation,near_duplicate,0.47307967304207416
NVDA_20241030_133500,NVDA,2024-10-30 13:35:00+00:00,-1,7,178.6942533229352,5.550567984124604,225.8742128763882,8.25170689084998,0.1010003358609382,2024-10-30 13:20:00+00:00,2024-10-30 13:35:00+00:00,2024-10-30 13:40:00+00:00,2024-10-30 14:35:00+00:00,-0.0064329882082254,0.0095140365871042,reversal,over_cap_or_below_cutoff,0.6962440782958241
NVDA_20241031_133000,NVDA,2024-10-31 13:30:00+00:00,-1,13,214.25649417059267,5.27475123838831,220.0336113453909,10.291552993800194,0.1013541595486396,2024-10-31 13:15:00+00:00,2024-10-31 13:30:00+00:00,2024-10-31 13:35:00+00:00,2024-10-31 14:30:00+00:00,-0.0111183780248528,-0.018667695473251,continuation,over_cap_or_below_cutoff,0.7188662626354447
NVDA_20241101_212000,NVDA,2024-11-01 21:20:00+00:00,1,7,187.7835051546417,5.375444487772743,0.72410201816323,9.964594265748984,15.196081589188935,2024-11-01 21:05:00+00:00,2024-11-01 21:20:00+00:00,2024-11-01 21:25:00+00:00,2024-11-01 22:20:00+00:00,0.0079065986846966,0.023533724340176,continuation,over_cap_or_below_cutoff,0.6857441105777597
NVDA_20241105_143000,NVDA,2024-11-05 14:30:00+00:00,1,6,110.07362052628312,4.128762073819008,244.795741067346,7.609741119406553,0.0774147935603903,2024-11-05 14:15:00+00:00,2024-11-05 14:30:00+00:00,2024-11-05 14:35:00+00:00,2024-11-05 15:30:00+00:00,0.0074401712362486,0.0054212842413567,continuation,over_cap_or_below_cutoff,0.4951691249143154
NVDA_20241106_142500,NVDA,2024-11-06 14:25:00+00:00,1,12,186.50324034939385,4.577354397082201,148.949758086193,9.152197024287918,1.0405170284503806,2024-11-06 14:10:00+00:00,2024-11-06 14:25:00+00:00,2024-11-06 14:30:00+00:00,2024-11-06 15:25:00+00:00,0.0076099210822999,0.0074475524475523,continuation,over_cap_or_below_cutoff,0.6706867002324661
NVDA_20241107_143000,NVDA,2024-11-07 14:30:00+00:00,1,9,75.90781645353539,4.639993446846024,232.9331981185,7.844928801401995,0.0749185166542655,2024-11-07 14:15:00+00:00,2024-11-07 14:30:00+00:00,2024-11-07 14:35:00+00:00,2024-11-07 15:30:00+00:00,0.0066407078677059,0.0059864282247241,continuation,over_cap_or_below_cutoff,0.48431333292932405
NVDA_20241108_101000,NVDA,2024-11-08 10:10:00+00:00,-1,10,70.04896626768175,4.407199464343085,3.373325055615914,6.099785656564872,12.038066853039137,2024-11-08 09:55:00+00:00,2024-11-08 10:10:00+00:00,2024-11-08 10:15:00+00:00,2024-11-08 11:10:00+00:00,-0.0032773727509863,-0.0108039189370555,continuation,over_cap_or_below_cutoff,0.44556158568839793
NVDA_20241113_143500,NVDA,2024-11-13 14:35:00+00:00,-1,8,127.91697882848618,4.720867124088677,116.80582798198787,7.859081087385767,0.2015950466792052,2024-11-13 14:20:00+00:00,2024-11-13 14:35:00+00:00,2024-11-13 14:40:00+00:00,2024-11-13 15:35:00+00:00,-0.0126301369863014,-0.0046731217332983,continuation,over_cap_or_below_cutoff,0.5125322684468567
NVDA_20241115_142500,NVDA,2024-11-15 14:25:00+00:00,-1,12,96.0334029227572,4.585384949687845,367.011604485855,9.034091467741511,0.3656099731347497,2024-11-15 14:10:00+00:00,2024-11-15 14:25:00+00:00,2024-11-15 14:30:00+00:00,2024-11-15 15:25:00+00:00,-0.0037169603524228,-0.0162360093961587,continuation,over_cap_or_below_cutoff,0.5965853775782846
NVDA_20241120_143000,NVDA,2024-11-20 14:30:00+00:00,-1,27,184.62176739040717,5.165091787592536,197.2066477490365,15.02311855072744,0.5972720827009981,2024-11-20 14:15:00+00:00,2024-11-20 14:30:00+00:00,2024-11-20 14:35:00+00:00,2024-11-20 15:30:00+00:00,-0.0112771739130435,-0.0061151573450596,continuation,over_cap_or_below_cutoff,0.7018405170509434
NVDA_20241121_131000,NVDA,2024-11-21 13:10:00+00:00,1,8,207.1108042802927,5.0052043157980375,13.270188725419166,3.039824835455882,0.9805653698075592,2024-11-21 12:55:00+00:00,2024-11-21 13:10:00+00:00,2024-11-21 13:15:00+00:00,2024-11-21 14:10:00+00:00,0.0087239493180086,0.0258082229391172,continuation,near_duplicate,0.6581756628900706
NVDA_20241127_143000,NVDA,2024-11-27 14:30:00+00:00,-1,12,105.42056074767105,4.363003598840163,212.07283223966505,16.057488799855918,0.2107329819473563,2024-11-27 14:15:00+00:00,2024-11-27 14:30:00+00:00,2024-11-27 14:35:00+00:00,2024-11-27 15:30:00+00:00,-0.0104320804971884,-0.0078130841121494,continuation,over_cap_or_below_cutoff,0.5028671423432878
NVDA_20241203_140000,NVDA,2024-12-03 14:00:00+00:00,-1,3,68.89549641018178,4.581653006892819,25.61725708502024,4.6780626352922114,0.6207323831336836,2024-12-03 13:45:00+00:00,2024-12-03 14:00:00+00:00,2024-12-03 14:05:00+00:00,2024-12-03 15:00:00+00:00,-0.0051504102424352,0.0043365134431916,reversal,near_duplicate,0.3613159831169985
NVDA_20241204_143500,NVDA,2024-12-04 14:35:00+00:00,-1,7,77.49022396018157,4.314567513392905,145.78562971091924,8.1888974979532,0.1233258109330946,2024-12-04 14:20:00+00:00,2024-12-04 14:35:00+00:00,2024-12-04 14:40:00+00:00,2024-12-04 15:35:00+00:00,-0.0066478873239436,0.0076203777223229,reversal,over_cap_or_below_cutoff,0.41923860121359685
NVDA_20241209_113000,NVDA,2024-12-09 11:30:00+00:00,-1,6,163.50932795505148,6.036471237090506,12.626658956194882,15.5625565922097,3.953886511356601,2024-12-09 11:15:00+00:00,2024-12-09 11:30:00+00:00,2024-12-09 11:35:00+00:00,2024-12-09 12:30:00+00:00,-0.0098651525904898,0.0044441258691134,reversal,over_cap_or_below_cutoff,0.7097080195333028
NVDA_20241210_143500,NVDA,2024-12-10 14:35:00+00:00,1,5,187.3093525179925,6.583124437658994,155.66202482103856,7.712598824508367,0.1284099367379616,2024-12-10 14:20:00+00:00,2024-12-10 14:35:00+00:00,2024-12-10 14:40:00+00:00,2024-12-10 15:35:00+00:00,0.0103634400863619,-0.0072647624474676,reversal,over_cap_or_below_cutoff,0.7194010313339767
NVDA_20241211_133000,NVDA,2024-12-11 13:30:00+00:00,1,3,83.66972477064083,4.007687745971468,27.990407986111112,8.631134416890601,0.5645902865142041,2024-12-11 13:15:00+00:00,2024-12-11 13:30:00+00:00,2024-12-11 13:35:00+00:00,2024-12-11 14:30:00+00:00,0.0063834470614132,-0.0096967045785941,reversal,over_cap_or_below_cutoff,0.3307599065169512
NVDA_20241211_143000,NVDA,2024-12-11 14:30:00+00:00,-1,10,183.26928761454695,4.914707186120227,291.2610591647567,13.482946119624234,0.1877089042602442,2024-12-11 14:15:00+00:00,2024-12-11 14:30:00+00:00,2024-12-11 14:35:00+00:00,2024-12-11 15:30:00+00:00,-0.0112105991118875,0.006478686593536,reversal,over_cap_or_below_cutoff,0.6919560126036426
NVDA_20241212_142500,NVDA,2024-12-12 14:25:00+00:00,-1,3,93.71057716314856,4.189373652071602,286.95563783468754,8.572865369617555,0.9271106008004912,2024-12-12 14:10:00+00:00,2024-12-12 14:25:00+00:00,2024-12-12 14:30:00+00:00,2024-12-12 15:25:00+00:00,-0.0058764104509162,-0.0029180040852057,unclear,low_strength_unclear,0.5247217362356058
NVDA_20241213_141000,NVDA,2024-12-13 14:10:00+00:00,-1,22,162.1172584171937,5.43155766976132,210.93527869137483,9.874616165496148,1.0005234166049346,2024-12-13 13:55:00+00:00,2024-12-13 14:10:00+00:00,2024-12-13 14:15:00+00:00,2024-12-13 15:10:00+00:00,-0.0030740634829854,-0.0088562208676944,continuation,over_cap_or_below_cutoff,0.7358065805886167
NVDA_20241218_210000,NVDA,2024-12-18 21:00:00+00:00,-1,11,365.01736111111296,4.575912001954259,2.331614420012764,4.703982103937222,15.634972721055677,2024-12-18 20:45:00+00:00,2024-12-18 21:00:00+00:00,2024-12-18 21:05:00+00:00,2024-12-18 22:00:00+00:00,-0.0293107396381955,0.0235118345521743,reversal,over_cap_or_below_cutoff,0.693650824453176
NVDA_20241230_142500,NVDA,2024-12-30 14:25:00+00:00,1,12,163.5332072533058,5.452448838955871,169.1984757712842,9.42672153088585,0.8227812906183298,2024-12-30 14:10:00+00:00,2024-12-30 14:25:00+00:00,2024-12-30 14:30:00+00:00,2024-12-30 15:25:00+00:00,0.0030485537958211,0.0134173461823572,continuation,over_cap_or_below_cutoff,0.7022105275975301
NVDA_20250102_143000,NVDA,2025-01-02 14:30:00+00:00,1,12,168.90140010370925,4.224095635113823,237.63283101376032,11.051212552441664,0.1764059045034587,2025-01-02 14:15:00+00:00,2025-01-02 14:30:00+00:00,2025-01-02 14:35:00+00:00,2025-01-02 15:30:00+00:00,0.0063441835649611,0.0028558875219681,unclear,low_strength_unclear,0.5875474209319012
NVDA_20250110_132000,NVDA,2025-01-10 13:20:00+00:00,-1,6,168.24576175502816,4.373121062279548,31.42758707698877,11.604190992831128,0.6300408674953768,2025-01-10 13:05:00+00:00,2025-01-10 13:20:00+00:00,2025-01-10 13:25:00+00:00,2025-01-10 14:20:00+00:00,-0.0036956521739129,-0.0013091861226272,unclear,low_strength_unclear,0.5324947491364855
NVDA_20250115_133000,NVDA,2025-01-15 13:30:00+00:00,1,4,194.56431221136936,4.854622216229566,48.835953657777694,21.251670609528755,1.2317665422109574,2025-01-15 13:15:00+00:00,2025-01-15 13:30:00+00:00,2025-01-15 13:35:00+00:00,2025-01-15 14:30:00+00:00,0.0194564312211371,-0.0137754344274467,reversal,over_cap_or_below_cutoff,0.6694427066029287
NVDA_20250121_222000,NVDA,2025-01-21 22:20:00+00:00,1,8,130.57868736767952,4.289387578872006,0.6336558917220702,9.33598825379686,36.43385311844959,2025-01-21 22:05:00+00:00,2025-01-21 22:20:00+00:00,2025-01-21 22:25:00+00:00,2025-01-21 23:20:00+00:00,0.003327904836083,0.0079040225829216,continuation,over_cap_or_below_cutoff,0.5194865191143363
NVDA_20250122_142000,NVDA,2025-01-22 14:20:00+00:00,-1,8,156.17441780111818,5.18905790400217,95.84415093649623,7.81701839194175,1.2669056365231943,2025-01-22 14:05:00+00:00,2025-01-22 14:20:00+00:00,2025-01-22 14:25:00+00:00,2025-01-22 15:20:00+00:00,-0.0030864622803996,0.0116653536233084,reversal,over_cap_or_below_cutoff,0.672089975755412
NVDA_20250128_142500,NVDA,2025-01-28 14:25:00+00:00,1,30,392.4491148800291,4.292332435540887,93.553642870196,7.379834584279445,0.7359529168424047,2025-01-28 14:10:00+00:00,2025-01-28 14:25:00+00:00,2025-01-28 14:30:00+00:00,2025-01-28 15:25:00+00:00,0.0042880734504686,-0.0003283802643461,unclear,over_cap_or_below_cutoff,0.6695427716632036
NVDA_20250131_134000,NVDA,2025-01-31 13:40:00+00:00,1,35,192.3698674426122,4.852582109555613,157.4092476904894,6.432170437633945,1.5353435645851878,2025-01-31 13:25:00+00:00,2025-01-31 13:40:00+00:00,2025-01-31 13:45:00+00:00,2025-01-31 14:40:00+00:00,0.0039806007769129,0.00628728923476,continuation,over_cap_or_below_cutoff,0.7253572573929641
NVDA_20250204_141500,NVDA,2025-02-04 14:15:00+00:00,-1,15,181.44182076227145,4.8011043209937005,141.6343226477471,6.3053039386977865,0.9908886657684602,2025-02-04 14:00:00+00:00,2025-02-04 14:15:00+00:00,2025-02-04 14:20:00+00:00,2025-02-04 15:15:00+00:00,-0.0035120781223231,0.0358462993208974,reversal,over_cap_or_below_cutoff,0.6739346005644465
NVDA_20250206_142500,NVDA,2025-02-06 14:25:00+00:00,1,5,140.45279115107556,4.291858996742234,166.74719797220274,5.406564545804623,0.6629551628554751,2025-02-06 14:10:00+00:00,2025-02-06 14:25:00+00:00,2025-02-06 14:30:00+00:00,2025-02-06 15:25:00+00:00,0.005285579047018,-0.0094828533312407,reversal,over_cap_or_below_cutoff,0.5609798277901807
NVDA_20250211_143000,NVDA,2025-02-11 14:30:00+00:00,1,7,158.00841023510648,5.583642944762907,148.7438059536085,6.049152957249115,0.0898259270566675,2025-02-11 14:15:00+00:00,2025-02-11 14:30:00+00:00,2025-02-11 14:35:00+00:00,2025-02-11 15:30:00+00:00,0.0066568511574058,0.0063100961538462,continuation,over_cap_or_below_cutoff,0.6301960943821097
NVDA_20250211_165000,NVDA,2025-02-11 16:50:00+00:00,-1,8,157.9472864724707,4.549914057869792,29.11187947495792,4.146726860347815,0.8055133086469651,2025-02-11 16:35:00+00:00,2025-02-11 16:50:00+00:00,2025-02-11 16:55:00+00:00,2025-02-11 17:50:00+00:00,-0.0030242372185084,-0.0093279822235672,continuation,over_cap_or_below_cutoff,0.5472768102596579
NVDA_20250219_144000,NVDA,2025-02-19 14:40:00+00:00,-1,10,92.78113955271117,4.18329377549031,130.86002024945606,5.116315260246609,0.1910053158591508,2025-02-19 14:25:00+00:00,2025-02-19 14:40:00+00:00,2025-02-19 14:45:00+00:00,2025-02-19 15:40:00+00:00,-0.0062387952671206,0.0093087025544811,reversal,over_cap_or_below_cutoff,0.4274885696077831
NVDA_20250228_123000,NVDA,2025-02-28 12:30:00+00:00,-1,3,188.0718400542181,4.988360463841355,8.48016506790203,6.360386146119143,2.001209325378274,2025-02-28 12:15:00+00:00,2025-02-28 12:30:00+00:00,2025-02-28 12:35:00+00:00,2025-02-28 13:30:00+00:00,-0.0094002162881623,-0.0090695330870003,continuation,over_cap_or_below_cutoff,0.603802090119924
NVDA_20250228_141000,NVDA,2025-02-28 14:10:00+00:00,-1,23,265.6810982048619,4.0839703286154805,92.9554332561582,6.442216168497269,1.0231521029266206,2025-02-28 13:55:00+00:00,2025-02-28 14:10:00+00:00,2025-02-28 14:15:00+00:00,2025-02-28 15:10:00+00:00,-0.00305576776165,0.034653043848446,reversal,over_cap_or_below_cutoff,0.6775908536709874
NVDA_20250312_120000,NVDA,2025-03-12 12:00:00+00:00,-1,8,184.85283560660812,4.56640313976858,35.29799065068235,13.386285753991633,0.7129435251860974,2025-03-12 11:45:00+00:00,2025-03-12 12:00:00+00:00,2025-03-12 12:05:00+00:00,2025-03-12 13:00:00+00:00,-0.0032318879612173,0.024678014950914,reversal,over_cap_or_below_cutoff,0.5800302167729876
NVDA_20250314_133000,NVDA,2025-03-14 13:30:00+00:00,1,3,115.250769894657,4.238707510858492,227.86935516928392,9.769605067989046,0.084660682706459,2025-03-14 13:15:00+00:00,2025-03-14 13:30:00+00:00,2025-03-14 13:35:00+00:00,2025-03-14 14:30:00+00:00,0.0067986187147308,0.0035369742640785,continuation,over_cap_or_below_cutoff,0.4530460930067316
NVDA_20250317_132500,NVDA,2025-03-17 13:25:00+00:00,-1,8,147.91424297823318,4.305518326929222,123.90772264525248,5.958300756186906,1.0747937122734177,2025-03-17 13:10:00+00:00,2025-03-17 13:25:00+00:00,2025-03-17 13:30:00+00:00,2025-03-17 14:25:00+00:00,-0.0051074179164977,-0.0260088005215124,continuation,over_cap_or_below_cutoff,0.5864382256288916
NVDA_20250318_133000,NVDA,2025-03-18 13:30:00+00:00,-1,7,187.4420235654206,5.545018665309319,147.9053519498582,6.996362047128096,0.0978591808378661,2025-03-18 13:15:00+00:00,2025-03-18 13:30:00+00:00,2025-03-18 13:35:00+00:00,2025-03-18 14:30:00+00:00,-0.0082025316455696,-0.0122353822067933,continuation,over_cap_or_below_cutoff,0.6671302671378156
NVDA_20250320_132500,NVDA,2025-03-20 13:25:00+00:00,-1,5,223.15536892621336,4.413420960612773,109.65742337192184,7.002335519068022,0.3304147979444688,2025-03-20 13:10:00+00:00,2025-03-20 13:25:00+00:00,2025-03-20 13:30:00+00:00,2025-03-20 14:25:00+00:00,-0.0041869606083909,0.0203363651964989,reversal,over_cap_or_below_cutoff,0.6239478338460953
NVDA_20250325_133000,NVDA,2025-03-25 13:30:00+00:00,-1,6,95.7339603627827,4.188386680974208,217.64819144848784,6.138000843781506,0.1068414537793777,2025-03-25 13:15:00+00:00,2025-03-25 13:30:00+00:00,2025-03-25 13:35:00+00:00,2025-03-25 14:30:00+00:00,-0.0030682477817398,-0.0061978040259523,continuation,over_cap_or_below_cutoff,0.4692328338638639
NVDA_20250326_133000,NVDA,2025-03-26 13:30:00+00:00,-1,11,125.1074747626979,4.059584003427417,334.8826969079472,10.040640789435184,0.0890651244439203,2025-03-26 13:15:00+00:00,2025-03-26 13:30:00+00:00,2025-03-26 13:35:00+00:00,2025-03-26 14:30:00+00:00,-0.0064124198447518,-0.0213569972826086,continuation,over_cap_or_below_cutoff,0.5573536794418368
NVDA_20250327_132500,NVDA,2025-03-27 13:25:00+00:00,-1,6,206.3950862614039,5.397838371738819,105.28176221421242,4.893836844532104,0.7861105391735811,2025-03-27 13:10:00+00:00,2025-03-27 13:25:00+00:00,2025-03-27 13:30:00+00:00,2025-03-27 14:25:00+00:00,-0.004114122171541,0.0131567130669061,reversal,over_cap_or_below_cutoff,0.7195218328284987
NVDA_20250402_133500,NVDA,2025-04-02 13:35:00+00:00,1,4,167.1449134048375,4.633176592498061,154.19933546090908,6.534188039021849,0.1170128817281391,2025-04-02 13:20:00+00:00,2025-04-02 13:35:00+00:00,2025-04-02 13:40:00+00:00,2025-04-02 14:35:00+00:00,0.0096413600372613,0.0053051621534343,continuation,over_cap_or_below_cutoff,0.5702564915033553
NVDA_20250402_200500,NVDA,2025-04-02 20:05:00+00:00,-1,20,479.6876452542565,4.880197328416049,1.0865456087836571,13.488359056655495,25.77007440123557,2025-04-02 19:50:00+00:00,2025-04-02 20:05:00+00:00,2025-04-02 20:10:00+00:00,2025-04-02 21:05:00+00:00,-0.0031577041462972,-0.0386990605860257,continuation,over_cap_or_below_cutoff,0.7229958271517221
NVDA_20250407_132500,NVDA,2025-04-07 13:25:00+00:00,-1,32,729.9692956043668,4.253366988045714,78.82581643948429,8.355106828619501,0.8979177877976062,2025-04-07 13:10:00+00:00,2025-04-07 13:25:00+00:00,2025-04-07 13:30:00+00:00,2025-04-07 14:25:00+00:00,-0.0279999999999999,0.0685871056241427,reversal,over_cap_or_below_cutoff,0.6730639412377507
NVDA_20250409_171500,NVDA,2025-04-09 17:15:00+00:00,1,5,595.7215014360728,4.468915899477019,6.241215423256123,4.905225469881438,1.4669451939554623,2025-04-09 17:00:00+00:00,2025-04-09 17:15:00+00:00,2025-04-09 17:20:00+00:00,2025-04-09 18:15:00+00:00,0.0211831537708129,0.0629869905661462,continuation,over_cap_or_below_cutoff,0.6857182703820375
NVDA_20250415_132500,NVDA,2025-04-15 13:25:00+00:00,1,5,169.04027576197578,4.281378134066372,214.72480136902576,8.546116207696599,0.890943318175654,2025-04-15 13:10:00+00:00,2025-04-15 13:25:00+00:00,2025-04-15 13:30:00+00:00,2025-04-15 14:25:00+00:00,0.0054347826086955,0.0002702702702703,unclear,low_strength_unclear,0.6436565027290468
NVDA_20250428_133000,NVDA,2025-04-28 13:30:00+00:00,-1,7,151.6272189349066,4.1144906340626966,144.77733056991886,9.68804066514002,0.1729379751156095,2025-04-28 13:15:00+00:00,2025-04-28 13:30:00+00:00,2025-04-28 13:35:00+00:00,2025-04-28 14:30:00+00:00,-0.0124355119107012,-0.0021744471631424,unclear,low_strength_unclear,0.5070475720153906
NVDA_20250429_202500,NVDA,2025-04-29 20:25:00+00:00,-1,3,196.7213114754052,4.971977027346191,1.0916782980284483,11.891441739084115,15.263323308771108,2025-04-29 20:10:00+00:00,2025-04-29 20:25:00+00:00,2025-04-29 20:30:00+00:00,2025-04-29 21:25:00+00:00,-0.0095384911841218,-0.0089864739670186,continuation,over_cap_or_below_cutoff,0.6159234578023541
NVDA_20250430_121000,NVDA,2025-04-30 12:10:00+00:00,-1,6,98.96279379579154,4.487612849401064,27.709404381713828,6.5466622593618,0.6867621328295074,2025-04-30 11:55:00+00:00,2025-04-30 12:10:00+00:00,2025-04-30 12:15:00+00:00,2025-04-30 13:10:00+00:00,-0.0033745781777279,-0.0157072987208426,continuation,over_cap_or_below_cutoff,0.4512184211061081
NVDA_20250501_131500,NVDA,2025-05-01 13:15:00+00:00,1,7,167.1644452369314,4.830595022937208,167.12244357826862,25.691600494167243,1.1410535005960063,2025-05-01 13:00:00+00:00,2025-05-01 13:15:00+00:00,2025-05-01 13:20:00+00:00,2025-05-01 14:15:00+00:00,0.0043145196794929,-0.0098421883219358,reversal,over_cap_or_below_cutoff,0.6834300948310779
NVDA_20250509_141500,NVDA,2025-05-09 14:15:00+00:00,-1,12,129.02603597987115,4.4398948482725205,116.65805013108567,8.190177348880844,0.165712343684292,2025-05-09 14:00:00+00:00,2025-05-09 14:15:00+00:00,2025-05-09 14:20:00+00:00,2025-05-09 15:15:00+00:00,-0.0062793908846565,-0.0031172602271757,continuation,over_cap_or_below_cutoff,0.4878759367272279
NVDA_20250513_101000,NVDA,2025-05-13 10:10:00+00:00,1,2,92.4789262623804,4.015911706479589,6.156558673869354,7.739690483315922,2.1492847494899063,2025-05-13 09:55:00+00:00,2025-05-13 10:10:00+00:00,2025-05-13 10:15:00+00:00,2025-05-13 11:10:00+00:00,0.0046606704824203,0.0036624074224789,continuation,over_cap_or_below_cutoff,0.3448335918032652
NVDA_20250513_133000,NVDA,2025-05-13 13:30:00+00:00,1,16,122.00976078086124,4.111440949142367,251.4650337747039,7.616622639634806,0.1483044823501409,2025-05-13 13:15:00+00:00,2025-05-13 13:30:00+00:00,2025-05-13 13:35:00+00:00,2025-05-13 14:30:00+00:00,0.0060068956792309,0.0283747214262974,continuation,over_cap_or_below_cutoff,0.5195962575733399
NVDA_20250516_143000,NVDA,2025-05-16 14:30:00+00:00,-1,6,142.4093886094968,5.058288716324613,63.073654865392,5.765886242439561,0.34789155764351,2025-05-16 14:15:00+00:00,2025-05-16 14:30:00+00:00,2025-05-16 14:35:00+00:00,2025-05-16 15:30:00+00:00,-0.007497243660419,0.0002592016588904,unclear,low_strength_unclear,0.5448470229930586
NVDA_20250516_221500,NVDA,2025-05-16 22:15:00+00:00,-1,5,106.06060606061396,4.5989355195553685,0.3148900307080546,3.0252839988972933,17.747271418930605,2025-05-16 22:00:00+00:00,2025-05-16 22:15:00+00:00,2025-05-16 22:20:00+00:00,2025-05-16 23:15:00+00:00,-0.0049158349471175,-0.0075598802395209,continuation,over_cap_or_below_cutoff,0.5083155224866456
NVDA_20250519_133000,NVDA,2025-05-19 13:30:00+00:00,1,4,157.4640423921303,4.554900871556663,85.73095760218709,5.926644926954934,0.2469978022414347,2025-05-19 13:15:00+00:00,2025-05-19 13:30:00+00:00,2025-05-19 13:35:00+00:00,2025-05-19 14:30:00+00:00,0.006596906278435,0.0178531073446328,continuation,over_cap_or_below_cutoff,0.5269381185145241
NVDA_20250520_133000,NVDA,2025-05-20 13:30:00+00:00,-1,6,79.64535276881124,4.552981746654749,159.22486186500498,6.705847908838706,0.1520890555516262,2025-05-20 13:15:00+00:00,2025-05-20 13:30:00+00:00,2025-05-20 13:35:00+00:00,2025-05-20 14:30:00+00:00,-0.0037133308577794,-0.0073902348117778,continuation,over_cap_or_below_cutoff,0.45106612450719363
NVDA_20250521_133000,NVDA,2025-05-21 13:30:00+00:00,1,8,85.69495602495536,4.863809479887522,164.9652315356072,8.035148248647342,0.0846960366283531,2025-05-21 13:15:00+00:00,2025-05-21 13:30:00+00:00,2025-05-21 13:35:00+00:00,2025-05-21 14:30:00+00:00,0.0035311795642374,0.0016852586658679,unclear,low_strength_unclear,0.4816082297145632
NVDA_20250523_114000,NVDA,2025-05-23 11:40:00+00:00,-1,12,134.93828107031146,6.081808953665372,109.81271982654782,30.03744432068504,1.1857227792415874,2025-05-23 11:25:00+00:00,2025-05-23 11:40:00+00:00,2025-05-23 11:45:00+00:00,2025-05-23 12:40:00+00:00,-0.0047432615569944,-0.0221650654361147,continuation,over_cap_or_below_cutoff,0.7162644694209368
NVDA_20250528_194000,NVDA,2025-05-28 19:40:00+00:00,-1,15,217.1023482498935,4.841781937311696,4.447087610747887,24.332343480962265,12.360133940810666,2025-05-28 19:25:00+00:00,2025-05-28 19:40:00+00:00,2025-05-28 19:45:00+00:00,2025-05-28 20:40:00+00:00,-0.0093181319885989,0.0334550551436685,reversal,over_cap_or_below_cutoff,0.6892872230596188
NVDA_20250530_132500,NVDA,2025-05-30 13:25:00+00:00,1,8,124.26723192749512,4.769214263198221,139.07461392149327,7.352773396691441,0.8983342212128946,2025-05-30 13:10:00+00:00,2025-05-30 13:25:00+00:00,2025-05-30 13:30:00+00:00,2025-05-30 14:25:00+00:00,0.0031826401446655,-0.0096257841228639,reversal,over_cap_or_below_cutoff,0.5845192681290273
NVDA_20250603_134500,NVDA,2025-06-03 13:45:00+00:00,1,7,123.46405646286752,5.351981351921527,204.17250143477904,5.742721767652588,0.0771526287378876,2025-06-03 13:30:00+00:00,2025-06-03 13:45:00+00:00,2025-06-03 13:50:00+00:00,2025-06-03 14:45:00+00:00,0.0077388788426762,0.0140331711406627,continuation,over_cap_or_below_cutoff,0.5920554819790941
NVDA_20250604_133000,NVDA,2025-06-04 13:30:00+00:00,-1,9,104.16056778505212,4.268226831926199,216.51698113207547,8.852124858227088,0.2318284233143351,2025-06-04 13:15:00+00:00,2025-06-04 13:30:00+00:00,2025-06-04 13:35:00+00:00,2025-06-04 14:30:00+00:00,-0.0030268900464592,-0.0037774482807314,continuation,over_cap_or_below_cutoff,0.49758822013619963
NVDA_20250609_133000,NVDA,2025-06-09 13:30:00+00:00,1,3,84.47836581597423,4.024700582881509,393.2589427769535,13.530037031397807,0.0856388330489328,2025-06-09 13:15:00+00:00,2025-06-09 13:30:00+00:00,2025-06-09 13:35:00+00:00,2025-06-09 14:30:00+00:00,0.0084478365815972,0.0023887004085023,unclear,low_strength_unclear,0.4605241190437647
NVDA_20250610_132500,NVDA,2025-06-10 13:25:00+00:00,-1,3,77.32465018041701,4.687930439090456,213.70339255771407,10.561172109220044,0.6365707095248462,2025-06-10 13:10:00+00:00,2025-06-10 13:25:00+00:00,2025-06-10 13:30:00+00:00,2025-06-10 14:25:00+00:00,-0.0043227203128773,0.0009111936636996,unclear,low_strength_unclear,0.47979209344212226
NVDA_20250611_123000,NVDA,2025-06-11 12:30:00+00:00,1,3,86.87191604697108,5.342379749090183,42.486165706216845,8.853469957303986,0.476318415063837,2025-06-11 12:15:00+00:00,2025-06-11 12:30:00+00:00,2025-06-11 12:35:00+00:00,2025-06-11 13:30:00+00:00,0.0070846890261313,-0.0063801398829111,reversal,over_cap_or_below_cutoff,0.4436192939399612
NVDA_20250612_133000,NVDA,2025-06-12 13:30:00+00:00,1,3,134.86024844719947,4.747033404304792,162.84532036699622,9.591874417703156,0.110808511454342,2025-06-12 13:15:00+00:00,2025-06-12 13:30:00+00:00,2025-06-12 13:35:00+00:00,2025-06-12 14:30:00+00:00,0.0119257638839884,0.0059846582984657,continuation,over_cap_or_below_cutoff,0.4897899667000592
NVDA_20250616_150000,NVDA,2025-06-16 15:00:00+00:00,1,4,95.452343047,4.819493013165594,209.02780677802764,5.361676434758845,0.1539113054565489,2025-06-16 14:45:00+00:00,2025-06-16 15:00:00+00:00,2025-06-16 15:05:00+00:00,2025-06-16 16:00:00+00:00,0.0075915141430948,0.0027522620153439,unclear,low_strength_unclear,0.5200262603642363
NVDA_20250620_142000,NVDA,2025-06-20 14:20:00+00:00,-1,12,141.74220417876083,5.834820790973251,79.2598249528059,9.988670786092854,0.8151297329888251,2025-06-20 14:05:00+00:00,2025-06-20 14:20:00+00:00,2025-06-20 14:25:00+00:00,2025-06-20 15:20:00+00:00,-0.0080397141679262,-0.0036704326871459,continuation,over_cap_or_below_cutoff,0.6568573831556825
NVDA_20250623_134000,NVDA,2025-06-23 13:40:00+00:00,1,4,73.60331274565146,4.1371917237714175,75.92373694609088,4.013615964173099,0.0762247607768894,2025-06-23 13:25:00+00:00,2025-06-23 13:40:00+00:00,2025-06-23 13:45:00+00:00,2025-06-23 14:40:00+00:00,0.0064579531096446,0.0032780025108103,continuation,over_cap_or_below_cutoff,0.35932627534798545
NVDA_20250624_133000,NVDA,2025-06-24 13:30:00+00:00,1,9,146.29604178119314,6.971861126140679,248.43537519338216,11.723980548234556,0.1718330610765255,2025-06-24 13:15:00+00:00,2025-06-24 13:30:00+00:00,2025-06-24 13:35:00+00:00,2025-06-24 14:30:00+00:00,0.0030925709573226,0.0073321457933679,continuation,over_cap_or_below_cutoff,0.7156160802951261
NVDA_20250625_132500,NVDA,2025-06-25 13:25:00+00:00,-1,4,131.62301560720735,6.617141029914433,166.6249750836664,8.55280274576189,0.2873475848330172,2025-06-25 13:10:00+00:00,2025-06-25 13:25:00+00:00,2025-06-25 13:30:00+00:00,2025-06-25 14:25:00+00:00,-0.0034045393858479,0.0195257552414764,reversal,over_cap_or_below_cutoff,0.6637706581273821
NVDA_20250630_133000,NVDA,2025-06-30 13:30:00+00:00,-1,6,129.48906040696872,4.914514523516489,270.1191846640757,12.425130083902284,0.1184913905757621,2025-06-30 13:15:00+00:00,2025-06-30 13:30:00+00:00,2025-06-30 13:35:00+00:00,2025-06-30 14:30:00+00:00,-0.0103851963746224,-0.0007632131272656,unclear,low_strength_unclear,0.6021916526068667
NVDA_20250701_142000,NVDA,2025-07-01 14:20:00+00:00,-1,15,131.0228233305155,6.789162202059364,207.35536542132533,11.421187767654915,0.2155965195805729,2025-07-01 14:05:00+00:00,2025-07-01 14:20:00+00:00,2025-07-01 14:25:00+00:00,2025-07-01 15:20:00+00:00,-0.0053194898416971,-0.0164626288659792,continuation,over_cap_or_below_cutoff,0.6776341355760661
NVDA_20250703_134500,NVDA,2025-07-03 13:45:00+00:00,1,12,85.2237122446442,4.138198082791709,381.6604407988325,6.355199895602108,0.0768152134813727,2025-07-03 13:30:00+00:00,2025-07-03 13:45:00+00:00,2025-07-03 13:50:00+00:00,2025-07-03 14:45:00+00:00,0.0031617899486562,0.006113316947123,continuation,over_cap_or_below_cutoff,0.5200089964628696
NVDA_20250710_133000,NVDA,2025-07-10 13:30:00+00:00,-1,2,75.00841931237679,4.906725393688322,221.1338981186049,9.941591915860426,0.116173110715389,2025-07-10 13:15:00+00:00,2025-07-10 13:30:00+00:00,2025-07-10 13:35:00+00:00,2025-07-10 14:30:00+00:00,-0.007444998176735,-0.0066429905397544,continuation,over_cap_or_below_cutoff,0.4024039738791231
NVDA_20250711_133000,NVDA,2025-07-11 13:30:00+00:00,1,6,117.76770042036144,4.927156631604375,411.5206935830908,15.748378794863283,0.0685241327846667,2025-07-11 13:15:00+00:00,2025-07-11 13:30:00+00:00,2025-07-11 13:35:00+00:00,2025-07-11 14:30:00+00:00,0.0117767700420361,0.0157301327514094,continuation,over_cap_or_below_cutoff,0.6276300467624185
NVDA_20250723_132500,NVDA,2025-07-23 13:25:00+00:00,1,10,65.63901511777104,4.169526310058324,176.9718716611482,7.95667068274589,0.6037104062514607,2025-07-23 13:10:00+00:00,2025-07-23 13:25:00+00:00,2025-07-23 13:30:00+00:00,2025-07-23 14:25:00+00:00,0.0041456914421085,-0.0024771453848423,unclear,low_strength_unclear,0.449866811743275
NVDA_20250730_185500,NVDA,2025-07-30 18:55:00+00:00,-1,2,92.91012288655809,4.421624116396657,2.968557618806446,6.1445803049352765,3.5446526231176305,2025-07-30 18:40:00+00:00,2025-07-30 18:55:00+00:00,2025-07-30 19:00:00+00:00,2025-07-30 19:55:00+00:00,-0.0092054840234709,0.0064561617021228,reversal,over_cap_or_below_cutoff,0.37767949700264714
NVDA_20250730_200000,NVDA,2025-07-30 20:00:00+00:00,1,4,117.68642980646504,4.7371593508626,1.2704367480644707,4.671328693978896,10.984022829300995,2025-07-30 19:45:00+00:00,2025-07-30 20:00:00+00:00,2025-07-30 20:05:00+00:00,2025-07-30 21:00:00+00:00,0.0056705494566886,0.005110827176268,continuation,over_cap_or_below_cutoff,0.5361598493848172
NVDA_20250730_215000,NVDA,2025-07-30 21:50:00+00:00,1,4,114.342257160136,4.117999569070649,0.717422218344802,4.280426085372085,16.154208446289093,2025-07-30 21:35:00+00:00,2025-07-30 21:50:00+00:00,2025-07-30 21:55:00+00:00,2025-07-30 22:50:00+00:00,0.0042449969678592,0.0047815107597717,continuation,over_cap_or_below_cutoff,0.48094351932204454
NVDA_20250731_133500,NVDA,2025-07-31 13:35:00+00:00,-1,6,104.97237569060404,4.342773420674353,93.71806744899038,7.704532842613381,0.1284613732313401,2025-07-31 13:20:00+00:00,2025-07-31 13:35:00+00:00,2025-07-31 13:40:00+00:00,2025-07-31 14:35:00+00:00,-0.0086532668820855,0.0007458151483343,unclear,low_strength_unclear,0.4323046711513099
NVDA_20250807_133000,NVDA,2025-08-07 13:30:00+00:00,1,4,86.7609643975964,5.532629202624419,175.73266980967347,7.679055804352822,0.1597961651451119,2025-08-07 13:15:00+00:00,2025-08-07 13:30:00+00:00,2025-08-07 13:35:00+00:00,2025-08-07 14:30:00+00:00,0.0032499724578605,0.0018420908142535,unclear,low_strength_unclear,0.549773593475156
NVDA_20250808_133000,NVDA,2025-08-08 13:30:00+00:00,-1,2,99.62364401151504,5.293310794097933,221.838399029715,15.123284248074906,0.1172493304864209,2025-08-08 13:15:00+00:00,2025-08-08 13:30:00+00:00,2025-08-08 13:35:00+00:00,2025-08-08 14:30:00+00:00,-0.0048463344604177,0.0088554350232454,reversal,over_cap_or_below_cutoff,0.4676787779755306
NVDA_20250812_101000,NVDA,2025-08-12 10:10:00+00:00,1,3,73.27823691460455,4.085107389094962,15.267977811396872,13.833197096357145,2.6507578990999767,2025-08-12 09:55:00+00:00,2025-08-12 10:10:00+00:00,2025-08-12 10:15:00+00:00,2025-08-12 11:10:00+00:00,0.0073278236914602,-0.0060165180769021,reversal,over_cap_or_below_cutoff,0.3783914836963058
NVDA_20250814_123000,NVDA,2025-08-14 12:30:00+00:00,-1,5,76.53089498476318,4.668534563986896,32.08535784635588,18.203227069406104,0.9383759093043328,2025-08-14 12:15:00+00:00,2025-08-14 12:30:00+00:00,2025-08-14 12:35:00+00:00,2025-08-14 13:30:00+00:00,-0.0075949645549988,0.00055417013023,unclear,low_strength_unclear,0.46009908352697554
NVDA_20250814_133000,NVDA,2025-08-14 13:30:00+00:00,1,4,126.57171469900862,5.374151568221229,372.4041261805612,18.081251607140548,0.1629064929531433,2025-08-14 13:15:00+00:00,2025-08-14 13:30:00+00:00,2025-08-14 13:35:00+00:00,2025-08-14 14:30:00+00:00,0.0033889036468783,0.0122680697867625,continuation,over_cap_or_below_cutoff,0.684319259231974
NVDA_20250818_133000,NVDA,2025-08-18 13:30:00+00:00,1,3,126.48543689320668,5.648745108329999,273.37624134190105,12.500671538146486,0.0953427380796094,2025-08-18 13:15:00+00:00,2025-08-18 13:30:00+00:00,2025-08-18 13:35:00+00:00,2025-08-18 14:30:00+00:00,0.0116194331983805,-0.0006584245725586,unclear,low_strength_unclear,0.607642040624508
NVDA_20250819_133000,NVDA,2025-08-19 13:30:00+00:00,-1,13,112.78656300145906,6.439917167839268,317.4207094347791,13.674558022119166,0.1595139521501043,2025-08-19 13:15:00+00:00,2025-08-19 13:30:00+00:00,2025-08-19 13:35:00+00:00,2025-08-19 14:30:00+00:00,-0.0047749478537709,-0.0132971081037405,continuation,over_cap_or_below_cutoff,0.7047903935433071
NVDA_20250822_133500,NVDA,2025-08-22 13:35:00+00:00,1,12,198.22774613038163,4.098752439601983,191.08341695445364,14.347774866102425,0.1755748210361508,2025-08-22 13:20:00+00:00,2025-08-22 13:35:00+00:00,2025-08-22 13:40:00+00:00,2025-08-22 14:35:00+00:00,0.0058108108108108,0.0203440280610465,continuation,over_cap_or_below_cutoff,0.592905421652931
NVDA_20250826_132500,NVDA,2025-08-26 13:25:00+00:00,-1,5,67.98172294661731,4.868164899101711,260.5525256689636,10.90961633453782,1.0041612323265503,2025-08-26 13:10:00+00:00,2025-08-26 13:25:00+00:00,2025-08-26 13:30:00+00:00,2025-08-26 14:25:00+00:00,-0.0033218912634259,0.0053327408065768,reversal,over_cap_or_below_cutoff,0.5884619100556541
NVDA_20250827_133000,NVDA,2025-08-27 13:30:00+00:00,-1,8,121.23908570156992,7.710373395792883,210.61263787391903,13.465059171496376,0.1933634363773204,2025-08-27 13:15:00+00:00,2025-08-27 13:30:00+00:00,2025-08-27 13:35:00+00:00,2025-08-27 14:30:00+00:00,-0.0057909759578439,0.000358316080055,unclear,low_strength_unclear,0.6641198918100677
NVDA_20250828_133500,NVDA,2025-08-28 13:35:00+00:00,1,14,195.08629898240093,4.6930789719350505,107.39062124738544,6.269523647438332,0.3427101239700749,2025-08-28 13:20:00+00:00,2025-08-28 13:35:00+00:00,2025-08-28 13:40:00+00:00,2025-08-28 14:35:00+00:00,0.0035417819590481,-0.0122973420094848,reversal,over_cap_or_below_cutoff,0.6087077832209707
NVDA_20250829_085000,NVDA,2025-08-29 08:50:00+00:00,-1,3,69.13219424460549,4.06947448145209,5.488310120125747,7.311225169031346,3.1448239566869365,2025-08-29 08:35:00+00:00,2025-08-29 08:50:00+00:00,2025-08-29 08:55:00+00:00,2025-08-29 09:50:00+00:00,-0.0041829336307863,-0.0031923830859704,continuation,over_cap_or_below_cutoff,0.36740538584192184
NVDA_20250902_134000,NVDA,2025-09-02 13:40:00+00:00,1,7,125.03674957370814,4.062423584992013,75.50533920756861,5.068493509605632,0.1547718204455514,2025-09-02 13:25:00+00:00,2025-09-02 13:40:00+00:00,2025-09-02 13:45:00+00:00,2025-09-02 14:40:00+00:00,0.0044716259923549,-0.0085498306894661,reversal,over_cap_or_below_cutoff,0.4295067791783741
NVDA_20250905_131000,NVDA,2025-09-05 13:10:00+00:00,1,13,114.81193565747284,5.217791966289462,289.49349890953295,24.099109100553765,0.6496383215185536,2025-09-05 12:55:00+00:00,2025-09-05 13:10:00+00:00,2025-09-05 13:15:00+00:00,2025-09-05 14:10:00+00:00,0.0060462359217545,-0.0225960405373556,reversal,over_cap_or_below_cutoff,0.6639458597871154
NVDA_20250908_133000,NVDA,2025-09-08 13:30:00+00:00,1,10,147.9558340793763,5.260219075438783,249.4338447305528,13.416269000380831,0.1094993430216789,2025-09-08 13:15:00+00:00,2025-09-08 13:30:00+00:00,2025-09-08 13:35:00+00:00,2025-09-08 14:30:00+00:00,0.0134627812350407,0.0049011069853615,continuation,over_cap_or_below_cutoff,0.6438960895903831
NVDA_20250908_195000,NVDA,2025-09-08 19:50:00+00:00,-1,4,110.1589948192716,4.121362496566753,8.354276752085593,5.521441963537504,16.622754812968942,2025-09-08 19:35:00+00:00,2025-09-08 19:50:00+00:00,2025-09-08 19:55:00+00:00,2025-09-08 20:50:00+00:00,-0.0043310450487611,-0.004971296679884,continuation,over_cap_or_below_cutoff,0.4776613426161095
NVDA_20250909_195500,NVDA,2025-09-09 19:55:00+00:00,1,7,150.4419598431195,4.693685175976377,4.077553055275166,6.769881092331232,16.250456471432827,2025-09-09 19:40:00+00:00,2025-09-09 19:55:00+00:00,2025-09-09 20:00:00+00:00,2025-09-09 20:55:00+00:00,0.0041664216406938,0.0157620264877003,continuation,over_cap_or_below_cutoff,0.5779970672485961
NVDA_20250910_133000,NVDA,2025-09-10 13:30:00+00:00,1,4,106.6900611274546,5.415796143378725,279.95632423805284,10.285889691791384,0.0769110862224716,2025-09-10 13:15:00+00:00,2025-09-10 13:30:00+00:00,2025-09-10 13:35:00+00:00,2025-09-10 14:30:00+00:00,0.0060121377119846,0.003467328184022,continuation,over_cap_or_below_cutoff,0.6136401859810885
NVDA_20250916_133000,NVDA,2025-09-16 13:30:00+00:00,-1,4,70.45622407817697,4.961791158192136,374.91760525206286,17.014740301085507,0.0767821442381753,2025-09-16 13:15:00+00:00,2025-09-16 13:30:00+00:00,2025-09-16 13:35:00+00:00,2025-09-16 14:30:00+00:00,-0.0069963289160345,0.0036645645133799,reversal,over_cap_or_below_cutoff,0.5671970777613999
NVDA_20250917_083000,NVDA,2025-09-17 08:30:00+00:00,-1,6,144.11390207199614,7.0668542527872775,11.544180098050468,14.348185900010913,14.978185148647128,2025-09-17 08:15:00+00:00,2025-09-17 08:30:00+00:00,2025-09-17 08:35:00+00:00,2025-09-17 09:30:00+00:00,-0.0075286602406891,-0.0049997126601919,continuation,over_cap_or_below_cutoff,0.6885259184517332
NVDA_20250917_133000,NVDA,2025-09-17 13:30:00+00:00,-1,6,132.98106560986733,4.570742352769234,143.04205317935686,6.668609317290253,0.0692292065817075,2025-09-17 13:15:00+00:00,2025-09-17 13:30:00+00:00,2025-09-17 13:35:00+00:00,2025-09-17 14:30:00+00:00,-0.0050434782608695,-0.0069626522169783,continuation,over_cap_or_below_cutoff,0.5089881261798594
NVDA_20250918_111000,NVDA,2025-09-18 11:10:00+00:00,1,4,90.6899322695387,4.44676105474951,11.700399747527875,7.783340466011466,1.8250027092417436,2025-09-18 10:55:00+00:00,2025-09-18 11:10:00+00:00,2025-09-18 11:15:00+00:00,2025-09-18 12:10:00+00:00,0.0039008719596145,0.0017131428571428,unclear,low_strength_unclear,0.47959229224624705
NVDA_20250923_133000,NVDA,2025-09-23 13:30:00+00:00,-1,4,110.42893654850783,6.116802566363926,155.93209564879115,7.896951422189585,0.0835214271040947,2025-09-23 13:15:00+00:00,2025-09-23 13:30:00+00:00,2025-09-23 13:35:00+00:00,2025-09-23 14:30:00+00:00,-0.0053487988565773,-0.0045153838076237,continuation,over_cap_or_below_cutoff,0.6116017977219135
NVDA_20250930_133000,NVDA,2025-09-30 13:30:00+00:00,-1,14,91.44408251900104,4.214563358456812,315.29350999326294,7.222232432282245,0.1027853320647745,2025-09-30 13:15:00+00:00,2025-09-30 13:30:00+00:00,2025-09-30 13:35:00+00:00,2025-09-30 14:30:00+00:00,-0.0052267376204013,0.0238744147617735,reversal,over_cap_or_below_cutoff,0.5155713706832653
NVDA_20251001_134500,NVDA,2025-10-01 13:45:00+00:00,-1,9,102.82013223586794,4.500644676410803,115.802113423697,7.817029971521484,0.1468458830070106,2025-10-01 13:30:00+00:00,2025-10-01 13:45:00+00:00,2025-10-01 13:50:00+00:00,2025-10-01 14:45:00+00:00,-0.0049994594594594,0.0176552939533918,reversal,over_cap_or_below_cutoff,0.4552813051588604
NVDA_20251003_133500,NVDA,2025-10-03 13:35:00+00:00,1,4,61.59092711555347,4.178721251830323,157.1304439356859,5.14671274491897,0.0527433383788569,2025-10-03 13:20:00+00:00,2025-10-03 13:35:00+00:00,2025-10-03 13:40:00+00:00,2025-10-03 14:35:00+00:00,0.0042211081794196,-0.0068570713909992,reversal,over_cap_or_below_cutoff,0.3862793196032317
NVDA_20251007_134000,NVDA,2025-10-07 13:40:00+00:00,1,4,87.34440942357979,5.4056259433092375,138.28122392211404,5.612462826449655,0.0956764781564135,2025-10-07 13:25:00+00:00,2025-10-07 13:40:00+00:00,2025-10-07 13:45:00+00:00,2025-10-07 14:40:00+00:00,0.0049390669458313,0.0032052994283882,continuation,over_cap_or_below_cutoff,0.5152296618954126
NVDA_20251007_150000,NVDA,2025-10-07 15:00:00+00:00,-1,7,173.68601215985268,5.991668188653181,153.93489964457453,8.702125715185357,0.3370306126607097,2025-10-07 14:45:00+00:00,2025-10-07 15:00:00+00:00,2025-10-07 15:05:00+00:00,2025-10-07 16:00:00+00:00,-0.0085372340425531,-0.0016234341049921,unclear,low_strength_unclear,0.7091691800062998
NVDA_20251008_133000,NVDA,2025-10-08 13:30:00+00:00,1,6,135.70049345634106,5.66837608186056,276.8929765886288,10.839169403902064,0.0935209673008434,2025-10-08 13:15:00+00:00,2025-10-08 13:30:00+00:00,2025-10-08 13:35:00+00:00,2025-10-08 14:30:00+00:00,0.0072370537150208,0.0055410080366171,continuation,over_cap_or_below_cutoff,0.6733588761448777
NVDA_20251009_133000,NVDA,2025-10-09 13:30:00+00:00,-1,5,153.6207629162112,4.515132079001107,220.22583074279316,6.536392051694122,0.1493774214649579,2025-10-09 13:15:00+00:00,2025-10-09 13:30:00+00:00,2025-10-09 13:35:00+00:00,2025-10-09 14:30:00+00:00,-0.0039428776253382,0.0071972462709919,reversal,over_cap_or_below_cutoff,0.5792511611591854
NVDA_20251010_145500,NVDA,2025-10-10 14:55:00+00:00,-1,11,187.0571071279703,5.900978946280088,114.91072729747692,12.01252930479857,0.6969279184148398,2025-10-10 14:40:00+00:00,2025-10-10 14:55:00+00:00,2025-10-10 15:00:00+00:00,2025-10-10 15:55:00+00:00,-0.0066197651513213,-0.0238535739155872,continuation,over_cap_or_below_cutoff,0.7314940269888783
NVDA_20251015_133000,NVDA,2025-10-15 13:30:00+00:00,-1,7,164.3398922721784,4.1108676261088855,234.62852612964204,12.254606959425406,0.2396540019292186,2025-10-15 13:15:00+00:00,2025-10-15 13:30:00+00:00,2025-10-15 13:35:00+00:00,2025-10-15 14:30:00+00:00,-0.0123406783322531,-0.0053041695146958,continuation,over_cap_or_below_cutoff,0.5761773352706672
NVDA_20251021_133000,NVDA,2025-10-21 13:30:00+00:00,-1,14,82.18875834298478,5.983082862926346,185.8836153701341,7.624667329010287,0.1792484314021646,2025-10-21 13:15:00+00:00,2025-10-21 13:30:00+00:00,2025-10-21 13:35:00+00:00,2025-10-21 14:30:00+00:00,-0.0030906405557682,-0.0106708002963045,continuation,over_cap_or_below_cutoff,0.5872765409125522
NVDA_20251022_133000,NVDA,2025-10-22 13:30:00+00:00,-1,14,124.77915194345712,5.862676626322641,203.0049168723335,8.883863818311427,0.1177538357893671,2025-10-22 13:15:00+00:00,2025-10-22 13:30:00+00:00,2025-10-22 13:35:00+00:00,2025-10-22 14:30:00+00:00,-0.0041345093715545,0.0009969554386934,unclear,low_strength_unclear,0.6384620616046741
NVDA_20251024_133000,NVDA,2025-10-24 13:30:00+00:00,1,3,100.6474076491992,5.098151577360559,356.80033421378903,16.558255549284993,0.0932870297361727,2025-10-24 13:15:00+00:00,2025-10-24 13:30:00+00:00,2025-10-24 13:35:00+00:00,2025-10-24 14:30:00+00:00,0.0055419722901384,-0.0009185713513805,unclear,low_strength_unclear,0.5706058308054359
NVDA_20251030_123000,NVDA,2025-10-30 12:30:00+00:00,-1,6,96.70626349892244,4.1393387169912,11.411533952565604,3.568758933205418,0.7076949066832647,2025-10-30 12:15:00+00:00,2025-10-30 12:30:00+00:00,2025-10-30 12:35:00+00:00,2025-10-30 13:30:00+00:00,-0.0039460466737856,-0.0080445952941855,continuation,over_cap_or_below_cutoff,0.4132065514849097
NVDA_20251105_205000,NVDA,2025-11-05 20:50:00+00:00,-1,7,152.9592621060738,4.079270670443502,11.341961639911446,3.448806288923195,8.842621171281287,2025-11-05 20:35:00+00:00,2025-11-05 20:50:00+00:00,2025-11-05 20:55:00+00:00,2025-11-05 21:50:00+00:00,-0.0120918984280531,-0.0018359853121175,unclear,over_cap_or_below_cutoff,0.5336548574000209
NVDA_20251106_144000,NVDA,2025-11-06 14:40:00+00:00,-1,7,152.60043600125118,5.124390057322295,117.5814558668386,7.763828912013333,0.1986427258825676,2025-11-06 14:25:00+00:00,2025-11-06 14:40:00+00:00,2025-11-06 14:45:00+00:00,2025-11-06 15:40:00+00:00,-0.0066164495114006,-0.0241315708576699,continuation,over_cap_or_below_cutoff,0.5789617178665394
NVDA_20251106_153000,NVDA,2025-11-06 15:30:00+00:00,-1,4,136.2419278626592,4.160589982560621,112.61982119384714,6.4023241025410735,0.1885089536650502,2025-11-06 15:15:00+00:00,2025-11-06 15:30:00+00:00,2025-11-06 15:35:00+00:00,2025-11-06 16:30:00+00:00,-0.0054378787094101,-0.0105446781920433,continuation,near_duplicate,0.47478719276552267
NVDA_20251110_150000,NVDA,2025-11-10 15:00:00+00:00,1,11,101.06739703586108,4.194276446145538,53.43983041223455,3.497761865994009,0.2749690248399117,2025-11-10 14:45:00+00:00,2025-11-10 15:00:00+00:00,2025-11-10 15:05:00+00:00,2025-11-10 16:00:00+00:00,0.0043173029995871,-0.0022039064036181,unclear,low_strength_unclear,0.40706967379110187
NVDA_20251112_143000,NVDA,2025-11-12 14:30:00+00:00,-1,9,143.55306799336276,5.176619920481807,154.15631474817343,9.3515719074664,0.1362175692125874,2025-11-12 14:15:00+00:00,2025-11-12 14:30:00+00:00,2025-11-12 14:35:00+00:00,2025-11-12 15:30:00+00:00,-0.006845627298733,-0.0124210536061381,continuation,over_cap_or_below_cutoff,0.5843399007653016
NVDA_20251114_120000,NVDA,2025-11-14 12:00:00+00:00,-1,3,119.52191235059306,4.144177412328538,10.19805705225535,5.782890426401652,1.2146339905328212,2025-11-14 11:45:00+00:00,2025-11-14 12:00:00+00:00,2025-11-14 12:05:00+00:00,2025-11-14 13:00:00+00:00,-0.0057565789473684,0.0007168458781361,unclear,low_strength_unclear,0.43857492338800125
NVDA_20251118_142500,NVDA,2025-11-18 14:25:00+00:00,-1,12,144.26677092928662,4.647069074738501,149.8959139329058,6.039058862063835,0.4401591081133154,2025-11-18 14:10:00+00:00,2025-11-18 14:25:00+00:00,2025-11-18 14:30:00+00:00,2025-11-18 15:25:00+00:00,-0.0039121930015214,-0.008018765001091,continuation,over_cap_or_below_cutoff,0.5667493874281397
NVDA_20251119_143500,NVDA,2025-11-19 14:35:00+00:00,1,6,117.9874425902394,4.636382645148835,81.55313983996338,5.176438229959956,0.1641579960360258,2025-11-19 14:20:00+00:00,2025-11-19 14:35:00+00:00,2025-11-19 14:40:00+00:00,2025-11-19 15:35:00+00:00,0.0031180521663685,0.010525177717112,continuation,over_cap_or_below_cutoff,0.4707265625904251
NVDA_20251120_143000,NVDA,2025-11-20 14:30:00+00:00,-1,11,173.23651452282542,4.083188845499172,155.90914532705196,8.28229519988064,0.2244441968445909,2025-11-20 14:15:00+00:00,2025-11-20 14:30:00+00:00,2025-11-20 14:35:00+00:00,2025-11-20 15:30:00+00:00,-0.0170286530029569,0.0062463692946057,reversal,over_cap_or_below_cutoff,0.5440079114890228
NVDA_20251124_144000,NVDA,2025-11-24 14:40:00+00:00,-1,6,163.69444758566055,5.37354532161239,124.2431553266468,6.770964618240395,0.1580433928250746,2025-11-24 14:25:00+00:00,2025-11-24 14:40:00+00:00,2025-11-24 14:45:00+00:00,2025-11-24 15:40:00+00:00,-0.006298773690078,0.0059460369103045,reversal,over_cap_or_below_cutoff,0.6141368145118495
NVDA_20251124_153500,NVDA,2025-11-24 15:35:00+00:00,1,13,158.8021270640927,4.232488887237467,47.98710573404909,3.7343149303269545,0.4968297079829706,2025-11-24 15:20:00+00:00,2025-11-24 15:35:00+00:00,2025-11-24 15:40:00+00:00,2025-11-24 16:35:00+00:00,0.0041197598069477,0.0166042472758001,continuation,near_duplicate,0.5050381250201839
NVDA_20251124_224500,NVDA,2025-11-24 22:45:00+00:00,-1,7,134.20950047334568,4.25271576094216,0.4561423178016374,3.7952184002819456,28.66804292066476,2025-11-24 22:30:00+00:00,2025-11-24 22:45:00+00:00,2025-11-24 22:50:00+00:00,2025-11-24 23:45:00+00:00,-0.0065381023020713,-0.0063046123216458,continuation,over_cap_or_below_cutoff,0.5185486190338662
NVDA_20251125_143000,NVDA,2025-11-25 14:30:00+00:00,-1,14,194.2287974219936,4.671477745398284,115.87643633229472,5.622895020008932,0.2195713462857262,2025-11-25 14:15:00+00:00,2025-11-25 14:30:00+00:00,2025-11-25 14:35:00+00:00,2025-11-25 15:30:00+00:00,-0.0048604493942454,-0.0131042013908845,continuation,over_cap_or_below_cutoff,0.5992950304273629
NVDA_20251126_130500,NVDA,2025-11-26 13:05:00+00:00,1,9,147.29767572107866,4.867088923418038,26.52037336652147,4.370428169144412,0.660263637620323,2025-11-26 12:50:00+00:00,2025-11-26 13:05:00+00:00,2025-11-26 13:10:00+00:00,2025-11-26 14:05:00+00:00,0.003386386725364,0.0179997750028124,continuation,over_cap_or_below_cutoff,0.5445826236919327
NVDA_20251128_143500,NVDA,2025-11-28 14:35:00+00:00,-1,4,87.2023715806125,4.006923435299249,240.53533842915695,12.65643688262989,0.0975324839627626,2025-11-28 14:20:00+00:00,2025-11-28 14:35:00+00:00,2025-11-28 14:40:00+00:00,2025-11-28 15:35:00+00:00,-0.008644851998439,-0.002573110990153,unclear,low_strength_unclear,0.4538793198397111
NVDA_20251201_142500,NVDA,2025-12-01 14:25:00+00:00,-1,8,143.6255436026568,4.506299449609205,224.4662236703697,8.338769480885496,0.4321387341802397,2025-12-01 14:10:00+00:00,2025-12-01 14:25:00+00:00,2025-12-01 14:30:00+00:00,2025-12-01 15:25:00+00:00,-0.0034783600387752,0.0234607461661708,reversal,over_cap_or_below_cutoff,0.5921566585571095
NVDA_20251204_140500,NVDA,2025-12-04 14:05:00+00:00,1,10,96.1192210742068,4.612867533708503,320.290033972148,17.18017014493186,0.8352138768355489,2025-12-04 13:50:00+00:00,2025-12-04 14:05:00+00:00,2025-12-04 14:10:00+00:00,2025-12-04 15:05:00+00:00,0.0070520295407852,-0.0033640273489193,reversal,over_cap_or_below_cutoff,0.6215972430464864
NVDA_20251205_143500,NVDA,2025-12-05 14:35:00+00:00,-1,7,147.83712204811115,5.652056886232312,300.57446584570044,11.909680087635904,0.1462831029291751,2025-12-05 14:20:00+00:00,2025-12-05 14:35:00+00:00,2025-12-05 14:40:00+00:00,2025-12-05 15:35:00+00:00,-0.0079197531839456,0.0052718286655684,reversal,over_cap_or_below_cutoff,0.7053134984795488
NVDA_20251209_142500,NVDA,2025-12-09 14:25:00+00:00,-1,7,128.28875842574303,4.08768222489781,108.30006894501476,7.696459648997268,0.7656840884516445,2025-12-09 14:10:00+00:00,2025-12-09 14:25:00+00:00,2025-12-09 14:30:00+00:00,2025-12-09 15:25:00+00:00,-0.0044527896995708,-0.005065473945142,continuation,over_cap_or_below_cutoff,0.506799148329942
NVDA_20251211_142500,NVDA,2025-12-11 14:25:00+00:00,-1,13,137.27028238458504,5.2972825556243786,250.963732310578,11.929682101071442,0.8968302033317246,2025-12-11 14:10:00+00:00,2025-12-11 14:25:00+00:00,2025-12-11 14:30:00+00:00,2025-12-11 15:25:00+00:00,-0.0044181189826673,-0.012011095700416,continuation,over_cap_or_below_cutoff,0.7027462945211858
NVDA_20251212_125000,NVDA,2025-12-12 12:50:00+00:00,1,3,121.16182572613933,4.509865630715575,52.097474652842834,19.793275674959887,1.3348502163831206,2025-12-12 12:35:00+00:00,2025-12-12 12:50:00+00:00,2025-12-12 12:55:00+00:00,2025-12-12 13:50:00+00:00,0.0121161825726141,-0.0061222258664043,reversal,over_cap_or_below_cutoff,0.4967860916018463
NVDA_20251217_131000,NVDA,2025-12-17 13:10:00+00:00,-1,3,63.43961597222281,5.180696158418522,29.382974622550595,8.176429324778704,0.9928923554459532,2025-12-17 12:55:00+00:00,2025-12-17 13:10:00+00:00,2025-12-17 13:15:00+00:00,2025-12-17 14:10:00+00:00,-0.0047688509874328,-0.0023112915045944,unclear,low_strength_unclear,0.43757793554624413
NVDA_20251218_133000,NVDA,2025-12-18 13:30:00+00:00,1,4,76.15767759531656,4.1926345836116194,17.364395532596934,4.579944676361323,0.5304611592996321,2025-12-18 13:15:00+00:00,2025-12-18 13:30:00+00:00,2025-12-18 13:35:00+00:00,2025-12-18 14:30:00+00:00,0.0048591752935054,-8.57552969724118e-05,unclear,low_strength_unclear,0.3771895449998347
NVDA_20251219_142500,NVDA,2025-12-19 14:25:00+00:00,1,11,169.198121215548,4.979973315261278,1116.033952056711,10.522111077019453,0.1465766687357511,2025-12-19 14:10:00+00:00,2025-12-19 14:25:00+00:00,2025-12-19 14:30:00+00:00,2025-12-19 15:25:00+00:00,0.0036349179303687,0.0110350291437948,continuation,over_cap_or_below_cutoff,0.7083830482870124
NVDA_20251226_143000,NVDA,2025-12-26 14:30:00+00:00,1,8,115.84434732241134,4.679489160010575,642.0312048772662,21.052460735200903,0.1393656364656467,2025-12-26 14:15:00+00:00,2025-12-26 14:30:00+00:00,2025-12-26 14:35:00+00:00,2025-12-26 15:30:00+00:00,0.0055236245743728,0.0036074658859204,continuation,over_cap_or_below_cutoff,0.6110842770756428
NVDA_20251231_143000,NVDA,2025-12-31 14:30:00+00:00,1,3,88.5847655421168,5.078035288343611,373.65690350796143,10.99862702203938,0.0672939379841595,2025-12-31 14:15:00+00:00,2025-12-31 14:30:00+00:00,2025-12-31 14:35:00+00:00,2025-12-31 15:30:00+00:00,0.0031118143459916,-0.0066480887533518,reversal,over_cap_or_below_cutoff,0.5503571240505627
NVDA_20260102_142500,NVDA,2026-01-02 14:25:00+00:00,1,16,139.18289585097554,4.383970166089414,380.705915139692,14.912096079070592,1.5414240620324624,2026-01-02 14:10:00+00:00,2026-01-02 14:25:00+00:00,2026-01-02 14:30:00+00:00,2026-01-02 15:25:00+00:00,0.004762156727869,0.0036810785191427,continuation,over_cap_or_below_cutoff,0.7180136922421065
NVDA_20260106_144500,NVDA,2026-01-06 14:45:00+00:00,1,14,98.19043957861152,5.0803251632814606,165.31084420634235,8.185671811685427,0.2495111098993136,2026-01-06 14:30:00+00:00,2026-01-06 14:45:00+00:00,2026-01-06 14:50:00+00:00,2026-01-06 15:45:00+00:00,0.0050717401587219,-0.0068763563155281,reversal,over_cap_or_below_cutoff,0.5308892827413175
NVDA_20260108_143000,NVDA,2026-01-08 14:30:00+00:00,-1,8,110.67151411462194,5.811837990607818,320.26193516998114,10.929135679671528,0.0880566058528896,2026-01-08 14:15:00+00:00,2026-01-08 14:30:00+00:00,2026-01-08 14:35:00+00:00,2026-01-08 15:30:00+00:00,-0.0059941906522312,-0.0094572696118799,continuation,over_cap_or_below_cutoff,0.6730943371525007
NVDA_20260109_142000,NVDA,2026-01-09 14:20:00+00:00,-1,6,80.14344317965217,4.526428381483324,305.3465858966065,13.291019613540172,0.7211152569089775,2026-01-09 14:05:00+00:00,2026-01-09 14:20:00+00:00,2026-01-09 14:25:00+00:00,2026-01-09 15:20:00+00:00,-0.0030643513789581,-0.0057970232959446,continuation,over_cap_or_below_cutoff,0.5751638609988257
NVDA_20260112_143000,NVDA,2026-01-12 14:30:00+00:00,1,4,166.32602874474767,4.7831884448353685,270.88613458210324,14.789669761024513,0.162851648961632,2026-01-12 14:15:00+00:00,2026-01-12 14:30:00+00:00,2026-01-12 14:35:00+00:00,2026-01-12 15:30:00+00:00,0.0098853085745493,-0.0047320317992537,reversal,over_cap_or_below_cutoff,0.6456130023488714
NVDA_20260113_164000,NVDA,2026-01-13 16:40:00+00:00,1,8,89.69471813923047,4.055895438264317,42.89022080434073,3.23509004810792,0.6340457501858522,2026-01-13 16:25:00+00:00,2026-01-13 16:40:00+00:00,2026-01-13 16:45:00+00:00,2026-01-13 17:40:00+00:00,0.0078281055984452,-0.0050353546175273,reversal,over_cap_or_below_cutoff,0.40665490966278345
NVDA_20260114_143000,NVDA,2026-01-14 14:30:00+00:00,-1,11,119.18270332376358,6.474419448098017,422.4542872172541,16.781799972885622,0.1046434553333185,2026-01-14 14:15:00+00:00,2026-01-14 14:30:00+00:00,2026-01-14 14:35:00+00:00,2026-01-14 15:30:00+00:00,-0.0062734305588662,-0.0084500899525705,continuation,over_cap_or_below_cutoff,0.7288707561647809
NVDA_20260116_143000,NVDA,2026-01-16 14:30:00+00:00,1,13,89.11048639474117,4.736294951094069,683.0580746975277,6.533454834744586,0.1236774416096792,2026-01-16 14:15:00+00:00,2026-01-16 14:30:00+00:00,2026-01-16 14:35:00+00:00,2026-01-16 15:30:00+00:00,0.0034086089906699,-0.0062504292514382,reversal,over_cap_or_below_cutoff,0.5781759712900857
NVDA_20260121_140000,NVDA,2026-01-21 14:00:00+00:00,1,10,103.68341624280576,4.482669525969225,237.04069850660812,7.379914614847506,1.1990346308894666,2026-01-21 13:45:00+00:00,2026-01-21 14:00:00+00:00,2026-01-21 14:05:00+00:00,2026-01-21 15:00:00+00:00,0.0032485717486279,0.0074810183117464,continuation,over_cap_or_below_cutoff,0.6103824175200241
NVDA_20260126_143000,NVDA,2026-01-26 14:30:00+00:00,1,5,81.74823680273447,5.344204874688624,305.23062801646284,8.842482841898427,0.0467144678051376,2026-01-26 14:15:00+00:00,2026-01-26 14:30:00+00:00,2026-01-26 14:35:00+00:00,2026-01-26 15:30:00+00:00,0.0059112430784047,-0.0041213722590002,reversal,over_cap_or_below_cutoff,0.5844403594420128
NVDA_20260127_143000,NVDA,2026-01-27 14:30:00+00:00,-1,9,94.23354928521644,4.530744211232257,273.4715856158003,12.289375511734294,0.08142392832976,2026-01-27 14:15:00+00:00,2026-01-27 14:30:00+00:00,2026-01-27 14:35:00+00:00,2026-01-27 15:30:00+00:00,-0.0043002136752136,0.0155583572520721,reversal,over_cap_or_below_cutoff,0.521671867621349
NVDA_20260205_140000,NVDA,2026-02-05 14:00:00+00:00,1,16,209.6448166329834,4.162241676063212,191.85787468803363,6.124894177310727,0.9899475189451478,2026-02-05 13:45:00+00:00,2026-02-05 14:00:00+00:00,2026-02-05 14:05:00+00:00,2026-02-05 15:00:00+00:00,0.0031005971520441,-0.0088723526044647,reversal,over_cap_or_below_cutoff,0.6858003258678175
NVDA_20260210_143000,NVDA,2026-02-10 14:30:00+00:00,-1,5,115.8290924512273,5.009486632899481,373.4992168948618,11.008932956242448,0.0654260605059889,2026-02-10 14:15:00+00:00,2026-02-10 14:30:00+00:00,2026-02-10 14:35:00+00:00,2026-02-10 15:30:00+00:00,-0.0050834202294057,-0.00969474649548,continuation,over_cap_or_below_cutoff,0.6314486795018299
NVDA_20260212_150500,NVDA,2026-02-12 15:05:00+00:00,-1,7,101.16449821618411,4.236590859137461,149.8144567948747,7.118253087868213,0.1011341687984076,2026-02-12 14:50:00+00:00,2026-02-12 15:05:00+00:00,2026-02-12 15:10:00+00:00,2026-02-12 16:05:00+00:00,-0.0062697017482432,-0.0079573833145729,continuation,over_cap_or_below_cutoff,0.44501721610961154
NVDA_20260220_142000,NVDA,2026-02-20 14:20:00+00:00,-1,4,98.2655855662351,4.733040521446201,404.0206896551724,10.412385434579946,0.4704776775063045,2026-02-20 14:05:00+00:00,2026-02-20 14:20:00+00:00,2026-02-20 14:25:00+00:00,2026-02-20 15:20:00+00:00,-0.0034781678082191,0.0100950437630886,reversal,over_cap_or_below_cutoff,0.6209011396077397
NVDA_20260223_143000,NVDA,2026-02-23 14:30:00+00:00,1,7,144.39279290438202,5.487964811884432,527.1819915572032,11.38209725394595,0.0895204504083554,2026-02-23 14:15:00+00:00,2026-02-23 14:30:00+00:00,2026-02-23 14:35:00+00:00,2026-02-23 15:30:00+00:00,0.0120027255097228,-0.0111093847110006,reversal,over_cap_or_below_cutoff,0.7112255827079677
NVDA_20260224_120000,NVDA,2026-02-24 12:00:00+00:00,-1,9,93.96325459317012,5.112256322238217,27.81134743053848,16.81489236078235,0.916664603427653,2026-02-24 11:45:00+00:00,2026-02-24 12:00:00+00:00,2026-02-24 12:05:00+00:00,2026-02-24 13:00:00+00:00,-0.0067086171927817,-0.0057068062827225,continuation,over_cap_or_below_cutoff,0.5157397978366305
NVDA_20260227_130000,NVDA,2026-02-27 13:00:00+00:00,1,7,152.53403313104874,4.111287263746085,37.00074879172245,14.216618123535316,0.6468934752373361,2026-02-27 12:45:00+00:00,2026-02-27 13:00:00+00:00,2026-02-27 13:05:00+00:00,2026-02-27 14:00:00+00:00,0.010062550992657,-0.019870759289176,reversal,over_cap_or_below_cutoff,0.4942551345530762
NVDA_20260302_142500,NVDA,2026-03-02 14:25:00+00:00,1,5,269.37021527017936,4.165260504468773,157.59176633994457,13.528481201828894,1.085213690606957,2026-03-02 14:10:00+00:00,2026-03-02 14:25:00+00:00,2026-03-02 14:30:00+00:00,2026-03-02 15:25:00+00:00,0.00488084984209,0.0314285714285713,continuation,over_cap_or_below_cutoff,0.7230358259855878
NVDA_20260305_170000,NVDA,2026-03-05 17:00:00+00:00,1,7,134.44302176696343,4.221812448399006,26.182961446682423,3.64742554014634,0.9539284146421748,2026-03-05 16:45:00+00:00,2026-03-05 17:00:00+00:00,2026-03-05 17:05:00+00:00,2026-03-05 18:00:00+00:00,0.0035058763734536,-0.024507134299096,reversal,over_cap_or_below_cutoff,0.5003206919858454
NVDA_20260306_133500,NVDA,2026-03-06 13:35:00+00:00,-1,4,69.38601182889803,4.553154081067992,13.649122807017545,3.867811802083376,1.316436822190359,2026-03-06 13:20:00+00:00,2026-03-06 13:35:00+00:00,2026-03-06 13:40:00+00:00,2026-03-06 14:35:00+00:00,-0.0033138218565353,0.0031032207342349,reversal,near_duplicate,0.4604612471680589
NVDA_20260306_141000,NVDA,2026-03-06 14:10:00+00:00,-1,10,106.56410313663488,4.786167566467708,270.5598435207824,7.684764058988319,0.6641686353490551,2026-03-06 13:55:00+00:00,2026-03-06 14:10:00+00:00,2026-03-06 14:15:00+00:00,2026-03-06 15:10:00+00:00,-0.0038971161340608,0.018332215515314,reversal,over_cap_or_below_cutoff,0.6091093645068164
NVDA_20260312_134500,NVDA,2026-03-12 13:45:00+00:00,-1,6,79.81631314236238,4.4550131384142,202.676865117872,6.293998401385246,0.1038483507252811,2026-03-12 13:30:00+00:00,2026-03-12 13:45:00+00:00,2026-03-12 13:50:00+00:00,2026-03-12 14:45:00+00:00,-0.0053142454313757,-0.0079866979229134,continuation,over_cap_or_below_cutoff,0.461462093175582
NVDA_20260316_190500,NVDA,2026-03-16 19:05:00+00:00,1,6,264.8571741271755,4.5197037018717445,10.785897060151648,17.12707853417685,3.6683198581923255,2026-03-16 18:50:00+00:00,2026-03-16 19:05:00+00:00,2026-03-16 19:10:00+00:00,2026-03-16 20:05:00+00:00,0.0192571018713729,-0.0227103102676192,reversal,over_cap_or_below_cutoff,0.6954746978599626
NVDA_20260317_131500,NVDA,2026-03-17 13:15:00+00:00,1,11,92.0830381953941,4.035686645565411,315.3827679971419,12.548077795412544,0.3957481571703255,2026-03-17 13:00:00+00:00,2026-03-17 13:15:00+00:00,2026-03-17 13:20:00+00:00,2026-03-17 14:15:00+00:00,0.0039024390243902,-0.011931756829716,reversal,over_cap_or_below_cutoff,0.5277513973470307
NVDA_20260319_133000,NVDA,2026-03-19 13:30:00+00:00,-1,7,94.41719356942934,4.065847721343254,250.2672615657237,8.263411314782381,0.0648845065450543,2026-03-19 13:15:00+00:00,2026-03-19 13:30:00+00:00,2026-03-19 13:35:00+00:00,2026-03-19 14:30:00+00:00,-0.0093106736216276,0.0100209477438715,reversal,over_cap_or_below_cutoff,0.4705802203460829
NVDA_20260320_135500,NVDA,2026-03-20 13:55:00+00:00,-1,3,106.54572338489656,4.244355056641297,184.7099335385164,5.169628744257657,0.0576650219071336,2026-03-20 13:40:00+00:00,2026-03-20 13:55:00+00:00,2026-03-20 14:00:00+00:00,2026-03-20 14:55:00+00:00,-0.0105422491819698,8.530482256596805e-05,unclear,low_strength_unclear,0.41709003898364505
NVDA_20260323_110500,NVDA,2026-03-23 11:05:00+00:00,1,15,375.4825125745653,4.380690197643046,80.48548157251369,31.525745778874683,2.313173485661758,2026-03-23 10:50:00+00:00,2026-03-23 11:05:00+00:00,2026-03-23 11:10:00+00:00,2026-03-23 12:05:00+00:00,0.0375482512574572,-0.0074881623449831,reversal,over_cap_or_below_cutoff,0.7168173897645074
NVDA_20260325_133000,NVDA,2026-03-25 13:30:00+00:00,1,16,121.4277645995776,4.620595912834492,294.7066557471392,10.949540731093943,0.0712265667637143,2026-03-25 13:15:00+00:00,2026-03-25 13:30:00+00:00,2026-03-25 13:35:00+00:00,2026-03-25 14:30:00+00:00,0.0085759422252311,0.0074681136719625,continuation,over_cap_or_below_cutoff,0.5758305472639705
NVDA_20260326_144000,NVDA,2026-03-26 14:40:00+00:00,-1,4,85.99381694010421,4.200987075492062,111.81294618753374,6.008666046846519,0.0985166029293104,2026-03-26 14:25:00+00:00,2026-03-26 14:40:00+00:00,2026-03-26 14:45:00+00:00,2026-03-26 15:40:00+00:00,-0.004947946459215,0.0027880773763329,unclear,low_strength_unclear,0.4017647112697201
NVDA_20260407_223000,NVDA,2026-04-07 22:30:00+00:00,1,4,127.56949473566648,4.055959781175149,0.8607045217114639,9.901037022231533,18.159171652624934,2026-04-07 22:15:00+00:00,2026-04-07 22:30:00+00:00,2026-04-07 22:35:00+00:00,2026-04-07 23:30:00+00:00,0.0030107047279215,0.0162868260144524,continuation,over_cap_or_below_cutoff,0.496672372738934
NVDA_20260410_133000,NVDA,2026-04-10 13:30:00+00:00,1,12,137.87707085424873,5.6892775334836685,291.08455651737546,11.465441742265124,0.0788460597330536,2026-04-10 13:15:00+00:00,2026-04-10 13:30:00+00:00,2026-04-10 13:35:00+00:00,2026-04-10 14:30:00+00:00,0.0084179655678053,0.0141641533821628,continuation,over_cap_or_below_cutoff,0.6840316174165089
NVDA_20260414_133000,NVDA,2026-04-14 13:30:00+00:00,1,8,103.2222571518382,4.500883627112712,448.0985688729874,20.473414802118874,0.1893020205007477,2026-04-14 13:15:00+00:00,2026-04-14 13:30:00+00:00,2026-04-14 13:35:00+00:00,2026-04-14 14:30:00+00:00,0.0088971707521916,0.00327775031867,continuation,over_cap_or_below_cutoff,0.5838558766322113
NVDA_20260415_132500,NVDA,2026-04-15 13:25:00+00:00,1,3,120.6218316307428,4.99134225132197,256.4059328177864,11.124647393565583,1.1033634536418555,2026-04-15 13:10:00+00:00,2026-04-15 13:25:00+00:00,2026-04-15 13:30:00+00:00,2026-04-15 14:25:00+00:00,0.0047025148231445,0.0136345136345137,continuation,over_cap_or_below_cutoff,0.6263167415944935
NVDA_20260416_103000,NVDA,2026-04-16 10:30:00+00:00,-1,6,70.88966529950503,4.206590838878697,11.00930383672505,8.632336466593948,1.9967664089820327,2026-04-16 10:15:00+00:00,2026-04-16 10:30:00+00:00,2026-04-16 10:35:00+00:00,2026-04-16 11:30:00+00:00,-0.0032144650929181,-0.0015620276126171,unclear,low_strength_unclear,0.4328713824416136
NVDA_20260417_125000,NVDA,2026-04-17 12:50:00+00:00,1,10,84.57188610318855,6.568324030667276,1010.6340275156964,18.639520883608387,0.4257994193634304,2026-04-17 12:35:00+00:00,2026-04-17 12:50:00+00:00,2026-04-17 12:55:00+00:00,2026-04-17 13:50:00+00:00,0.0046898406859361,0.0049701540997526,continuation,over_cap_or_below_cutoff,0.7104068837625885
NVDA_20260423_133000,NVDA,2026-04-23 13:30:00+00:00,-1,8,122.94165859473516,5.274285889277902,219.48906724142824,9.861111056364305,0.1736304891046897,2026-04-23 13:15:00+00:00,2026-04-23 13:30:00+00:00,2026-04-23 13:35:00+00:00,2026-04-23 14:30:00+00:00,-0.003637713437268,0.0036013213123711,reversal,over_cap_or_below_cutoff,0.6014281711536773
NVDA_20260424_143000,NVDA,2026-04-24 14:30:00+00:00,1,14,179.41314380198304,4.013598433254173,94.65758851200792,5.7267929532184825,0.1710779747520191,2026-04-24 14:15:00+00:00,2026-04-24 14:30:00+00:00,2026-04-24 14:35:00+00:00,2026-04-24 15:30:00+00:00,0.0038422624188731,0.0311784791549387,continuation,over_cap_or_below_cutoff,0.5103838680901569
NVDA_20260427_111000,NVDA,2026-04-27 11:10:00+00:00,1,3,79.43680730628344,5.068102577960388,19.907535261976363,6.276469800491646,0.6303059141979773,2026-04-27 10:55:00+00:00,2026-04-27 11:10:00+00:00,2026-04-27 11:15:00+00:00,2026-04-27 12:10:00+00:00,0.0079436807306283,-0.0020292590844738,unclear,low_strength_unclear,0.41314203911639674
NVDA_20260429_132500,NVDA,2026-04-29 13:25:00+00:00,-1,4,114.2017722598676,4.878301928001958,166.38422391857506,10.080966511497904,0.5177433103554447,2026-04-29 13:10:00+00:00,2026-04-29 13:25:00+00:00,2026-04-29 13:30:00+00:00,2026-04-29 14:25:00+00:00,-0.0033175577526826,-0.0074846498857555,continuation,over_cap_or_below_cutoff,0.5602969025445016
PLTR_20240528_133000,PLTR,2024-05-28 13:30:00+00:00,-1,9,156.51336383337488,6.04939036861336,511.9404186795491,16.657815034376796,0.1216068064162622,2024-05-28 13:15:00+00:00,2024-05-28 13:30:00+00:00,2024-05-28 13:35:00+00:00,2024-05-28 14:30:00+00:00,-0.0090042674253201,0.0032392189511056,reversal,over_cap_or_below_cutoff,0.6694954915508347
PLTR_20240530_195500,PLTR,2024-05-30 19:55:00+00:00,1,10,252.82758620690072,4.8841749708345175,4.459173075732941,6.700624086253926,23.73168866046514,2024-05-30 19:40:00+00:00,2024-05-30 19:55:00+00:00,2024-05-30 20:00:00+00:00,2024-05-30 20:55:00+00:00,0.0031513090408377,0.0115154306771072,continuation,over_cap_or_below_cutoff,0.6007637193598141
PLTR_20240607_120000,PLTR,2024-06-07 12:00:00+00:00,1,12,221.43779595350745,5.943680897038969,56.19403347077371,20.54567401718431,1.6079501626187411,2024-06-07 11:45:00+00:00,2024-06-07 12:00:00+00:00,2024-06-07 12:05:00+00:00,2024-06-07 13:00:00+00:00,0.0063559322033897,-0.0231578947368421,reversal,over_cap_or_below_cutoff,0.6657700278167296
PLTR_20240610_132500,PLTR,2024-06-10 13:25:00+00:00,1,3,186.53931585961735,4.524396340407312,148.38608033240996,6.3730301566316205,2.08074085506868,2024-06-10 13:10:00+00:00,2024-06-10 13:25:00+00:00,2024-06-10 13:30:00+00:00,2024-06-10 14:25:00+00:00,0.0128946198310362,0.010118525021949,continuation,over_cap_or_below_cutoff,0.5217956473972911
PLTR_20240612_123000,PLTR,2024-06-12 12:30:00+00:00,1,8,189.15510718789275,4.861839881191999,728.3407292474786,27.473987223160037,0.9757397414167616,2024-06-12 12:15:00+00:00,2024-06-12 12:30:00+00:00,2024-06-12 12:35:00+00:00,2024-06-12 13:30:00+00:00,0.018502943650126,0.0033030553261768,continuation,over_cap_or_below_cutoff,0.7016953881092276
PLTR_20240617_133000,PLTR,2024-06-17 13:30:00+00:00,1,13,203.32339156369676,5.456613187322314,367.299436795995,12.286229020388992,0.2272952426007209,2024-06-17 13:15:00+00:00,2024-06-17 13:30:00+00:00,2024-06-17 13:35:00+00:00,2024-06-17 14:30:00+00:00,0.0080919931856899,0.0090832277144063,continuation,over_cap_or_below_cutoff,0.6239625485773228
PLTR_20240618_133500,PLTR,2024-06-18 13:35:00+00:00,1,6,109.22553532119127,4.104941482096295,245.26333312781307,12.583141468397017,0.0938474001390898,2024-06-18 13:20:00+00:00,2024-06-18 13:35:00+00:00,2024-06-18 13:40:00+00:00,2024-06-18 14:35:00+00:00,0.0050895344210106,0.0091892041697845,continuation,over_cap_or_below_cutoff,0.3904848369467003
PLTR_20240618_143000,PLTR,2024-06-18 14:30:00+00:00,1,5,143.29543690981828,4.206708115247795,101.84940326633166,5.549967066958847,0.205603308300502,2024-06-18 14:15:00+00:00,2024-06-18 14:30:00+00:00,2024-06-18 14:35:00+00:00,2024-06-18 15:30:00+00:00,0.0068114786767636,-0.0002335625413187,unclear,near_duplicate,0.38313413329962687
PLTR_20240621_113000,PLTR,2024-06-21 11:30:00+00:00,-1,5,197.9797979797948,5.2684591243270775,25.087822728196787,15.252758331096755,1.17259744773609,2024-06-21 11:15:00+00:00,2024-06-21 11:30:00+00:00,2024-06-21 11:35:00+00:00,2024-06-21 12:30:00+00:00,-0.0130744849445324,-0.0040144520272983,continuation,over_cap_or_below_cutoff,0.5630999946571272
PLTR_20240621_130500,PLTR,2024-06-21 13:05:00+00:00,-1,17,233.2311812084442,4.413616504033207,417.7113605526089,9.062617206178622,0.3943268690996688,2024-06-21 12:50:00+00:00,2024-06-21 13:05:00+00:00,2024-06-21 13:10:00+00:00,2024-06-21 14:05:00+00:00,-0.0036393044884754,-0.0138027597402596,continuation,over_cap_or_below_cutoff,0.6116670085084247
PLTR_20240624_133000,PLTR,2024-06-24 13:30:00+00:00,1,20,157.4217929876154,4.335686004122583,483.12780226096953,12.257742819323775,0.1990995439030365,2024-06-24 13:15:00+00:00,2024-06-24 13:30:00+00:00,2024-06-24 13:35:00+00:00,2024-06-24 14:30:00+00:00,0.0141025641025642,0.004424778761062,continuation,over_cap_or_below_cutoff,0.5475155567206567
PLTR_20240625_132500,PLTR,2024-06-25 13:25:00+00:00,-1,12,126.79276657659332,4.169083536155369,540.5510204081633,15.077834512566984,1.3161763966459992,2024-06-25 13:10:00+00:00,2024-06-25 13:25:00+00:00,2024-06-25 13:30:00+00:00,2024-06-25 14:25:00+00:00,-0.0057636887608069,0.0167701863354037,reversal,over_cap_or_below_cutoff,0.6305143183778799
PLTR_20240627_132000,PLTR,2024-06-27 13:20:00+00:00,-1,28,150.85381091211934,5.711084445625483,547.8884138520735,10.723789199752249,0.7831456654310409,2024-06-27 13:05:00+00:00,2024-06-27 13:20:00+00:00,2024-06-27 13:25:00+00:00,2024-06-27 14:20:00+00:00,-0.0037344398340248,0.037484381507705,reversal,over_cap_or_below_cutoff,0.7099602164194827
PLTR_20240701_130000,PLTR,2024-07-01 13:00:00+00:00,-1,16,167.24846362019096,4.007963132415389,921.2848784878488,15.243690292468012,0.4113643509444812,2024-07-01 12:45:00+00:00,2024-07-01 13:00:00+00:00,2024-07-01 13:05:00+00:00,2024-07-01 14:00:00+00:00,-0.0070560564484517,0.0011843663639952,unclear,over_cap_or_below_cutoff,0.5721822273843916
PLTR_20240703_133000,PLTR,2024-07-03 13:30:00+00:00,1,9,117.77219106555935,4.238386965940617,250.2070534698521,6.971389218814327,0.082757852227248,2024-07-03 13:15:00+00:00,2024-07-03 13:30:00+00:00,2024-07-03 13:35:00+00:00,2024-07-03 14:30:00+00:00,0.0044664362155142,0.0067101477076538,continuation,over_cap_or_below_cutoff,0.4080078768255663
PLTR_20240708_091000,PLTR,2024-07-08 09:10:00+00:00,1,7,135.95706618962478,5.168778120276435,7.44677992129763,11.19719361224598,4.445218070252318,2024-07-08 08:55:00+00:00,2024-07-08 09:10:00+00:00,2024-07-08 09:15:00+00:00,2024-07-08 10:10:00+00:00,0.0039639639639639,0.0046661880832734,continuation,over_cap_or_below_cutoff,0.5209638248231351
PLTR_20240708_133000,PLTR,2024-07-08 13:30:00+00:00,-1,24,347.7389173535328,5.462481666684211,270.78385678724646,10.827227383716515,0.4337642967083269,2024-07-08 13:15:00+00:00,2024-07-08 13:30:00+00:00,2024-07-08 13:35:00+00:00,2024-07-08 14:30:00+00:00,-0.0046214285714285,-0.0097127438950004,continuation,over_cap_or_below_cutoff,0.7318417840975242
PLTR_20240711_121500,PLTR,2024-07-11 12:15:00+00:00,-1,9,155.64202334630295,5.926294239258384,92.62384403899026,18.829298227615958,1.0164384832022098,2024-07-11 12:00:00+00:00,2024-07-11 12:15:00+00:00,2024-07-11 12:20:00+00:00,2024-07-11 13:15:00+00:00,-0.0059774964838256,0.0127343473646974,reversal,over_cap_or_below_cutoff,0.5833610938878458
PLTR_20240711_132500,PLTR,2024-07-11 13:25:00+00:00,-1,30,207.47450540672395,4.525643873964486,652.4518127163418,15.39825923312106,1.7049106822842146,2024-07-11 13:10:00+00:00,2024-07-11 13:25:00+00:00,2024-07-11 13:30:00+00:00,2024-07-11 14:25:00+00:00,-0.0047491080133771,-0.0128160112359551,continuation,over_cap_or_below_cutoff,0.7358683995525506
PLTR_20240712_130000,PLTR,2024-07-12 13:00:00+00:00,-1,12,189.19911829537335,4.904755020393387,232.86517322944204,10.175471746105794,1.0044399133648567,2024-07-12 12:45:00+00:00,2024-07-12 13:00:00+00:00,2024-07-12 13:05:00+00:00,2024-07-12 14:00:00+00:00,-0.0043483023001095,0.0265447785001595,reversal,over_cap_or_below_cutoff,0.5933275720431703
PLTR_20240715_133000,PLTR,2024-07-15 13:30:00+00:00,-1,16,179.9714896650073,4.3028174470677945,455.2395656937942,17.57672656032569,0.1360532558742,2024-07-15 13:15:00+00:00,2024-07-15 13:30:00+00:00,2024-07-15 13:35:00+00:00,2024-07-15 14:30:00+00:00,-0.0123101339157181,0.0245289726270885,reversal,over_cap_or_below_cutoff,0.5485255765479315
PLTR_20240718_132500,PLTR,2024-07-18 13:25:00+00:00,-1,32,226.40195053987844,5.433051343794348,323.1304038427326,10.260476584189917,1.4376933362590156,2024-07-18 13:10:00+00:00,2024-07-18 13:25:00+00:00,2024-07-18 13:30:00+00:00,2024-07-18 14:25:00+00:00,-0.0066690066690066,0.0512367491166076,reversal,over_cap_or_below_cutoff,0.7352931423734539
PLTR_20240723_132500,PLTR,2024-07-23 13:25:00+00:00,1,11,225.33711852377624,5.530910044030245,368.5784887191119,16.494500521416924,0.82211218103068,2024-07-23 13:10:00+00:00,2024-07-23 13:25:00+00:00,2024-07-23 13:30:00+00:00,2024-07-23 14:25:00+00:00,0.0071047957371226,0.0181657848324514,continuation,over_cap_or_below_cutoff,0.7027087610299059
PLTR_20240724_133000,PLTR,2024-07-24 13:30:00+00:00,-1,9,204.41091577954927,6.207773634385819,504.4694682442541,15.610372868493156,0.1496266281323628,2024-07-24 13:15:00+00:00,2024-07-24 13:30:00+00:00,2024-07-24 13:35:00+00:00,2024-07-24 14:30:00+00:00,-0.0032733397226294,-0.0160103789959664,continuation,over_cap_or_below_cutoff,0.7217115644030239
PLTR_20240729_132500,PLTR,2024-07-29 13:25:00+00:00,1,24,181.81818181817852,4.610955043044273,463.70916858363455,17.8830125831383,0.6894338383606775,2024-07-29 13:10:00+00:00,2024-07-29 13:25:00+00:00,2024-07-29 13:30:00+00:00,2024-07-29 14:25:00+00:00,0.005468465184105,-0.0070703408266858,reversal,over_cap_or_below_cutoff,0.6249776984836963
PLTR_20240806_130500,PLTR,2024-08-06 13:05:00+00:00,1,21,542.280235953696,4.590128556553999,152.42502463246413,4.785334939996071,0.270003965567615,2024-08-06 12:50:00+00:00,2024-08-06 13:05:00+00:00,2024-08-06 13:10:00+00:00,2024-08-06 14:05:00+00:00,0.0115887850467288,-0.031810790835181,reversal,over_cap_or_below_cutoff,0.6123634194939291
PLTR_20240813_133000,PLTR,2024-08-13 13:30:00+00:00,1,19,256.2384860157407,5.409315547415158,392.9186610741015,11.751293050127476,0.1714207584463218,2024-08-13 13:15:00+00:00,2024-08-13 13:30:00+00:00,2024-08-13 13:35:00+00:00,2024-08-13 14:30:00+00:00,0.00706734006734,0.0132096730513977,continuation,over_cap_or_below_cutoff,0.6711071320821129
PLTR_20240819_130500,PLTR,2024-08-19 13:05:00+00:00,1,16,211.97007481296825,5.115524375105854,237.15178999137737,6.534488622315111,0.7099429876185611,2024-08-19 12:50:00+00:00,2024-08-19 13:05:00+00:00,2024-08-19 13:10:00+00:00,2024-08-19 14:05:00+00:00,0.0039718912312862,-0.0089774802191114,reversal,over_cap_or_below_cutoff,0.602546445899278
PLTR_20240823_132500,PLTR,2024-08-23 13:25:00+00:00,-1,15,117.26078799249252,4.664132424113188,423.0781364101066,13.838763504202769,0.5616459289285045,2024-08-23 13:10:00+00:00,2024-08-23 13:25:00+00:00,2024-08-23 13:30:00+00:00,2024-08-23 14:25:00+00:00,-0.007136208501396,0.0059093750000001,reversal,over_cap_or_below_cutoff,0.545809289790107
PLTR_20240830_132000,PLTR,2024-08-30 13:20:00+00:00,-1,19,127.48103921252252,5.019427237800259,898.932819029251,17.960303372599004,0.7032185243324468,2024-08-30 13:05:00+00:00,2024-08-30 13:20:00+00:00,2024-08-30 13:25:00+00:00,2024-08-30 14:20:00+00:00,-0.0031816735602927,0.0033514203638684,reversal,over_cap_or_below_cutoff,0.6344455072157511
PLTR_20240903_132500,PLTR,2024-09-03 13:25:00+00:00,1,7,116.24152405553812,4.171499940277695,250.9006665233283,9.68780097073462,0.4264608523892348,2024-09-03 13:10:00+00:00,2024-09-03 13:25:00+00:00,2024-09-03 13:30:00+00:00,2024-09-03 14:25:00+00:00,0.0044771346338343,-0.004616364215218,reversal,over_cap_or_below_cutoff,0.43352464191094464
PLTR_20240904_133000,PLTR,2024-09-04 13:30:00+00:00,-1,13,272.94438758103337,4.894128981230736,450.3885415842368,10.27799275143292,0.1367476148004811,2024-09-04 13:15:00+00:00,2024-09-04 13:30:00+00:00,2024-09-04 13:35:00+00:00,2024-09-04 14:30:00+00:00,-0.008319689932841,0.0257749326145553,reversal,over_cap_or_below_cutoff,0.6683453176960001
PLTR_20240909_132000,PLTR,2024-09-09 13:20:00+00:00,-1,12,312.3086344151904,4.26998830869563,292.52232636087143,11.331269698007976,0.4908860492853552,2024-09-09 13:05:00+00:00,2024-09-09 13:20:00+00:00,2024-09-09 13:25:00+00:00,2024-09-09 14:20:00+00:00,-0.0051472821135741,0.0376825750522731,reversal,over_cap_or_below_cutoff,0.6317681133616027
PLTR_20240910_133000,PLTR,2024-09-10 13:30:00+00:00,-1,21,220.56129552282533,4.924630768970376,385.28369169146896,13.150094712676454,0.218100246453612,2024-09-10 13:15:00+00:00,2024-09-10 13:30:00+00:00,2024-09-10 13:35:00+00:00,2024-09-10 14:30:00+00:00,-0.0130934633027524,-0.0095371448989491,continuation,over_cap_or_below_cutoff,0.6079201909211785
PLTR_20240913_133000,PLTR,2024-09-13 13:30:00+00:00,1,14,173.20354995705722,5.482974745426308,748.6716248989491,28.202580163367596,0.1621580580100955,2024-09-13 13:15:00+00:00,2024-09-13 13:30:00+00:00,2024-09-13 13:35:00+00:00,2024-09-13 14:30:00+00:00,0.0141590389016017,-0.0076152869835001,reversal,over_cap_or_below_cutoff,0.6570768568512899
PLTR_20240917_132000,PLTR,2024-09-17 13:20:00+00:00,-1,13,208.3539924415168,4.6183101712116095,492.7056105000462,18.887588248231044,0.2794801206890761,2024-09-17 13:05:00+00:00,2024-09-17 13:20:00+00:00,2024-09-17 13:25:00+00:00,2024-09-17 14:20:00+00:00,-0.0043091839482899,-0.0232648093048416,continuation,over_cap_or_below_cutoff,0.6221695935121041
PLTR_20240918_133000,PLTR,2024-09-18 13:30:00+00:00,1,7,129.5264623955439,4.283443384039699,252.0450223170968,18.1610359910228,0.0926043550060239,2024-09-18 13:15:00+00:00,2024-09-18 13:30:00+00:00,2024-09-18 13:35:00+00:00,2024-09-18 14:30:00+00:00,0.0061660188784007,0.0086336056685456,continuation,over_cap_or_below_cutoff,0.4229057824265617
PLTR_20240919_132500,PLTR,2024-09-19 13:25:00+00:00,-1,8,197.57632381632865,4.035809478256692,400.6103296703297,16.501057127095283,0.0767156675395971,2024-09-19 13:10:00+00:00,2024-09-19 13:25:00+00:00,2024-09-19 13:30:00+00:00,2024-09-19 14:25:00+00:00,-0.0032301480484521,-0.0033756413718606,continuation,over_cap_or_below_cutoff,0.5192537538444848
PLTR_20240919_203000,PLTR,2024-09-19 20:30:00+00:00,-1,4,123.96694214876104,4.117743492435882,4.022948768491719,6.617218202992761,20.660844623968195,2024-09-19 20:15:00+00:00,2024-09-19 20:30:00+00:00,2024-09-19 20:35:00+00:00,2024-09-19 21:30:00+00:00,-0.0089587949808995,-0.0101508916323732,continuation,over_cap_or_below_cutoff,0.4359011584926059
PLTR_20240920_132500,PLTR,2024-09-20 13:25:00+00:00,1,13,126.49430080622804,4.043105031151201,218.1867721243072,4.807306381314288,0.4398728586480078,2024-09-20 13:10:00+00:00,2024-09-20 13:25:00+00:00,2024-09-20 13:30:00+00:00,2024-09-20 14:25:00+00:00,0.0052880601168938,-0.001799557032115,unclear,low_strength_unclear,0.422377392566518
PLTR_20240926_132500,PLTR,2024-09-26 13:25:00+00:00,-1,10,110.99079588522189,4.124031605740362,441.767349874146,7.493325158578666,0.8240956302443487,2024-09-26 13:10:00+00:00,2024-09-26 13:25:00+00:00,2024-09-26 13:30:00+00:00,2024-09-26 14:25:00+00:00,-0.0053475935828876,0.0009408602150535,unclear,low_strength_unclear,0.5337811592690599
PLTR_20240927_133000,PLTR,2024-09-27 13:30:00+00:00,1,10,109.96229631459408,5.7885893646523305,717.4737363726462,21.39557474365937,0.1312185036341084,2024-09-27 13:15:00+00:00,2024-09-27 13:30:00+00:00,2024-09-27 13:35:00+00:00,2024-09-27 14:30:00+00:00,0.0056987788331073,-0.0046950890447922,reversal,over_cap_or_below_cutoff,0.6206896852754403
PLTR_20241002_130500,PLTR,2024-10-02 13:05:00+00:00,-1,13,164.31535269709974,4.968961346561515,341.97100362454694,8.21036904504825,0.8703627635036748,2024-10-02 12:50:00+00:00,2024-10-02 13:05:00+00:00,2024-10-02 13:10:00+00:00,2024-10-02 14:05:00+00:00,-0.0038493263678855,0.0133866961081978,reversal,over_cap_or_below_cutoff,0.6051904898713796
PLTR_20241003_133000,PLTR,2024-10-03 13:30:00+00:00,1,15,238.2226980728053,5.097249466008881,765.1261521529784,23.51091201406134,0.0662485313385231,2024-10-03 13:15:00+00:00,2024-10-03 13:30:00+00:00,2024-10-03 13:35:00+00:00,2024-10-03 14:30:00+00:00,0.0176612255820176,0.0126216145148565,continuation,over_cap_or_below_cutoff,0.6779205389565706
PLTR_20241007_132500,PLTR,2024-10-07 13:25:00+00:00,1,8,157.8670006797367,6.374590124333804,194.7903162827021,14.12141833354914,0.2049190366861706,2024-10-07 13:10:00+00:00,2024-10-07 13:25:00+00:00,2024-10-07 13:30:00+00:00,2024-10-07 14:25:00+00:00,0.0030165912518853,-0.0043859649122806,reversal,over_cap_or_below_cutoff,0.5812083396869743
PLTR_20241008_133000,PLTR,2024-10-08 13:30:00+00:00,1,13,223.89200203769556,7.18672444873895,405.4860449920657,16.672610781467274,0.0695814292371356,2024-10-08 13:15:00+00:00,2024-10-08 13:30:00+00:00,2024-10-08 13:35:00+00:00,2024-10-08 14:30:00+00:00,0.009301732925586,0.0239868703446535,continuation,over_cap_or_below_cutoff,0.7192771063057679
PLTR_20241009_140000,PLTR,2024-10-09 14:00:00+00:00,1,14,213.9187070317239,6.186930509133342,221.64689655172413,7.600360075174873,0.2798306970423479,2024-10-09 13:45:00+00:00,2024-10-09 14:00:00+00:00,2024-10-09 14:05:00+00:00,2024-10-09 15:00:00+00:00,0.0057858235299776,0.0227328153018528,continuation,over_cap_or_below_cutoff,0.6336761645747118
PLTR_20241011_131500,PLTR,2024-10-11 13:15:00+00:00,-1,5,166.0133732995206,5.133542047046584,424.004826094192,15.8653006435905,0.1234933220309118,2024-10-11 13:00:00+00:00,2024-10-11 13:15:00+00:00,2024-10-11 13:20:00+00:00,2024-10-11 14:15:00+00:00,-0.0032198712051516,0.0136155976003691,reversal,over_cap_or_below_cutoff,0.5811706604214528
PLTR_20241014_133000,PLTR,2024-10-14 13:30:00+00:00,1,11,174.78683270994554,4.405078100314204,547.2084870848709,21.81020097940031,0.1250617571492718,2024-10-14 13:15:00+00:00,2024-10-14 13:30:00+00:00,2024-10-14 13:35:00+00:00,2024-10-14 14:30:00+00:00,0.0149782757832153,-0.0136307311028499,reversal,over_cap_or_below_cutoff,0.5802660199628298
PLTR_20241015_132500,PLTR,2024-10-15 13:25:00+00:00,-1,19,203.543050170818,6.4206109898489245,407.2048270835021,30.769799014653746,0.5237023559715254,2024-10-15 13:10:00+00:00,2024-10-15 13:25:00+00:00,2024-10-15 13:30:00+00:00,2024-10-15 14:25:00+00:00,-0.0032146957520091,-0.0253536051601013,continuation,over_cap_or_below_cutoff,0.7330356607925987
PLTR_20241018_132500,PLTR,2024-10-18 13:25:00+00:00,-1,6,96.17685056701352,5.721710286468242,775.859229747676,23.48476816991292,0.8066193120271478,2024-10-18 13:10:00+00:00,2024-10-18 13:25:00+00:00,2024-10-18 13:30:00+00:00,2024-10-18 14:25:00+00:00,-0.0045034368333727,0.0090999999999998,reversal,over_cap_or_below_cutoff,0.6654617395423175
PLTR_20241022_132500,PLTR,2024-10-22 13:25:00+00:00,1,20,178.92873997168212,5.834625193570473,495.3232247410299,19.53820359784936,0.6881800235135588,2024-10-22 13:10:00+00:00,2024-10-22 13:25:00+00:00,2024-10-22 13:30:00+00:00,2024-10-22 14:25:00+00:00,0.0044779637049257,0.0078601595495073,continuation,over_cap_or_below_cutoff,0.7192124570770448
PLTR_20241023_133500,PLTR,2024-10-23 13:35:00+00:00,1,22,103.19296621934092,4.808134900750148,474.5929686031209,13.701115290376272,0.3484011643484154,2024-10-23 13:20:00+00:00,2024-10-23 13:35:00+00:00,2024-10-23 13:40:00+00:00,2024-10-23 14:35:00+00:00,0.0088891487371374,0.0096406823349968,continuation,over_cap_or_below_cutoff,0.5436708780223252
PLTR_20241024_132500,PLTR,2024-10-24 13:25:00+00:00,-1,8,147.40290126344922,4.600684096459494,255.73809187279156,12.606136030847054,0.3883145957263954,2024-10-24 13:10:00+00:00,2024-10-24 13:25:00+00:00,2024-10-24 13:30:00+00:00,2024-10-24 14:25:00+00:00,-0.0044103992571958,0.0149242247610164,reversal,over_cap_or_below_cutoff,0.4886675409166997
PLTR_20241025_133500,PLTR,2024-10-25 13:35:00+00:00,1,3,178.17849805980669,6.083834121844663,336.0488899203218,13.20314807618522,0.0899455029649472,2024-10-25 13:20:00+00:00,2024-10-25 13:35:00+00:00,2024-10-25 13:40:00+00:00,2024-10-25 14:35:00+00:00,0.010252904989747,0.0143211547135768,continuation,over_cap_or_below_cutoff,0.5714493255986596
PLTR_20241030_125000,PLTR,2024-10-30 12:50:00+00:00,-1,3,60.67415730337089,4.179400108169822,29.21656911301216,7.3547447705784945,0.6315133743502375,2024-10-30 12:35:00+00:00,2024-10-30 12:50:00+00:00,2024-10-30 12:55:00+00:00,2024-10-30 13:50:00+00:00,-0.0046874999999998,-0.0028033191298497,unclear,low_strength_unclear,0.2709627341987252
PLTR_20241030_204500,PLTR,2024-10-30 20:45:00+00:00,-1,8,312.5739995264021,5.290804845371905,0.9610700273451432,16.109745491451307,36.13132232492228,2024-10-30 20:30:00+00:00,2024-10-30 20:45:00+00:00,2024-10-30 20:50:00+00:00,2024-10-30 21:45:00+00:00,-0.0045882083046571,-0.0195897672274718,continuation,over_cap_or_below_cutoff,0.6842947660856475
PLTR_20241104_210000,PLTR,2024-11-04 21:00:00+00:00,1,9,1336.3163623170915,5.296265478809059,12.409680928208846,41.317249303247024,10.145273127556331,2024-11-04 20:45:00+00:00,2024-11-04 21:00:00+00:00,2024-11-04 21:05:00+00:00,2024-11-04 22:00:00+00:00,0.0046233447507886,0.1360904063476795,continuation,over_cap_or_below_cutoff,0.725222915848073
PLTR_20241105_132000,PLTR,2024-11-05 13:20:00+00:00,1,28,303.0799543710483,4.589563031247032,329.5247268882885,10.099535111044876,0.389447245406917,2024-11-05 13:05:00+00:00,2024-11-05 13:20:00+00:00,2024-11-05 13:25:00+00:00,2024-11-05 14:20:00+00:00,0.00571791613723,0.0147399452516319,continuation,over_cap_or_below_cutoff,0.6506920394654685
PLTR_20241108_095000,PLTR,2024-11-08 09:50:00+00:00,-1,12,113.24200913242154,4.055115184004358,2.488089204257476,5.969021937288234,13.604954215098772,2024-11-08 09:35:00+00:00,2024-11-08 09:50:00+00:00,2024-11-08 09:55:00+00:00,2024-11-08 10:50:00+00:00,-0.0044891362901777,-0.0131673881673881,continuation,over_cap_or_below_cutoff,0.4220185814217171
PLTR_20241108_141000,PLTR,2024-11-08 14:10:00+00:00,1,10,207.47996438111872,4.088999159685408,211.7402944301108,6.904425804477408,0.4592974940659441,2024-11-08 13:55:00+00:00,2024-11-08 14:10:00+00:00,2024-11-08 14:15:00+00:00,2024-11-08 15:10:00+00:00,0.004518344478583,0.0262684418855703,continuation,over_cap_or_below_cutoff,0.49505686176360403
PLTR_20241113_111500,PLTR,2024-11-13 11:15:00+00:00,1,3,93.36445481828105,4.737117012441278,4.262564811614241,5.957718866911829,5.13065494924618,2024-11-13 11:00:00+00:00,2024-11-13 11:15:00+00:00,2024-11-13 11:20:00+00:00,2024-11-13 12:15:00+00:00,0.0073370018342504,0.0011587485515642,unclear,over_cap_or_below_cutoff,0.40212875614305965
PLTR_20241114_143000,PLTR,2024-11-14 14:30:00+00:00,-1,19,184.10041841004252,4.639065444340551,153.7971975072944,6.01313210609482,0.3864699449625968,2024-11-14 14:15:00+00:00,2024-11-14 14:30:00+00:00,2024-11-14 14:35:00+00:00,2024-11-14 15:30:00+00:00,-0.0052313225437305,-0.0261281840591618,continuation,over_cap_or_below_cutoff,0.4845136115011738
PLTR_20241114_210500,PLTR,2024-11-14 21:05:00+00:00,1,6,383.3529510677658,5.462307798888238,1.455645528544831,3.9039048622768,14.901229211225903,2024-11-14 20:50:00+00:00,2024-11-14 21:05:00+00:00,2024-11-14 21:10:00+00:00,2024-11-14 22:05:00+00:00,0.0072831978319782,0.032453337817387,continuation,over_cap_or_below_cutoff,0.7229728533441859
PLTR_20241127_143000,PLTR,2024-11-27 14:30:00+00:00,1,17,184.14244407244152,4.0511213835668185,383.5907108591365,20.311224741438725,0.3333315957346248,2024-11-27 14:15:00+00:00,2024-11-27 14:30:00+00:00,2024-11-27 14:35:00+00:00,2024-11-27 15:30:00+00:00,0.0126609377355646,-0.0217329811909519,reversal,over_cap_or_below_cutoff,0.5255723067125693
PLTR_20241129_143000,PLTR,2024-11-29 14:30:00+00:00,1,3,168.83150466762365,4.574981225097027,334.5254736303123,12.59070003840588,0.0596896995550548,2024-11-29 14:15:00+00:00,2024-11-29 14:30:00+00:00,2024-11-29 14:35:00+00:00,2024-11-29 15:30:00+00:00,0.0134023758757235,-0.0011286444244064,unclear,low_strength_unclear,0.45530522468990525
PLTR_20241204_140000,PLTR,2024-12-04 14:00:00+00:00,-1,15,157.71902389351666,4.527978452303868,211.39449293620083,10.706891349600866,1.4805833277110056,2024-12-04 13:45:00+00:00,2024-12-04 14:00:00+00:00,2024-12-04 14:05:00+00:00,2024-12-04 15:00:00+00:00,-0.0078179533714923,-0.0327494019980298,continuation,over_cap_or_below_cutoff,0.5708371473551996
PLTR_20241210_143000,PLTR,2024-12-10 14:30:00+00:00,1,27,343.05555555555145,4.817364909338119,165.5336744055857,10.961317179831305,0.5677639187106126,2024-12-10 14:15:00+00:00,2024-12-10 14:30:00+00:00,2024-12-10 14:35:00+00:00,2024-12-10 15:30:00+00:00,0.0230016080488315,0.0136542106688328,continuation,over_cap_or_below_cutoff,0.6554921827064246
PLTR_20241216_141500,PLTR,2024-12-16 14:15:00+00:00,-1,17,488.1016765819424,4.6042895659208165,150.55002095557418,12.136978813481706,0.7142845791057232,2024-12-16 14:00:00+00:00,2024-12-16 14:15:00+00:00,2024-12-16 14:20:00+00:00,2024-12-16 15:15:00+00:00,-0.0043754972155926,-0.0468770808363299,continuation,over_cap_or_below_cutoff,0.652999781900012
PLTR_20241219_142000,PLTR,2024-12-19 14:20:00+00:00,1,28,327.94753921038256,4.2386415667670105,281.24885521605194,14.855318998333065,0.3284695175521397,2024-12-19 14:05:00+00:00,2024-12-19 14:20:00+00:00,2024-12-19 14:25:00+00:00,2024-12-19 15:20:00+00:00,0.0035235126710935,0.0030249831195139,continuation,over_cap_or_below_cutoff,0.6241349677528124
PLTR_20241231_143000,PLTR,2024-12-31 14:30:00+00:00,-1,12,279.57272847157765,6.327289587033149,194.23044737689088,11.229592355626057,0.3272317385326254,2024-12-31 14:15:00+00:00,2024-12-31 14:30:00+00:00,2024-12-31 14:35:00+00:00,2024-12-31 15:30:00+00:00,-0.0149043468657337,0.0036592694758001,reversal,over_cap_or_below_cutoff,0.6942633784836163
PLTR_20250106_143500,PLTR,2025-01-06 14:35:00+00:00,-1,34,247.923156801666,4.394426991113975,163.92969557725445,13.486864888673368,0.7175081046184006,2025-01-06 14:20:00+00:00,2025-01-06 14:35:00+00:00,2025-01-06 14:40:00+00:00,2025-01-06 15:35:00+00:00,-0.0241925269157694,0.0306334371754932,reversal,over_cap_or_below_cutoff,0.5567200713653495
PLTR_20250110_133000,PLTR,2025-01-10 13:30:00+00:00,-1,28,243.0820975386028,4.107130445290117,429.1829790609137,25.12396985274992,0.8197430726173933,2025-01-10 13:15:00+00:00,2025-01-10 13:30:00+00:00,2025-01-10 13:35:00+00:00,2025-01-10 14:30:00+00:00,-0.0237313432835821,0.0220149824185904,reversal,over_cap_or_below_cutoff,0.6419020697320106
PLTR_20250115_133000,PLTR,2025-01-15 13:30:00+00:00,1,7,332.0718045294235,5.093790174910724,112.21929005137784,29.17679656619596,0.5984697455120591,2025-01-15 13:15:00+00:00,2025-01-15 13:30:00+00:00,2025-01-15 13:35:00+00:00,2025-01-15 14:30:00+00:00,0.033207180452943,-0.0040806550079305,reversal,over_cap_or_below_cutoff,0.6478464704338047
PLTR_20250121_140500,PLTR,2025-01-21 14:05:00+00:00,-1,14,238.11206104713105,4.135280649383358,281.03328856136784,9.893801014300177,0.4815879824720025,2025-01-21 13:50:00+00:00,2025-01-21 14:05:00+00:00,2025-01-21 14:10:00+00:00,2025-01-21 15:05:00+00:00,-0.0038114447053944,-0.0164383561643836,continuation,over_cap_or_below_cutoff,0.5529624224804257
PLTR_20250122_145000,PLTR,2025-01-22 14:50:00+00:00,1,22,223.84034519957075,5.949506640542648,90.62290582651951,4.875593975591457,0.4705421309733251,2025-01-22 14:35:00+00:00,2025-01-22 14:50:00+00:00,2025-01-22 14:55:00+00:00,2025-01-22 15:50:00+00:00,0.0040525254644669,0.0113864701942396,continuation,over_cap_or_below_cutoff,0.5937081978429706
PLTR_20250123_143000,PLTR,2025-01-23 14:30:00+00:00,1,13,255.3444180522546,4.755013863850181,210.4693157161825,13.511530917957629,0.1417984492951853,2025-01-23 14:15:00+00:00,2025-01-23 14:30:00+00:00,2025-01-23 14:35:00+00:00,2025-01-23 15:30:00+00:00,0.0201581027667985,0.0085884024279994,continuation,over_cap_or_below_cutoff,0.5534263785870682
PLTR_20250124_143000,PLTR,2025-01-24 14:30:00+00:00,1,13,186.4728192161813,6.142361297166494,373.2929206485047,16.962368411703316,0.156897640851601,2025-01-24 14:15:00+00:00,2025-01-24 14:30:00+00:00,2025-01-24 14:35:00+00:00,2025-01-24 15:30:00+00:00,0.0106289412440632,0.0242048585023793,continuation,over_cap_or_below_cutoff,0.652824295514532
PLTR_20250129_143500,PLTR,2025-01-29 14:35:00+00:00,-1,8,196.60411081322104,5.951219069115003,300.79442399561435,13.484275006779686,0.1140046728018831,2025-01-29 14:20:00+00:00,2025-01-29 14:35:00+00:00,2025-01-29 14:40:00+00:00,2025-01-29 15:35:00+00:00,-0.0034452518165871,-0.0126343579106166,continuation,over_cap_or_below_cutoff,0.6170987422104371
PLTR_20250130_143000,PLTR,2025-01-30 14:30:00+00:00,1,26,158.05121798875055,4.413201217861179,304.2990736656374,8.975493765064524,0.8967545965524691,2025-01-30 14:15:00+00:00,2025-01-30 14:30:00+00:00,2025-01-30 14:35:00+00:00,2025-01-30 15:30:00+00:00,0.0043921372229873,0.002971797837967,unclear,low_strength_unclear,0.5493818426498098
PLTR_20250211_131500,PLTR,2025-02-11 13:15:00+00:00,-1,37,162.65161949615248,4.295937126821181,273.29730357973034,11.917123883828742,1.494251905509095,2025-02-11 13:00:00+00:00,2025-02-11 13:15:00+00:00,2025-02-11 13:20:00+00:00,2025-02-11 14:15:00+00:00,-0.005543710021322,-0.0049742710120068,continuation,over_cap_or_below_cutoff,0.5823492674125954
PLTR_20250213_142500,PLTR,2025-02-13 14:25:00+00:00,1,14,205.85260427922407,4.814434537885303,121.34339347306978,8.581306694863423,0.3328323672294981,2025-02-13 14:10:00+00:00,2025-02-13 14:25:00+00:00,2025-02-13 14:30:00+00:00,2025-02-13 15:25:00+00:00,0.0037657258199075,-0.0009376864717415,unclear,low_strength_unclear,0.49841869175280806
PLTR_20250218_141000,PLTR,2025-02-18 14:10:00+00:00,1,24,250.928600907967,5.910308435287528,391.2459681725943,19.91524170175444,0.4066820834015502,2025-02-18 13:55:00+00:00,2025-02-18 14:10:00+00:00,2025-02-18 14:15:00+00:00,2025-02-18 15:10:00+00:00,0.0041342814618818,0.0024703557312253,unclear,over_cap_or_below_cutoff,0.7220203946395731
PLTR_20250220_142500,PLTR,2025-02-20 14:25:00+00:00,-1,35,687.325440005313,4.58119383746662,162.66292125486544,11.04031330808745,0.6323566814425028,2025-02-20 14:10:00+00:00,2025-02-20 14:25:00+00:00,2025-02-20 14:30:00+00:00,2025-02-20 15:25:00+00:00,-0.0550913598383986,-0.0215722475949858,continuation,over_cap_or_below_cutoff,0.6485219225146999
PLTR_20250224_134000,PLTR,2025-02-24 13:40:00+00:00,-1,35,528.5207863358065,5.033643695001815,225.79160652232025,8.623154438982814,0.9210490591451048,2025-02-24 13:25:00+00:00,2025-02-24 13:40:00+00:00,2025-02-24 13:45:00+00:00,2025-02-24 14:40:00+00:00,-0.0043338157814993,-0.027796692004853,continuation,over_cap_or_below_cutoff,0.7299570429520792
PLTR_20250226_134000,PLTR,2025-02-26 13:40:00+00:00,-1,28,274.16619559072154,4.8099651163485735,152.39574352717906,6.66471991066966,1.0824363708133122,2025-02-26 13:25:00+00:00,2025-02-26 13:40:00+00:00,2025-02-26 13:45:00+00:00,2025-02-26 14:40:00+00:00,-0.0035551372896367,0.0060678519404124,reversal,over_cap_or_below_cutoff,0.6370984156436617
PLTR_20250227_143000,PLTR,2025-02-27 14:30:00+00:00,1,26,502.1464075915083,5.625848485328723,151.61461379872466,8.853517407827837,0.7994887491315796,2025-02-27 14:15:00+00:00,2025-02-27 14:30:00+00:00,2025-02-27 14:35:00+00:00,2025-02-27 15:30:00+00:00,0.0080289193302891,-0.0391885114621139,reversal,over_cap_or_below_cutoff,0.7320439060916268
PLTR_20250303_142000,PLTR,2025-03-03 14:20:00+00:00,-1,29,278.1249321095758,4.385914439336774,250.82916001401924,12.145754516751817,1.3896180887487302,2025-03-03 14:05:00+00:00,2025-03-03 14:20:00+00:00,2025-03-03 14:25:00+00:00,2025-03-03 15:20:00+00:00,-0.0036158192090394,0.0002256747561804,unclear,over_cap_or_below_cutoff,0.6761220128260439
PLTR_20250306_142500,PLTR,2025-03-06 14:25:00+00:00,1,30,364.756039791565,4.498956685218497,141.6604451947727,5.242455119864502,1.374960763333363,2025-03-06 14:10:00+00:00,2025-03-06 14:25:00+00:00,2025-03-06 14:30:00+00:00,2025-03-06 15:25:00+00:00,0.004329679938767,-0.001142595978062,unclear,over_cap_or_below_cutoff,0.7023557269110079
PLTR_20250312_121500,PLTR,2025-03-12 12:15:00+00:00,1,39,261.4776527819984,4.056970309216509,231.5708621001993,17.896581003110384,0.635216695874466,2025-03-12 12:00:00+00:00,2025-03-12 12:15:00+00:00,2025-03-12 12:20:00+00:00,2025-03-12 13:15:00+00:00,0.0060159607120933,0.0110043934586283,continuation,over_cap_or_below_cutoff,0.5630733894531632
PLTR_20250317_132500,PLTR,2025-03-17 13:25:00+00:00,-1,30,275.5803443177718,4.246626514388746,163.88790831904305,7.68009994139653,1.2076812357379754,2025-03-17 13:10:00+00:00,2025-03-17 13:25:00+00:00,2025-03-17 13:30:00+00:00,2025-03-17 14:25:00+00:00,-0.0064001796541658,-0.0323177760198891,continuation,over_cap_or_below_cutoff,0.6149360722528685
PLTR_20250324_133000,PLTR,2025-03-24 13:30:00+00:00,-1,19,290.39772422306373,4.335307737804338,142.82287929637772,6.355153127010177,0.3126540915598987,2025-03-24 13:15:00+00:00,2025-03-24 13:30:00+00:00,2025-03-24 13:35:00+00:00,2025-03-24 14:30:00+00:00,-0.0115446285408872,0.0333080999242998,reversal,over_cap_or_below_cutoff,0.5446755629228615
PLTR_20250325_081500,PLTR,2025-03-25 08:15:00+00:00,-1,3,138.59722805543484,4.458394551251222,1.4353214452643654,4.345318703146125,13.544012137100657,2025-03-25 08:00:00+00:00,2025-03-25 08:15:00+00:00,2025-03-25 08:20:00+00:00,2025-03-25 09:15:00+00:00,-0.0136702568351284,0.0030449391012179,reversal,over_cap_or_below_cutoff,0.42153026429691004
PLTR_20250328_123500,PLTR,2025-03-28 12:35:00+00:00,-1,31,304.4263249854429,4.892936391552771,255.9389264159239,9.046882674232048,0.8693562073749178,2025-03-28 12:20:00+00:00,2025-03-28 12:35:00+00:00,2025-03-28 12:40:00+00:00,2025-03-28 13:35:00+00:00,-0.0077871982251653,-0.0091573033707864,continuation,over_cap_or_below_cutoff,0.6887619675929972
PLTR_20250402_201000,PLTR,2025-04-02 20:10:00+00:00,1,25,701.3574660633482,5.5671149098664765,0.7547686466562427,9.112932477347814,23.95714253151773,2025-04-02 19:55:00+00:00,2025-04-02 20:10:00+00:00,2025-04-02 20:15:00+00:00,2025-04-02 21:10:00+00:00,0.0151006634637382,-0.0816079765517505,reversal,over_cap_or_below_cutoff,0.7318770532755865
PLTR_20250423_133000,PLTR,2025-04-23 13:30:00+00:00,1,5,213.41155052088112,5.83818781470584,141.9731228420967,8.444525574288763,0.1195557178798198,2025-04-23 13:15:00+00:00,2025-04-23 13:30:00+00:00,2025-04-23 13:35:00+00:00,2025-04-23 14:30:00+00:00,0.0030329180102846,0.0292815455826123,continuation,over_cap_or_below_cutoff,0.5644263785205614
PLTR_20250424_133000,PLTR,2025-04-24 13:30:00+00:00,1,18,265.878877400294,5.042188058965579,141.8577299047382,9.395625254741663,0.3182251230093351,2025-04-24 13:15:00+00:00,2025-04-24 13:30:00+00:00,2025-04-24 13:35:00+00:00,2025-04-24 14:30:00+00:00,0.0170460143856538,0.0192792094555318,continuation,over_cap_or_below_cutoff,0.5726379492534857
PLTR_20250501_133000,PLTR,2025-05-01 13:30:00+00:00,-1,22,140.7586457065557,4.893701457063916,175.26285585456336,6.5001427817056685,0.5622464059928837,2025-05-01 13:15:00+00:00,2025-05-01 13:30:00+00:00,2025-05-01 13:35:00+00:00,2025-05-01 14:30:00+00:00,-0.0125188561956071,0.0025037854751903,unclear,low_strength_unclear,0.48870168512625345
PLTR_20250501_195500,PLTR,2025-05-01 19:55:00+00:00,-1,9,225.4313708488631,4.026915753633438,4.058173932560117,2.9454642697670077,18.38096015246989,2025-05-01 19:40:00+00:00,2025-05-01 19:55:00+00:00,2025-05-01 20:00:00+00:00,2025-05-01 20:55:00+00:00,-0.0130444019545358,-0.0030136042707077,continuation,over_cap_or_below_cutoff,0.5168102996591053
PLTR_20250505_133000,PLTR,2025-05-05 13:30:00+00:00,-1,21,189.59290873276524,4.926237550029618,156.82438849105517,10.71813698049665,0.6721852599624387,2025-05-05 13:15:00+00:00,2025-05-05 13:30:00+00:00,2025-05-05 13:35:00+00:00,2025-05-05 14:30:00+00:00,-0.0143363402061855,-0.0012935120117666,unclear,low_strength_unclear,0.5363007169373413
PLTR_20250505_200000,PLTR,2025-05-05 20:00:00+00:00,-1,18,649.2491971183067,5.164207279624182,5.142483853819951,29.66520479912109,12.141813090689244,2025-05-05 19:45:00+00:00,2025-05-05 20:00:00+00:00,2025-05-05 20:05:00+00:00,2025-05-05 21:00:00+00:00,-0.0070688963727816,-0.0636455798864558,continuation,over_cap_or_below_cutoff,0.7116632325871142
PLTR_20250506_133000,PLTR,2025-05-06 13:30:00+00:00,-1,32,366.8965517241341,5.763929382880667,112.16271918313583,9.12041562814976,0.8606615688980089,2025-05-06 13:15:00+00:00,2025-05-06 13:30:00+00:00,2025-05-06 13:35:00+00:00,2025-05-06 14:30:00+00:00,-0.0186102024577844,-0.0366641142290886,continuation,over_cap_or_below_cutoff,0.7323072406229325
PLTR_20250507_133000,PLTR,2025-05-07 13:30:00+00:00,1,13,313.1679211969085,6.434732450988055,167.91687286622607,15.772638138081032,0.1698239017728092,2025-05-07 13:15:00+00:00,2025-05-07 13:30:00+00:00,2025-05-07 13:35:00+00:00,2025-05-07 14:30:00+00:00,0.0203739695730849,0.0076628352490419,continuation,over_cap_or_below_cutoff,0.7066024833913283
PLTR_20250508_133000,PLTR,2025-05-08 13:30:00+00:00,1,6,307.240181672459,6.245110103440463,252.7730226195711,11.518271876101409,0.0885079034369891,2025-05-08 13:15:00+00:00,2025-05-08 13:30:00+00:00,2025-05-08 13:35:00+00:00,2025-05-08 14:30:00+00:00,0.0091710444305939,0.0364381506970177,continuation,over_cap_or_below_cutoff,0.7129187749789776
PLTR_20250509_133000,PLTR,2025-05-09 13:30:00+00:00,-1,7,234.81018082097904,6.259746534170163,166.68642568250758,8.002997487877776,0.0887257415776755,2025-05-09 13:15:00+00:00,2025-05-09 13:30:00+00:00,2025-05-09 13:35:00+00:00,2025-05-09 14:30:00+00:00,-0.0126359902774285,-0.0037554413152873,continuation,over_cap_or_below_cutoff,0.6187421954675747
PLTR_20250516_143000,PLTR,2025-05-16 14:30:00+00:00,-1,8,113.47517730497135,4.270415311397667,79.7826469456205,5.195958336018806,0.2873455836881343,2025-05-16 14:15:00+00:00,2025-05-16 14:30:00+00:00,2025-05-16 14:35:00+00:00,2025-05-16 15:30:00+00:00,-0.0036947728686993,0.0046469141585665,reversal,over_cap_or_below_cutoff,0.3608258894795789
PLTR_20250516_222500,PLTR,2025-05-16 22:25:00+00:00,-1,8,114.5833333333357,4.105291666786228,0.6369277566539924,4.748564235716117,13.806252920780128,2025-05-16 22:10:00+00:00,2025-05-16 22:25:00+00:00,2025-05-16 22:30:00+00:00,2025-05-16 23:25:00+00:00,-0.0044783155248272,-0.0079804277484017,continuation,over_cap_or_below_cutoff,0.42621879057504375
PLTR_20250520_110000,PLTR,2025-05-20 11:00:00+00:00,1,5,73.78335949765003,4.237284365766324,9.865038469683066,5.433570318231775,1.3168459647033526,2025-05-20 10:45:00+00:00,2025-05-20 11:00:00+00:00,2025-05-20 11:05:00+00:00,2025-05-20 12:00:00+00:00,0.0045734111338906,0.001883830455259,unclear,low_strength_unclear,0.3912984969360753
PLTR_20250520_133000,PLTR,2025-05-20 13:30:00+00:00,-1,11,112.55882893211444,4.593114828273592,207.87276930189552,10.171441280086778,0.136828743183684,2025-05-20 13:15:00+00:00,2025-05-20 13:30:00+00:00,2025-05-20 13:35:00+00:00,2025-05-20 14:30:00+00:00,-0.0067363885624756,-0.0065470411333377,continuation,over_cap_or_below_cutoff,0.41705916328730414
PLTR_20250523_114000,PLTR,2025-05-23 11:40:00+00:00,-1,28,194.67554076539216,5.097253371019113,196.8266411116435,21.93435783954151,1.5077752114416714,2025-05-23 11:25:00+00:00,2025-05-23 11:40:00+00:00,2025-05-23 11:45:00+00:00,2025-05-23 12:40:00+00:00,-0.0090002432498175,-0.0137457044673539,continuation,over_cap_or_below_cutoff,0.6368712483571373
PLTR_20250527_152000,PLTR,2025-05-27 15:20:00+00:00,-1,13,235.54909833378045,4.5037758081962025,30.598070150608176,5.569789158216846,1.0149543614967158,2025-05-27 15:05:00+00:00,2025-05-27 15:20:00+00:00,2025-05-27 15:25:00+00:00,2025-05-27 16:20:00+00:00,-0.0033370402732544,-0.0130357958362922,continuation,over_cap_or_below_cutoff,0.5303307967155175
PLTR_20250528_132500,PLTR,2025-05-28 13:25:00+00:00,1,8,139.04198411412327,4.14878916080927,346.51679174484053,11.0923519843976,0.6965736712485802,2025-05-28 13:10:00+00:00,2025-05-28 13:25:00+00:00,2025-05-28 13:30:00+00:00,2025-05-28 14:25:00+00:00,0.0032294526077829,0.0069209721551586,continuation,over_cap_or_below_cutoff,0.5122968967295036
PLTR_20250529_133000,PLTR,2025-05-29 13:30:00+00:00,-1,15,270.85530105092295,6.780413207540762,221.11376340021064,12.002107423420377,0.1063736587679625,2025-05-29 13:15:00+00:00,2025-05-29 13:30:00+00:00,2025-05-29 13:35:00+00:00,2025-05-29 14:30:00+00:00,-0.0131253978357734,-0.0081060772197782,continuation,over_cap_or_below_cutoff,0.6937774677396912
PLTR_20250530_091000,PLTR,2025-05-30 09:10:00+00:00,1,4,130.8686406019932,5.207450679845308,5.003874483756972,11.69772618856861,3.6917633101415976,2025-05-30 08:55:00+00:00,2025-05-30 09:10:00+00:00,2025-05-30 09:15:00+00:00,2025-05-30 10:10:00+00:00,0.003764012764913,0.003749898100595,continuation,over_cap_or_below_cutoff,0.5194284168500376
PLTR_20250530_131500,PLTR,2025-05-30 13:15:00+00:00,1,33,287.052117263844,4.908588204418559,394.6302248910868,12.136611005604186,0.7177091162668275,2025-05-30 13:00:00+00:00,2025-05-30 13:15:00+00:00,2025-05-30 13:20:00+00:00,2025-05-30 14:15:00+00:00,0.0030790718344284,0.0355809802012334,continuation,over_cap_or_below_cutoff,0.7133214002287669
PLTR_20250602_133000,PLTR,2025-06-02 13:30:00+00:00,1,29,200.00000000000017,5.339634686623359,324.4433835777841,13.628521843866512,1.0142305972331769,2025-06-02 13:15:00+00:00,2025-06-02 13:30:00+00:00,2025-06-02 13:35:00+00:00,2025-06-02 14:30:00+00:00,0.0130295641572688,-0.0184279804437758,reversal,over_cap_or_below_cutoff,0.6682920873513614
PLTR_20250605_132500,PLTR,2025-06-05 13:25:00+00:00,1,9,219.6272523393428,5.406098587394041,355.01815635939323,15.722498845262953,1.0412031603957468,2025-06-05 13:10:00+00:00,2025-06-05 13:25:00+00:00,2025-06-05 13:30:00+00:00,2025-06-05 14:25:00+00:00,0.0031807602792861,0.0162415899775731,continuation,over_cap_or_below_cutoff,0.7038890492106704
PLTR_20250605_144000,PLTR,2025-06-05 14:40:00+00:00,1,24,366.2362828688215,5.242365498856238,138.07422383661162,9.645221366272418,1.1110302736615811,2025-06-05 14:25:00+00:00,2025-06-05 14:40:00+00:00,2025-06-05 14:45:00+00:00,2025-06-05 15:40:00+00:00,0.005020919228492,-0.0078723404255317,reversal,over_cap_or_below_cutoff,0.7286236551220455
PLTR_20250609_133000,PLTR,2025-06-09 13:30:00+00:00,-1,5,162.36486216939073,4.340240309504738,195.3893946290396,13.088339110002488,0.0910529814477454,2025-06-09 13:15:00+00:00,2025-06-09 13:30:00+00:00,2025-06-09 13:35:00+00:00,2025-06-09 14:30:00+00:00,-0.0152976678744255,0.0188091529890979,reversal,over_cap_or_below_cutoff,0.4337907047237761
PLTR_20250610_133000,PLTR,2025-06-10 13:30:00+00:00,1,4,174.0059528352278,5.780201481271397,343.38290241421765,14.70551231212704,0.0561314645920482,2025-06-10 13:15:00+00:00,2025-06-10 13:30:00+00:00,2025-06-10 13:35:00+00:00,2025-06-10 14:30:00+00:00,0.005364480292193,-0.0044654683065279,reversal,over_cap_or_below_cutoff,0.5964544600567382
PLTR_20250611_123000,PLTR,2025-06-11 12:30:00+00:00,1,3,101.84835910976852,4.851471851869394,38.97437567861021,15.362718980227882,0.528388603871158,2025-06-11 12:15:00+00:00,2025-06-11 12:30:00+00:00,2025-06-11 12:35:00+00:00,2025-06-11 13:30:00+00:00,0.0084171733256128,0.0105420560747664,continuation,over_cap_or_below_cutoff,0.3475904671525099
PLTR_20250611_141000,PLTR,2025-06-11 14:10:00+00:00,1,15,180.8112324492983,4.932433739127472,384.9949723479135,9.6684439242039,0.1199156418090884,2025-06-11 13:55:00+00:00,2025-06-11 14:10:00+00:00,2025-06-11 14:15:00+00:00,2025-06-11 15:10:00+00:00,0.005340005227977,0.01864646014412,continuation,over_cap_or_below_cutoff,0.564996551560009
PLTR_20250613_132500,PLTR,2025-06-13 13:25:00+00:00,1,25,229.16823202344227,5.174046534488173,209.8690304889637,12.248985584566483,0.7576846223681571,2025-06-13 13:10:00+00:00,2025-06-13 13:25:00+00:00,2025-06-13 13:30:00+00:00,2025-06-13 14:25:00+00:00,0.0048062481225594,0.0150971599402092,continuation,over_cap_or_below_cutoff,0.6155561499257605
PLTR_20250616_133000,PLTR,2025-06-16 13:30:00+00:00,1,13,315.2077680993792,5.594600407343276,339.4094639330125,23.359169126606428,0.1782098322583551,2025-06-16 13:15:00+00:00,2025-06-16 13:30:00+00:00,2025-06-16 13:35:00+00:00,2025-06-16 14:30:00+00:00,0.0200228017671368,0.0002794271742927,unclear,over_cap_or_below_cutoff,0.7154921444787816
PLTR_20250617_132500,PLTR,2025-06-17 13:25:00+00:00,-1,14,178.45578182341671,5.661050897635663,149.07373564622526,7.861617165333389,0.7341431584120022,2025-06-17 13:10:00+00:00,2025-06-17 13:25:00+00:00,2025-06-17 13:30:00+00:00,2025-06-17 14:25:00+00:00,-0.003171247357294,-0.0028278543655,unclear,low_strength_unclear,0.5803584428098323
PLTR_20250624_133000,PLTR,2025-06-24 13:30:00+00:00,-1,12,199.09110582125857,5.279969727892903,259.77290176891233,20.652708545185213,0.1278125671238121,2025-06-24 13:15:00+00:00,2025-06-24 13:30:00+00:00,2025-06-24 13:35:00+00:00,2025-06-24 14:30:00+00:00,-0.0195204752811372,0.0240207747240857,reversal,over_cap_or_below_cutoff,0.5584495050729266
PLTR_20250625_133000,PLTR,2025-06-25 13:30:00+00:00,1,10,175.11074197121167,7.4628792988506305,594.2469386031585,21.40114453686363,0.1057424738007725,2025-06-25 13:15:00+00:00,2025-06-25 13:30:00+00:00,2025-06-25 13:35:00+00:00,2025-06-25 14:30:00+00:00,0.0064424607293613,-0.0066074903225363,reversal,over_cap_or_below_cutoff,0.7291967944543833
PLTR_20250626_132500,PLTR,2025-06-26 13:25:00+00:00,1,13,202.89855072463948,5.793827662769232,315.75771167048055,11.921774754960486,0.4925335942973124,2025-06-26 13:10:00+00:00,2025-06-26 13:25:00+00:00,2025-06-26 13:30:00+00:00,2025-06-26 14:25:00+00:00,0.004436434215999,-0.0057508626639062,reversal,over_cap_or_below_cutoff,0.6516580370468832
PLTR_20250701_120500,PLTR,2025-07-01 12:05:00+00:00,-1,4,72.53022463388659,4.156282736095808,9.047189853859525,7.377012437946015,1.597608840818531,2025-07-01 11:50:00+00:00,2025-07-01 12:05:00+00:00,2025-07-01 12:10:00+00:00,2025-07-01 13:05:00+00:00,-0.005735294117647,0.0031792634225706,reversal,over_cap_or_below_cutoff,0.39493106478394824
PLTR_20250701_132000,PLTR,2025-07-01 13:20:00+00:00,-1,25,153.01530153016162,5.814132715667901,256.83554292929296,14.507902193306943,0.4474437696027107,2025-07-01 13:05:00+00:00,2025-07-01 13:20:00+00:00,2025-07-01 13:25:00+00:00,2025-07-01 14:20:00+00:00,-0.0031691877399099,-0.0295074693092738,continuation,over_cap_or_below_cutoff,0.5835357778878847
PLTR_20250702_122000,PLTR,2025-07-02 12:20:00+00:00,-1,18,171.2092130518239,5.139696111563,377.60969957081545,14.650396458506188,0.9700848579575516,2025-07-02 12:05:00+00:00,2025-07-02 12:20:00+00:00,2025-07-02 12:25:00+00:00,2025-07-02 13:20:00+00:00,-0.004583651642475,-0.0003837298541827,unclear,low_strength_unclear,0.6455116722040796
PLTR_20250703_133000,PLTR,2025-07-03 13:30:00+00:00,-1,7,149.93255395683525,5.442226528701214,401.7668843641952,21.346573959688044,0.1198234944736925,2025-07-03 13:15:00+00:00,2025-07-03 13:30:00+00:00,2025-07-03 13:35:00+00:00,2025-07-03 14:30:00+00:00,-0.0054319517821265,0.0045608259763578,reversal,over_cap_or_below_cutoff,0.579944432281934
PLTR_20250707_132500,PLTR,2025-07-07 13:25:00+00:00,1,10,169.86476814706108,4.37547652670824,237.5690002341372,14.815561399959751,0.596651234095495,2025-07-07 13:10:00+00:00,2025-07-07 13:25:00+00:00,2025-07-07 13:30:00+00:00,2025-07-07 14:25:00+00:00,0.0052998697096664,0.0059192024402947,continuation,over_cap_or_below_cutoff,0.5045708623521183
PLTR_20250708_133000,PLTR,2025-07-08 13:30:00+00:00,-1,3,137.68485466598923,6.301899427107548,353.00349984091633,16.289404781702775,0.0556786680642506,2025-07-08 13:15:00+00:00,2025-07-08 13:30:00+00:00,2025-07-08 13:35:00+00:00,2025-07-08 14:30:00+00:00,-0.0095012748245362,-0.0044681778552745,continuation,over_cap_or_below_cutoff,0.5547841190828938
PLTR_20250709_133000,PLTR,2025-07-09 13:30:00+00:00,-1,23,139.24613001862429,5.340466431536507,645.7697025807198,29.15988059830481,0.3302259787421014,2025-07-09 13:15:00+00:00,2025-07-09 13:30:00+00:00,2025-07-09 13:35:00+00:00,2025-07-09 14:30:00+00:00,-0.0137333809864188,0.0035606945129935,reversal,over_cap_or_below_cutoff,0.633035602003468
PLTR_20250710_132500,PLTR,2025-07-10 13:25:00+00:00,1,21,134.43313443313176,4.923524655993345,349.45630761127205,17.620527562053812,0.9905074334326772,2025-07-10 13:10:00+00:00,2025-07-10 13:25:00+00:00,2025-07-10 13:30:00+00:00,2025-07-10 14:25:00+00:00,0.0034284914637559,-0.0147827906003765,reversal,over_cap_or_below_cutoff,0.58988624084126
PLTR_20250711_132500,PLTR,2025-07-11 13:25:00+00:00,1,6,190.0709219858165,5.074537492738969,401.7647299788353,17.8827151650349,0.5547110719315396,2025-07-11 13:10:00+00:00,2025-07-11 13:25:00+00:00,2025-07-11 13:30:00+00:00,2025-07-11 14:25:00+00:00,0.0075124025513819,0.0098171074845245,continuation,over_cap_or_below_cutoff,0.6287042453667561
PLTR_20250716_093000,PLTR,2025-07-16 09:30:00+00:00,1,3,87.79038357644042,4.288997762096049,19.105081066413405,13.563206621503236,2.845233109320939,2025-07-16 09:15:00+00:00,2025-07-16 09:30:00+00:00,2025-07-16 09:35:00+00:00,2025-07-16 10:30:00+00:00,0.0081723625557206,0.0031486567964091,continuation,over_cap_or_below_cutoff,0.37115554422359204
PLTR_20250716_133000,PLTR,2025-07-16 13:30:00+00:00,1,10,118.80653435938582,4.255217989635384,402.8834758704948,16.232282802110618,0.0878533280216488,2025-07-16 13:15:00+00:00,2025-07-16 13:30:00+00:00,2025-07-16 13:35:00+00:00,2025-07-16 14:30:00+00:00,0.0042855432156827,-0.0019977364759768,unclear,low_strength_unclear,0.4681101980054412
PLTR_20250717_133000,PLTR,2025-07-17 13:30:00+00:00,-1,14,69.24297520660704,4.693495224017975,479.2870007830854,15.178526158647015,0.1815137160307875,2025-07-17 13:15:00+00:00,2025-07-17 13:30:00+00:00,2025-07-17 13:35:00+00:00,2025-07-17 14:30:00+00:00,-0.0050431006119628,0.0055712959215257,reversal,over_cap_or_below_cutoff,0.4929115065041158
PLTR_20250718_140000,PLTR,2025-07-18 14:00:00+00:00,-1,2,81.68866814795007,4.734208066609375,335.0705495537811,13.66603582568206,0.0340866173613234,2025-07-18 13:45:00+00:00,2025-07-18 14:00:00+00:00,2025-07-18 14:05:00+00:00,2025-07-18 15:00:00+00:00,-0.0081026771245219,-0.0024173310678342,unclear,low_strength_unclear,0.3387414868296484
PLTR_20250722_133000,PLTR,2025-07-22 13:30:00+00:00,-1,14,312.2491831149809,7.353470400890957,220.6479946412124,13.289765367570403,0.1552880078355463,2025-07-22 13:15:00+00:00,2025-07-22 13:30:00+00:00,2025-07-22 13:35:00+00:00,2025-07-22 14:30:00+00:00,-0.0052173335105675,-0.0094544847168867,continuation,over_cap_or_below_cutoff,0.7339063061162403
PLTR_20250724_133500,PLTR,2025-07-24 13:35:00+00:00,-1,4,74.91739457585078,4.605364368917901,197.03695504087196,12.342758683202822,0.0302724295483591,2025-07-24 13:20:00+00:00,2025-07-24 13:35:00+00:00,2025-07-24 13:40:00+00:00,2025-07-24 14:35:00+00:00,-0.0048117562910461,0.0084946096047042,reversal,over_cap_or_below_cutoff,0.3715330194895683
PLTR_20250725_132500,PLTR,2025-07-25 13:25:00+00:00,1,7,195.8132045088545,5.669326318551367,1399.850966504353,45.703631517565405,0.2531096434343318,2025-07-25 13:10:00+00:00,2025-07-25 13:25:00+00:00,2025-07-25 13:30:00+00:00,2025-07-25 14:25:00+00:00,0.0035447280226863,0.024360670477169,continuation,over_cap_or_below_cutoff,0.6978607297173055
PLTR_20250728_170000,PLTR,2025-07-28 17:00:00+00:00,-1,3,242.26904376012823,4.367126087433595,14.645720800969144,16.748647536986475,1.5122241499785951,2025-07-28 16:45:00+00:00,2025-07-28 17:00:00+00:00,2025-07-28 17:05:00+00:00,2025-07-28 18:00:00+00:00,-0.0236538449366087,0.0140032414910857,reversal,over_cap_or_below_cutoff,0.5095193897736942
PLTR_20250729_132500,PLTR,2025-07-29 13:25:00+00:00,1,8,87.81229220100161,4.807664655512578,511.05935473278055,14.689386478084,0.6545737820241609,2025-07-29 13:10:00+00:00,2025-07-29 13:25:00+00:00,2025-07-29 13:30:00+00:00,2025-07-29 14:25:00+00:00,0.0030207872622731,-0.008177105741738,reversal,over_cap_or_below_cutoff,0.5718793335743149
PLTR_20250730_131500,PLTR,2025-07-30 13:15:00+00:00,1,6,69.2899370669342,4.942662499341581,613.8930262316059,20.01588752071328,0.233810159754466,2025-07-30 13:00:00+00:00,2025-07-30 13:15:00+00:00,2025-07-30 13:20:00+00:00,2025-07-30 14:15:00+00:00,0.0031916251755392,0.0099198269279714,continuation,over_cap_or_below_cutoff,0.5360614233468883
PLTR_20250730_185500,PLTR,2025-07-30 18:55:00+00:00,-1,3,101.11289699866964,4.2249473631789645,4.085138629482457,4.518120910996101,3.3672460715504777,2025-07-30 18:40:00+00:00,2025-07-30 18:55:00+00:00,2025-07-30 19:00:00+00:00,2025-07-30 19:55:00+00:00,-0.0100100749323089,0.0094116345026691,reversal,over_cap_or_below_cutoff,0.37285373439441793
PLTR_20250731_133000,PLTR,2025-07-31 13:30:00+00:00,-1,9,90.09981794211753,5.253791894375638,364.0315109271764,17.239406955791104,0.1176901551241277,2025-07-31 13:15:00+00:00,2025-07-31 13:30:00+00:00,2025-07-31 13:35:00+00:00,2025-07-31 14:30:00+00:00,-0.0032479700187382,-0.0011279608973555,unclear,low_strength_unclear,0.5006068606964758
PLTR_20250801_133000,PLTR,2025-08-01 13:30:00+00:00,-1,17,225.5490338323529,4.34885796838382,189.7479246129684,11.483237402853153,0.1243315810015861,2025-08-01 13:15:00+00:00,2025-08-01 13:30:00+00:00,2025-08-01 13:35:00+00:00,2025-08-01 14:30:00+00:00,-0.0175201288244766,0.0217006490526454,reversal,over_cap_or_below_cutoff,0.4900230847759496
PLTR_20250804_132500,PLTR,2025-08-04 13:25:00+00:00,1,5,126.9403788886736,4.221084034407645,315.8357850808555,15.881637086632509,0.6140746543458697,2025-08-04 13:10:00+00:00,2025-08-04 13:25:00+00:00,2025-08-04 13:30:00+00:00,2025-08-04 14:25:00+00:00,0.0061524800202967,0.0059257391413982,continuation,over_cap_or_below_cutoff,0.48776598753493083
PLTR_20250804_200000,PLTR,2025-08-04 20:00:00+00:00,1,18,510.0040451815668,5.378756898430496,6.422901995553405,27.15752523434178,18.45417360785107,2025-08-04 19:45:00+00:00,2025-08-04 20:00:00+00:00,2025-08-04 20:05:00+00:00,2025-08-04 21:00:00+00:00,0.0064910858995137,0.0383293086330904,continuation,over_cap_or_below_cutoff,0.725608600165395
PLTR_20250805_131500,PLTR,2025-08-05 13:15:00+00:00,1,27,182.749388895358,4.784368011723105,229.90093578852043,15.145348187889104,0.9271643862153272,2025-08-05 13:00:00+00:00,2025-08-05 13:15:00+00:00,2025-08-05 13:20:00+00:00,2025-08-05 14:15:00+00:00,0.0033199370959287,0.0107982120051086,continuation,over_cap_or_below_cutoff,0.5712464720802266
PLTR_20250808_132500,PLTR,2025-08-08 13:25:00+00:00,1,5,178.89060419217006,8.035933177709932,327.474859437751,19.53285040841678,0.7653468165204471,2025-08-08 13:10:00+00:00,2025-08-08 13:25:00+00:00,2025-08-08 13:30:00+00:00,2025-08-08 14:25:00+00:00,0.0043501903208265,0.0131564699512722,continuation,over_cap_or_below_cutoff,0.7140791177928567
PLTR_20250812_122500,PLTR,2025-08-12 12:25:00+00:00,1,4,110.44773665708662,6.221128915499662,40.18163360924567,14.435869354202351,0.5943635798677693,2025-08-12 12:10:00+00:00,2025-08-12 12:25:00+00:00,2025-08-12 12:30:00+00:00,2025-08-12 13:25:00+00:00,0.0041359664740201,0.0086197490452808,continuation,over_cap_or_below_cutoff,0.5065515354119334
PLTR_20250812_135000,PLTR,2025-08-12 13:50:00+00:00,-1,11,137.99901429274897,4.4885999896219655,163.0399427685704,11.975304511648924,0.1593624627631673,2025-08-12 13:35:00+00:00,2025-08-12 13:50:00+00:00,2025-08-12 13:55:00+00:00,2025-08-12 14:50:00+00:00,-0.0075014674907634,-0.0004076973255056,unclear,low_strength_unclear,0.41698522124453213
PLTR_20250813_135500,PLTR,2025-08-13 13:55:00+00:00,-1,6,78.25018694583852,5.211579745074174,102.29754566425898,11.562211065953328,0.285490722660863,2025-08-13 13:40:00+00:00,2025-08-13 13:55:00+00:00,2025-08-13 14:00:00+00:00,2025-08-13 14:55:00+00:00,-0.0071417235359466,-0.0097543691389599,continuation,over_cap_or_below_cutoff,0.40395377366189833
PLTR_20250814_123000,PLTR,2025-08-14 12:30:00+00:00,-1,3,130.11152416356754,4.992743888211414,57.15405826639492,26.08514288914077,0.7978550858645058,2025-08-14 12:15:00+00:00,2025-08-14 12:30:00+00:00,2025-08-14 12:35:00+00:00,2025-08-14 13:30:00+00:00,-0.0128440366972478,0.006890443909906,reversal,over_cap_or_below_cutoff,0.41321618240824604
PLTR_20250815_133000,PLTR,2025-08-15 13:30:00+00:00,-1,13,232.7831531018876,6.004664005717094,856.379140880961,30.74390654959973,0.0625030981864089,2025-08-15 13:15:00+00:00,2025-08-15 13:30:00+00:00,2025-08-15 13:35:00+00:00,2025-08-15 14:30:00+00:00,-0.0181530006106701,0.0045227838274433,reversal,over_cap_or_below_cutoff,0.7358478327295679
PLTR_20250818_132500,PLTR,2025-08-18 13:25:00+00:00,1,21,200.27959341262448,4.395547382902102,248.58863022059464,15.324533137024863,0.79296662211723,2025-08-18 13:10:00+00:00,2025-08-18 13:25:00+00:00,2025-08-18 13:30:00+00:00,2025-08-18 14:25:00+00:00,0.0046999113213463,-0.008215895475552,reversal,over_cap_or_below_cutoff,0.554303050373252
PLTR_20250819_124000,PLTR,2025-08-19 12:40:00+00:00,-1,4,66.47518014646137,4.70573399880241,21.566634707574305,5.686140358094003,0.5903583498504466,2025-08-19 12:25:00+00:00,2025-08-19 12:40:00+00:00,2025-08-19 12:45:00+00:00,2025-08-19 13:40:00+00:00,-0.0031884057971015,-0.0437917999418435,continuation,near_duplicate,0.3558955184272616
PLTR_20250820_131500,PLTR,2025-08-20 13:15:00+00:00,-1,26,357.98398492698834,5.489492626101507,121.9232506398568,7.971424373323294,0.3715236423846197,2025-08-20 13:00:00+00:00,2025-08-20 13:15:00+00:00,2025-08-20 13:20:00+00:00,2025-08-20 14:15:00+00:00,-0.0047656352004179,-0.0432928829124302,continuation,over_cap_or_below_cutoff,0.6725048081985228
PLTR_20250825_133000,PLTR,2025-08-25 13:30:00+00:00,-1,20,368.20611574089446,4.821932139191038,431.8171963371937,29.86568391725243,0.1614037299497135,2025-08-25 13:15:00+00:00,2025-08-25 13:30:00+00:00,2025-08-25 13:35:00+00:00,2025-08-25 14:30:00+00:00,-0.0337273815855242,0.0225248377268512,reversal,over_cap_or_below_cutoff,0.7239466194067183
PLTR_20250826_132500,PLTR,2025-08-26 13:25:00+00:00,-1,21,140.4804747924371,4.80033806495304,249.86369744672683,7.937455482936356,0.9992675838987414,2025-08-26 13:10:00+00:00,2025-08-26 13:25:00+00:00,2025-08-26 13:30:00+00:00,2025-08-26 14:25:00+00:00,-0.0031454615483375,0.0290430806877455,reversal,over_cap_or_below_cutoff,0.549814224811265
PLTR_20250827_133000,PLTR,2025-08-27 13:30:00+00:00,-1,5,188.9516635279298,6.510280485421481,243.6297358328256,10.72243205549656,0.1052931544714248,2025-08-27 13:15:00+00:00,2025-08-27 13:30:00+00:00,2025-08-27 13:35:00+00:00,2025-08-27 14:30:00+00:00,-0.009397842835131,-0.0058895555892914,continuation,over_cap_or_below_cutoff,0.6269228556833264
PLTR_20250902_133000,PLTR,2025-09-02 13:30:00+00:00,1,25,255.53874490198635,5.335878763902707,288.4830597014925,11.259053565666266,0.3695702631612063,2025-09-02 13:15:00+00:00,2025-09-02 13:30:00+00:00,2025-09-02 13:35:00+00:00,2025-09-02 14:30:00+00:00,0.0061552716923687,0.0363774503354821,continuation,over_cap_or_below_cutoff,0.644021549766534
PLTR_20250904_104000,PLTR,2025-09-04 10:40:00+00:00,-1,6,138.09275664408815,5.693728157773728,9.236298932384342,18.459443810667008,2.2306492743885147,2025-09-04 10:20:00+00:00,2025-09-04 10:40:00+00:00,2025-09-04 10:45:00+00:00,2025-09-04 11:40:00+00:00,-0.0104026199190905,0.0014275517487509,unclear,low_strength_unclear,0.5619873553024035
PLTR_20250905_133000,PLTR,2025-09-05 13:30:00+00:00,-1,13,205.5051150467291,5.706258052964942,493.0958557418538,26.24804704931782,0.0559752615231606,2025-09-05 13:15:00+00:00,2025-09-05 13:30:00+00:00,2025-09-05 13:35:00+00:00,2025-09-05 14:30:00+00:00,-0.00491884039664,-0.0531712865405022,continuation,over_cap_or_below_cutoff,0.6750545270262766
PLTR_20250909_133000,PLTR,2025-09-09 13:30:00+00:00,1,12,136.15058830737104,4.77705742268678,539.9153791780269,24.884625746353045,0.1097275351373324,2025-09-09 13:15:00+00:00,2025-09-09 13:30:00+00:00,2025-09-09 13:35:00+00:00,2025-09-09 14:30:00+00:00,0.0089348171701113,-0.005546626327566,reversal,over_cap_or_below_cutoff,0.5712187404587261
PLTR_20250910_123000,PLTR,2025-09-10 12:30:00+00:00,1,3,113.18482841662149,4.472576908375759,16.462098954048653,9.084434781430648,1.076197416464349,2025-09-10 12:15:00+00:00,2025-09-10 12:30:00+00:00,2025-09-10 12:35:00+00:00,2025-09-10 13:30:00+00:00,0.0093418514946963,-0.0135248104138053,reversal,near_duplicate,0.37239010782221815
PLTR_20250910_132500,PLTR,2025-09-10 13:25:00+00:00,-1,13,179.53867689124658,5.23736112001363,247.10189322671684,10.173655083940568,1.2103256143541858,2025-09-10 13:10:00+00:00,2025-09-10 13:25:00+00:00,2025-09-10 13:30:00+00:00,2025-09-10 14:25:00+00:00,-0.0107270560190704,0.0083734939759034,reversal,over_cap_or_below_cutoff,0.6321156642192688
PLTR_20250911_133000,PLTR,2025-09-11 13:30:00+00:00,-1,3,111.18496585896364,5.129088777360828,351.2920288514888,15.07124744585548,0.0531454098209314,2025-09-11 13:15:00+00:00,2025-09-11 13:30:00+00:00,2025-09-11 13:35:00+00:00,2025-09-11 14:30:00+00:00,-0.0065963297268216,-0.0117127444166643,continuation,over_cap_or_below_cutoff,0.44955078209290644
PLTR_20250912_141000,PLTR,2025-09-12 14:10:00+00:00,1,10,103.07164971918414,5.319599609965052,258.8643245341615,10.335156663795608,0.132421155186814,2025-09-12 13:55:00+00:00,2025-09-12 14:10:00+00:00,2025-09-12 14:15:00+00:00,2025-09-12 15:10:00+00:00,0.005755380891071,0.0022848896638807,unclear,low_strength_unclear,0.4780913091580894
PLTR_20250912_165500,PLTR,2025-09-12 16:55:00+00:00,1,4,139.94286144437763,4.160169035053244,7.400410444226944,3.938243831299718,0.6709877020232362,2025-09-12 16:40:00+00:00,2025-09-12 16:55:00+00:00,2025-09-12 17:00:00+00:00,2025-09-12 17:55:00+00:00,0.0085521200885112,0.0094283681214422,continuation,over_cap_or_below_cutoff,0.3836600807708477
PLTR_20250917_133000,PLTR,2025-09-17 13:30:00+00:00,-1,18,157.2829854531621,6.549427286171542,306.24666268180914,17.908693455894653,0.1937970719957525,2025-09-17 13:15:00+00:00,2025-09-17 13:30:00+00:00,2025-09-17 13:35:00+00:00,2025-09-17 14:30:00+00:00,-0.00456630750423,-0.0184931506849316,continuation,over_cap_or_below_cutoff,0.6338575963959987
PLTR_20250917_180500,PLTR,2025-09-17 18:05:00+00:00,-1,5,228.6554373102523,4.336231147435261,6.826219954288398,7.9876425863111775,2.887407985555396,2025-09-17 17:50:00+00:00,2025-09-17 18:05:00+00:00,2025-09-17 18:10:00+00:00,2025-09-17 19:05:00+00:00,-0.0133109537792424,0.0316428527626173,reversal,over_cap_or_below_cutoff,0.5422773593249358
PLTR_20250918_133000,PLTR,2025-09-18 13:30:00+00:00,1,12,241.29001883239408,4.424515603522809,283.9817580504787,22.193232163059537,0.1584569309119635,2025-09-18 13:15:00+00:00,2025-09-18 13:30:00+00:00,2025-09-18 13:35:00+00:00,2025-09-18 14:30:00+00:00,0.0241290018832394,0.0044247787610618,continuation,over_cap_or_below_cutoff,0.5475473413141723
PLTR_20250919_133000,PLTR,2025-09-19 13:30:00+00:00,1,6,181.91062651827795,5.505370267043195,813.4850079345193,18.29088216075314,0.0484574967796998,2025-09-19 13:15:00+00:00,2025-09-19 13:30:00+00:00,2025-09-19 13:35:00+00:00,2025-09-19 14:30:00+00:00,0.0121495327102802,0.0160754357984276,continuation,over_cap_or_below_cutoff,0.6558453608403366
PLTR_20250924_134500,PLTR,2025-09-24 13:45:00+00:00,-1,24,147.3077347456697,4.328003971372892,178.15603193562583,17.26996371432645,0.8469573462524977,2025-09-24 13:30:00+00:00,2025-09-24 13:45:00+00:00,2025-09-24 13:50:00+00:00,2025-09-24 14:45:00+00:00,-0.0103421928723461,0.0033942702732512,reversal,over_cap_or_below_cutoff,0.4820681205314152
PLTR_20250930_132500,PLTR,2025-09-30 13:25:00+00:00,1,8,101.25091153867504,5.173641337529514,365.0439791735904,14.077663838590311,0.6676813974594176,2025-09-30 13:10:00+00:00,2025-09-30 13:25:00+00:00,2025-09-30 13:30:00+00:00,2025-09-30 14:25:00+00:00,0.0055623626754848,0.0077657969718978,continuation,over_cap_or_below_cutoff,0.555050133592143
PLTR_20251002_133000,PLTR,2025-10-02 13:30:00+00:00,-1,7,135.25992720951896,6.162310913851868,426.3947323704333,20.33773345637241,0.1152777874814606,2025-10-02 13:15:00+00:00,2025-10-02 13:30:00+00:00,2025-10-02 13:35:00+00:00,2025-10-02 14:30:00+00:00,-0.0035703204408068,-0.0028594038738856,unclear,low_strength_unclear,0.6260855758177399
PLTR_20251009_132500,PLTR,2025-10-09 13:25:00+00:00,1,4,138.21318000884375,5.535900490292109,177.9472514871354,11.145877250859634,0.2915382154295212,2025-10-09 13:10:00+00:00,2025-10-09 13:25:00+00:00,2025-10-09 13:30:00+00:00,2025-10-09 14:25:00+00:00,0.0049871211706034,-0.0163049405605846,reversal,over_cap_or_below_cutoff,0.507488795985663
PLTR_20251010_141000,PLTR,2025-10-10 14:10:00+00:00,1,18,200.9053543656969,4.72658767983387,140.26615813648294,13.38183164947449,0.5423253949831193,2025-10-10 13:55:00+00:00,2025-10-10 14:10:00+00:00,2025-10-10 14:15:00+00:00,2025-10-10 15:10:00+00:00,0.004732671660762,-0.0113205211024977,reversal,over_cap_or_below_cutoff,0.5142028641691503
PLTR_20251020_132500,PLTR,2025-10-20 13:25:00+00:00,-1,13,138.34234435092796,4.24129667137819,330.499642820696,19.71610028929971,0.6405434088092701,2025-10-20 13:10:00+00:00,2025-10-20 13:25:00+00:00,2025-10-20 13:30:00+00:00,2025-10-20 14:25:00+00:00,-0.0055955678670359,0.0150426207588165,reversal,over_cap_or_below_cutoff,0.506981133977848
PLTR_20251021_132500,PLTR,2025-10-21 13:25:00+00:00,1,14,139.78614390732557,4.1261601792346605,478.65807478122514,31.590266639781586,1.1024271516905528,2025-10-21 13:10:00+00:00,2025-10-21 13:25:00+00:00,2025-10-21 13:30:00+00:00,2025-10-21 14:25:00+00:00,0.0038595137012735,-0.0107376283846871,reversal,over_cap_or_below_cutoff,0.5980719178181805
PLTR_20251022_132500,PLTR,2025-10-22 13:25:00+00:00,1,30,208.8549965854769,4.624802356129943,439.3430860327412,26.502394016808235,0.9051555577892136,2025-10-22 13:10:00+00:00,2025-10-22 13:25:00+00:00,2025-10-22 13:30:00+00:00,2025-10-22 14:25:00+00:00,0.0068599247621154,-0.0339010989010988,reversal,over_cap_or_below_cutoff,0.659770261370859
PLTR_20251024_123000,PLTR,2025-10-24 12:30:00+00:00,1,4,110.46879074350537,5.739422836216923,62.90482026143791,25.69420673326044,0.4226727388092708,2025-10-24 12:15:00+00:00,2025-10-24 12:30:00+00:00,2025-10-24 12:35:00+00:00,2025-10-24 13:30:00+00:00,0.0070076698118413,0.0071780821917808,continuation,over_cap_or_below_cutoff,0.4661083166802847
PLTR_20251024_133500,PLTR,2025-10-24 13:35:00+00:00,1,4,134.48502077411328,5.149264357994776,470.45566502463055,27.244214711609835,0.0563587924589447,2025-10-24 13:20:00+00:00,2025-10-24 13:35:00+00:00,2025-10-24 13:40:00+00:00,2025-10-24 14:35:00+00:00,0.0107033313511337,-0.0019449997298611,unclear,low_strength_unclear,0.5663659025521783
PLTR_20251029_134000,PLTR,2025-10-29 13:40:00+00:00,1,7,247.8711162255487,6.022528311538432,289.7060633484163,19.622813138442503,0.1396650682161369,2025-10-29 13:25:00+00:00,2025-10-29 13:40:00+00:00,2025-10-29 13:45:00+00:00,2025-10-29 14:40:00+00:00,0.0171608750261671,0.0109122752677903,continuation,over_cap_or_below_cutoff,0.6646119358804121
PLTR_20251103_210500,PLTR,2025-11-03 21:05:00+00:00,1,6,329.4789297982481,5.189598547482252,4.581393881229065,22.194019915705358,6.679665267526045,2025-11-03 20:50:00+00:00,2025-11-03 21:05:00+00:00,2025-11-03 21:10:00+00:00,2025-11-03 22:05:00+00:00,0.0329478929798248,-0.0185480093676815,reversal,over_cap_or_below_cutoff,0.6942101501710114
PLTR_20251107_142500,PLTR,2025-11-07 14:25:00+00:00,1,21,188.28329932963683,4.34122678731136,166.69350708617498,10.885465413016982,0.9591124663652436,2025-11-07 14:10:00+00:00,2025-11-07 14:25:00+00:00,2025-11-07 14:30:00+00:00,2025-11-07 15:25:00+00:00,0.0058078754791497,-0.0025984524771914,unclear,low_strength_unclear,0.524350453383365
PLTR_20251110_142500,PLTR,2025-11-10 14:25:00+00:00,1,21,277.89296569692203,4.716860399627489,318.4060543171002,10.916401316414962,0.36529910167595,2025-11-10 14:10:00+00:00,2025-11-10 14:25:00+00:00,2025-11-10 14:30:00+00:00,2025-11-10 15:25:00+00:00,0.0033300930955706,0.0495549283543204,continuation,over_cap_or_below_cutoff,0.63132028107578
PLTR_20251113_142500,PLTR,2025-11-13 14:25:00+00:00,1,20,201.95439739413732,5.073051215794075,257.2729654971612,7.320311717502999,0.4891549847087286,2025-11-13 14:10:00+00:00,2025-11-13 14:25:00+00:00,2025-11-13 14:30:00+00:00,2025-11-13 15:25:00+00:00,0.0097048524262131,-0.0294292508917954,reversal,over_cap_or_below_cutoff,0.5784520192631847
PLTR_20251114_134000,PLTR,2025-11-14 13:40:00+00:00,-1,28,298.7044145873341,4.373155360680693,173.09559128724305,12.966303142343518,1.511410435756371,2025-11-14 13:25:00+00:00,2025-11-14 13:40:00+00:00,2025-11-14 13:45:00+00:00,2025-11-14 14:40:00+00:00,-0.0052442222086713,0.03773064427144,reversal,over_cap_or_below_cutoff,0.6677889975824121
PLTR_20251117_142500,PLTR,2025-11-17 14:25:00+00:00,-1,22,199.0078666196937,4.67080720648379,150.49865297616023,5.787269783236769,0.4695309979707279,2025-11-17 14:10:00+00:00,2025-11-17 14:25:00+00:00,2025-11-17 14:30:00+00:00,2025-11-17 15:25:00+00:00,-0.0047718417558042,0.0051612903225806,reversal,over_cap_or_below_cutoff,0.5059332514639725
PLTR_20251119_142500,PLTR,2025-11-19 14:25:00+00:00,-1,9,120.85180304300724,4.493277897532142,236.30996063780103,6.4728406487100605,0.8309788455131485,2025-11-19 14:10:00+00:00,2025-11-19 14:25:00+00:00,2025-11-19 14:30:00+00:00,2025-11-19 15:25:00+00:00,-0.0046837019031243,0.0043781272337384,reversal,over_cap_or_below_cutoff,0.49109810524920167
PLTR_20251119_154500,PLTR,2025-11-19 15:45:00+00:00,-1,5,141.36428962023828,4.079826249750436,63.81334262323637,3.153111344467244,0.204096691291243,2025-11-19 15:30:00+00:00,2025-11-19 15:45:00+00:00,2025-11-19 15:50:00+00:00,2025-11-19 16:45:00+00:00,-0.0061982858329131,-0.0083199045061176,continuation,over_cap_or_below_cutoff,0.3581742689102668
PLTR_20251120_143000,PLTR,2025-11-20 14:30:00+00:00,1,10,153.19146440177178,4.076470419894227,231.85009549541155,6.166570442579631,0.1548002772009962,2025-11-20 14:15:00+00:00,2025-11-20 14:30:00+00:00,2025-11-20 14:35:00+00:00,2025-11-20 15:30:00+00:00,0.0068321897895105,-0.0130230140625451,reversal,over_cap_or_below_cutoff,0.42707693318277606
PLTR_20251124_143000,PLTR,2025-11-24 14:30:00+00:00,1,16,209.2623264110105,4.317592559619645,306.27483879914024,12.593128351418333,0.1081398349512304,2025-11-24 14:15:00+00:00,2025-11-24 14:30:00+00:00,2025-11-24 14:35:00+00:00,2025-11-24 15:30:00+00:00,0.0209262326411008,0.0064181199887687,continuation,over_cap_or_below_cutoff,0.5162154125327616
PLTR_20251125_143500,PLTR,2025-11-25 14:35:00+00:00,-1,11,202.93086970372576,4.808357001250839,155.5304899964059,6.170804621876994,0.1762476347671104,2025-11-25 14:20:00+00:00,2025-11-25 14:35:00+00:00,2025-11-25 14:40:00+00:00,2025-11-25 15:35:00+00:00,-0.0047470331043097,-0.0023848374544997,unclear,low_strength_unclear,0.49413292600693093
PLTR_20251201_142500,PLTR,2025-12-01 14:25:00+00:00,-1,16,205.1500578316179,4.446162887456828,116.3084602917342,10.205364053443024,0.5068412636677303,2025-12-01 14:10:00+00:00,2025-12-01 14:25:00+00:00,2025-12-01 14:30:00+00:00,2025-12-01 15:25:00+00:00,-0.0064376816638375,0.0075763636363637,reversal,over_cap_or_below_cutoff,0.48615889429560644
PLTR_20251203_140000,PLTR,2025-12-03 14:00:00+00:00,-1,6,171.56717742412786,6.243767792335737,58.16450624558096,23.746892029299996,0.544635259825618,2025-12-03 13:45:00+00:00,2025-12-03 14:00:00+00:00,2025-12-03 14:05:00+00:00,2025-12-03 15:00:00+00:00,-0.0081921836984382,0.0132534005628517,reversal,over_cap_or_below_cutoff,0.563336458910517
PLTR_20251212_143000,PLTR,2025-12-12 14:30:00+00:00,-1,4,114.53454969620137,5.014063173272562,289.77665761923225,12.76468329194377,0.0374829609953072,2025-12-12 14:15:00+00:00,2025-12-12 14:30:00+00:00,2025-12-12 14:35:00+00:00,2025-12-12 15:30:00+00:00,-0.0094067796610168,-0.019580239346524,continuation,over_cap_or_below_cutoff,0.4698485148844124
PLTR_20251215_143000,PLTR,2025-12-15 14:30:00+00:00,1,7,156.50165486200018,4.922495045781286,527.8931708699348,19.71413498289684,0.1052115686072146,2025-12-15 14:15:00+00:00,2025-12-15 14:30:00+00:00,2025-12-15 14:35:00+00:00,2025-12-15 15:30:00+00:00,0.0101786681104494,-0.0104512809518706,reversal,over_cap_or_below_cutoff,0.5957985188587764
PLTR_20251216_143000,PLTR,2025-12-16 14:30:00+00:00,1,10,185.3578283520707,5.196611599652588,235.08639830099432,10.298524784691557,0.08408526899998,2025-12-16 14:15:00+00:00,2025-12-16 14:30:00+00:00,2025-12-16 14:35:00+00:00,2025-12-16 15:30:00+00:00,0.0074262277031491,0.0047057499116065,continuation,over_cap_or_below_cutoff,0.5274845453210837
PLTR_20251217_143000,PLTR,2025-12-17 14:30:00+00:00,-1,5,117.62178419894242,5.274389069047706,282.7471521107885,9.666059167973192,0.0505750573108453,2025-12-17 14:15:00+00:00,2025-12-17 14:30:00+00:00,2025-12-17 14:35:00+00:00,2025-12-17 15:30:00+00:00,-0.0091562939568461,-0.0053752611560508,continuation,over_cap_or_below_cutoff,0.48912974391993685
PLTR_20251217_151500,PLTR,2025-12-17 15:15:00+00:00,1,17,182.7224276702255,4.823574035705804,155.69726435887463,8.643473457137453,0.1181068706921047,2025-12-17 15:00:00+00:00,2025-12-17 15:15:00+00:00,2025-12-17 15:20:00+00:00,2025-12-17 16:15:00+00:00,0.0067058063126144,-0.0280356330756267,reversal,near_duplicate,0.4724629536801493
PLTR_20251218_133000,PLTR,2025-12-18 13:30:00+00:00,1,4,118.64964924010567,5.341111788687714,26.527924750146973,8.47376238546095,0.6472957324768949,2025-12-18 13:15:00+00:00,2025-12-18 13:30:00+00:00,2025-12-18 13:35:00+00:00,2025-12-18 14:30:00+00:00,0.0050775332053363,0.0167788939176509,continuation,over_cap_or_below_cutoff,0.4522383794954226
PLTR_20251218_143000,PLTR,2025-12-18 14:30:00+00:00,1,12,224.2698962202683,4.481533580363713,559.812757201646,19.949426150345285,0.133789568476824,2025-12-18 14:15:00+00:00,2025-12-18 14:30:00+00:00,2025-12-18 14:35:00+00:00,2025-12-18 15:30:00+00:00,0.0115308587744344,0.0146563890999891,continuation,over_cap_or_below_cutoff,0.6292341544497957
PLTR_20251219_141500,PLTR,2025-12-19 14:15:00+00:00,1,11,161.28168033005653,5.4172041832566,1544.9071005017486,25.10098956064856,0.2388073409943611,2025-12-19 14:00:00+00:00,2025-12-19 14:15:00+00:00,2025-12-19 14:20:00+00:00,2025-12-19 15:15:00+00:00,0.0032662024638456,0.0225839758517707,continuation,over_cap_or_below_cutoff,0.6491468698392764
PLTR_20251222_143500,PLTR,2025-12-22 14:35:00+00:00,1,15,170.296015568987,5.15036790483509,333.0865211440098,28.18874203903337,0.3625918634664414,2025-12-22 14:20:00+00:00,2025-12-22 14:35:00+00:00,2025-12-22 14:40:00+00:00,2025-12-22 15:35:00+00:00,0.0168761220825854,-0.0243144673123486,reversal,over_cap_or_below_cutoff,0.5734837043770782
PLTR_20251223_142500,PLTR,2025-12-23 14:25:00+00:00,1,10,122.21471276318896,5.867366756139806,549.7566765578636,32.97567711520982,0.8062416694266475,2025-12-23 14:10:00+00:00,2025-12-23 14:25:00+00:00,2025-12-23 14:30:00+00:00,2025-12-23 15:25:00+00:00,0.0041141547755441,-0.0011928841865047,unclear,low_strength_unclear,0.6980943121686142
PLTR_20251226_143000,PLTR,2025-12-26 14:30:00+00:00,-1,7,106.02271543191044,5.805676027795595,608.2669935368843,27.419282542615072,0.1050493000824841,2025-12-26 14:15:00+00:00,2025-12-26 14:30:00+00:00,2025-12-26 14:35:00+00:00,2025-12-26 15:30:00+00:00,-0.0042593561323793,-0.0104915835331116,continuation,over_cap_or_below_cutoff,0.6160852789549416
PLTR_20251229_145000,PLTR,2025-12-29 14:50:00+00:00,-1,8,122.37383582412996,4.380629458204853,161.73120425815037,12.713580983487134,0.1344463979750346,2025-12-29 14:35:00+00:00,2025-12-29 14:50:00+00:00,2025-12-29 14:55:00+00:00,2025-12-29 15:50:00+00:00,-0.0102775693923481,0.0055998310792519,reversal,over_cap_or_below_cutoff,0.39319779117814724
PLTR_20251230_143000,PLTR,2025-12-30 14:30:00+00:00,-1,5,121.33523663115486,5.897004441748994,364.1113725490196,18.49565385710098,0.089795236810632,2025-12-30 14:15:00+00:00,2025-12-30 14:30:00+00:00,2025-12-30 14:35:00+00:00,2025-12-30 15:30:00+00:00,-0.0067490648885998,0.0026470186928639,unclear,low_strength_unclear,0.5698059318037441
PLTR_20251231_143500,PLTR,2025-12-31 14:35:00+00:00,-1,3,86.71966201567294,5.800754219292112,292.05110525248426,15.762257052994402,0.0600326469679522,2025-12-31 14:20:00+00:00,2025-12-31 14:35:00+00:00,2025-12-31 14:40:00+00:00,2025-12-31 15:35:00+00:00,-0.0085974097547534,0.0025015287119907,unclear,low_strength_unclear,0.4532588688799787
PLTR_20260106_105500,PLTR,2026-01-06 10:55:00+00:00,1,3,85.16025087749179,4.125393461762007,8.42588932806324,17.085249027386634,3.059805500247084,2026-01-06 10:40:00+00:00,2026-01-06 10:55:00+00:00,2026-01-06 11:00:00+00:00,2026-01-06 12:00:00+00:00,0.0085160250877496,-0.002053973868888,unclear,low_strength_unclear,0.3567601662174931
PLTR_20260109_141500,PLTR,2026-01-09 14:15:00+00:00,-1,19,147.39488117001542,5.035490231532485,343.05566488614,19.16587842348183,0.3423255941142133,2026-01-09 14:00:00+00:00,2026-01-09 14:15:00+00:00,2026-01-09 14:20:00+00:00,2026-01-09 15:15:00+00:00,-0.0036703040162135,-0.0025376331961436,unclear,low_strength_unclear,0.5475888441208514
PLTR_20260113_133000,PLTR,2026-01-13 13:30:00+00:00,1,3,91.31652661064528,5.140350440274429,38.91499482936919,16.243744913765735,0.5551672109006195,2026-01-13 13:15:00+00:00,2026-01-13 13:30:00+00:00,2026-01-13 13:35:00+00:00,2026-01-13 14:30:00+00:00,0.0091316526610643,-0.0130811080886027,reversal,near_duplicate,0.36092660512356334
PLTR_20260113_142500,PLTR,2026-01-13 14:25:00+00:00,-1,6,106.66932172756384,4.435314872440296,483.16765793280825,20.95338756331761,1.442579626489648,2026-01-13 14:10:00+00:00,2026-01-13 14:25:00+00:00,2026-01-13 14:30:00+00:00,2026-01-13 15:25:00+00:00,-0.0045659557881841,-0.0087542652570341,continuation,over_cap_or_below_cutoff,0.6226669569854228
PLTR_20260114_143000,PLTR,2026-01-14 14:30:00+00:00,1,19,221.57072785703,4.595478321465906,390.6045487894351,30.54226710357937,0.3001354281697986,2026-01-14 14:15:00+00:00,2026-01-14 14:30:00+00:00,2026-01-14 14:35:00+00:00,2026-01-14 15:30:00+00:00,0.0181389341270288,-0.0224489795918368,reversal,over_cap_or_below_cutoff,0.5954085393008712
PLTR_20260115_144500,PLTR,2026-01-15 14:45:00+00:00,1,14,140.02530577814863,5.127998448955588,196.28241888541555,14.71339750589296,0.1238212951518045,2026-01-15 14:30:00+00:00,2026-01-15 14:45:00+00:00,2026-01-15 14:50:00+00:00,2026-01-15 15:45:00+00:00,0.0034900846187744,-0.0047869764853207,reversal,over_cap_or_below_cutoff,0.4724259455976192
PLTR_20260121_140000,PLTR,2026-01-21 14:00:00+00:00,1,12,213.04687031146847,5.679616706786288,244.34830087197457,11.268407321300405,1.197751853847275,2026-01-21 13:45:00+00:00,2026-01-21 14:00:00+00:00,2026-01-21 14:05:00+00:00,2026-01-21 15:00:00+00:00,0.0049390062481402,-0.000592136428233,unclear,over_cap_or_below_cutoff,0.6896594333076862
PLTR_20260122_143000,PLTR,2026-01-22 14:30:00+00:00,-1,6,173.6124256283733,4.287433848959658,347.993266748962,18.92009173972279,0.1290964952318295,2026-01-22 14:15:00+00:00,2026-01-22 14:30:00+00:00,2026-01-22 14:35:00+00:00,2026-01-22 15:30:00+00:00,-0.0170649734199646,-0.0035208030243212,continuation,over_cap_or_below_cutoff,0.5008736113847279
PLTR_20260126_142500,PLTR,2026-01-26 14:25:00+00:00,-1,4,114.86044158781183,4.745662884477941,304.4582407528428,20.72363832545804,0.7803503056363588,2026-01-26 14:10:00+00:00,2026-01-26 14:25:00+00:00,2026-01-26 14:30:00+00:00,2026-01-26 15:25:00+00:00,-0.004443654461429,0.0066654764030233,reversal,over_cap_or_below_cutoff,0.5245243955716623
PLTR_20260127_143000,PLTR,2026-01-27 14:30:00+00:00,-1,12,139.11053566590058,4.22175986925014,417.2136245834876,15.993066669312448,0.1161763447237885,2026-01-27 14:15:00+00:00,2026-01-27 14:30:00+00:00,2026-01-27 14:35:00+00:00,2026-01-27 15:30:00+00:00,-0.0088467943380515,0.0086263332383251,reversal,over_cap_or_below_cutoff,0.4913550027131029
PLTR_20260128_120000,PLTR,2026-01-28 12:00:00+00:00,-1,4,67.51003527551758,4.028908751536306,17.954627403846153,9.791145476510348,0.9786814259516284,2026-01-28 11:40:00+00:00,2026-01-28 12:00:00+00:00,2026-01-28 12:05:00+00:00,2026-01-28 13:00:00+00:00,-0.0048942598187311,0.0049790515513996,reversal,over_cap_or_below_cutoff,0.34373134149304085
PLTR_20260202_120000,PLTR,2026-02-02 12:00:00+00:00,1,5,213.83044342403457,4.221304297570597,13.769006837722564,12.644281751740351,1.927142359613576,2026-02-02 11:45:00+00:00,2026-02-02 12:00:00+00:00,2026-02-02 12:05:00+00:00,2026-02-02 13:00:00+00:00,0.0053468604332327,0.0122051002318286,continuation,over_cap_or_below_cutoff,0.5236375586050992
PLTR_20260202_210000,PLTR,2026-02-02 21:00:00+00:00,1,18,716.623588719203,5.184715472275869,10.168240615324567,29.013643761950085,10.875894503357545,2026-02-02 20:45:00+00:00,2026-02-02 21:00:00+00:00,2026-02-02 21:05:00+00:00,2026-02-02 22:00:00+00:00,0.0059979736575479,0.0583135264338181,continuation,over_cap_or_below_cutoff,0.7128409164960336
PLTR_20260203_143000,PLTR,2026-02-03 14:30:00+00:00,-1,18,590.2733222122425,4.805647219940345,191.37389316770185,10.023055924707872,0.421318122538521,2026-02-03 14:15:00+00:00,2026-02-03 14:30:00+00:00,2026-02-03 14:35:00+00:00,2026-02-03 15:30:00+00:00,-0.0316626213592233,-0.0207855522552669,continuation,over_cap_or_below_cutoff,0.6557556519435974
PLTR_20260205_121500,PLTR,2026-02-05 12:15:00+00:00,-1,9,168.19798458802327,4.213921212788453,13.354476301930951,6.188509037921385,2.247686478425959,2026-02-05 12:00:00+00:00,2026-02-05 12:15:00+00:00,2026-02-05 12:20:00+00:00,2026-02-05 13:15:00+00:00,-0.0070719337095507,-0.0284892086330935,continuation,over_cap_or_below_cutoff,0.48343592049663514
PLTR_20260209_142500,PLTR,2026-02-09 14:25:00+00:00,-1,16,235.54839182357236,4.371354267786654,211.1827727081822,12.80479872879256,1.0954869840255463,2026-02-09 14:10:00+00:00,2026-02-09 14:25:00+00:00,2026-02-09 14:30:00+00:00,2026-02-09 15:25:00+00:00,-0.0040860999635169,0.0285735218697338,reversal,over_cap_or_below_cutoff,0.5965548449676552
PLTR_20260210_142500,PLTR,2026-02-10 14:25:00+00:00,-1,4,119.50253595497615,4.227845457008912,246.96330357142855,8.925061782174005,0.3813422593610892,2026-02-10 14:10:00+00:00,2026-02-10 14:25:00+00:00,2026-02-10 14:30:00+00:00,2026-02-10 15:25:00+00:00,-0.0038561073582057,-0.0099310344827585,continuation,over_cap_or_below_cutoff,0.43467688753632916
PLTR_20260211_142500,PLTR,2026-02-11 14:25:00+00:00,-1,24,220.95196218533616,4.239423908839573,196.89325622853167,11.385348270805212,0.9139840564908096,2026-02-11 14:10:00+00:00,2026-02-11 14:25:00+00:00,2026-02-11 14:30:00+00:00,2026-02-11 15:25:00+00:00,-0.0051346136228298,-0.0401407184120977,continuation,over_cap_or_below_cutoff,0.5528754709545746
PLTR_20260212_152500,PLTR,2026-02-12 15:25:00+00:00,-1,16,220.13345605154112,4.587262874190491,222.59710979788449,8.665452645226546,0.2384815276276409,2026-02-12 15:10:00+00:00,2026-02-12 15:25:00+00:00,2026-02-12 15:30:00+00:00,2026-02-12 16:25:00+00:00,-0.0064859827020579,-0.0475804520972217,continuation,over_cap_or_below_cutoff,0.524635667179338
PLTR_20260218_142500,PLTR,2026-02-18 14:25:00+00:00,-1,15,228.784742755761,4.483021040062565,158.43273247830786,8.706278590423016,1.182123713837153,2026-02-18 14:10:00+00:00,2026-02-18 14:25:00+00:00,2026-02-18 14:30:00+00:00,2026-02-18 15:25:00+00:00,-0.0051972769196985,0.0356880058866813,reversal,over_cap_or_below_cutoff,0.5864237671481203
PLTR_20260219_092500,PLTR,2026-02-19 09:25:00+00:00,-1,7,128.6847224300458,4.623229356004892,2.2419280560814614,2.7332360462005427,12.12374194890071,2026-02-19 09:10:00+00:00,2026-02-19 09:25:00+00:00,2026-02-19 09:30:00+00:00,2026-02-19 10:25:00+00:00,-0.0031661880568442,-0.0124095139607032,continuation,over_cap_or_below_cutoff,0.47438326003458303
PLTR_20260219_142500,PLTR,2026-02-19 14:25:00+00:00,-1,12,153.71800696653227,4.1546140678481285,279.5380002180787,7.64788665992276,1.080527523626532,2026-02-19 14:10:00+00:00,2026-02-19 14:25:00+00:00,2026-02-19 14:30:00+00:00,2026-02-19 15:25:00+00:00,-0.0050061449979116,0.0186107965269912,reversal,over_cap_or_below_cutoff,0.5350376125616553
PLTR_20260226_143000,PLTR,2026-02-26 14:30:00+00:00,1,16,204.65429512122932,5.320268231255441,347.185216925549,11.5331071406169,0.115979323132221,2026-02-26 14:15:00+00:00,2026-02-26 14:30:00+00:00,2026-02-26 14:35:00+00:00,2026-02-26 15:30:00+00:00,0.0049999999999998,-0.0139971782876661,reversal,over_cap_or_below_cutoff,0.5979547372641878
PLTR_20260227_143000,PLTR,2026-02-27 14:30:00+00:00,1,9,245.1092368722452,4.428689140301166,276.7290103792005,12.822709229500443,0.1289789940674573,2026-02-27 14:15:00+00:00,2026-02-27 14:30:00+00:00,2026-02-27 14:35:00+00:00,2026-02-27 15:30:00+00:00,0.0244485981308411,-0.0018975332068312,unclear,over_cap_or_below_cutoff,0.5457327526256375
PLTR_20260305_142500,PLTR,2026-03-05 14:25:00+00:00,1,21,213.87550333355156,5.727831362244166,273.0376207770849,8.76746905195729,1.1047879721810296,2026-03-05 14:10:00+00:00,2026-03-05 14:25:00+00:00,2026-03-05 14:30:00+00:00,2026-03-05 15:25:00+00:00,0.0087788778877888,0.007851861545508,continuation,over_cap_or_below_cutoff,0.6960973156705996
PLTR_20260306_130000,PLTR,2026-03-06 13:00:00+00:00,1,2,161.48246194572556,4.73149832869257,49.765220700152206,19.661969546699105,4.74636800329574,2026-03-06 12:45:00+00:00,2026-03-06 13:00:00+00:00,2026-03-06 13:05:00+00:00,2026-03-06 14:00:00+00:00,0.0161482461945732,-0.0234466588511136,reversal,over_cap_or_below_cutoff,0.4272716980350856
PLTR_20260312_105500,PLTR,2026-03-12 10:55:00+00:00,1,4,142.92361895898554,4.371610101182526,32.45211420310806,27.819583320291013,1.0048573778706753,2026-03-12 10:40:00+00:00,2026-03-12 10:55:00+00:00,2026-03-12 11:00:00+00:00,2026-03-12 11:55:00+00:00,0.0142923618958985,-0.0096342902084152,reversal,over_cap_or_below_cutoff,0.4406951469408146
PLTR_20260313_132500,PLTR,2026-03-13 13:25:00+00:00,-1,10,149.32658826620536,4.745153102112311,359.11795693999085,12.017555081382424,0.7335433119651695,2026-03-13 13:10:00+00:00,2026-03-13 13:25:00+00:00,2026-03-13 13:30:00+00:00,2026-03-13 14:25:00+00:00,-0.0082147477360929,-0.0096197743429206,continuation,over_cap_or_below_cutoff,0.5707084841639687
PLTR_20260316_132500,PLTR,2026-03-16 13:25:00+00:00,1,4,77.15133531156937,4.024325452648687,416.3089902451885,15.224896235214365,0.950204402859184,2026-03-16 13:10:00+00:00,2026-03-16 13:25:00+00:00,2026-03-16 13:30:00+00:00,2026-03-16 14:25:00+00:00,0.0054702431951494,-0.001442055584688,unclear,low_strength_unclear,0.49940055763876406
PLTR_20260317_132000,PLTR,2026-03-17 13:20:00+00:00,1,7,209.28037750688188,5.908783028127167,420.364536199095,23.461192525747343,0.5105080449607893,2026-03-17 13:05:00+00:00,2026-03-17 13:20:00+00:00,2026-03-17 13:25:00+00:00,2026-03-17 14:20:00+00:00,0.0043324143363527,0.0150320261437908,continuation,over_cap_or_below_cutoff,0.7062461377221612
PLTR_20260323_105500,PLTR,2026-03-23 10:55:00+00:00,1,10,343.50888963434966,4.21882909825463,35.14197418651154,20.60112421008837,2.2501594196752057,2026-03-23 10:40:00+00:00,2026-03-23 10:55:00+00:00,2026-03-23 11:00:00+00:00,2026-03-23 11:55:00+00:00,0.0070945945945946,0.0157665213015765,continuation,over_cap_or_below_cutoff,0.6438702982548274
PLTR_20260323_133000,PLTR,2026-03-23 13:30:00+00:00,1,5,431.9448999672071,4.033651065668917,264.0009360905455,10.255047918677256,0.0926298877357147,2026-03-23 13:15:00+00:00,2026-03-23 13:30:00+00:00,2026-03-23 13:35:00+00:00,2026-03-23 14:30:00+00:00,0.0316269321456641,0.0110546204402546,continuation,over_cap_or_below_cutoff,0.59970296285216
PLTR_20260326_133000,PLTR,2026-03-26 13:30:00+00:00,-1,7,189.3838356895205,4.027121089846292,422.8809958150016,16.92944843976242,0.0604995406892786,2026-03-26 13:15:00+00:00,2026-03-26 13:30:00+00:00,2026-03-26 13:35:00+00:00,2026-03-26 14:30:00+00:00,-0.0185863874345549,0.0059682582021871,reversal,over_cap_or_below_cutoff,0.518478555061249
PLTR_20260327_131500,PLTR,2026-03-27 13:15:00+00:00,1,10,222.7548287043568,4.423331449553246,173.9748229740362,7.527824262659167,1.6169604145529488,2026-03-27 13:00:00+00:00,2026-03-27 13:15:00+00:00,2026-03-27 13:20:00+00:00,2026-03-27 14:15:00+00:00,0.0049885694492552,-0.0106162469040829,reversal,over_cap_or_below_cutoff,0.6058054809859927
PLTR_20260330_132500,PLTR,2026-03-30 13:25:00+00:00,-1,13,158.71978777410644,4.096025627445515,210.50437771049832,11.027621470830503,0.813664849856121,2026-03-30 13:10:00+00:00,2026-03-30 13:25:00+00:00,2026-03-30 13:30:00+00:00,2026-03-30 14:25:00+00:00,-0.0076198392906623,-0.0173809856205499,continuation,over_cap_or_below_cutoff,0.4850283670218937
PLTR_20260401_132000,PLTR,2026-04-01 13:20:00+00:00,-1,18,175.45071492713225,4.578526936358192,179.4255095087654,6.97706055478495,1.0030645145337234,2026-04-01 13:05:00+00:00,2026-04-01 13:20:00+00:00,2026-04-01 13:25:00+00:00,2026-04-01 14:20:00+00:00,-0.0035789047201026,-0.0057603686635944,continuation,over_cap_or_below_cutoff,0.538497344982094
PLTR_20260407_135000,PLTR,2026-04-07 13:50:00+00:00,1,8,177.6158794857552,5.265040130115866,120.19310488490784,7.358043823511597,0.1113701407117105,2026-04-07 13:35:00+00:00,2026-04-07 13:50:00+00:00,2026-04-07 13:55:00+00:00,2026-04-07 14:50:00+00:00,0.0040223616034906,-0.0053642968696953,reversal,over_cap_or_below_cutoff,0.4846785533581458
PLTR_20260407_223500,PLTR,2026-04-07 22:35:00+00:00,1,10,193.6240954429902,5.229525614609275,0.633226362415518,5.310752446110376,17.52824559320788,2026-04-07 22:20:00+00:00,2026-04-07 22:35:00+00:00,2026-04-07 22:40:00+00:00,2026-04-07 23:35:00+00:00,0.0076451128849728,0.010666797411257,continuation,over_cap_or_below_cutoff,0.5729190799520307
PLTR_20260408_132500,PLTR,2026-04-08 13:25:00+00:00,-1,25,279.9486172845933,5.979891379790307,177.52399759594746,13.16940887770817,0.303932111940365,2026-04-08 13:10:00+00:00,2026-04-08 13:25:00+00:00,2026-04-08 13:30:00+00:00,2026-04-08 14:25:00+00:00,-0.00392434379825,-0.0459213330749855,continuation,over_cap_or_below_cutoff,0.6620607589109593
PLTR_20260410_114000,PLTR,2026-04-10 11:40:00+00:00,-1,4,105.14109006571904,4.767663594301546,13.840730187859178,5.270895300340196,1.5318174622236882,2026-04-10 11:25:00+00:00,2026-04-10 11:40:00+00:00,2026-04-10 11:45:00+00:00,2026-04-10 12:40:00+00:00,-0.0042139135764635,-0.0089120566284527,continuation,over_cap_or_below_cutoff,0.4674240839524028
PLTR_20260414_132500,PLTR,2026-04-14 13:25:00+00:00,-1,9,185.9703935133572,4.688849827692297,213.27430544351583,15.604765346346982,1.65928713333053,2026-04-14 13:10:00+00:00,2026-04-14 13:25:00+00:00,2026-04-14 13:30:00+00:00,2026-04-14 14:25:00+00:00,-0.0045908922621251,0.0248828386520865,reversal,over_cap_or_below_cutoff,0.6071865542017176
PLTR_20260415_133500,PLTR,2026-04-15 13:35:00+00:00,1,5,120.8614122472862,4.476988004305101,124.01949506037322,8.256138032286048,0.1628301933486294,2026-04-15 13:20:00+00:00,2026-04-15 13:35:00+00:00,2026-04-15 13:40:00+00:00,2026-04-15 14:35:00+00:00,0.0120861412247288,-0.003148295577911,reversal,over_cap_or_below_cutoff,0.3869326049286316
PLTR_20260416_134000,PLTR,2026-04-16 13:40:00+00:00,-1,6,248.1106516469511,5.382568104051851,126.32065967208906,10.297566112611683,0.1875240793428939,2026-04-16 13:25:00+00:00,2026-04-16 13:40:00+00:00,2026-04-16 13:45:00+00:00,2026-04-16 14:40:00+00:00,-0.003673667429126,-0.0117225546124948,continuation,over_cap_or_below_cutoff,0.5631365413947593
PLTR_20260422_132500,PLTR,2026-04-22 13:25:00+00:00,1,20,138.56427378965418,4.406544778518136,171.84813067150634,9.67035349480869,0.3157553938470867,2026-04-22 13:10:00+00:00,2026-04-22 13:25:00+00:00,2026-04-22 13:30:00+00:00,2026-04-22 14:25:00+00:00,0.0031131564699513,0.0267170422345162,continuation,over_cap_or_below_cutoff,0.4293089025296061
PLTR_20260423_133000,PLTR,2026-04-23 13:30:00+00:00,-1,27,208.51971646824728,4.712592864850102,343.0161781194938,14.684872612655337,0.521473628166312,2026-04-23 13:15:00+00:00,2026-04-23 13:30:00+00:00,2026-04-23 13:35:00+00:00,2026-04-23 14:30:00+00:00,-0.0116605412629469,-0.0206551502653731,continuation,over_cap_or_below_cutoff,0.5943920446661979
PLTR_20260427_132500,PLTR,2026-04-27 13:25:00+00:00,1,13,203.93711938818225,5.921971959499082,220.14265816289128,12.459535541053466,0.8224781017128875,2026-04-27 13:10:00+00:00,2026-04-27 13:25:00+00:00,2026-04-27 13:30:00+00:00,2026-04-27 14:25:00+00:00,0.0038384987205004,0.024465373176604,continuation,over_cap_or_below_cutoff,0.6553685119087416
PLTR_20260428_111000,PLTR,2026-04-28 11:10:00+00:00,-1,2,66.2765282380362,4.214148551153182,10.38821268417681,5.596488582792443,0.8139859839163134,2026-04-28 10:55:00+00:00,2026-04-28 11:10:00+00:00,2026-04-28 11:15:00+00:00,2026-04-28 12:10:00+00:00,-0.0065840162499124,-0.0001410138898682,unclear,low_strength_unclear,0.23770440383732405
QQQ_20240531_141500,QQQ,2024-05-31 14:15:00+00:00,-1,4,64.62290859644115,4.404640445436798,106.66027810626758,6.803540773013472,0.0835564315969311,2024-05-31 14:00:00+00:00,2024-05-31 14:15:00+00:00,2024-05-31 14:20:00+00:00,2024-05-31 15:15:00+00:00,-0.0036872625474904,-0.0065570933638754,continuation,over_cap_or_below_cutoff,0.4864339207189793
QQQ_20240607_123000,QQQ,2024-06-07 12:30:00+00:00,-1,3,69.41130536636253,6.477741642205907,172.38312048861744,55.45943949591286,0.2259190168932001,2024-06-07 12:15:00+00:00,2024-06-07 12:30:00+00:00,2024-06-07 12:35:00+00:00,2024-06-07 13:30:00+00:00,-0.0044742396829499,-0.0006613981268391,unclear,low_strength_unclear,0.6643061939628873
QQQ_20240612_123000,QQQ,2024-06-12 12:30:00+00:00,1,3,81.29907818368531,6.229799835741058,189.27722571486512,54.134307119318336,0.2390303420941511,2024-06-12 12:15:00+00:00,2024-06-12 12:30:00+00:00,2024-06-12 12:35:00+00:00,2024-06-12 13:30:00+00:00,0.0081070125658693,0.000550441241826,unclear,over_cap_or_below_cutoff,0.7300927756042056
QQQ_20240716_134500,QQQ,2024-07-16 13:45:00+00:00,-1,4,60.75296022669762,4.297583011407792,205.95949670461357,9.317630737162023,0.061672512580656,2024-07-16 13:30:00+00:00,2024-07-16 13:45:00+00:00,2024-07-16 13:50:00+00:00,2024-07-16 14:45:00+00:00,-0.0030925696601266,-0.0017121218225032,unclear,low_strength_unclear,0.5291093963685214
QQQ_20240730_150000,QQQ,2024-07-30 15:00:00+00:00,-1,3,68.2021223280227,5.1950704812618,90.07133743828702,11.414616490776645,0.3687293056212105,2024-07-30 14:45:00+00:00,2024-07-30 15:00:00+00:00,2024-07-30 15:05:00+00:00,2024-07-30 16:00:00+00:00,-0.006081724526015,-0.0037671754894061,continuation,over_cap_or_below_cutoff,0.5467929016073927
QQQ_20240730_200000,QQQ,2024-07-30 20:00:00+00:00,-1,2,134.94412297363257,4.702913312945584,4.7941850474733165,6.996762284296716,2.938464719122924,2024-07-30 19:45:00+00:00,2024-07-30 20:00:00+00:00,2024-07-30 20:05:00+00:00,2024-07-30 21:00:00+00:00,-0.0133147377367125,0.0062281902910907,reversal,over_cap_or_below_cutoff,0.6193656205535323
QQQ_20240808_123000,QQQ,2024-08-08 12:30:00+00:00,1,3,108.02114456446964,4.071275844637492,42.78600446881983,9.042572213608093,0.3793564511580274,2024-08-08 12:15:00+00:00,2024-08-08 12:30:00+00:00,2024-08-08 12:35:00+00:00,2024-08-08 13:30:00+00:00,0.0082012405237767,0.0042837286668033,continuation,over_cap_or_below_cutoff,0.5975817408616539
QQQ_20240812_134000,QQQ,2024-08-12 13:40:00+00:00,-1,2,63.00089047195145,4.782501232419982,337.24243542435426,10.677591755787184,0.0594134596629875,2024-08-12 13:25:00+00:00,2024-08-12 13:40:00+00:00,2024-08-12 13:45:00+00:00,2024-08-12 14:40:00+00:00,-0.0041986440978376,0.0078873789699707,reversal,over_cap_or_below_cutoff,0.49922095060553573
QQQ_20240815_123000,QQQ,2024-08-15 12:30:00+00:00,1,3,71.55172413793487,4.344382692026708,80.81793119980823,15.371774365771612,0.5136255365877751,2024-08-15 12:15:00+00:00,2024-08-15 12:30:00+00:00,2024-08-15 12:35:00+00:00,2024-08-15 13:30:00+00:00,0.0056426602343211,0.0045187818563412,continuation,over_cap_or_below_cutoff,0.5141256013515549
QQQ_20240821_144000,QQQ,2024-08-21 14:40:00+00:00,1,4,65.51035687547335,4.19241125119108,167.27177972726483,12.436971552862223,0.1041704648956498,2024-08-21 14:25:00+00:00,2024-08-21 14:40:00+00:00,2024-08-21 14:45:00+00:00,2024-08-21 15:40:00+00:00,0.0044618536315264,-0.0056612739932643,reversal,over_cap_or_below_cutoff,0.5210378691188675
QQQ_20240822_151500,QQQ,2024-08-22 15:15:00+00:00,-1,7,66.11622204991674,4.988390454165054,43.60591337784822,7.490929756535523,0.3322871818427374,2024-08-22 15:00:00+00:00,2024-08-22 15:15:00+00:00,2024-08-22 15:20:00+00:00,2024-08-22 16:15:00+00:00,-0.003315649867374,-0.0042207252162341,continuation,over_cap_or_below_cutoff,0.5328205052544293
QQQ_20240823_120000,QQQ,2024-08-23 12:00:00+00:00,-1,2,73.94687777511955,4.350963117216937,21.23076923076923,27.84579687541629,2.0426336782171024,2024-08-23 11:45:00+00:00,2024-08-23 12:00:00+00:00,2024-08-23 12:05:00+00:00,2024-08-23 13:00:00+00:00,-0.0073404077540106,0.0087835591301457,reversal,over_cap_or_below_cutoff,0.4645839808427453
QQQ_20240826_134500,QQQ,2024-08-26 13:45:00+00:00,-1,9,60.63422981851474,4.476750557253412,98.17527024683508,9.593627206190876,0.1969060420760466,2024-08-26 13:30:00+00:00,2024-08-26 13:45:00+00:00,2024-08-26 13:50:00+00:00,2024-08-26 14:45:00+00:00,-0.003227956183098,-0.0088170403025301,continuation,over_cap_or_below_cutoff,0.48716788720829524
QQQ_20240916_142500,QQQ,2024-09-16 14:25:00+00:00,-1,3,63.84924601740005,4.028351572645212,110.83749239196592,9.403897912091049,0.16994591212463,2024-09-16 14:10:00+00:00,2024-09-16 14:25:00+00:00,2024-09-16 14:30:00+00:00,2024-09-16 15:25:00+00:00,-0.0034665400042219,-0.0002709413400348,unclear,low_strength_unclear,0.42180230236511357
QQQ_20241121_143000,QQQ,2024-11-21 14:30:00+00:00,-1,3,109.59615115884392,5.696319545253587,66.91610596618418,10.201417108662657,0.1782179378054579,2024-11-21 14:15:00+00:00,2024-11-21 14:30:00+00:00,2024-11-21 14:35:00+00:00,2024-11-21 15:30:00+00:00,-0.0032608695652173,-0.0115594329334788,continuation,over_cap_or_below_cutoff,0.7047861729547048
QQQ_20241218_190500,QQQ,2024-12-18 19:05:00+00:00,-1,3,86.43905011205044,5.292271212276539,9.997597059452415,7.683937895642517,1.2661098679394902,2024-12-18 18:50:00+00:00,2024-12-18 19:05:00+00:00,2024-12-18 19:10:00+00:00,2024-12-18 20:05:00+00:00,-0.0085698282300225,-0.0108849174215174,continuation,near_duplicate,0.6271861233496401
QQQ_20241218_193500,QQQ,2024-12-18 19:35:00+00:00,-1,16,150.37593984962737,4.487997786638858,18.914179461022947,9.330799814511495,2.2141189394243885,2024-12-18 19:20:00+00:00,2024-12-18 19:35:00+00:00,2024-12-18 19:40:00+00:00,2024-12-18 20:35:00+00:00,-0.0041512481920469,-0.0233325788441225,continuation,over_cap_or_below_cutoff,0.7116381500450006
QQQ_20241227_143000,QQQ,2024-12-27 14:30:00+00:00,-1,3,71.02789424309641,6.390609362949604,293.19061066007765,18.37702409483463,0.0593676667084811,2024-12-27 14:15:00+00:00,2024-12-27 14:30:00+00:00,2024-12-27 14:35:00+00:00,2024-12-27 15:30:00+00:00,-0.0043122354697031,-0.011327879169289,continuation,over_cap_or_below_cutoff,0.6920141371896518
QQQ_20241227_150000,QQQ,2024-12-27 15:00:00+00:00,-1,4,60.91702217610351,4.159177324690142,253.31387713410183,18.715509542834067,0.1068791332241724,2024-12-27 14:45:00+00:00,2024-12-27 15:00:00+00:00,2024-12-27 15:05:00+00:00,2024-12-27 16:00:00+00:00,-0.0060548180689522,-0.002190706791191,unclear,near_duplicate,0.5508173917152742
QQQ_20250102_143000,QQQ,2025-01-02 14:30:00+00:00,-1,6,96.43088140177667,4.131070777950371,150.78934523394463,8.632861189371194,0.1555163085135146,2025-01-02 14:15:00+00:00,2025-01-02 14:30:00+00:00,2025-01-02 14:35:00+00:00,2025-01-02 15:30:00+00:00,-0.0043329576807989,-9.75743028315268e-05,unclear,low_strength_unclear,0.6470480743430919
QQQ_20250103_143500,QQQ,2025-01-03 14:35:00+00:00,1,2,60.263029712614994,5.547317284069127,132.30904564315352,10.443552324321915,0.1079424209141552,2025-01-03 14:20:00+00:00,2025-01-03 14:35:00+00:00,2025-01-03 14:40:00+00:00,2025-01-03 15:35:00+00:00,0.0060233918128655,-0.0026545757522912,unclear,low_strength_unclear,0.47641428919910034
QQQ_20250107_150000,QQQ,2025-01-07 15:00:00+00:00,-1,3,87.98036166372425,5.713830358167887,127.2041774811519,11.993003414800928,0.173923424280909,2025-01-07 14:45:00+00:00,2025-01-07 15:00:00+00:00,2025-01-07 15:05:00+00:00,2025-01-07 16:00:00+00:00,-0.007221523569986,-0.0026163560639502,unclear,low_strength_unclear,0.6663466213226722
QQQ_20250107_153500,QQQ,2025-01-07 15:35:00+00:00,-1,4,81.06643965483772,4.389798969143204,81.20083345172137,8.886633308194867,0.2465180021040185,2025-01-07 15:20:00+00:00,2025-01-07 15:35:00+00:00,2025-01-07 15:40:00+00:00,2025-01-07 16:35:00+00:00,-0.0080414547548218,0.0052818945168904,reversal,near_duplicate,0.5651427204987236
QQQ_20250110_133000,QQQ,2025-01-10 13:30:00+00:00,-1,3,107.56282691626762,4.831879247300794,79.1418007829491,25.552905995157605,0.4055462561032159,2025-01-10 13:15:00+00:00,2025-01-10 13:30:00+00:00,2025-01-10 13:35:00+00:00,2025-01-10 14:30:00+00:00,-0.0106418163070757,0.0042081252212216,reversal,over_cap_or_below_cutoff,0.6855089283349491
QQQ_20250113_153500,QQQ,2025-01-13 15:35:00+00:00,1,4,65.98746238214659,4.117064573942802,22.355420603687648,4.075417692923611,0.4971358703696928,2025-01-13 15:20:00+00:00,2025-01-13 15:35:00+00:00,2025-01-13 15:40:00+00:00,2025-01-13 16:35:00+00:00,0.003872906226916,-0.0031420168132404,reversal,over_cap_or_below_cutoff,0.47820043853731664
QQQ_20250128_144000,QQQ,2025-01-28 14:40:00+00:00,-1,6,73.3257927376263,4.144049385716372,49.75790634248245,4.935352928681515,0.2053647524460837,2025-01-28 14:25:00+00:00,2025-01-28 14:40:00+00:00,2025-01-28 14:45:00+00:00,2025-01-28 15:40:00+00:00,-0.005496243958305,0.0116553801832186,reversal,over_cap_or_below_cutoff,0.48369326686398373
QQQ_20250220_145000,QQQ,2025-02-20 14:50:00+00:00,-1,3,71.83060339579717,6.301555997790692,225.608216896456,15.322300435266383,0.1108002607443276,2025-02-20 14:35:00+00:00,2025-02-20 14:50:00+00:00,2025-02-20 14:55:00+00:00,2025-02-20 15:50:00+00:00,-0.0058034802310249,-0.0025497576329283,unclear,low_strength_unclear,0.6939949183608426
QQQ_20250224_143500,QQQ,2025-02-24 14:35:00+00:00,-1,5,89.9277126914999,5.318737703243728,150.46184120465435,10.260796591220917,0.1113699735041831,2025-02-24 14:20:00+00:00,2025-02-24 14:35:00+00:00,2025-02-24 14:40:00+00:00,2025-02-24 15:35:00+00:00,-0.0030667297681021,-0.0091145586085106,continuation,over_cap_or_below_cutoff,0.7012589239384779
QQQ_20250225_144000,QQQ,2025-02-25 14:40:00+00:00,-1,7,67.1127807779559,4.39223047316276,110.24157284261368,6.514274976511986,0.2119850450141891,2025-02-25 14:25:00+00:00,2025-02-25 14:40:00+00:00,2025-02-25 14:45:00+00:00,2025-02-25 15:40:00+00:00,-0.003659546601437,-0.0102190260782153,continuation,over_cap_or_below_cutoff,0.5199765715416238
QQQ_20250228_143000,QQQ,2025-02-28 14:30:00+00:00,-1,2,74.63737501760326,4.620025822301667,178.54766079173203,9.780132458260644,0.1135914080216848,2025-02-28 14:15:00+00:00,2025-02-28 14:30:00+00:00,2025-02-28 14:35:00+00:00,2025-02-28 15:30:00+00:00,-0.0074084428291864,0.0138793328907398,reversal,over_cap_or_below_cutoff,0.5025916288729108
QQQ_20250303_143500,QQQ,2025-03-03 14:35:00+00:00,-1,10,69.19190926425011,5.101223076619377,82.13044498843097,11.967187527630818,0.5191379574130107,2025-03-03 14:20:00+00:00,2025-03-03 14:35:00+00:00,2025-03-03 14:40:00+00:00,2025-03-03 15:35:00+00:00,-0.0042783464874579,-0.0023838019188133,unclear,low_strength_unclear,0.6130291096151947
QQQ_20250320_101000,QQQ,2025-03-20 10:10:00+00:00,-1,4,71.77635997313247,5.004398689919178,8.97840172786177,11.30752576321105,2.2115858713460934,2025-03-20 09:55:00+00:00,2025-03-20 10:10:00+00:00,2025-03-20 10:15:00+00:00,2025-03-20 11:10:00+00:00,-0.0046574487992514,-0.0017338263249148,unclear,low_strength_unclear,0.5927839462812272
QQQ_20250326_135000,QQQ,2025-03-26 13:50:00+00:00,-1,4,63.543424098557736,5.847694049432449,142.5692820185697,9.33335781424346,0.1150696630419395,2025-03-26 13:35:00+00:00,2025-03-26 13:50:00+00:00,2025-03-26 13:55:00+00:00,2025-03-26 14:50:00+00:00,-0.004129548083362,-0.0033519780745993,continuation,over_cap_or_below_cutoff,0.6218917078274193
QQQ_20250328_140000,QQQ,2025-03-28 14:00:00+00:00,-1,7,74.08959204990407,4.102142913675848,210.71449161425576,8.144885191253389,0.0891784491463234,2025-03-28 13:45:00+00:00,2025-03-28 14:00:00+00:00,2025-03-28 14:05:00+00:00,2025-03-28 15:00:00+00:00,-0.003658155289213,-0.0138808983357566,continuation,over_cap_or_below_cutoff,0.5800526068143164
QQQ_20250331_133000,QQQ,2025-03-31 13:30:00+00:00,-1,10,91.78512252550952,4.180021614518226,113.64203870108877,10.943873863018055,0.4878823969657613,2025-03-31 13:15:00+00:00,2025-03-31 13:30:00+00:00,2025-03-31 13:35:00+00:00,2025-03-31 14:30:00+00:00,-0.0090950333772602,0.0064751024679514,reversal,over_cap_or_below_cutoff,0.6586676451846223
QQQ_20250402_133000,QQQ,2025-04-02 13:30:00+00:00,1,4,104.49298373599758,5.050101138368586,107.14137401823598,6.890276850376251,0.1336909750112182,2025-04-02 13:15:00+00:00,2025-04-02 13:30:00+00:00,2025-04-02 13:35:00+00:00,2025-04-02 14:30:00+00:00,0.0034926927527534,0.0087460780170574,continuation,over_cap_or_below_cutoff,0.7166866265197471
QQQ_20250422_134000,QQQ,2025-04-22 13:40:00+00:00,1,4,71.25077074150666,4.123267851248142,101.7153165287666,4.520523014511203,0.0965693532624048,2025-04-22 13:25:00+00:00,2025-04-22 13:40:00+00:00,2025-04-22 13:45:00+00:00,2025-04-22 14:40:00+00:00,0.003281378178835,0.0055725901698919,continuation,over_cap_or_below_cutoff,0.4924612010970478
QQQ_20250422_171000,QQQ,2025-04-22 17:10:00+00:00,-1,4,98.84194336379215,4.602741406519575,3.0676475776753622,4.266958242486775,1.4413599924568652,2025-04-22 16:55:00+00:00,2025-04-22 17:10:00+00:00,2025-04-22 17:15:00+00:00,2025-04-22 18:10:00+00:00,-0.0036096226711206,-0.0040277215246838,continuation,over_cap_or_below_cutoff,0.6746476172321716
QQQ_20250423_151500,QQQ,2025-04-23 15:15:00+00:00,-1,6,78.28045393916571,4.041681020971359,19.43586865927827,5.434701107939425,1.0185361167508764,2025-04-23 15:00:00+00:00,2025-04-23 15:15:00+00:00,2025-04-23 15:20:00+00:00,2025-04-23 16:15:00+00:00,-0.0033795321998835,-0.0122932985204526,continuation,over_cap_or_below_cutoff,0.5539316226898544
QQQ_20250425_135000,QQQ,2025-04-25 13:50:00+00:00,-1,7,68.56382522104853,4.132378219211395,36.42422838612543,4.643919480661928,0.348560874521633,2025-04-25 13:35:00+00:00,2025-04-25 13:50:00+00:00,2025-04-25 13:55:00+00:00,2025-04-25 14:50:00+00:00,-0.0042535000534359,0.0044648606877601,reversal,over_cap_or_below_cutoff,0.47616921453164396
QQQ_20250429_125500,QQQ,2025-04-29 12:55:00+00:00,-1,3,64.36487638533661,4.163983137693005,27.47820463070754,5.242260861310493,0.6758236051464024,2025-04-29 12:40:00+00:00,2025-04-29 12:55:00+00:00,2025-04-29 13:00:00+00:00,2025-04-29 13:55:00+00:00,-0.0041253252660305,0.0025704210392147,unclear,low_strength_unclear,0.45778030186345325
QQQ_20250430_122000,QQQ,2025-04-30 12:20:00+00:00,-1,5,76.4137856043101,6.025150585129339,42.75244218084662,13.813830715003569,0.6101321957897268,2025-04-30 12:05:00+00:00,2025-04-30 12:20:00+00:00,2025-04-30 12:25:00+00:00,2025-04-30 13:20:00+00:00,-0.003705359318163,-0.007825291853616,continuation,over_cap_or_below_cutoff,0.7010128022705127
QQQ_20250501_195500,QQQ,2025-05-01 19:55:00+00:00,-1,3,115.06014032743428,4.887619071700763,8.25982364483109,4.971601812892923,3.001906828355031,2025-05-01 19:40:00+00:00,2025-05-01 19:55:00+00:00,2025-05-01 20:00:00+00:00,2025-05-01 20:55:00+00:00,-0.005209733104546,-0.0043018350339782,continuation,over_cap_or_below_cutoff,0.684250827412492
QQQ_20250506_220000,QQQ,2025-05-06 22:00:00+00:00,1,3,141.12398899357223,4.332111674594334,1.5917798887686163,12.672651365902924,11.557981116464322,2025-05-06 21:45:00+00:00,2025-05-06 22:00:00+00:00,2025-05-06 22:05:00+00:00,2025-05-06 23:00:00+00:00,0.0122548508784727,0.0003294282361177,unclear,over_cap_or_below_cutoff,0.6453670227942623
QQQ_20250519_133500,QQQ,2025-05-19 13:35:00+00:00,1,3,60.95782535145755,5.138672934131994,60.649959790475776,5.091925394797916,0.1590693476517066,2025-05-19 13:20:00+00:00,2025-05-19 13:35:00+00:00,2025-05-19 13:40:00+00:00,2025-05-19 14:35:00+00:00,0.0056433408577878,0.004953752080189,continuation,over_cap_or_below_cutoff,0.4555589939290407
QQQ_20250529_120000,QQQ,2025-05-29 12:00:00+00:00,-1,2,153.87997786010743,4.889026884389351,14.243023054255504,27.874792238953184,2.891435613109468,2025-05-29 11:45:00+00:00,2025-05-29 12:00:00+00:00,2025-05-29 12:05:00+00:00,2025-05-29 13:00:00+00:00,-0.0151547958214626,0.0141344323566452,reversal,over_cap_or_below_cutoff,0.6484122047227756
QQQ_20250602_133000,QQQ,2025-06-02 13:30:00+00:00,1,6,89.61405953625379,5.177384553629508,156.7821365248227,9.672290385663736,0.1729677274750392,2025-06-02 13:15:00+00:00,2025-06-02 13:30:00+00:00,2025-06-02 13:35:00+00:00,2025-06-02 14:30:00+00:00,0.0066865382754282,-3.768472726439765e-05,unclear,over_cap_or_below_cutoff,0.7038609686909021
QQQ_20250611_123000,QQQ,2025-06-11 12:30:00+00:00,1,3,64.07734247653396,4.818044365392327,83.07920543122957,18.692057217500597,0.2742360435970844,2025-06-11 12:15:00+00:00,2025-06-11 12:30:00+00:00,2025-06-11 12:35:00+00:00,2025-06-11 13:30:00+00:00,0.0055468105839142,-0.0038110324263884,reversal,over_cap_or_below_cutoff,0.47982585777416825
QQQ_20250620_142000,QQQ,2025-06-20 14:20:00+00:00,-1,6,65.30734428527695,4.323401051144932,62.705640720345286,7.556736167841212,0.325780180299217,2025-06-20 14:05:00+00:00,2025-06-20 14:20:00+00:00,2025-06-20 14:25:00+00:00,2025-06-20 15:20:00+00:00,-0.0035640203658305,-0.0024791355197667,unclear,low_strength_unclear,0.49159764116698673
QQQ_20250730_195500,QQQ,2025-07-30 19:55:00+00:00,1,4,83.5418943212618,5.335427341574695,7.33112266298107,10.58462047083998,3.755722029946132,2025-07-30 19:40:00+00:00,2025-07-30 19:55:00+00:00,2025-07-30 20:00:00+00:00,2025-07-30 20:55:00+00:00,0.0038343964801301,0.0074108431614152,continuation,over_cap_or_below_cutoff,0.6683161374814193
QQQ_20250917_180000,QQQ,2025-09-17 18:00:00+00:00,1,9,91.11422612739118,4.287286017844087,7.558225234675831,9.149643641370163,2.5755031846522973,2025-09-17 17:45:00+00:00,2025-09-17 18:00:00+00:00,2025-09-17 18:05:00+00:00,2025-09-17 19:00:00+00:00,0.0033626004109843,-0.0023989099710566,unclear,low_strength_unclear,0.6207757610254427
QQQ_20250925_133500,QQQ,2025-09-25 13:35:00+00:00,-1,2,61.160001359112925,6.532334066468024,174.5648896312012,4.44970611271067,0.068803181335665,2025-09-25 13:20:00+00:00,2025-09-25 13:35:00+00:00,2025-09-25 13:40:00+00:00,2025-09-25 14:35:00+00:00,-0.0042884397845649,0.0064434082238236,reversal,over_cap_or_below_cutoff,0.5542635969223341
QQQ_20251029_183500,QQQ,2025-10-29 18:35:00+00:00,-1,5,68.1684871351762,4.273612920260266,7.256058208734595,10.975182711520008,2.9177341767968112,2025-10-29 18:20:00+00:00,2025-10-29 18:35:00+00:00,2025-10-29 18:40:00+00:00,2025-10-29 19:35:00+00:00,-0.0059545375781729,0.0049918387398379,reversal,over_cap_or_below_cutoff,0.5215959406497179
QQQ_20251030_133500,QQQ,2025-10-30 13:35:00+00:00,-1,4,66.05966062844803,4.517202361570233,134.46689132266218,5.135074435403299,0.1632463223150091,2025-10-30 13:20:00+00:00,2025-10-30 13:35:00+00:00,2025-10-30 13:40:00+00:00,2025-10-30 14:35:00+00:00,-0.005949555365676,0.0030562541784724,reversal,over_cap_or_below_cutoff,0.5342127666736489
QQQ_20251113_143500,QQQ,2025-11-13 14:35:00+00:00,-1,13,72.90652864026637,4.809584948167247,83.5494914912899,5.639472005388403,0.2747931154319438,2025-11-13 14:20:00+00:00,2025-11-13 14:35:00+00:00,2025-11-13 14:40:00+00:00,2025-11-13 15:35:00+00:00,-0.0045985200537573,-0.0016229361529076,unclear,low_strength_unclear,0.567882236945841
QQQ_20251114_143000,QQQ,2025-11-14 14:30:00+00:00,-1,5,102.74259132210472,4.730863369300866,64.86162297549015,4.983983085476607,0.110297293490037,2025-11-14 14:15:00+00:00,2025-11-14 14:30:00+00:00,2025-11-14 14:35:00+00:00,2025-11-14 15:30:00+00:00,-0.0046634799553637,0.0148591891032612,reversal,over_cap_or_below_cutoff,0.6507944402295893
QQQ_20251118_144500,QQQ,2025-11-18 14:45:00+00:00,-1,4,73.5356124875608,4.103022920576819,74.4834752276221,4.44260931024563,0.0961649120639584,2025-11-18 14:30:00+00:00,2025-11-18 14:45:00+00:00,2025-11-18 14:50:00+00:00,2025-11-18 15:45:00+00:00,-0.0048899959180613,-0.0057071341269442,continuation,over_cap_or_below_cutoff,0.48125289660138326
QQQ_20251119_144000,QQQ,2025-11-19 14:40:00+00:00,1,6,65.64668380854455,5.296658573225312,91.0151258094578,5.332046043005396,0.2121390497603902,2025-11-19 14:25:00+00:00,2025-11-19 14:40:00+00:00,2025-11-19 14:45:00+00:00,2025-11-19 15:40:00+00:00,0.0053932734825137,0.0068303735048145,continuation,over_cap_or_below_cutoff,0.5683261951449419
QQQ_20251125_144000,QQQ,2025-11-25 14:40:00+00:00,-1,6,89.87843419226094,5.583345298290462,111.49486692940204,8.849867304598,0.201992580059543,2025-11-25 14:25:00+00:00,2025-11-25 14:40:00+00:00,2025-11-25 14:45:00+00:00,2025-11-25 15:40:00+00:00,-0.0052356888410238,0.0046969469844602,reversal,over_cap_or_below_cutoff,0.7080576639993468
QQQ_20251203_140000,QQQ,2025-12-03 14:00:00+00:00,-1,3,86.04515753380282,6.693739615356456,126.33878471732694,14.364735311488088,0.3342060059784909,2025-12-03 13:45:00+00:00,2025-12-03 14:00:00+00:00,2025-12-03 14:05:00+00:00,2025-12-03 15:00:00+00:00,-0.0052444187836797,0.0019348649738009,unclear,over_cap_or_below_cutoff,0.7212205035533235
QQQ_20251211_143000,QQQ,2025-12-11 14:30:00+00:00,-1,8,67.60581604100979,4.210854853215704,127.61528014764774,8.23172747684252,0.1454522723546546,2025-12-11 14:15:00+00:00,2025-12-11 14:30:00+00:00,2025-12-11 14:35:00+00:00,2025-12-11 15:30:00+00:00,-0.0034755658065446,0.0001605696025828,unclear,low_strength_unclear,0.5098909044392681
QQQ_20251212_155500,QQQ,2025-12-12 15:55:00+00:00,-1,3,84.9497727328341,4.938461445146627,94.64043599059627,7.273740990960172,0.1482552606473396,2025-12-12 15:40:00+00:00,2025-12-12 15:55:00+00:00,2025-12-12 16:00:00+00:00,2025-12-12 16:55:00+00:00,-0.0056270054826237,-0.0025556297104163,unclear,low_strength_unclear,0.5669694057397011
QQQ_20251217_153500,QQQ,2025-12-17 15:35:00+00:00,-1,5,69.39143091837741,5.418721624321587,73.4367378540551,5.613789815149942,0.1861498546469905,2025-12-17 15:20:00+00:00,2025-12-17 15:35:00+00:00,2025-12-17 15:40:00+00:00,2025-12-17 16:35:00+00:00,-0.0048797262113347,-0.0064833555478764,continuation,over_cap_or_below_cutoff,0.576925488053031
QQQ_20251218_144000,QQQ,2025-12-18 14:40:00+00:00,-1,8,65.98107774578921,4.620342301784292,108.07593773335633,5.266313401526256,0.1705472015434051,2025-12-18 14:25:00+00:00,2025-12-18 14:40:00+00:00,2025-12-18 14:45:00+00:00,2025-12-18 15:40:00+00:00,-0.003247179218053,0.0071818750205667,reversal,over_cap_or_below_cutoff,0.5239695172242248
QQQ_20251219_143000,QQQ,2025-12-19 14:30:00+00:00,1,5,70.33624154495044,4.320958591134434,210.58529116225657,8.401599116852722,0.0695247810302878,2025-12-19 14:15:00+00:00,2025-12-19 14:30:00+00:00,2025-12-19 14:35:00+00:00,2025-12-19 15:30:00+00:00,0.0031278583562002,0.0025970642590225,unclear,low_strength_unclear,0.5770212720261766
QQQ_20260102_151000,QQQ,2026-01-02 15:10:00+00:00,-1,8,82.48344236317706,4.845000019130731,128.57398910238027,12.551326618330966,0.2330201747466652,2026-01-02 14:55:00+00:00,2026-01-02 15:10:00+00:00,2026-01-02 15:15:00+00:00,2026-01-02 16:10:00+00:00,-0.0050226178785879,-0.0085589010953452,continuation,over_cap_or_below_cutoff,0.6374624775214643
QQQ_20260108_143000,QQQ,2026-01-08 14:30:00+00:00,-1,3,63.32385629361559,6.535034163612727,287.78109172763084,10.992159616643017,0.0485162958350812,2026-01-08 14:15:00+00:00,2026-01-08 14:30:00+00:00,2026-01-08 14:35:00+00:00,2026-01-08 15:30:00+00:00,-0.0031618142714986,-0.0015134682574184,unclear,low_strength_unclear,0.6568379291949887
QQQ_20260109_150500,QQQ,2026-01-09 15:05:00+00:00,-1,5,60.7238680092137,4.218313581056151,168.5231009070295,9.535534934369466,0.106057719875756,2026-01-09 14:50:00+00:00,2026-01-09 15:05:00+00:00,2026-01-09 15:10:00+00:00,2026-01-09 16:05:00+00:00,-0.0036866559485529,0.0093481289299828,reversal,over_cap_or_below_cutoff,0.5034594962939585
QQQ_20260121_163500,QQQ,2026-01-21 16:35:00+00:00,-1,3,64.23457879768391,4.192606126946632,28.179092402165036,3.5021833287631026,0.4390020308905893,2026-01-21 16:20:00+00:00,2026-01-21 16:35:00+00:00,2026-01-21 16:40:00+00:00,2026-01-21 17:35:00+00:00,-0.0048635130965718,-0.0051973270889258,continuation,over_cap_or_below_cutoff,0.42093159269936326
QQQ_20260121_192500,QQQ,2026-01-21 19:25:00+00:00,1,3,92.90900433327032,4.072497180889942,4.231209089564628,5.253193622505417,1.6915929668735674,2026-01-21 19:10:00+00:00,2026-01-21 19:25:00+00:00,2026-01-21 19:30:00+00:00,2026-01-21 20:25:00+00:00,0.0073312714388305,0.002243773167718,unclear,low_strength_unclear,0.5595057318515164
QQQ_20260129_143500,QQQ,2026-01-29 14:35:00+00:00,-1,8,73.1691696820258,5.240665633719739,180.06013161856424,8.250800860947104,0.201406238693677,2026-01-29 14:20:00+00:00,2026-01-29 14:35:00+00:00,2026-01-29 14:40:00+00:00,2026-01-29 15:35:00+00:00,-0.0047852179406192,-0.0141709380008567,continuation,over_cap_or_below_cutoff,0.6587311864239154
QQQ_20260203_143500,QQQ,2026-02-03 14:35:00+00:00,-1,8,73.66826233418777,6.772245714272755,176.90301687404124,21.998005514660253,0.124612822146411,2026-02-03 14:20:00+00:00,2026-02-03 14:35:00+00:00,2026-02-03 14:40:00+00:00,2026-02-03 15:35:00+00:00,-0.0047573587907716,-0.0105194161564163,continuation,over_cap_or_below_cutoff,0.7193327215230463
QQQ_20260204_145500,QQQ,2026-02-04 14:55:00+00:00,-1,2,77.95703336560322,4.659299671400708,157.2165511590591,6.610215550833521,0.2304486815754925,2026-02-04 14:40:00+00:00,2026-02-04 14:55:00+00:00,2026-02-04 15:00:00+00:00,2026-02-04 15:55:00+00:00,-0.0054742741698979,-0.0016873627993839,unclear,low_strength_unclear,0.523888801322619
QQQ_20260218_145000,QQQ,2026-02-18 14:50:00+00:00,1,5,85.11787084876987,4.1450080279915325,114.61394111023918,5.90635960992975,0.1391812583514637,2026-02-18 14:35:00+00:00,2026-02-18 14:50:00+00:00,2026-02-18 14:55:00+00:00,2026-02-18 15:50:00+00:00,0.003289145818798,0.007873037949533,continuation,over_cap_or_below_cutoff,0.5704615853305127
QQQ_20260220_143000,QQQ,2026-02-20 14:30:00+00:00,1,6,82.48212887207896,5.218664249540627,183.0039457748955,10.55902119600553,0.1219421954614524,2026-02-20 14:15:00+00:00,2026-02-20 14:30:00+00:00,2026-02-20 14:35:00+00:00,2026-02-20 15:30:00+00:00,0.0036493917680384,0.0053794683624168,continuation,over_cap_or_below_cutoff,0.6864698188616749
QQQ_20260224_143000,QQQ,2026-02-24 14:30:00+00:00,-1,5,82.55796534562654,5.934313736415383,181.0893280632411,7.442607848847406,0.1043566228421685,2026-02-24 14:15:00+00:00,2026-02-24 14:30:00+00:00,2026-02-24 14:35:00+00:00,2026-02-24 15:30:00+00:00,-0.0038483794857,0.0108690224537693,reversal,over_cap_or_below_cutoff,0.7367008660624645
QQQ_20260323_110500,QQQ,2026-03-23 11:05:00+00:00,1,5,350.9716409356956,4.572139604835682,18.717303730127004,33.083301094423575,5.186168912733842,2026-03-23 10:50:00+00:00,2026-03-23 11:05:00+00:00,2026-03-23 11:10:00+00:00,2026-03-23 12:05:00+00:00,0.0337098175499566,-0.0080181543116489,reversal,over_cap_or_below_cutoff,0.7281594317763771
QQQ_20260324_202000,QQQ,2026-03-24 20:20:00+00:00,1,2,109.0316063418162,4.075021408854096,2.4466653641723903,6.128432694773239,5.670634605147125,2026-03-24 20:05:00+00:00,2026-03-24 20:20:00+00:00,2026-03-24 20:25:00+00:00,2026-03-24 21:20:00+00:00,0.0109031606341813,-0.0031131648375135,reversal,over_cap_or_below_cutoff,0.5712189743724692
QQQ_20260326_135000,QQQ,2026-03-26 13:50:00+00:00,1,1,66.14759181422957,4.555938850222378,65.92056063194909,3.142715805438882,0.1077910164067068,2026-03-26 13:35:00+00:00,2026-03-26 13:50:00+00:00,2026-03-26 13:55:00+00:00,2026-03-26 14:50:00+00:00,0.0066147591814236,-0.0065370661920735,reversal,over_cap_or_below_cutoff,0.3292885899522572
QQQ_20260402_143500,QQQ,2026-04-02 14:35:00+00:00,1,3,108.2614184667019,4.573744539475998,77.46192245330474,12.40436213045417,0.4586239786071819,2026-04-02 14:20:00+00:00,2026-04-02 14:35:00+00:00,2026-04-02 14:40:00+00:00,2026-04-02 15:35:00+00:00,0.0096143054234145,-0.0011544283014512,unclear,low_strength_unclear,0.6734975697615262
QQQ_20260407_135500,QQQ,2026-04-07 13:55:00+00:00,-1,5,73.41157007702436,5.0070340986772806,44.30524779406886,3.556963667989342,0.3558251749211621,2026-04-07 13:40:00+00:00,2026-04-07 13:55:00+00:00,2026-04-07 14:00:00+00:00,2026-04-07 14:55:00+00:00,-0.0031391937318767,-0.004607780885861,continuation,over_cap_or_below_cutoff,0.5702242634275307
QQQ_20260421_194000,QQQ,2026-04-21 19:40:00+00:00,-1,2,75.9237650719502,4.074412484754301,4.29823915125617,5.072078832598277,2.025678278377609,2026-04-21 19:25:00+00:00,2026-04-21 19:40:00+00:00,2026-04-21 19:45:00+00:00,2026-04-21 20:40:00+00:00,-0.007535166684681,0.0053986775573706,reversal,over_cap_or_below_cutoff,0.43590234511666637
QQQ_20260429_201000,QQQ,2026-04-29 20:10:00+00:00,-1,3,75.0746177742534,4.224000097655807,1.9762271429212208,6.013825028315692,7.616462287751605,2026-04-29 19:55:00+00:00,2026-04-29 20:10:00+00:00,2026-04-29 20:15:00+00:00,2026-04-29 21:10:00+00:00,-0.0074515197775125,0.0021928488761651,unclear,over_cap_or_below_cutoff,0.4942188319297731
SPY_20240531_194500,SPY,2024-05-31 19:45:00+00:00,1,4,67.58175674386192,4.837377750186081,27.741987390083946,3.909332562848823,1.0425618824059877,2024-05-31 19:30:00+00:00,2024-05-31 19:45:00+00:00,2024-05-31 19:50:00+00:00,2024-05-31 20:45:00+00:00,0.0042011981549179,0.0058227630964522,continuation,over_cap_or_below_cutoff,0.5429514739012924
SPY_20240607_123000,SPY,2024-06-07 12:30:00+00:00,-1,3,64.3195666892371,6.507702006171224,444.6795752654591,78.89056953442268,0.1391494841845743,2024-06-07 12:15:00+00:00,2024-06-07 12:30:00+00:00,2024-06-07 12:35:00+00:00,2024-06-07 13:30:00+00:00,-0.0039626168224299,-0.0005442125806934,unclear,low_strength_unclear,0.6724712367792343
SPY_20240612_123000,SPY,2024-06-12 12:30:00+00:00,1,3,66.03791134177416,5.639850793297063,308.1685154590512,87.9441633764078,0.2310906965540716,2024-06-12 12:15:00+00:00,2024-06-12 12:30:00+00:00,2024-06-12 12:35:00+00:00,2024-06-12 13:30:00+00:00,0.0062301240445592,0.0004990204413559,unclear,low_strength_unclear,0.6393319100360668
SPY_20240802_223000,SPY,2024-08-02 22:30:00+00:00,1,2,99.15147410208604,4.215657644707704,0.0393766944512675,11.499654811945806,1009.5266810314528,2024-08-02 22:15:00+00:00,2024-08-02 22:30:00+00:00,2024-08-02 22:35:00+00:00,2024-08-02 23:30:00+00:00,0.0099151474102086,-0.0105629866984611,reversal,over_cap_or_below_cutoff,0.5505128316746295
SPY_20240808_123000,SPY,2024-08-08 12:30:00+00:00,1,3,80.208232912371,4.347193052304481,62.256327342826935,9.405350057401474,0.2550591847564561,2024-08-08 12:15:00+00:00,2024-08-08 12:30:00+00:00,2024-08-08 12:35:00+00:00,2024-08-08 13:30:00+00:00,0.0063029282008737,0.0031399578786139,continuation,over_cap_or_below_cutoff,0.4799881448659581
SPY_20241121_143500,SPY,2024-11-21 14:35:00+00:00,-1,2,74.01245989577143,5.372652932711698,172.55669679539852,9.29781148231128,0.1281065877493691,2024-11-21 14:20:00+00:00,2024-11-21 14:35:00+00:00,2024-11-21 14:40:00+00:00,2024-11-21 15:35:00+00:00,-0.0073468699974724,-0.0017145088186864,unclear,low_strength_unclear,0.5477862783178651
SPY_20250102_143500,SPY,2025-01-02 14:35:00+00:00,-1,5,62.94135707706428,4.147359638800948,114.50951630500668,7.205056412563094,0.0885856553459007,2025-01-02 14:20:00+00:00,2025-01-02 14:35:00+00:00,2025-01-02 14:40:00+00:00,2025-01-02 15:35:00+00:00,-0.005732311240757,0.0015523829017842,unclear,low_strength_unclear,0.4669206684341634
SPY_20250107_150000,SPY,2025-01-07 15:00:00+00:00,-1,3,63.50117976049674,5.748179178826411,270.5918026706232,15.8529364746387,0.1051662197398437,2025-01-07 14:45:00+00:00,2025-01-07 15:00:00+00:00,2025-01-07 15:05:00+00:00,2025-01-07 16:00:00+00:00,-0.0049606167253226,-0.0004904503654798,unclear,low_strength_unclear,0.6348115490341666
SPY_20250110_133000,SPY,2025-01-10 13:30:00+00:00,-1,3,93.64055773749324,5.00162093297264,169.33183301451558,30.71881869847034,0.1909540522984437,2025-01-10 13:15:00+00:00,2025-01-10 13:30:00+00:00,2025-01-10 13:35:00+00:00,2025-01-10 14:30:00+00:00,-0.0092771837080833,0.0036187764762376,reversal,over_cap_or_below_cutoff,0.6371547641004547
SPY_20250130_203500,SPY,2025-01-30 20:35:00+00:00,-1,4,67.5058053664257,4.187181474480893,9.221272449933572,4.879788354806758,1.0577259017696703,2025-01-30 20:20:00+00:00,2025-01-30 20:35:00+00:00,2025-01-30 20:40:00+00:00,2025-01-30 21:35:00+00:00,-0.0046987832624392,0.0010932763504447,unclear,low_strength_unclear,0.4755607359746578
SPY_20250203_152000,SPY,2025-02-03 15:20:00+00:00,1,3,105.54532031048949,4.453934978160578,82.69045017097332,12.189137265782076,0.288457127829152,2025-02-03 15:05:00+00:00,2025-02-03 15:20:00+00:00,2025-02-03 15:25:00+00:00,2025-02-03 16:20:00+00:00,0.005202351192487,0.0059651834924048,continuation,over_cap_or_below_cutoff,0.5936876738524529
SPY_20250402_133500,SPY,2025-04-02 13:35:00+00:00,1,3,67.83172687146121,4.39339468117591,201.8932814862821,6.681212621418198,0.0440606063113861,2025-04-02 13:20:00+00:00,2025-04-02 13:35:00+00:00,2025-04-02 13:40:00+00:00,2025-04-02 14:35:00+00:00,0.0057449529057935,0.0045034559323855,continuation,over_cap_or_below_cutoff,0.4971501235618599
SPY_20250422_155500,SPY,2025-04-22 15:55:00+00:00,1,4,64.31420446955327,4.573344436074941,54.08352125788766,4.873791912280814,0.5156307228718426,2025-04-22 15:40:00+00:00,2025-04-22 15:55:00+00:00,2025-04-22 16:00:00+00:00,2025-04-22 16:55:00+00:00,0.0043547425922227,0.0026407814964746,unclear,low_strength_unclear,0.4986482016379415
SPY_20250422_171000,SPY,2025-04-22 17:10:00+00:00,-1,4,84.52964268317764,4.617919879933838,3.465874168909524,4.215662169107653,1.2311479598888335,2025-04-22 16:55:00+00:00,2025-04-22 17:10:00+00:00,2025-04-22 17:15:00+00:00,2025-04-22 18:10:00+00:00,-0.0035607358032599,-0.002341724353743,unclear,low_strength_unclear,0.5815153299628746
SPY_20250430_194500,SPY,2025-04-30 19:45:00+00:00,1,5,94.37564780972352,4.138418213955066,16.934991442955116,4.16279371031086,1.3941120466815649,2025-04-30 19:30:00+00:00,2025-04-30 19:45:00+00:00,2025-04-30 19:50:00+00:00,2025-04-30 20:45:00+00:00,0.0056938077566761,0.0090440444966988,continuation,over_cap_or_below_cutoff,0.586805528992477
SPY_20250501_195500,SPY,2025-05-01 19:55:00+00:00,-1,3,100.06826919622736,4.929402907136292,8.574681101008919,4.403529870060096,3.217021430689334,2025-05-01 19:40:00+00:00,2025-05-01 19:55:00+00:00,2025-05-01 20:00:00+00:00,2025-05-01 20:55:00+00:00,-0.0052191880867132,-0.0026143322708878,unclear,low_strength_unclear,0.6670874564306608
SPY_20250506_220000,SPY,2025-05-06 22:00:00+00:00,1,3,114.45588604642732,4.204438307004041,1.2981819053850818,11.826573446014748,14.012967071803669,2025-05-06 21:45:00+00:00,2025-05-06 22:00:00+00:00,2025-05-06 22:05:00+00:00,2025-05-06 23:00:00+00:00,0.0100082521761728,-0.0001420631115374,unclear,over_cap_or_below_cutoff,0.6557868316166576
SPY_20250730_195500,SPY,2025-07-30 19:55:00+00:00,1,4,62.20103247398745,4.690238703854294,10.209266325980328,8.448950250740367,4.980148519460188,2025-07-30 19:40:00+00:00,2025-07-30 19:55:00+00:00,2025-07-30 20:00:00+00:00,2025-07-30 20:55:00+00:00,0.0041305311135024,0.0043972324228906,continuation,over_cap_or_below_cutoff,0.5573304183391767
SPY_20250917_180000,SPY,2025-09-17 18:00:00+00:00,1,7,71.01016584105668,5.622097986523912,8.222497961791861,9.216479523130172,1.8326759276642215,2025-09-17 17:45:00+00:00,2025-09-17 18:00:00+00:00,2025-09-17 18:05:00+00:00,2025-09-17 19:00:00+00:00,0.0041510149876684,-0.0042018711929988,reversal,over_cap_or_below_cutoff,0.6492149138888794
SPY_20251029_183500,SPY,2025-10-29 18:35:00+00:00,-1,5,68.93120051515655,4.53545647296017,12.284038167301862,13.9596050526757,2.099845648639856,2025-10-29 18:20:00+00:00,2025-10-29 18:35:00+00:00,2025-10-29 18:40:00+00:00,2025-10-29 19:35:00+00:00,-0.0061583144514804,0.002706458927657,unclear,low_strength_unclear,0.5561473535081003
SPY_20251114_143000,SPY,2025-11-14 14:30:00+00:00,-1,3,63.89294917194866,4.272145861316886,138.91230302437114,5.038523982064806,0.0547631686998287,2025-11-14 14:15:00+00:00,2025-11-14 14:30:00+00:00,2025-11-14 14:35:00+00:00,2025-11-14 15:30:00+00:00,-0.00369330550843,0.0092825605400761,reversal,over_cap_or_below_cutoff,0.4420301125437078
SPY_20251121_123000,SPY,2025-11-21 12:30:00+00:00,1,4,72.74684712396117,4.283041738985238,21.947763419483103,6.89053668041963,0.6077252114352816,2025-11-21 12:15:00+00:00,2025-11-21 12:30:00+00:00,2025-11-21 12:35:00+00:00,2025-11-21 13:30:00+00:00,0.0033165458788848,0.0029995102840352,unclear,low_strength_unclear,0.49160030572855584
SPY_20251125_144500,SPY,2025-11-25 14:45:00+00:00,-1,2,67.89882098171107,5.475519594007828,277.8011822212118,10.407977981222906,0.1024048269043613,2025-11-25 14:30:00+00:00,2025-11-25 14:45:00+00:00,2025-11-25 14:50:00+00:00,2025-11-25 15:45:00+00:00,-0.0067440905186899,0.0074816530317611,reversal,over_cap_or_below_cutoff,0.5761487706738625
SPY_20251212_155500,SPY,2025-12-12 15:55:00+00:00,-1,3,67.29158708236093,5.885702324011153,132.8449448548647,9.13761183794443,0.11579000139666,2025-12-12 15:40:00+00:00,2025-12-12 15:55:00+00:00,2025-12-12 16:00:00+00:00,2025-12-12 16:55:00+00:00,-0.0050788091068301,-0.0016437833714723,unclear,low_strength_unclear,0.6000931115330063
SPY_20260121_192500,SPY,2026-01-21 19:25:00+00:00,1,4,81.51694965042644,4.3564621721599535,5.848536802086799,5.525315962751656,1.431107135521059,2026-01-21 19:10:00+00:00,2026-01-21 19:25:00+00:00,2026-01-21 19:30:00+00:00,2026-01-21 20:25:00+00:00,0.006366991633214,0.001395382817066,unclear,low_strength_unclear,0.5555536273052992
SPY_20260217_143500,SPY,2026-02-17 14:35:00+00:00,1,4,68.78695224008968,4.994124231646604,323.37905405405405,8.106622726291011,0.080443787791813,2026-02-17 14:20:00+00:00,2026-02-17 14:35:00+00:00,2026-02-17 14:40:00+00:00,2026-02-17 15:35:00+00:00,0.0040309530114455,-0.009714570390341,reversal,over_cap_or_below_cutoff,0.6349525025936542
SPY_20260226_151000,SPY,2026-02-26 15:10:00+00:00,-1,4,67.9974318566523,7.109056093337678,270.6074274399961,10.1470094940074,0.0828376116090068,2026-02-26 14:55:00+00:00,2026-02-26 15:10:00+00:00,2026-02-26 15:15:00+00:00,2026-02-26 16:10:00+00:00,-0.0030260471715869,0.0,unclear,over_cap_or_below_cutoff,0.7337148461088696
SPY_20260402_143500,SPY,2026-04-02 14:35:00+00:00,1,2,88.21133838422756,4.693366552630366,128.42333371053525,11.89750309766598,0.1378762011801743,2026-04-02 14:20:00+00:00,2026-04-02 14:35:00+00:00,2026-04-02 14:40:00+00:00,2026-04-02 15:35:00+00:00,0.0088211338384227,-0.0018889481300936,unclear,low_strength_unclear,0.517653236565738
SPY_20260421_194000,SPY,2026-04-21 19:40:00+00:00,-1,5,64.49181586768881,4.3521176246080415,6.606721938941618,6.258020168697343,7.290777449338896,2026-04-21 19:25:00+00:00,2026-04-21 19:40:00+00:00,2026-04-21 19:45:00+00:00,2026-04-21 20:40:00+00:00,-0.0064078561588186,0.0041525050128699,reversal,over_cap_or_below_cutoff,0.533401317428275
TSLA_20240524_133500,TSLA,2024-05-24 13:35:00+00:00,1,6,133.63984236678616,4.623846161093474,260.44393352164485,9.843312235918049,0.0914787862971197,2024-05-24 13:20:00+00:00,2024-05-24 13:35:00+00:00,2024-05-24 13:40:00+00:00,2024-05-24 14:35:00+00:00,0.0063215102974827,0.0092947898013131,continuation,over_cap_or_below_cutoff,0.5354451568306067
TSLA_20240529_133000,TSLA,2024-05-29 13:30:00+00:00,1,6,192.3165137614724,5.133576873634673,413.882999408234,25.07192122292719,0.0624543246899606,2024-05-29 13:15:00+00:00,2024-05-29 13:30:00+00:00,2024-05-29 13:35:00+00:00,2024-05-29 14:30:00+00:00,0.0059667240390131,0.0021848979126268,unclear,over_cap_or_below_cutoff,0.7080290694826321
TSLA_20240530_103500,TSLA,2024-05-30 10:35:00+00:00,1,3,124.0610061461478,5.171413769114149,13.380671051164864,18.192093012604733,2.722570060021672,2024-05-30 10:15:00+00:00,2024-05-30 10:35:00+00:00,2024-05-30 10:40:00+00:00,2024-05-30 11:35:00+00:00,0.0097961043399019,0.0012972363226169,unclear,low_strength_unclear,0.5062260772947256
TSLA_20240530_133000,TSLA,2024-05-30 13:30:00+00:00,-1,18,171.6083366102983,4.159671647528201,434.5329098027628,8.798840706916028,0.1753438074817249,2024-05-30 13:15:00+00:00,2024-05-30 13:30:00+00:00,2024-05-30 13:35:00+00:00,2024-05-30 14:30:00+00:00,-0.0044142052781529,0.0126590309359384,reversal,over_cap_or_below_cutoff,0.6051662317232067
TSLA_20240531_123000,TSLA,2024-05-31 12:30:00+00:00,1,4,103.5892267204197,4.658545796395006,28.232249374639213,12.019369310021592,0.7385672117259429,2024-05-31 12:15:00+00:00,2024-05-31 12:30:00+00:00,2024-05-31 12:35:00+00:00,2024-05-31 13:30:00+00:00,0.0103589226720419,-0.0151452006207049,reversal,over_cap_or_below_cutoff,0.4402095583689657
TSLA_20240604_084500,TSLA,2024-06-04 08:45:00+00:00,1,4,99.36611272914676,5.491147710514673,3.52095206168287,10.617666245646944,18.46024365803568,2024-06-04 08:30:00+00:00,2024-06-04 08:45:00+00:00,2024-06-04 08:50:00+00:00,2024-06-04 09:45:00+00:00,0.004258943781942,-0.0065592309867118,reversal,over_cap_or_below_cutoff,0.5554312518351137
TSLA_20240604_130000,TSLA,2024-06-04 13:00:00+00:00,-1,3,164.5547847027129,4.577420575679214,84.81604880337869,21.466730503637187,0.3344649553695379,2024-06-04 12:45:00+00:00,2024-06-04 13:00:00+00:00,2024-06-04 13:05:00+00:00,2024-06-04 14:00:00+00:00,-0.0161890794223826,0.0068803394300787,reversal,over_cap_or_below_cutoff,0.44231785898767145
TSLA_20240606_133000,TSLA,2024-06-06 13:30:00+00:00,1,8,126.78971882007728,4.763534359031874,603.0933434621593,25.022770576880845,0.0978038156835773,2024-06-06 13:15:00+00:00,2024-06-06 13:30:00+00:00,2024-06-06 13:35:00+00:00,2024-06-06 14:30:00+00:00,0.0078688336957766,-0.0132345342531868,reversal,over_cap_or_below_cutoff,0.6063428322871429
TSLA_20240607_120500,TSLA,2024-06-07 12:05:00+00:00,1,2,67.17850287908611,4.433404632515774,12.33764733071412,14.267811939615148,1.471300133106755,2024-06-07 11:50:00+00:00,2024-06-07 12:05:00+00:00,2024-06-07 12:10:00+00:00,2024-06-07 13:05:00+00:00,0.0067178502879079,-0.0112712387147424,reversal,near_duplicate,0.32432365343826597
TSLA_20240607_123000,TSLA,2024-06-07 12:30:00+00:00,-1,6,88.62629246676468,4.213714774068153,59.63693089900624,37.92912110194779,0.3657153070676528,2024-06-07 12:15:00+00:00,2024-06-07 12:30:00+00:00,2024-06-07 12:35:00+00:00,2024-06-07 13:30:00+00:00,-0.0066441441441441,0.0112799002380683,reversal,over_cap_or_below_cutoff,0.36625723268582344
TSLA_20240607_133000,TSLA,2024-06-07 13:30:00+00:00,1,6,139.59030812007887,4.111788717353351,419.22299710835176,27.35162606079832,0.1140864860942634,2024-06-07 13:15:00+00:00,2024-06-07 13:30:00+00:00,2024-06-07 13:35:00+00:00,2024-06-07 14:30:00+00:00,0.0096774193548387,-0.0025777703043551,unclear,low_strength_unclear,0.560861262766212
TSLA_20240612_122500,TSLA,2024-06-12 12:25:00+00:00,1,5,129.12558685445498,6.017017502012623,67.34481025383262,20.53122706719127,1.6142506433787025,2024-06-12 12:10:00+00:00,2024-06-12 12:25:00+00:00,2024-06-12 12:30:00+00:00,2024-06-12 13:25:00+00:00,0.0041652000469316,-0.0001752643570719,unclear,low_strength_unclear,0.6576866827088415
TSLA_20240617_131500,TSLA,2024-06-17 13:15:00+00:00,1,7,166.31716367177197,4.911229654062382,344.89388228472023,17.1708426319263,0.7106900100661545,2024-06-17 13:00:00+00:00,2024-06-17 13:15:00+00:00,2024-06-17 13:20:00+00:00,2024-06-17 14:15:00+00:00,0.0030087143503847,0.0247010324865712,continuation,over_cap_or_below_cutoff,0.697489095234145
TSLA_20240617_142000,TSLA,2024-06-17 14:20:00+00:00,1,21,172.71244488017868,4.380483059165047,228.38851106431457,6.884843828689678,0.9402188212351268,2024-06-17 14:05:00+00:00,2024-06-17 14:20:00+00:00,2024-06-17 14:25:00+00:00,2024-06-17 15:20:00+00:00,0.0044705038353292,0.0175524571187466,continuation,over_cap_or_below_cutoff,0.6132610379807681
TSLA_20240618_133000,TSLA,2024-06-18 13:30:00+00:00,-1,4,132.70373687209957,4.375386105832634,261.53888303477345,11.679092023872895,0.0769280965046696,2024-06-18 13:15:00+00:00,2024-06-18 13:30:00+00:00,2024-06-18 13:35:00+00:00,2024-06-18 14:30:00+00:00,-0.0130898021308979,-0.0067312791540852,continuation,over_cap_or_below_cutoff,0.5105945459567081
TSLA_20240620_132500,TSLA,2024-06-20 13:25:00+00:00,1,5,164.377516685974,4.870528782446734,357.61489827856025,27.13111229590185,1.0194993807726629,2024-06-20 13:10:00+00:00,2024-06-20 13:25:00+00:00,2024-06-20 13:30:00+00:00,2024-06-20 14:25:00+00:00,0.0044577330796413,-0.0125020295502517,reversal,over_cap_or_below_cutoff,0.7259065012042203
TSLA_20240625_132500,TSLA,2024-06-25 13:25:00+00:00,-1,15,152.56813986317397,5.020370839937296,290.9000135482997,10.22161915379963,0.7153270503794926,2024-06-25 13:10:00+00:00,2024-06-25 13:25:00+00:00,2024-06-25 13:30:00+00:00,2024-06-25 14:25:00+00:00,-0.0034641407307171,0.0108630709901689,reversal,over_cap_or_below_cutoff,0.6645036184591684
TSLA_20240628_133500,TSLA,2024-06-28 13:35:00+00:00,1,24,145.76381745653234,4.943971222362699,444.97068778338337,24.508749186146343,1.1133290100109203,2024-06-28 13:20:00+00:00,2024-06-28 13:35:00+00:00,2024-06-28 13:40:00+00:00,2024-06-28 14:35:00+00:00,0.0086936936936936,-0.0003820638393942,unclear,over_cap_or_below_cutoff,0.7339788038609845
TSLA_20240705_132500,TSLA,2024-07-05 13:25:00+00:00,-1,16,255.43161540798164,4.259992512230459,201.56514756899765,11.193265907616077,0.3270168160087143,2024-07-05 13:10:00+00:00,2024-07-05 13:25:00+00:00,2024-07-05 13:30:00+00:00,2024-07-05 14:25:00+00:00,-0.0046998844943642,-0.012925687302413,continuation,over_cap_or_below_cutoff,0.6219673345868433
TSLA_20240709_133000,TSLA,2024-07-09 13:30:00+00:00,1,20,154.19555343055168,4.238267655698836,310.27327423546586,17.788276888473565,0.156819869469208,2024-07-09 13:15:00+00:00,2024-07-09 13:30:00+00:00,2024-07-09 13:35:00+00:00,2024-07-09 14:30:00+00:00,0.0130681094844047,0.0062840474260617,continuation,over_cap_or_below_cutoff,0.5540163320885272
TSLA_20240711_121000,TSLA,2024-07-11 12:10:00+00:00,1,8,109.46555054731854,4.935480157487016,61.887628768547394,16.890839541762574,0.6490764288505005,2024-07-11 11:55:00+00:00,2024-07-11 12:10:00+00:00,2024-07-11 12:15:00+00:00,2024-07-11 13:10:00+00:00,0.0046787629807143,0.0023084204149628,unclear,low_strength_unclear,0.4822809147108391
TSLA_20240711_145500,TSLA,2024-07-11 14:55:00+00:00,-1,17,406.4878651416737,4.447960786420733,121.01223501182756,11.190821303708857,0.9268267474091562,2024-07-11 14:40:00+00:00,2024-07-11 14:55:00+00:00,2024-07-11 15:00:00+00:00,2024-07-11 15:55:00+00:00,-0.0125835401732994,-0.0639719138438182,continuation,over_cap_or_below_cutoff,0.6889320005048849
TSLA_20240716_133500,TSLA,2024-07-16 13:35:00+00:00,-1,16,186.53228756044803,5.254770820956832,171.0012322992109,10.566992368084833,0.1247964003087441,2024-07-16 13:20:00+00:00,2024-07-16 13:35:00+00:00,2024-07-16 13:40:00+00:00,2024-07-16 14:35:00+00:00,-0.0077094665988337,-0.0123836567281906,continuation,over_cap_or_below_cutoff,0.60627126588203
TSLA_20240723_133000,TSLA,2024-07-23 13:30:00+00:00,-1,10,208.33833954103432,4.409420445610103,198.7787713529553,12.022347610212345,0.1858164468386519,2024-07-23 13:15:00+00:00,2024-07-23 13:30:00+00:00,2024-07-23 13:35:00+00:00,2024-07-23 14:30:00+00:00,-0.0038538676314443,-0.0162646559551538,continuation,over_cap_or_below_cutoff,0.5712341545728519
TSLA_20240724_132500,TSLA,2024-07-24 13:25:00+00:00,-1,16,224.3822674418605,4.279492971502677,125.70746320323266,6.909740742509992,1.3326135798037355,2024-07-24 13:10:00+00:00,2024-07-24 13:25:00+00:00,2024-07-24 13:30:00+00:00,2024-07-24 14:25:00+00:00,-0.0083700440528634,-0.035699689027099,continuation,over_cap_or_below_cutoff,0.6382709716248733
TSLA_20240729_100000,TSLA,2024-07-29 10:00:00+00:00,1,4,113.79030073151108,4.381102466520905,12.095752170851911,15.20286271848594,3.1969910548847547,2024-07-29 09:45:00+00:00,2024-07-29 10:00:00+00:00,2024-07-29 10:05:00+00:00,2024-07-29 11:00:00+00:00,0.0084500677812922,-8.961778016747246e-05,unclear,low_strength_unclear,0.4700181729844502
TSLA_20240802_090000,TSLA,2024-08-02 09:00:00+00:00,1,3,284.6264567952828,4.84909838896314,4.431881005660129,7.360535500614348,8.804308606405327,2024-08-02 08:45:00+00:00,2024-08-02 09:00:00+00:00,2024-08-02 09:05:00+00:00,2024-08-02 10:00:00+00:00,0.0104118248582318,0.0028981507038365,unclear,over_cap_or_below_cutoff,0.6429034351459955
TSLA_20240822_133000,TSLA,2024-08-22 13:30:00+00:00,-1,8,114.20719482801545,5.006162921382238,338.3037470584686,19.71657685345569,0.1499804641905187,2024-08-22 13:15:00+00:00,2024-08-22 13:30:00+00:00,2024-08-22 13:35:00+00:00,2024-08-22 14:30:00+00:00,-0.0112917594654787,-0.009825422927038,continuation,over_cap_or_below_cutoff,0.5968982636352738
TSLA_20240826_133000,TSLA,2024-08-26 13:30:00+00:00,-1,4,95.93210958398046,4.032277963245121,324.1936332873794,15.081416318985552,0.0680450651821121,2024-08-26 13:15:00+00:00,2024-08-26 13:30:00+00:00,2024-08-26 13:35:00+00:00,2024-08-26 14:30:00+00:00,-0.0095020557332116,-0.0208237247486393,continuation,near_duplicate,0.4717727007127532
TSLA_20240826_141000,TSLA,2024-08-26 14:10:00+00:00,-1,8,197.5412912912877,5.860053838074333,147.63409987753437,7.512230497237179,0.0895164125870159,2024-08-26 13:55:00+00:00,2024-08-26 14:10:00+00:00,2024-08-26 14:15:00+00:00,2024-08-26 15:10:00+00:00,-0.0121283939254487,-0.0065432337438189,continuation,over_cap_or_below_cutoff,0.6588479457961588
TSLA_20240827_132500,TSLA,2024-08-27 13:25:00+00:00,1,12,221.1125912167145,4.220388147852395,385.1932004856796,16.507820881718324,0.7704552915519799,2024-08-27 13:10:00+00:00,2024-08-27 13:25:00+00:00,2024-08-27 13:30:00+00:00,2024-08-27 14:25:00+00:00,0.0035294117647057,-0.019390386869871,reversal,over_cap_or_below_cutoff,0.717000189501283
TSLA_20240829_132500,TSLA,2024-08-29 13:25:00+00:00,1,11,159.99885065177466,4.113230452396289,224.53227439071867,6.64848566365398,0.8240064085895058,2024-08-29 13:10:00+00:00,2024-08-29 13:25:00+00:00,2024-08-29 13:30:00+00:00,2024-08-29 14:25:00+00:00,0.0040671802478586,0.0079379527258862,continuation,over_cap_or_below_cutoff,0.5623150004194055
TSLA_20240910_133000,TSLA,2024-09-10 13:30:00+00:00,1,17,187.2098030256564,4.833613447456979,370.6413420354885,13.936992264255371,0.2365873418347081,2024-09-10 13:15:00+00:00,2024-09-10 13:30:00+00:00,2024-09-10 13:35:00+00:00,2024-09-10 14:30:00+00:00,0.0107043086582647,0.003003924954545,continuation,over_cap_or_below_cutoff,0.6842032315247413
TSLA_20240911_132500,TSLA,2024-09-11 13:25:00+00:00,-1,6,235.88922767228348,4.826472466689325,276.7192628412596,10.563365118363668,0.5751691264203491,2024-09-11 13:10:00+00:00,2024-09-11 13:25:00+00:00,2024-09-11 13:30:00+00:00,2024-09-11 14:25:00+00:00,-0.0058914728682171,-0.0241065858657874,continuation,over_cap_or_below_cutoff,0.7158991591511907
TSLA_20240913_132500,TSLA,2024-09-13 13:25:00+00:00,-1,14,174.161000219355,4.724497850159899,735.5906958171109,34.24109819843987,0.2455423656797352,2024-09-13 13:10:00+00:00,2024-09-13 13:25:00+00:00,2024-09-13 13:30:00+00:00,2024-09-13 14:25:00+00:00,-0.003017844646606,-0.0008335161219565,unclear,over_cap_or_below_cutoff,0.6667491795830396
TSLA_20240916_133000,TSLA,2024-09-16 13:30:00+00:00,-1,7,197.24566859173453,4.909837047509865,379.6624434894235,22.238942027336105,0.1099797344610304,2024-09-16 13:15:00+00:00,2024-09-16 13:30:00+00:00,2024-09-16 13:35:00+00:00,2024-09-16 14:30:00+00:00,-0.0193430338938747,0.0002581075077743,unclear,low_strength_unclear,0.6956126760329514
TSLA_20240917_133000,TSLA,2024-09-17 13:30:00+00:00,1,17,186.78747366366989,4.718586379280287,586.4607580174927,22.02451539651253,0.4049892128882542,2024-09-17 13:15:00+00:00,2024-09-17 13:30:00+00:00,2024-09-17 13:35:00+00:00,2024-09-17 14:30:00+00:00,0.0136541484716157,-0.0015155509833418,unclear,low_strength_unclear,0.6939633094026734
TSLA_20240919_133500,TSLA,2024-09-19 13:35:00+00:00,1,8,196.2047054782734,4.561965813108499,221.0465405674465,11.893879910819868,0.1334668796798298,2024-09-19 13:20:00+00:00,2024-09-19 13:35:00+00:00,2024-09-19 13:40:00+00:00,2024-09-19 14:35:00+00:00,0.0094618546108398,0.0165397105306797,continuation,over_cap_or_below_cutoff,0.5796156490467741
TSLA_20240920_132500,TSLA,2024-09-20 13:25:00+00:00,-1,5,125.08091628558036,4.571466937370226,191.0527458492976,9.569442761324664,0.50749772000359,2024-09-20 13:10:00+00:00,2024-09-20 13:25:00+00:00,2024-09-20 13:30:00+00:00,2024-09-20 14:25:00+00:00,-0.0062139917695472,-0.0072880864632076,continuation,over_cap_or_below_cutoff,0.5214284837961322
TSLA_20240925_133000,TSLA,2024-09-25 13:30:00+00:00,1,7,147.38127619418063,4.127121258692287,376.29804185064313,15.491338531314003,0.1061926103225555,2024-09-25 13:15:00+00:00,2024-09-25 13:30:00+00:00,2024-09-25 13:35:00+00:00,2024-09-25 14:30:00+00:00,0.0147381276194176,-0.0023046264457642,unclear,low_strength_unclear,0.5670471701787356
TSLA_20240926_141000,TSLA,2024-09-26 14:10:00+00:00,-1,12,142.18566392478982,5.305463055920613,112.32058296277326,6.125029296044204,0.2319649762222403,2024-09-26 13:55:00+00:00,2024-09-26 14:10:00+00:00,2024-09-26 14:15:00+00:00,2024-09-26 15:10:00+00:00,-0.0044788743224021,-0.0188843190638938,continuation,over_cap_or_below_cutoff,0.5416127468108866
TSLA_20240927_083000,TSLA,2024-09-27 08:30:00+00:00,1,2,69.04939385617092,4.1489937229184495,2.6548756415317807,5.377998619187894,7.764510558120697,2024-09-27 08:15:00+00:00,2024-09-27 08:30:00+00:00,2024-09-27 08:35:00+00:00,2024-09-27 09:30:00+00:00,0.0069049393856173,-0.0039353204753554,reversal,over_cap_or_below_cutoff,0.29581334197270615
TSLA_20240930_133000,TSLA,2024-09-30 13:30:00+00:00,1,16,195.54474557948564,5.351947809095668,251.52442245226317,14.110699461217315,0.0977072890442373,2024-09-30 13:15:00+00:00,2024-09-30 13:30:00+00:00,2024-09-30 13:35:00+00:00,2024-09-30 14:30:00+00:00,0.0166194197444984,-0.0116418251820225,reversal,over_cap_or_below_cutoff,0.6655254843713236
TSLA_20241001_133500,TSLA,2024-10-01 13:35:00+00:00,-1,28,145.29582929194927,5.17817609189343,256.3710779873178,23.53196893202268,0.3607875223732383,2024-10-01 13:20:00+00:00,2024-10-01 13:35:00+00:00,2024-10-01 13:40:00+00:00,2024-10-01 14:35:00+00:00,-0.0102180875400333,-0.0358104776579354,continuation,over_cap_or_below_cutoff,0.6213922557633753
TSLA_20241007_090000,TSLA,2024-10-07 09:00:00+00:00,-1,3,71.48020239338804,4.316186987290336,2.835933924187576,7.5511019531528785,8.62938013731753,2024-10-07 08:45:00+00:00,2024-10-07 09:00:00+00:00,2024-10-07 09:05:00+00:00,2024-10-07 10:00:00+00:00,-0.0035879445064582,-0.001520364887573,unclear,over_cap_or_below_cutoff,0.36444880029554955
TSLA_20241014_140000,TSLA,2024-10-14 14:00:00+00:00,-1,12,188.28732399893244,4.810485587670394,94.3902003826875,7.266068022054115,0.2926025522478694,2024-10-14 13:45:00+00:00,2024-10-14 14:00:00+00:00,2024-10-14 14:05:00+00:00,2024-10-14 15:00:00+00:00,-0.007003221417808,0.0093127284705059,reversal,over_cap_or_below_cutoff,0.5408850677010054
TSLA_20241015_081500,TSLA,2024-10-15 08:15:00+00:00,-1,5,79.02398447247717,4.845214946112008,3.783919783919784,8.085092371509251,22.440313054472888,2024-10-15 08:00:00+00:00,2024-10-15 08:15:00+00:00,2024-10-15 08:20:00+00:00,2024-10-15 09:15:00+00:00,-0.0035662033650328,-0.0005964944480132,unclear,over_cap_or_below_cutoff,0.4720916010183236
TSLA_20241015_132000,TSLA,2024-10-15 13:20:00+00:00,1,8,135.1916693192612,4.025162672969175,348.8022056490003,17.330007326910906,0.5033904388022566,2024-10-15 13:05:00+00:00,2024-10-15 13:20:00+00:00,2024-10-15 13:25:00+00:00,2024-10-15 14:20:00+00:00,0.0035028659812574,0.0015068679450565,unclear,low_strength_unclear,0.5651790467226545
TSLA_20241017_133000,TSLA,2024-10-17 13:30:00+00:00,-1,9,141.64081072905788,5.246177260492334,220.06344546381243,12.193447598987,0.0853319051745367,2024-10-17 13:15:00+00:00,2024-10-17 13:30:00+00:00,2024-10-17 13:35:00+00:00,2024-10-17 14:30:00+00:00,-0.0139662618083671,0.0029412126993599,unclear,low_strength_unclear,0.5799007562540299
TSLA_20241023_133500,TSLA,2024-10-23 13:35:00+00:00,1,6,72.3960701127968,4.113787294660543,235.3308188344081,9.732857253537912,0.1467852452653936,2024-10-23 13:20:00+00:00,2024-10-23 13:35:00+00:00,2024-10-23 13:40:00+00:00,2024-10-23 14:35:00+00:00,0.0042140653064983,-0.008186842165608,reversal,over_cap_or_below_cutoff,0.4137090292637638
TSLA_20241024_133000,TSLA,2024-10-24 13:30:00+00:00,1,8,231.74329972953436,4.97789168641689,146.87072729156287,9.21139717719649,0.1794838486098275,2024-10-24 13:15:00+00:00,2024-10-24 13:30:00+00:00,2024-10-24 13:35:00+00:00,2024-10-24 14:30:00+00:00,0.0128190312269484,0.0090508484588793,continuation,over_cap_or_below_cutoff,0.6210568270231234
TSLA_20241029_132500,TSLA,2024-10-29 13:25:00+00:00,1,15,152.20191470843417,4.254909086297735,104.36185340713875,9.164007371862072,0.6122069663312063,2024-10-29 13:10:00+00:00,2024-10-29 13:25:00+00:00,2024-10-29 13:30:00+00:00,2024-10-29 14:25:00+00:00,0.0051661918328584,-0.0133781792071351,reversal,over_cap_or_below_cutoff,0.48418446808266796
TSLA_20241030_133000,TSLA,2024-10-30 13:30:00+00:00,1,19,149.68670225110614,4.07362049870635,201.7544595076704,11.055749716388688,0.3086625557397518,2024-10-30 13:15:00+00:00,2024-10-30 13:30:00+00:00,2024-10-30 13:35:00+00:00,2024-10-30 14:30:00+00:00,0.0061033210332104,0.0114685549026276,continuation,over_cap_or_below_cutoff,0.4895010773062307
TSLA_20241031_133500,TSLA,2024-10-31 13:35:00+00:00,-1,4,199.09931263333516,5.147536084483201,181.46505701992564,13.182696443447046,0.1185306058751865,2024-10-31 13:20:00+00:00,2024-10-31 13:35:00+00:00,2024-10-31 13:40:00+00:00,2024-10-31 14:35:00+00:00,-0.0046161604406687,-0.0109508963367109,continuation,over_cap_or_below_cutoff,0.6148070717656127
TSLA_20241101_133500,TSLA,2024-11-01 13:35:00+00:00,1,7,133.26955931943775,4.969756373178448,156.5476717145936,10.54722762832094,0.1261498635059747,2024-11-01 13:20:00+00:00,2024-11-01 13:35:00+00:00,2024-11-01 13:40:00+00:00,2024-11-01 14:35:00+00:00,0.0052842668977319,-0.0043491645026086,reversal,over_cap_or_below_cutoff,0.5149388239177883
TSLA_20241104_143000,TSLA,2024-11-04 14:30:00+00:00,-1,13,181.3168449197855,4.124415491180567,141.82656098975448,11.070357170301452,0.1875808812027364,2024-11-04 14:15:00+00:00,2024-11-04 14:30:00+00:00,2024-11-04 14:35:00+00:00,2024-11-04 15:30:00+00:00,-0.010005734884483,0.0186306208193236,reversal,over_cap_or_below_cutoff,0.48546226756585825
TSLA_20241107_145500,TSLA,2024-11-07 14:55:00+00:00,1,9,178.73256056084364,5.415228366673729,113.1425696750176,6.85255914556482,0.1593612704205145,2024-11-07 14:40:00+00:00,2024-11-07 14:55:00+00:00,2024-11-07 15:00:00+00:00,2024-11-07 15:55:00+00:00,0.0115116480922128,0.0217796246864119,continuation,over_cap_or_below_cutoff,0.5850585896324816
TSLA_20241114_143000,TSLA,2024-11-14 14:30:00+00:00,1,28,193.41423334597653,4.2372536161739305,205.04629928657408,9.628319410009896,0.8458797412072965,2024-11-14 14:15:00+00:00,2024-11-14 14:30:00+00:00,2024-11-14 14:35:00+00:00,2024-11-14 15:30:00+00:00,0.0041620761415106,-0.0314516030720468,reversal,over_cap_or_below_cutoff,0.6013109030244208
TSLA_20241125_141000,TSLA,2024-11-25 14:10:00+00:00,1,13,252.01370058513197,4.673770282248513,146.08370692864196,11.87743956023839,1.011389194590994,2024-11-25 13:55:00+00:00,2024-11-25 14:10:00+00:00,2024-11-25 14:15:00+00:00,2024-11-25 15:10:00+00:00,0.0032658031661685,-0.036855448275862,reversal,over_cap_or_below_cutoff,0.6881948683427346
TSLA_20241125_205000,TSLA,2024-11-25 20:50:00+00:00,-1,5,271.92669284778594,4.128793493623262,7.595500066291755,8.87854624460987,4.516673139786475,2024-11-25 20:35:00+00:00,2024-11-25 20:50:00+00:00,2024-11-25 20:55:00+00:00,2024-11-25 21:50:00+00:00,-0.0126273405863148,-0.0127946718079046,continuation,over_cap_or_below_cutoff,0.6130079568419546
TSLA_20241127_143500,TSLA,2024-11-27 14:35:00+00:00,-1,3,119.23276308968944,4.55981076485222,175.9452515177797,12.685913286829418,0.1239161882277446,2024-11-27 14:20:00+00:00,2024-11-27 14:35:00+00:00,2024-11-27 14:40:00+00:00,2024-11-27 15:35:00+00:00,-0.011782786885246,-0.0286899207583499,continuation,near_duplicate,0.42183870833892884
TSLA_20241127_151000,TSLA,2024-11-27 15:10:00+00:00,-1,7,206.4169015792161,5.162446607279247,261.8682127422874,11.201255184195984,0.1879311055567325,2024-11-27 14:55:00+00:00,2024-11-27 15:10:00+00:00,2024-11-27 15:15:00+00:00,2024-11-27 16:10:00+00:00,-0.0081303758689761,-0.0175792995899559,continuation,over_cap_or_below_cutoff,0.6731120511114418
TSLA_20241203_135500,TSLA,2024-12-03 13:55:00+00:00,-1,3,82.74717532910758,4.615631876415696,14.876344701304646,3.52823733512817,0.9902274581528916,2024-12-03 13:40:00+00:00,2024-12-03 13:55:00+00:00,2024-12-03 14:00:00+00:00,2024-12-03 14:55:00+00:00,-0.0059715287606042,0.0031162989323842,reversal,over_cap_or_below_cutoff,0.3791218760317633
TSLA_20241204_142500,TSLA,2024-12-04 14:25:00+00:00,-1,7,130.5131801139159,5.644086211000452,215.2212819589485,16.319457131653664,0.6615123657337941,2024-12-04 14:10:00+00:00,2024-12-04 14:25:00+00:00,2024-12-04 14:30:00+00:00,2024-12-04 15:25:00+00:00,-0.0033030320140026,-0.0045602605863193,continuation,over_cap_or_below_cutoff,0.6537363512667982
TSLA_20241209_143000,TSLA,2024-12-09 14:30:00+00:00,1,26,187.2221480347247,4.552482428632986,101.03631657665888,8.426478957037665,1.467361538529009,2024-12-09 14:15:00+00:00,2024-12-09 14:30:00+00:00,2024-12-09 14:35:00+00:00,2024-12-09 15:30:00+00:00,0.0070173667205168,-0.0332894670877826,reversal,over_cap_or_below_cutoff,0.6106182748804003
TSLA_20241210_142000,TSLA,2024-12-10 14:20:00+00:00,1,11,221.83545109622395,6.169116621095534,193.24435780160456,14.307737482599316,0.1603107179541661,2024-12-10 14:05:00+00:00,2024-12-10 14:20:00+00:00,2024-12-10 14:25:00+00:00,2024-12-10 15:20:00+00:00,0.0046269076407883,0.031145038167939,continuation,over_cap_or_below_cutoff,0.7212637767248851
TSLA_20241213_143000,TSLA,2024-12-13 14:30:00+00:00,-1,21,159.84678501573146,4.811871649610527,119.4490306857206,8.08034631867349,0.6298515417804628,2024-12-13 14:15:00+00:00,2024-12-13 14:30:00+00:00,2024-12-13 14:35:00+00:00,2024-12-13 15:30:00+00:00,-0.0048197920129161,0.0278182035070977,reversal,over_cap_or_below_cutoff,0.5538688967506877
TSLA_20241216_143500,TSLA,2024-12-16 14:35:00+00:00,1,23,196.58897510798744,5.1292007480899136,83.00280533371533,8.230551210967947,0.6874486263850158,2024-12-16 14:20:00+00:00,2024-12-16 14:35:00+00:00,2024-12-16 14:40:00+00:00,2024-12-16 15:35:00+00:00,0.0135950975941896,0.0028437716921561,unclear,low_strength_unclear,0.6085738543565484
TSLA_20241217_142500,TSLA,2024-12-17 14:25:00+00:00,1,33,298.5726699978231,4.783319779421119,114.28371094758585,10.520927154234656,1.1365268071291592,2024-12-17 14:10:00+00:00,2024-12-17 14:25:00+00:00,2024-12-17 14:30:00+00:00,2024-12-17 15:25:00+00:00,0.007020957134096,-0.0073710073710073,reversal,over_cap_or_below_cutoff,0.7352464097221976
TSLA_20241218_161500,TSLA,2024-12-18 16:15:00+00:00,-1,13,204.36038875755403,4.128967472056191,24.76294667855736,3.821316124594736,0.8357038818294618,2024-12-18 16:00:00+00:00,2024-12-18 16:15:00+00:00,2024-12-18 16:20:00+00:00,2024-12-18 17:15:00+00:00,-0.0054468119722935,0.0104561936082299,reversal,over_cap_or_below_cutoff,0.5059431187728047
TSLA_20241218_200000,TSLA,2024-12-18 20:00:00+00:00,-1,2,448.60022396417065,4.600283899423168,4.236782271878035,6.650380330700027,2.6534048183883776,2024-12-18 19:45:00+00:00,2024-12-18 20:00:00+00:00,2024-12-18 20:05:00+00:00,2024-12-18 21:00:00+00:00,-0.0429340021006151,-0.0222396416573348,continuation,over_cap_or_below_cutoff,0.5770148360920343
TSLA_20241227_143000,TSLA,2024-12-27 14:30:00+00:00,-1,30,195.8615604405778,5.321162721574126,143.1199043564472,10.713326576846578,0.502612282197529,2024-12-27 14:15:00+00:00,2024-12-27 14:30:00+00:00,2024-12-27 14:35:00+00:00,2024-12-27 15:30:00+00:00,-0.0065144257547065,-0.030444513215197,continuation,over_cap_or_below_cutoff,0.6412588100445725
TSLA_20241231_143000,TSLA,2024-12-31 14:30:00+00:00,-1,23,203.673832968192,4.071724835459593,96.8474051655948,10.509413606559,0.5122014854957939,2024-12-31 14:15:00+00:00,2024-12-31 14:30:00+00:00,2024-12-31 14:35:00+00:00,2024-12-31 15:30:00+00:00,-0.0077938641033513,0.0016707528980504,unclear,low_strength_unclear,0.5094998502170356
TSLA_20250103_141500,TSLA,2025-01-03 14:15:00+00:00,1,18,159.28634859633252,4.093650696161204,115.73299450598614,9.679671207892994,0.982993885811341,2025-01-03 14:00:00+00:00,2025-01-03 14:15:00+00:00,2025-01-03 14:20:00+00:00,2025-01-03 15:15:00+00:00,0.0065597658035811,0.0047251308900524,continuation,over_cap_or_below_cutoff,0.5158707830082774
TSLA_20250110_133000,TSLA,2025-01-10 13:30:00+00:00,-1,6,193.14962657739576,4.968844998373931,31.4231945624469,17.75320482645579,1.1323567615769865,2025-01-10 13:15:00+00:00,2025-01-10 13:30:00+00:00,2025-01-10 13:35:00+00:00,2025-01-10 14:30:00+00:00,-0.0189489641232946,0.0218642801957249,reversal,over_cap_or_below_cutoff,0.6020742409111506
TSLA_20250113_143000,TSLA,2025-01-13 14:30:00+00:00,1,30,181.63510321056896,4.124326250736307,99.25078983950462,8.687271937023045,0.8785389188887425,2025-01-13 14:15:00+00:00,2025-01-13 14:30:00+00:00,2025-01-13 14:35:00+00:00,2025-01-13 15:30:00+00:00,0.0075250967146782,0.004031003732891,continuation,over_cap_or_below_cutoff,0.5246381842150238
TSLA_20250115_133000,TSLA,2025-01-15 13:30:00+00:00,1,5,311.89718666232216,5.0391660265759,70.10140073081608,27.07548754106867,0.6581043475383522,2025-01-15 13:15:00+00:00,2025-01-15 13:30:00+00:00,2025-01-15 13:35:00+00:00,2025-01-15 14:30:00+00:00,0.0311897186662324,-0.0058549147271755,reversal,over_cap_or_below_cutoff,0.6928919670052172
TSLA_20250116_143000,TSLA,2025-01-16 14:30:00+00:00,-1,5,151.97762202089794,5.400002788275417,159.35452614496074,8.948083526801566,0.1059347342716707,2025-01-16 14:15:00+00:00,2025-01-16 14:30:00+00:00,2025-01-16 14:35:00+00:00,2025-01-16 15:30:00+00:00,-0.0110901546586194,-0.0112471868324688,continuation,over_cap_or_below_cutoff,0.5747874188923365
TSLA_20250117_140500,TSLA,2025-01-17 14:05:00+00:00,1,21,161.16018390473607,5.296677036133255,330.5493054686522,13.03233934435098,0.392471164743865,2025-01-17 13:50:00+00:00,2025-01-17 14:05:00+00:00,2025-01-17 14:10:00+00:00,2025-01-17 15:05:00+00:00,0.0038318292508234,0.0194361005077712,continuation,over_cap_or_below_cutoff,0.6918430618514709
TSLA_20250122_143000,TSLA,2025-01-22 14:30:00+00:00,1,9,259.2459173871275,4.800236942237602,203.56410910017843,19.604411554680876,0.2140727455953354,2025-01-22 14:15:00+00:00,2025-01-22 14:30:00+00:00,2025-01-22 14:35:00+00:00,2025-01-22 15:30:00+00:00,0.0259245917387127,-0.0101007736513769,reversal,over_cap_or_below_cutoff,0.6673695108830768
TSLA_20250123_145500,TSLA,2025-01-23 14:55:00+00:00,-1,6,136.25029950790068,4.033121031605943,97.03045178229972,9.836557289003434,0.1495362193209862,2025-01-23 14:40:00+00:00,2025-01-23 14:55:00+00:00,2025-01-23 15:00:00+00:00,2025-01-23 15:55:00+00:00,-0.0040244842876421,0.000508117786542,unclear,low_strength_unclear,0.4012800911118218
TSLA_20250128_143000,TSLA,2025-01-28 14:30:00+00:00,-1,6,262.4251676616751,6.256932446526475,138.51072879875431,8.887746298198946,0.1234990656275558,2025-01-28 14:15:00+00:00,2025-01-28 14:30:00+00:00,2025-01-28 14:35:00+00:00,2025-01-28 15:30:00+00:00,-0.0113034263511125,0.0042362068085539,reversal,over_cap_or_below_cutoff,0.732395201084576
TSLA_20250203_142500,TSLA,2025-02-03 14:25:00+00:00,-1,27,271.1276992801892,4.313613250030476,119.55128567391918,7.780357699647615,0.8676768351061669,2025-02-03 14:10:00+00:00,2025-02-03 14:25:00+00:00,2025-02-03 14:30:00+00:00,2025-02-03 15:25:00+00:00,-0.0079166043444985,-0.0055082882929478,continuation,over_cap_or_below_cutoff,0.6482431498245667
TSLA_20250205_143000,TSLA,2025-02-05 14:30:00+00:00,-1,11,107.30500995835612,4.343407145617401,268.4865368581098,12.857375338914066,0.0906233685524318,2025-02-05 14:15:00+00:00,2025-02-05 14:30:00+00:00,2025-02-05 14:35:00+00:00,2025-02-05 15:30:00+00:00,-0.0106165797759768,-0.0046081025912588,continuation,over_cap_or_below_cutoff,0.4852612240496522
TSLA_20250206_092000,TSLA,2025-02-06 09:20:00+00:00,-1,4,111.69584362582086,4.576890681525714,2.355806804564164,5.501070076332342,12.315297517606217,2025-02-06 09:05:00+00:00,2025-02-06 09:20:00+00:00,2025-02-06 09:25:00+00:00,2025-02-06 10:20:00+00:00,-0.0110462028677642,-0.0025238964665449,unclear,over_cap_or_below_cutoff,0.48145916672118266
TSLA_20250206_143500,TSLA,2025-02-06 14:35:00+00:00,-1,14,156.27552409474666,4.890712322328792,82.98178891236543,4.944781316999615,0.1456100616655969,2025-02-06 14:20:00+00:00,2025-02-06 14:35:00+00:00,2025-02-06 14:40:00+00:00,2025-02-06 15:35:00+00:00,-0.0098423085174855,-0.0079900327726767,continuation,over_cap_or_below_cutoff,0.4947941827274916
TSLA_20250210_142500,TSLA,2025-02-10 14:25:00+00:00,-1,13,162.95066144325298,6.464764602696318,176.29897838899802,10.75748740414345,0.8408106611293625,2025-02-10 14:10:00+00:00,2025-02-10 14:25:00+00:00,2025-02-10 14:30:00+00:00,2025-02-10 15:25:00+00:00,-0.0061954064688972,0.013450900002808,reversal,over_cap_or_below_cutoff,0.7095942269118145
TSLA_20250211_142500,TSLA,2025-02-11 14:25:00+00:00,-1,16,147.69239848914316,4.94082462515082,120.7403884617094,7.9409403289918865,0.5665865073433358,2025-02-11 14:10:00+00:00,2025-02-11 14:25:00+00:00,2025-02-11 14:30:00+00:00,2025-02-11 15:25:00+00:00,-0.0036875918296794,-0.0053196657317178,continuation,over_cap_or_below_cutoff,0.5478735177352185
TSLA_20250220_143000,TSLA,2025-02-20 14:30:00+00:00,-1,11,159.60170697012498,4.516900292510259,160.01248458692973,9.59581275501734,0.1069485947532297,2025-02-20 14:15:00+00:00,2025-02-20 14:30:00+00:00,2025-02-20 14:35:00+00:00,2025-02-20 15:30:00+00:00,-0.0132423114053233,-0.0130787227916779,continuation,over_cap_or_below_cutoff,0.5011960528780555
TSLA_20250221_142500,TSLA,2025-02-21 14:25:00+00:00,-1,6,126.40677029960524,4.319100301766143,232.09787873726407,12.322231424450738,0.6106457847741067,2025-02-21 14:10:00+00:00,2025-02-21 14:25:00+00:00,2025-02-21 14:30:00+00:00,2025-02-21 15:25:00+00:00,-0.0055139818826308,-0.0137199434229138,continuation,over_cap_or_below_cutoff,0.530431089183044
TSLA_20250221_152000,TSLA,2025-02-21 15:20:00+00:00,-1,6,158.8218307825584,4.450255025681913,175.3500355366027,7.331736738156439,0.1089987579221084,2025-02-21 15:05:00+00:00,2025-02-21 15:20:00+00:00,2025-02-21 15:25:00+00:00,2025-02-21 16:20:00+00:00,-0.0046754560817084,-0.0123938685965012,continuation,near_duplicate,0.5025147693903822
TSLA_20250227_142500,TSLA,2025-02-27 14:25:00+00:00,-1,25,362.36489890447257,4.131678774494186,79.70048573290998,8.98446338086526,0.766115049772359,2025-02-27 14:10:00+00:00,2025-02-27 14:25:00+00:00,2025-02-27 14:30:00+00:00,2025-02-27 15:25:00+00:00,-0.014420147586487,0.0075559829646929,reversal,over_cap_or_below_cutoff,0.6231397174273263
TSLA_20250306_143000,TSLA,2025-03-06 14:30:00+00:00,-1,17,261.5648631829059,5.426793876959088,161.5481519629204,8.15489381080396,0.2760472155864039,2025-03-06 14:15:00+00:00,2025-03-06 14:30:00+00:00,2025-03-06 14:35:00+00:00,2025-03-06 15:30:00+00:00,-0.0158204562178072,0.0072104672897197,reversal,over_cap_or_below_cutoff,0.7113112114666011
TSLA_20250307_143000,TSLA,2025-03-07 14:30:00+00:00,1,28,224.27440633245644,4.138758604127174,125.02119135127975,8.451211503010962,1.0740407485311707,2025-03-07 14:15:00+00:00,2025-03-07 14:30:00+00:00,2025-03-07 14:35:00+00:00,2025-03-07 15:30:00+00:00,0.0139085375250422,-0.0185055217139028,reversal,over_cap_or_below_cutoff,0.6029367480374079
TSLA_20250313_132500,TSLA,2025-03-13 13:25:00+00:00,1,16,370.3394081257305,4.248899369828458,84.35720424217813,4.794871611371175,0.2255745750572469,2025-03-13 13:10:00+00:00,2025-03-13 13:25:00+00:00,2025-03-13 13:30:00+00:00,2025-03-13 14:25:00+00:00,0.0040709187309611,-0.0348246674727932,reversal,over_cap_or_below_cutoff,0.5883889680402801
TSLA_20250317_132000,TSLA,2025-03-17 13:20:00+00:00,-1,6,277.91687531296463,4.633892917272124,209.3794086213039,12.337668447730689,0.5226675880030411,2025-03-17 13:05:00+00:00,2025-03-17 13:20:00+00:00,2025-03-17 13:25:00+00:00,2025-03-17 14:20:00+00:00,-0.0038508309687879,-0.0225839267548322,continuation,over_cap_or_below_cutoff,0.7025250248849169
TSLA_20250318_112500,TSLA,2025-03-18 11:25:00+00:00,-1,5,128.58384013901158,4.537641431824503,9.440518345513448,5.146677747500825,1.1627295098245212,2025-03-18 11:10:00+00:00,2025-03-18 11:25:00+00:00,2025-03-18 11:30:00+00:00,2025-03-18 12:25:00+00:00,-0.0064102564102563,-0.0062365591397849,continuation,over_cap_or_below_cutoff,0.4835601829289495
TSLA_20250318_133500,TSLA,2025-03-18 13:35:00+00:00,-1,21,219.67223224472087,4.279823149703491,121.8516216340199,7.453251427196066,0.4830339634284201,2025-03-18 13:20:00+00:00,2025-03-18 13:35:00+00:00,2025-03-18 13:40:00+00:00,2025-03-18 14:35:00+00:00,-0.0186403508771929,0.0067696089385476,reversal,over_cap_or_below_cutoff,0.5567942248439964
TSLA_20250325_133000,TSLA,2025-03-25 13:30:00+00:00,-1,6,344.5193421568771,4.327195450479556,88.16658547955394,7.514141712667923,0.1766329541074994,2025-03-25 13:15:00+00:00,2025-03-25 13:30:00+00:00,2025-03-25 13:35:00+00:00,2025-03-25 14:30:00+00:00,-0.0202014846235417,-0.0019301188736765,unclear,over_cap_or_below_cutoff,0.5933507111457379
TSLA_20250326_132000,TSLA,2025-03-26 13:20:00+00:00,-1,14,217.8413111112909,4.575702428432085,134.9089094013137,8.635543273223272,0.3162047287716271,2025-03-26 13:05:00+00:00,2025-03-26 13:20:00+00:00,2025-03-26 13:25:00+00:00,2025-03-26 14:20:00+00:00,-0.0081008457462494,-0.0287761264100562,continuation,over_cap_or_below_cutoff,0.5744783460892846
TSLA_20250327_142500,TSLA,2025-03-27 14:25:00+00:00,1,25,298.4428941311812,4.3781305434334215,44.99618511285708,3.677185794842187,1.294148775233606,2025-03-27 14:10:00+00:00,2025-03-27 14:25:00+00:00,2025-03-27 14:30:00+00:00,2025-03-27 15:25:00+00:00,0.0112259441496029,0.0160747472916005,continuation,over_cap_or_below_cutoff,0.6746133187160812
TSLA_20250328_131000,TSLA,2025-03-28 13:10:00+00:00,1,32,268.7353847295948,4.19065429269644,111.98207903097696,8.34276583020715,1.1715262679720635,2025-03-28 12:55:00+00:00,2025-03-28 13:10:00+00:00,2025-03-28 13:15:00+00:00,2025-03-28 14:10:00+00:00,0.0074884583227308,-0.0312105358109325,reversal,over_cap_or_below_cutoff,0.6572540688580593
TSLA_20250402_201000,TSLA,2025-04-02 20:10:00+00:00,1,22,626.1929232124563,4.030919143032373,0.7777065378241219,8.345730235651192,23.71890596293321,2025-04-02 19:55:00+00:00,2025-04-02 20:10:00+00:00,2025-04-02 20:15:00+00:00,2025-04-02 21:10:00+00:00,0.0241624509144939,-0.0805181347150258,reversal,over_cap_or_below_cutoff,0.6248856544207055
TSLA_20250408_131000,TSLA,2025-04-08 13:10:00+00:00,1,17,253.7860738776465,4.024325049981608,106.74409066574718,5.49223102384379,0.4032887543664022,2025-04-08 12:55:00+00:00,2025-04-08 13:10:00+00:00,2025-04-08 13:15:00+00:00,2025-04-08 14:10:00+00:00,0.0068235391423019,0.0170048467920806,continuation,over_cap_or_below_cutoff,0.5544881975430878
TSLA_20250409_171500,TSLA,2025-04-09 17:15:00+00:00,1,4,558.5924154424338,4.160579548827459,5.414176062526879,5.223251751194934,1.7395796819526352,2025-04-09 17:00:00+00:00,2025-04-09 17:15:00+00:00,2025-04-09 17:20:00+00:00,2025-04-09 18:15:00+00:00,0.0223574658721101,0.0784208350558082,continuation,over_cap_or_below_cutoff,0.6360760292455685
TSLA_20250422_133500,TSLA,2025-04-22 13:35:00+00:00,1,6,178.77670920584342,5.694742061585664,128.7654199743569,6.474871753932884,0.1104368259997932,2025-04-22 13:20:00+00:00,2025-04-22 13:35:00+00:00,2025-04-22 13:40:00+00:00,2025-04-22 14:35:00+00:00,0.008815616110585,0.0117994644525096,continuation,over_cap_or_below_cutoff,0.6151032737870983
TSLA_20250423_132500,TSLA,2025-04-23 13:25:00+00:00,-1,27,299.0033222591415,4.573111142911823,96.00503335319677,11.525134171719772,1.394374567784739,2025-04-23 13:10:00+00:00,2025-04-23 13:25:00+00:00,2025-04-23 13:30:00+00:00,2025-04-23 14:25:00+00:00,-0.004167049248544,-0.0009220386863891,unclear,over_cap_or_below_cutoff,0.7221111648663263
TSLA_20250430_120500,TSLA,2025-04-30 12:05:00+00:00,-1,9,188.13277446786623,6.067544067880696,34.04103951744743,12.790307436052622,2.105082722669114,2025-04-30 11:50:00+00:00,2025-04-30 12:05:00+00:00,2025-04-30 12:10:00+00:00,2025-04-30 13:05:00+00:00,-0.0032370344587538,-0.0257359360268184,continuation,over_cap_or_below_cutoff,0.7033066964470942
TSLA_20250430_133000,TSLA,2025-04-30 13:30:00+00:00,-1,22,216.23201110380964,4.449761952308821,162.20625847133007,13.777729627962518,0.5405837134127888,2025-04-30 13:15:00+00:00,2025-04-30 13:30:00+00:00,2025-04-30 13:35:00+00:00,2025-04-30 14:30:00+00:00,-0.004403971144918,-0.0075728119121853,continuation,over_cap_or_below_cutoff,0.5955666783865388
TSLA_20250505_133000,TSLA,2025-05-05 13:30:00+00:00,-1,5,146.93295292439012,4.818656199773986,162.4784759767418,11.323500821459312,0.1422892527104806,2025-05-05 13:15:00+00:00,2025-05-05 13:30:00+00:00,2025-05-05 13:35:00+00:00,2025-05-05 14:30:00+00:00,-0.0119950825430276,-0.0229838064596407,continuation,over_cap_or_below_cutoff,0.520146591298053
TSLA_20250506_130500,TSLA,2025-05-06 13:05:00+00:00,-1,11,166.92318968044572,4.896882029416709,233.42343004039665,11.461500915622288,0.5345329650081573,2025-05-06 12:50:00+00:00,2025-05-06 13:05:00+00:00,2025-05-06 13:10:00+00:00,2025-05-06 14:05:00+00:00,-0.0040713272985057,-0.0028841018857083,unclear,low_strength_unclear,0.6216713460694818
TSLA_20250506_220000,TSLA,2025-05-06 22:00:00+00:00,1,4,177.0105694327695,4.270363631228219,0.38172234245875,5.263197074055033,28.681029161408446,2025-05-06 21:45:00+00:00,2025-05-06 22:00:00+00:00,2025-05-06 22:05:00+00:00,2025-05-06 23:00:00+00:00,0.0123659571355423,0.0083883337168817,continuation,over_cap_or_below_cutoff,0.5230741088970772
TSLA_20250508_133000,TSLA,2025-05-08 13:30:00+00:00,1,11,222.9584527220685,5.148892713668227,213.033785414354,17.29132411317637,0.137212147609373,2025-05-08 13:15:00+00:00,2025-05-08 13:30:00+00:00,2025-05-08 13:35:00+00:00,2025-05-08 14:30:00+00:00,0.0166161760502998,-0.010226614639851,reversal,over_cap_or_below_cutoff,0.6590585093127641
TSLA_20250514_145500,TSLA,2025-05-14 14:55:00+00:00,-1,13,202.19576684070265,4.153182070296138,31.592935875531094,5.161134781796281,0.5072171747317126,2025-05-14 14:40:00+00:00,2025-05-14 14:55:00+00:00,2025-05-14 15:00:00+00:00,2025-05-14 15:55:00+00:00,-0.0034647796341428,0.0204926485753853,reversal,over_cap_or_below_cutoff,0.4802552752609207
TSLA_20250523_114000,TSLA,2025-05-23 11:40:00+00:00,-1,10,180.29449083774017,5.336661663765598,63.12122062040725,25.269516675814437,1.3253978486758111,2025-05-23 11:25:00+00:00,2025-05-23 11:40:00+00:00,2025-05-23 11:45:00+00:00,2025-05-23 12:40:00+00:00,-0.0038625736938401,-0.0195043731778425,continuation,over_cap_or_below_cutoff,0.6559702294112253
TSLA_20250529_140500,TSLA,2025-05-29 14:05:00+00:00,-1,7,127.06868089946698,4.020754735790565,51.04437415913329,5.345913467759049,0.2053489690944703,2025-05-29 13:50:00+00:00,2025-05-29 14:05:00+00:00,2025-05-29 14:10:00+00:00,2025-05-29 15:05:00+00:00,-0.0125474295576893,0.0075603090709837,reversal,over_cap_or_below_cutoff,0.3707160258887471
TSLA_20250530_154000,TSLA,2025-05-30 15:40:00+00:00,-1,8,199.10396060862644,4.50720899246395,15.682284739408836,5.648207761628824,1.0644355634660223,2025-05-30 15:25:00+00:00,2025-05-30 15:40:00+00:00,2025-05-30 15:45:00+00:00,2025-05-30 16:40:00+00:00,-0.0037266908647586,-0.0268797018619721,continuation,over_cap_or_below_cutoff,0.5510451429960812
TSLA_20250604_133000,TSLA,2025-06-04 13:30:00+00:00,-1,17,233.7614511367381,5.320447317636507,260.7493476526277,14.34055690878261,0.2035991841708667,2025-06-04 13:15:00+00:00,2025-06-04 13:30:00+00:00,2025-06-04 13:35:00+00:00,2025-06-04 14:30:00+00:00,-0.0090912642543874,-0.0341111532957565,continuation,over_cap_or_below_cutoff,0.7179923779835709
TSLA_20250605_133000,TSLA,2025-06-05 13:30:00+00:00,-1,20,232.21124658324487,5.468999242457159,164.6861500557283,11.28716690045393,0.3479728508052798,2025-06-05 13:15:00+00:00,2025-06-05 13:30:00+00:00,2025-06-05 13:35:00+00:00,2025-06-05 14:30:00+00:00,-0.0088894743367219,-0.0129839426165964,continuation,over_cap_or_below_cutoff,0.6917921868556963
TSLA_20250605_155500,TSLA,2025-06-05 15:55:00+00:00,1,13,246.8390622021799,4.214161142967183,14.969940188887673,4.703081136256251,1.3413425425824712,2025-06-05 15:40:00+00:00,2025-06-05 15:55:00+00:00,2025-06-05 16:00:00+00:00,2025-06-05 16:55:00+00:00,0.0039838752501399,-0.0635684390017051,reversal,over_cap_or_below_cutoff,0.5972578853038868
TSLA_20250605_185500,TSLA,2025-06-05 18:55:00+00:00,-1,6,393.6393965767304,4.045826562439122,5.243708820330856,4.367324804313019,2.107815020059608,2025-06-05 18:40:00+00:00,2025-06-05 18:55:00+00:00,2025-06-05 19:00:00+00:00,2025-06-05 19:55:00+00:00,-0.0199157737727999,-0.0124626723315702,continuation,over_cap_or_below_cutoff,0.625391917663678
TSLA_20250609_132500,TSLA,2025-06-09 13:25:00+00:00,-1,11,257.81797936922146,4.05523162768127,88.29815751533367,5.19479447332747,0.6711803672121724,2025-06-09 13:10:00+00:00,2025-06-09 13:25:00+00:00,2025-06-09 13:30:00+00:00,2025-06-09 14:25:00+00:00,-0.0079089773830997,0.0224125874125875,reversal,over_cap_or_below_cutoff,0.5757221064340108
TSLA_20250612_133000,TSLA,2025-06-12 13:30:00+00:00,1,8,204.02763944223025,5.162621896679686,63.54014075036981,8.65667973373023,0.242604034249781,2025-06-12 13:15:00+00:00,2025-06-12 13:30:00+00:00,2025-06-12 13:35:00+00:00,2025-06-12 14:30:00+00:00,0.0055632205338553,0.0060868299565852,continuation,over_cap_or_below_cutoff,0.5696730043083105
TSLA_20250617_134000,TSLA,2025-06-17 13:40:00+00:00,-1,4,144.15592376698206,4.754842876547596,112.27797923191034,12.409778900866502,0.2036624551223182,2025-06-17 13:25:00+00:00,2025-06-17 13:40:00+00:00,2025-06-17 13:45:00+00:00,2025-06-17 14:40:00+00:00,-0.0142107361963189,0.0070097362114938,reversal,over_cap_or_below_cutoff,0.48991961248405314
TSLA_20250618_133500,TSLA,2025-06-18 13:35:00+00:00,1,8,203.2237673830517,4.814737040391294,107.41761216379658,10.900491280333666,0.2643569126461085,2025-06-18 13:20:00+00:00,2025-06-18 13:35:00+00:00,2025-06-18 13:40:00+00:00,2025-06-18 14:35:00+00:00,0.0107929098593326,0.0082004605562868,continuation,over_cap_or_below_cutoff,0.5617550285764052
TSLA_20250620_133000,TSLA,2025-06-20 13:30:00+00:00,1,17,196.9972562197486,4.515867121752945,260.960446649188,14.09647435814344,0.3852963446416581,2025-06-20 13:15:00+00:00,2025-06-20 13:30:00+00:00,2025-06-20 13:35:00+00:00,2025-06-20 14:30:00+00:00,0.0083531491982196,-0.0339708550006047,reversal,over_cap_or_below_cutoff,0.6198904140034256
TSLA_20250623_133000,TSLA,2025-06-23 13:30:00+00:00,1,21,263.406550275469,4.9919476485750245,259.30432600770445,18.208387261606703,0.2585804517397076,2025-06-23 13:15:00+00:00,2025-06-23 13:30:00+00:00,2025-06-23 13:35:00+00:00,2025-06-23 14:30:00+00:00,0.0163350753338835,0.0566973884019186,continuation,over_cap_or_below_cutoff,0.7233757872388114
TSLA_20250624_133000,TSLA,2025-06-24 13:30:00+00:00,-1,16,275.78248954276853,5.437728186204276,131.1705888585988,14.957184611539528,0.3407435194785662,2025-06-24 13:15:00+00:00,2025-06-24 13:30:00+00:00,2025-06-24 13:35:00+00:00,2025-06-24 14:30:00+00:00,-0.0203491635792073,-0.019605478039137,continuation,over_cap_or_below_cutoff,0.7171641452735369
TSLA_20250625_133000,TSLA,2025-06-25 13:30:00+00:00,-1,18,281.14936834282344,5.20129877308019,152.6994066255181,13.09935467261248,0.3586261406306046,2025-06-25 13:15:00+00:00,2025-06-25 13:30:00+00:00,2025-06-25 13:35:00+00:00,2025-06-25 14:30:00+00:00,-0.0127667016439314,-0.0453796870386772,continuation,over_cap_or_below_cutoff,0.713989019376047
TSLA_20250626_130000,TSLA,2025-06-26 13:00:00+00:00,-1,23,184.28116287469544,4.621092494867017,199.7687939655903,14.336804074606672,1.2477093546948776,2025-06-26 12:45:00+00:00,2025-06-26 13:00:00+00:00,2025-06-26 13:05:00+00:00,2025-06-26 14:00:00+00:00,-0.0063922384634171,0.0115370415948805,reversal,over_cap_or_below_cutoff,0.6602166650190457
TSLA_20250627_133000,TSLA,2025-06-27 13:30:00+00:00,-1,13,115.24288169642016,5.208097011838337,309.6658214434394,17.35528462886066,0.2104249193070247,2025-06-27 13:15:00+00:00,2025-06-27 13:30:00+00:00,2025-06-27 13:35:00+00:00,2025-06-27 14:30:00+00:00,-0.0113929920461873,0.0160595750311955,reversal,over_cap_or_below_cutoff,0.6069245709610707
TSLA_20250708_135000,TSLA,2025-07-08 13:50:00+00:00,1,10,135.34941290603174,4.027567357392432,85.90569309455462,8.01193595826047,0.3728811894193924,2025-07-08 13:35:00+00:00,2025-07-08 13:50:00+00:00,2025-07-08 13:55:00+00:00,2025-07-08 14:50:00+00:00,0.0086824324324323,0.0103828247982049,continuation,over_cap_or_below_cutoff,0.41375718064745104
TSLA_20250709_142500,TSLA,2025-07-09 14:25:00+00:00,-1,7,104.43969392065488,4.084258599342136,106.00686386664488,10.230122307558236,0.1621083129168049,2025-07-09 14:10:00+00:00,2025-07-09 14:25:00+00:00,2025-07-09 14:30:00+00:00,2025-07-09 15:25:00+00:00,-0.0103360203122879,0.0016151480033357,unclear,low_strength_unclear,0.37778018578428824
TSLA_20250710_125000,TSLA,2025-07-10 12:50:00+00:00,1,4,82.80190978598334,4.527554773074064,22.925321993453053,6.886147970147925,0.7138627490214439,2025-07-10 12:35:00+00:00,2025-07-10 12:50:00+00:00,2025-07-10 12:55:00+00:00,2025-07-10 13:50:00+00:00,0.0049836109438758,0.0120477917928576,continuation,near_duplicate,0.40065559567570397
TSLA_20250714_133000,TSLA,2025-07-14 13:30:00+00:00,1,3,113.95202020202166,4.057993125406236,238.69077435392336,18.962043220472264,0.0955285518548901,2025-07-14 13:15:00+00:00,2025-07-14 13:30:00+00:00,2025-07-14 13:35:00+00:00,2025-07-14 14:30:00+00:00,0.0113952020202021,-0.0201304578508787,reversal,over_cap_or_below_cutoff,0.4003754381859547
TSLA_20250716_133000,TSLA,2025-07-16 13:30:00+00:00,1,13,128.5159654543988,5.952327183618575,195.9784246991613,10.148439316735336,0.2054258042515814,2025-07-16 13:15:00+00:00,2025-07-16 13:30:00+00:00,2025-07-16 13:35:00+00:00,2025-07-16 14:30:00+00:00,0.0045320778806254,0.0154426205651436,continuation,over_cap_or_below_cutoff,0.6265062672428228
TSLA_20250717_133500,TSLA,2025-07-17 13:35:00+00:00,-1,3,91.17591956535163,4.441355917517276,171.0127627343306,9.59327360450158,0.123059005380244,2025-07-17 13:20:00+00:00,2025-07-17 13:35:00+00:00,2025-07-17 13:40:00+00:00,2025-07-17 14:35:00+00:00,-0.0056176997713367,-0.0007280874575049,unclear,low_strength_unclear,0.37796759657891565
TSLA_20250718_133000,TSLA,2025-07-18 13:30:00+00:00,1,11,142.83951379034488,5.090724384212851,463.52594615684745,20.360848094071628,0.0811781830175197,2025-07-18 13:15:00+00:00,2025-07-18 13:30:00+00:00,2025-07-18 13:35:00+00:00,2025-07-18 14:30:00+00:00,0.0121867021445483,0.0043337757729264,continuation,over_cap_or_below_cutoff,0.6525640643403443
TSLA_20250722_133000,TSLA,2025-07-22 13:30:00+00:00,-1,13,171.31155170809097,4.421972182247689,143.7132971088784,18.868937103833822,0.2451870197842253,2025-07-22 13:15:00+00:00,2025-07-22 13:30:00+00:00,2025-07-22 13:35:00+00:00,2025-07-22 14:30:00+00:00,-0.0066692649503851,0.0079911935777554,reversal,over_cap_or_below_cutoff,0.5085570214941595
TSLA_20250723_134500,TSLA,2025-07-23 13:45:00+00:00,1,2,73.73383295056435,4.047623281351003,164.7115515752148,10.457226062646242,0.1101707569349897,2025-07-23 13:30:00+00:00,2025-07-23 13:45:00+00:00,2025-07-23 13:50:00+00:00,2025-07-23 14:45:00+00:00,0.0073733832950562,-0.0006935445164386,unclear,low_strength_unclear,0.26806639905010365
TSLA_20250723_201000,TSLA,2025-07-23 20:10:00+00:00,1,8,239.45371775417223,5.0566633891260935,1.519888172147119,7.950481102578087,10.48333952330447,2025-07-23 19:55:00+00:00,2025-07-23 20:10:00+00:00,2025-07-23 20:15:00+00:00,2025-07-23 21:10:00+00:00,0.0131831831831832,-0.0106405050534988,reversal,over_cap_or_below_cutoff,0.6640236034938469
TSLA_20250723_211500,TSLA,2025-07-23 21:15:00+00:00,-1,12,305.4743297195972,4.188287625472517,1.7822653118046392,9.507831258268164,14.911226777462804,2025-07-23 21:00:00+00:00,2025-07-23 21:15:00+00:00,2025-07-23 21:20:00+00:00,2025-07-23 22:15:00+00:00,-0.0048239700374532,-0.0315228518094778,continuation,over_cap_or_below_cutoff,0.640157188186588
TSLA_20250724_133000,TSLA,2025-07-24 13:30:00+00:00,-1,10,263.72318979477336,4.354804190074764,149.31383904866573,13.837676323488433,0.2019669851073711,2025-07-24 13:15:00+00:00,2025-07-24 13:30:00+00:00,2025-07-24 13:35:00+00:00,2025-07-24 14:30:00+00:00,-0.0194845493424226,-0.0024284222142422,unclear,over_cap_or_below_cutoff,0.6006989714464701
TSLA_20250725_113500,TSLA,2025-07-25 11:35:00+00:00,1,4,110.31222298828692,4.599544623718074,10.585365853658535,7.744235813361472,1.407508943250286,2025-07-25 11:20:00+00:00,2025-07-25 11:35:00+00:00,2025-07-25 11:40:00+00:00,2025-07-25 12:35:00+00:00,0.0061803478089352,0.0067958310190479,continuation,over_cap_or_below_cutoff,0.48415821683168636
TSLA_20250728_131000,TSLA,2025-07-28 13:10:00+00:00,-1,12,149.47464846562175,4.556757092560625,154.27690860379982,10.60090426622202,1.1054434102248525,2025-07-28 12:55:00+00:00,2025-07-28 13:10:00+00:00,2025-07-28 13:15:00+00:00,2025-07-28 14:10:00+00:00,-0.0033095007649317,0.0163816057388088,reversal,over_cap_or_below_cutoff,0.5799103943517586
TSLA_20250729_133000,TSLA,2025-07-29 13:30:00+00:00,-1,5,131.3235595200135,5.040493305482961,255.88804390435124,16.977508718724394,0.121077051717321,2025-07-29 13:15:00+00:00,2025-07-29 13:30:00+00:00,2025-07-29 13:35:00+00:00,2025-07-29 14:30:00+00:00,-0.0083939067548853,-0.0062140310543277,continuation,over_cap_or_below_cutoff,0.5719562869191478
TSLA_20250731_142500,TSLA,2025-07-31 14:25:00+00:00,-1,5,97.39430323157715,4.246998292013937,96.26184753805386,4.356747063990264,0.1551052737369989,2025-07-31 14:10:00+00:00,2025-07-31 14:25:00+00:00,2025-07-31 14:30:00+00:00,2025-07-31 15:25:00+00:00,-0.0057994247725021,-0.0122956780170097,continuation,over_cap_or_below_cutoff,0.3795443523347615
TSLA_20250804_101000,TSLA,2025-08-04 10:10:00+00:00,1,3,145.32124504959222,4.210402555166888,13.49398897224984,17.73337828088637,5.512106703830376,2025-08-04 09:55:00+00:00,2025-08-04 10:10:00+00:00,2025-08-04 10:15:00+00:00,2025-08-04 11:10:00+00:00,0.0100834833851692,0.0008751174926264,unclear,over_cap_or_below_cutoff,0.4393417474608102
TSLA_20250805_130500,TSLA,2025-08-05 13:05:00+00:00,-1,13,142.04519616924705,4.291068609331217,247.0683814663834,20.676112016823183,1.0144255845643924,2025-08-05 12:50:00+00:00,2025-08-05 13:05:00+00:00,2025-08-05 13:10:00+00:00,2025-08-05 14:05:00+00:00,-0.0046169244180415,0.0050275705481674,reversal,over_cap_or_below_cutoff,0.58856747791675
TSLA_20250811_133000,TSLA,2025-08-11 13:30:00+00:00,1,7,158.02671596398145,4.17718175339833,449.58089345004527,29.090508864812325,0.1356349075707162,2025-08-11 13:15:00+00:00,2025-08-11 13:30:00+00:00,2025-08-11 13:35:00+00:00,2025-08-11 14:30:00+00:00,0.0135296221242102,0.002763892972655,unclear,low_strength_unclear,0.5886715518120954
TSLA_20250812_123000,TSLA,2025-08-12 12:30:00+00:00,1,3,108.4090243187852,4.534634267330057,47.24364750405479,17.987472127460315,0.7256231816452993,2025-08-12 12:15:00+00:00,2025-08-12 12:30:00+00:00,2025-08-12 12:35:00+00:00,2025-08-12 13:30:00+00:00,0.010840902431878,-0.0055217391304347,reversal,over_cap_or_below_cutoff,0.3928345692268096
TSLA_20250812_133000,TSLA,2025-08-12 13:30:00+00:00,-1,10,169.0921485521213,4.966909497573344,268.16452802359885,15.641094446581178,0.2284140448240076,2025-08-12 13:15:00+00:00,2025-08-12 13:30:00+00:00,2025-08-12 13:35:00+00:00,2025-08-12 14:30:00+00:00,-0.0035287967238825,-0.0250513706116382,continuation,over_cap_or_below_cutoff,0.6217796526912605
TSLA_20250813_133000,TSLA,2025-08-13 13:30:00+00:00,1,9,175.48224687526923,5.153858730113495,369.4301814047748,30.40050953975913,0.1831530916605461,2025-08-13 13:15:00+00:00,2025-08-13 13:30:00+00:00,2025-08-13 13:35:00+00:00,2025-08-13 14:30:00+00:00,0.0111792177466432,-0.0066965909418931,reversal,over_cap_or_below_cutoff,0.6960178246045094
TSLA_20250814_123000,TSLA,2025-08-14 12:30:00+00:00,-1,3,140.61069156211082,5.293045787497457,48.36988499598823,23.54982599628924,0.9864497490271052,2025-08-14 12:15:00+00:00,2025-08-14 12:30:00+00:00,2025-08-14 12:35:00+00:00,2025-08-14 13:30:00+00:00,-0.0109133523767669,-0.0043243483412321,continuation,over_cap_or_below_cutoff,0.5218676580188664
TSLA_20250814_143000,TSLA,2025-08-14 14:30:00+00:00,1,14,153.57176926318107,4.0700970345196,149.57728954153123,6.832268929253673,0.3089838086006964,2025-08-14 14:15:00+00:00,2025-08-14 14:30:00+00:00,2025-08-14 14:35:00+00:00,2025-08-14 15:30:00+00:00,0.0055873091319589,-0.0213943364387912,reversal,over_cap_or_below_cutoff,0.46555095450758543
TSLA_20250815_133500,TSLA,2025-08-15 13:35:00+00:00,-1,8,130.81811923729038,5.436405168151243,233.8778616507858,11.440373355876524,0.1287950594633288,2025-08-15 13:20:00+00:00,2025-08-15 13:35:00+00:00,2025-08-15 13:40:00+00:00,2025-08-15 14:35:00+00:00,-0.0070422535211267,-0.0056710712952593,continuation,over_cap_or_below_cutoff,0.5972253705541244
TSLA_20250815_154000,TSLA,2025-08-15 15:40:00+00:00,-1,6,124.643385662202,4.227933766548958,53.18714483090047,6.169476826770721,0.6193576996493354,2025-08-15 15:25:00+00:00,2025-08-15 15:40:00+00:00,2025-08-15 15:45:00+00:00,2025-08-15 16:40:00+00:00,-0.0043279510299911,-0.0066387099693783,continuation,over_cap_or_below_cutoff,0.42542032706891186
TSLA_20250818_133000,TSLA,2025-08-18 13:30:00+00:00,1,3,119.93843448204088,5.113951298497662,255.07666820064424,14.537593645191782,0.0784441780607265,2025-08-18 13:15:00+00:00,2025-08-18 13:30:00+00:00,2025-08-18 13:35:00+00:00,2025-08-18 14:30:00+00:00,0.011993843448204,0.0008641047982453,unclear,low_strength_unclear,0.512336780704425
TSLA_20250819_133500,TSLA,2025-08-19 13:35:00+00:00,-1,6,127.46150985051496,5.387187420468349,379.4366877352461,14.373259535896638,0.0925057675895349,2025-08-19 13:20:00+00:00,2025-08-19 13:35:00+00:00,2025-08-19 13:40:00+00:00,2025-08-19 14:35:00+00:00,-0.0053871143843514,0.0023971987789548,unclear,low_strength_unclear,0.6634248427103391
TSLA_20250819_143500,TSLA,2025-08-19 14:35:00+00:00,-1,5,185.82554048771848,5.237239267889324,360.1924273157539,15.183836290786042,0.1188111359194059,2025-08-19 14:20:00+00:00,2025-08-19 14:35:00+00:00,2025-08-19 14:40:00+00:00,2025-08-19 15:35:00+00:00,-0.0141153511618563,-0.0073475627050733,continuation,over_cap_or_below_cutoff,0.7042334586771888
TSLA_20250821_124500,TSLA,2025-08-21 12:45:00+00:00,-1,16,110.98640728270048,4.899933098470539,288.5877463274812,11.322680833816555,0.9695300963193122,2025-08-21 12:30:00+00:00,2025-08-21 12:45:00+00:00,2025-08-21 12:50:00+00:00,2025-08-21 13:45:00+00:00,-0.0032537960954447,0.0033732317736672,reversal,over_cap_or_below_cutoff,0.6300372098251938
TSLA_20250826_133000,TSLA,2025-08-26 13:30:00+00:00,1,5,83.45459598742222,4.16475116044779,331.02400424853954,19.39607912661162,0.1162078872600554,2025-08-26 13:15:00+00:00,2025-08-26 13:30:00+00:00,2025-08-26 13:35:00+00:00,2025-08-26 14:30:00+00:00,0.0083454595987422,-0.0054536910494799,reversal,over_cap_or_below_cutoff,0.47863696340020473
TSLA_20250827_133000,TSLA,2025-08-27 13:30:00+00:00,1,7,76.37713521740031,4.092392745204666,240.6441689970524,12.515958058294698,0.0665678433984763,2025-08-27 13:15:00+00:00,2025-08-27 13:30:00+00:00,2025-08-27 13:35:00+00:00,2025-08-27 14:30:00+00:00,0.0063352272727272,-0.0061683087259689,reversal,over_cap_or_below_cutoff,0.4116812422462873
TSLA_20250829_132000,TSLA,2025-08-29 13:20:00+00:00,1,13,125.35652198430556,5.240808475912346,210.35204663540745,7.163263927975407,0.6851373151184327,2025-08-29 13:05:00+00:00,2025-08-29 13:20:00+00:00,2025-08-29 13:25:00+00:00,2025-08-29 14:20:00+00:00,0.0035876515348782,-0.0230896301207944,reversal,over_cap_or_below_cutoff,0.61015813690748
TSLA_20250902_132500,TSLA,2025-09-02 13:25:00+00:00,1,7,123.46126856522145,4.508533028984647,136.46154856504893,7.295156661169012,1.218725694321403,2025-09-02 13:10:00+00:00,2025-09-02 13:25:00+00:00,2025-09-02 13:30:00+00:00,2025-09-02 14:25:00+00:00,0.0039749336441048,0.0132612667478684,continuation,over_cap_or_below_cutoff,0.5480699881608644
TSLA_20250903_133000,TSLA,2025-09-03 13:30:00+00:00,-1,16,175.2308066083552,5.810587312209528,208.66301569916027,16.034590462803656,0.1442033655117451,2025-09-03 13:15:00+00:00,2025-09-03 13:30:00+00:00,2025-09-03 13:35:00+00:00,2025-09-03 14:30:00+00:00,-0.0120713999415635,0.0195456467887138,reversal,over_cap_or_below_cutoff,0.6676937552618116
TSLA_20250905_102000,TSLA,2025-09-05 10:20:00+00:00,1,5,149.46327766240276,6.844133390252827,13.911295666386888,14.759238331945484,2.220077492707641,2025-09-05 10:05:00+00:00,2025-09-05 10:20:00+00:00,2025-09-05 10:25:00+00:00,2025-09-05 11:20:00+00:00,0.0035653749488573,0.0055329062317996,continuation,over_cap_or_below_cutoff,0.651489901468183
TSLA_20250905_133000,TSLA,2025-09-05 13:30:00+00:00,1,12,237.44663455598223,5.327320007568089,269.5353361047925,12.943643469333038,0.2983122810381874,2025-09-05 13:15:00+00:00,2025-09-05 13:30:00+00:00,2025-09-05 13:35:00+00:00,2025-09-05 14:30:00+00:00,0.0042540178352019,-0.0039500872900031,reversal,over_cap_or_below_cutoff,0.735712076147927
TSLA_20250909_133000,TSLA,2025-09-09 13:30:00+00:00,1,10,134.76713913798343,5.439940249427631,260.20510106889617,15.220584695225249,0.1016602180861263,2025-09-09 13:15:00+00:00,2025-09-09 13:30:00+00:00,2025-09-09 13:35:00+00:00,2025-09-09 14:30:00+00:00,0.0031765625453665,-0.0113630209078094,reversal,over_cap_or_below_cutoff,0.6134182058143312
TSLA_20250910_133500,TSLA,2025-09-10 13:35:00+00:00,-1,6,104.93251126253878,4.102514161279623,290.03847816688284,18.615695434903465,0.1374646513180186,2025-09-10 13:20:00+00:00,2025-09-10 13:35:00+00:00,2025-09-10 13:40:00+00:00,2025-09-10 14:35:00+00:00,-0.0090033620149296,0.0088551549652118,reversal,over_cap_or_below_cutoff,0.47594946665936794
TSLA_20250912_133000,TSLA,2025-09-12 13:30:00+00:00,1,18,199.8759204812117,6.688660763270346,177.9001840745799,9.199931003263362,0.2528055895297616,2025-09-12 13:15:00+00:00,2025-09-12 13:30:00+00:00,2025-09-12 13:35:00+00:00,2025-09-12 14:30:00+00:00,0.0094108129971686,0.0498747128279106,continuation,over_cap_or_below_cutoff,0.6977336666017706
TSLA_20250917_133000,TSLA,2025-09-17 13:30:00+00:00,-1,5,123.81890808877972,4.599625711933094,116.67096065508288,8.354453967076392,0.1618351853092215,2025-09-17 13:15:00+00:00,2025-09-17 13:30:00+00:00,2025-09-17 13:35:00+00:00,2025-09-17 14:30:00+00:00,-0.0052387360326804,0.0012322151924573,unclear,low_strength_unclear,0.4522410486864232
TSLA_20250919_133000,TSLA,2025-09-19 13:30:00+00:00,1,8,120.20144431774682,5.014309362941147,306.5858078310838,7.981287676858593,0.0881130107789551,2025-09-19 13:15:00+00:00,2025-09-19 13:30:00+00:00,2025-09-19 13:35:00+00:00,2025-09-19 14:30:00+00:00,0.0089086589856277,0.0042851414445157,continuation,over_cap_or_below_cutoff,0.581670709903001
TSLA_20250922_133000,TSLA,2025-09-22 13:30:00+00:00,1,15,175.78190255220338,4.758056157063809,248.42287634139004,10.696516493740402,0.1388210999627196,2025-09-22 13:15:00+00:00,2025-09-22 13:30:00+00:00,2025-09-22 13:35:00+00:00,2025-09-22 14:30:00+00:00,0.0095125403122897,0.0179150099974718,continuation,over_cap_or_below_cutoff,0.5910120884575697
TSLA_20250924_132500,TSLA,2025-09-24 13:25:00+00:00,1,7,104.18265460502064,4.394338738315824,241.7407591833608,10.885367347447366,0.5018507335533786,2025-09-24 13:10:00+00:00,2025-09-24 13:25:00+00:00,2025-09-24 13:30:00+00:00,2025-09-24 14:25:00+00:00,0.0030338389731621,0.0247894369474173,continuation,over_cap_or_below_cutoff,0.5090167089460953
TSLA_20250925_133000,TSLA,2025-09-25 13:30:00+00:00,-1,3,243.6153936683527,5.225919300450084,142.07840626318776,9.798252115130468,0.1644290496262851,2025-09-25 13:15:00+00:00,2025-09-25 13:30:00+00:00,2025-09-25 13:35:00+00:00,2025-09-25 14:30:00+00:00,-0.0170430677107323,0.0079430665283661,reversal,over_cap_or_below_cutoff,0.6030047714843813
TSLA_20251001_133500,TSLA,2025-10-01 13:35:00+00:00,1,10,139.86300279206,4.083215217608756,253.45833333333331,17.039897411627674,0.1047412202172918,2025-10-01 13:20:00+00:00,2025-10-01 13:35:00+00:00,2025-10-01 13:40:00+00:00,2025-10-01 14:35:00+00:00,0.0139863002792057,0.0138643173787242,continuation,over_cap_or_below_cutoff,0.48925005682023254
TSLA_20251003_132500,TSLA,2025-10-03 13:25:00+00:00,1,11,156.34651994495653,4.334891746710971,89.99857125848315,5.954064793169948,0.664013877274903,2025-10-03 13:10:00+00:00,2025-10-03 13:25:00+00:00,2025-10-03 13:30:00+00:00,2025-10-03 14:25:00+00:00,0.003235294117647,-0.0345037548203774,reversal,over_cap_or_below_cutoff,0.4930383410817784
TSLA_20251007_145000,TSLA,2025-10-07 14:50:00+00:00,1,13,165.65684071981445,4.065893437872941,65.11414274689437,6.472135129059103,0.7008285715927098,2025-10-07 14:35:00+00:00,2025-10-07 14:50:00+00:00,2025-10-07 14:55:00+00:00,2025-10-07 15:50:00+00:00,0.0037612196874061,-0.0208830948501016,reversal,over_cap_or_below_cutoff,0.4680028671675625
TSLA_20251008_132500,TSLA,2025-10-08 13:25:00+00:00,1,11,192.0856089249812,4.255367496448516,215.28306113412,19.708143428626144,0.898144963229602,2025-10-08 13:10:00+00:00,2025-10-08 13:25:00+00:00,2025-10-08 13:30:00+00:00,2025-10-08 14:25:00+00:00,0.0033237822349569,-0.007196710075394,reversal,over_cap_or_below_cutoff,0.611684557776353
TSLA_20251013_133000,TSLA,2025-10-13 13:30:00+00:00,-1,16,149.65781808710332,4.54437271659693,83.82741881914106,6.956332821587647,0.3609108934487915,2025-10-13 13:15:00+00:00,2025-10-13 13:30:00+00:00,2025-10-13 13:35:00+00:00,2025-10-13 14:30:00+00:00,-0.0037766485464429,0.0095560615237741,reversal,over_cap_or_below_cutoff,0.4750686089986446
TSLA_20251022_140500,TSLA,2025-10-22 14:05:00+00:00,-1,14,112.806075608749,4.637301846846936,123.3461143883047,8.027920531465162,0.1416191503402739,2025-10-22 13:50:00+00:00,2025-10-22 14:05:00+00:00,2025-10-22 14:10:00+00:00,2025-10-22 15:05:00+00:00,-0.0031551092414167,-0.0076234557397134,continuation,over_cap_or_below_cutoff,0.44567889704190666
TSLA_20251022_212500,TSLA,2025-10-22 21:25:00+00:00,1,11,290.3872423722676,4.3856336751054,1.2732414858178651,7.408908304074109,14.94819660143321,2025-10-22 21:10:00+00:00,2025-10-22 21:25:00+00:00,2025-10-22 21:30:00+00:00,2025-10-22 22:25:00+00:00,0.0032232011083059,-0.0131809459669792,reversal,over_cap_or_below_cutoff,0.6559658397721844
TSLA_20251023_132500,TSLA,2025-10-23 13:25:00+00:00,-1,8,199.6083888147826,5.273078783886607,208.01787740333015,7.757854135125727,0.7199273220642431,2025-10-23 13:10:00+00:00,2025-10-23 13:25:00+00:00,2025-10-23 13:30:00+00:00,2025-10-23 14:25:00+00:00,-0.0100176782557454,0.0106188095238095,reversal,over_cap_or_below_cutoff,0.6947704150811594
TSLA_20251024_133000,TSLA,2025-10-24 13:30:00+00:00,-1,12,90.072169598554,4.526124881724806,455.5756889050036,23.229208905238828,0.09666496033262,2025-10-24 13:15:00+00:00,2025-10-24 13:30:00+00:00,2025-10-24 13:35:00+00:00,2025-10-24 14:30:00+00:00,-0.0039174426934097,-0.0121356495943547,continuation,over_cap_or_below_cutoff,0.5446991642861694
TSLA_20251027_133000,TSLA,2025-10-27 13:30:00+00:00,1,8,147.94107141555156,4.244038417259369,224.0274127371113,15.218108088663048,0.1214868265537937,2025-10-27 13:15:00+00:00,2025-10-27 13:30:00+00:00,2025-10-27 13:35:00+00:00,2025-10-27 14:30:00+00:00,0.008542919628212,0.0121587495200019,continuation,over_cap_or_below_cutoff,0.49869763607729384
TSLA_20251027_150500,TSLA,2025-10-27 15:05:00+00:00,1,6,138.06908931180084,4.353604255421826,105.766066881974,10.392915825597878,0.3092396729927961,2025-10-27 14:50:00+00:00,2025-10-27 15:05:00+00:00,2025-10-27 15:10:00+00:00,2025-10-27 16:05:00+00:00,0.003286596878526,0.0155542376116302,continuation,over_cap_or_below_cutoff,0.45195596351635103
TSLA_20251031_133000,TSLA,2025-10-31 13:30:00+00:00,1,11,90.98683443187204,4.211712243855918,193.48828024383965,7.907317662674231,0.1004510394682942,2025-10-31 13:15:00+00:00,2025-10-31 13:30:00+00:00,2025-10-31 13:35:00+00:00,2025-10-31 14:30:00+00:00,0.0056415432929564,0.0146439445479182,continuation,over_cap_or_below_cutoff,0.416354817665198
TSLA_20251106_144000,TSLA,2025-11-06 14:40:00+00:00,1,28,172.31051885956416,5.61265637256462,168.80916480923037,9.526880820562482,0.6681547974907162,2025-11-06 14:25:00+00:00,2025-11-06 14:40:00+00:00,2025-11-06 14:45:00+00:00,2025-11-06 15:40:00+00:00,0.0042858070521007,-0.0376496325193439,reversal,over_cap_or_below_cutoff,0.671546666967135
TSLA_20251107_142000,TSLA,2025-11-07 14:20:00+00:00,-1,17,280.97931973428246,5.2269034239728684,120.2883910006308,8.508523262278377,0.4519475481919535,2025-11-07 14:05:00+00:00,2025-11-07 14:20:00+00:00,2025-11-07 14:25:00+00:00,2025-11-07 15:20:00+00:00,-0.0047040109078513,-0.0110548426868807,continuation,over_cap_or_below_cutoff,0.7072194998768793
TSLA_20251112_143000,TSLA,2025-11-12 14:30:00+00:00,-1,6,105.72507699804888,4.146339780566345,271.7082009818077,17.66201827807649,0.1230788612626945,2025-11-12 14:15:00+00:00,2025-11-12 14:30:00+00:00,2025-11-12 14:35:00+00:00,2025-11-12 15:30:00+00:00,-0.0079590314047345,-0.0150985778875392,continuation,over_cap_or_below_cutoff,0.469825093286771
TSLA_20251113_143500,TSLA,2025-11-13 14:35:00+00:00,-1,15,137.04368641531684,4.972851171528102,188.40688301675195,8.388958695761817,0.1859409008054137,2025-11-13 14:20:00+00:00,2025-11-13 14:35:00+00:00,2025-11-13 14:40:00+00:00,2025-11-13 15:35:00+00:00,-0.0094555272590076,-0.0269243157273036,continuation,over_cap_or_below_cutoff,0.5415955436203315
TSLA_20251117_143000,TSLA,2025-11-17 14:30:00+00:00,1,12,253.29572520997652,5.420410993038943,152.59746438666704,9.193068684341728,0.1642952088495576,2025-11-17 14:15:00+00:00,2025-11-17 14:30:00+00:00,2025-11-17 14:35:00+00:00,2025-11-17 15:30:00+00:00,0.0157249266420886,0.0271604938271605,continuation,over_cap_or_below_cutoff,0.6871079719795385
TSLA_20251118_141500,TSLA,2025-11-18 14:15:00+00:00,1,20,145.71098730110864,4.033536592637921,228.1365246830958,8.311476458933676,0.6697476678854944,2025-11-18 14:00:00+00:00,2025-11-18 14:15:00+00:00,2025-11-18 14:20:00+00:00,2025-11-18 15:15:00+00:00,0.0044381174650189,-0.0244108983799705,reversal,over_cap_or_below_cutoff,0.5277301681990123
TSLA_20251119_142500,TSLA,2025-11-19 14:25:00+00:00,1,23,168.2650392327778,4.470527337969137,154.9093885733378,7.071556423110562,0.4828969490485412,2025-11-19 14:10:00+00:00,2025-11-19 14:25:00+00:00,2025-11-19 14:30:00+00:00,2025-11-19 15:25:00+00:00,0.0034330311936574,0.0115314561386237,continuation,over_cap_or_below_cutoff,0.5369495138534683
TSLA_20251124_140500,TSLA,2025-11-24 14:05:00+00:00,1,11,227.84620381243403,4.748580955947512,318.3849239864865,14.676620574486504,0.6021446110100768,2025-11-24 13:50:00+00:00,2025-11-24 14:05:00+00:00,2025-11-24 14:10:00+00:00,2025-11-24 15:05:00+00:00,0.0035096033298229,0.0341320029973537,continuation,over_cap_or_below_cutoff,0.7246291990703362
TSLA_20251126_143000,TSLA,2025-11-26 14:30:00+00:00,-1,5,107.6574967250199,4.346401369713414,155.4353991416309,10.278330421347803,0.13927072852872,2025-11-26 14:15:00+00:00,2025-11-26 14:30:00+00:00,2025-11-26 14:35:00+00:00,2025-11-26 15:30:00+00:00,-0.0059391581181464,-0.0024944755018307,unclear,low_strength_unclear,0.4299669714766068
TSLA_20251128_142000,TSLA,2025-11-28 14:20:00+00:00,-1,9,132.31361141087916,4.648805793815368,317.8690092028206,23.897392117829977,0.927335647696556,2025-11-28 14:05:00+00:00,2025-11-28 14:20:00+00:00,2025-11-28 14:25:00+00:00,2025-11-28 15:20:00+00:00,-0.003133769878391,0.0028503730117768,unclear,low_strength_unclear,0.64141928090768
TSLA_20251202_145000,TSLA,2025-12-02 14:50:00+00:00,-1,9,170.34516381247312,5.649945874575387,246.28988579964343,12.585252426558506,0.1538157693600122,2025-12-02 14:35:00+00:00,2025-12-02 14:50:00+00:00,2025-12-02 14:55:00+00:00,2025-12-02 15:50:00+00:00,-0.0090789351851852,0.0067092928646865,reversal,over_cap_or_below_cutoff,0.6684103800386474
TSLA_20251203_130500,TSLA,2025-12-03 13:05:00+00:00,1,6,65.03600464576209,5.242008321801078,42.543446116378185,7.515253406990102,0.5848784769470615,2025-12-03 12:50:00+00:00,2025-12-03 13:05:00+00:00,2025-12-03 13:10:00+00:00,2025-12-03 14:05:00+00:00,0.0039939626146523,-0.0054814163794898,reversal,near_duplicate,0.44706507659205647
TSLA_20251203_140000,TSLA,2025-12-03 14:00:00+00:00,-1,21,102.57072372212627,4.787370737058133,609.6767145135566,18.721353221288865,0.9935821504962687,2025-12-03 13:45:00+00:00,2025-12-03 14:00:00+00:00,2025-12-03 14:05:00+00:00,2025-12-03 15:00:00+00:00,-0.0079162351858244,0.023868618218088,reversal,over_cap_or_below_cutoff,0.6623387034272648
TSLA_20251204_143000,TSLA,2025-12-04 14:30:00+00:00,-1,15,160.8203518995821,5.292723527643199,248.23446045887653,10.240311180021347,0.2336685943821942,2025-12-04 14:15:00+00:00,2025-12-04 14:30:00+00:00,2025-12-04 14:35:00+00:00,2025-12-04 15:30:00+00:00,-0.006591255331097,0.0098621539840861,reversal,over_cap_or_below_cutoff,0.6330702479632808
TSLA_20251208_143000,TSLA,2025-12-08 14:30:00+00:00,-1,5,119.13834650812528,4.708120457680131,270.0354547363999,9.74417003543774,0.0966851060612783,2025-12-08 14:15:00+00:00,2025-12-08 14:30:00+00:00,2025-12-08 14:35:00+00:00,2025-12-08 15:30:00+00:00,-0.0042211870803348,-0.0067590103151344,continuation,over_cap_or_below_cutoff,0.5332940026238865
TSLA_20251216_143000,TSLA,2025-12-16 14:30:00+00:00,-1,10,155.8319241389694,4.5235543148143975,221.44003131524008,12.791642619097876,0.1716844405194544,2025-12-16 14:15:00+00:00,2025-12-16 14:30:00+00:00,2025-12-16 14:35:00+00:00,2025-12-16 15:30:00+00:00,-0.0096245574611518,0.0146092428880277,reversal,over_cap_or_below_cutoff,0.536289123371966
TSLA_20251218_133000,TSLA,2025-12-18 13:30:00+00:00,1,3,86.65036262438531,4.18051551121274,22.190119982224857,5.97364700281208,0.456118025143047,2025-12-18 13:15:00+00:00,2025-12-18 13:30:00+00:00,2025-12-18 13:35:00+00:00,2025-12-18 14:30:00+00:00,0.005290102065397,-0.0013207547169811,unclear,low_strength_unclear,0.29912773930297076
TSLA_20251219_142000,TSLA,2025-12-19 14:20:00+00:00,1,6,88.20127241179642,4.284123306962109,365.22458946772366,14.276581163221651,0.656159142645343,2025-12-19 14:05:00+00:00,2025-12-19 14:20:00+00:00,2025-12-19 14:25:00+00:00,2025-12-19 15:20:00+00:00,0.0040912828947368,-0.0128790515776325,reversal,over_cap_or_below_cutoff,0.5611824125516025
TSLA_20251222_142500,TSLA,2025-12-22 14:25:00+00:00,1,10,150.38469791251342,4.796984237967712,488.3065852992076,27.434080337706195,0.5827686115528308,2025-12-22 14:10:00+00:00,2025-12-22 14:25:00+00:00,2025-12-22 14:30:00+00:00,2025-12-22 15:25:00+00:00,0.0041823847793998,-0.0037464271131074,reversal,over_cap_or_below_cutoff,0.6779979456983685
TSLA_20251226_143500,TSLA,2025-12-26 14:35:00+00:00,1,15,88.88911895641449,5.006520318977749,555.4085554866708,12.815150354690926,0.0757780985005512,2025-12-26 14:20:00+00:00,2025-12-26 14:35:00+00:00,2025-12-26 14:40:00+00:00,2025-12-26 15:35:00+00:00,0.0035733705726785,-0.0261068965807403,reversal,over_cap_or_below_cutoff,0.5862953527502139
TSLA_20251230_142500,TSLA,2025-12-30 14:25:00+00:00,-1,8,148.77809405096087,4.225378523096024,259.64646363454216,18.904689577682863,1.091795527610936,2025-12-30 14:10:00+00:00,2025-12-30 14:25:00+00:00,2025-12-30 14:30:00+00:00,2025-12-30 15:25:00+00:00,-0.0036732616281782,-0.0010369543466862,unclear,low_strength_unclear,0.6032820617115733
TSLA_20251231_143000,TSLA,2025-12-31 14:30:00+00:00,-1,3,62.1357299709957,4.551456623438816,290.6506900133551,14.508509474521494,0.0311263956432063,2025-12-31 14:15:00+00:00,2025-12-31 14:30:00+00:00,2025-12-31 14:35:00+00:00,2025-12-31 15:30:00+00:00,-0.0049408523385738,-0.0003331352687409,unclear,low_strength_unclear,0.4126351177125338
TSLA_20260105_142500,TSLA,2026-01-05 14:25:00+00:00,1,5,123.89559133516136,4.423901465320932,257.00782519941026,13.01713045080994,0.6518353560433741,2026-01-05 14:10:00+00:00,2026-01-05 14:25:00+00:00,2026-01-05 14:30:00+00:00,2026-01-05 15:25:00+00:00,0.006945380984491,0.0163619723654544,continuation,over_cap_or_below_cutoff,0.5544435821548896
TSLA_20260112_143000,TSLA,2026-01-12 14:30:00+00:00,1,7,139.27198733890256,4.32026077287257,340.7076086956522,12.767055780134164,0.1270182205825323,2026-01-12 14:15:00+00:00,2026-01-12 14:30:00+00:00,2026-01-12 14:35:00+00:00,2026-01-12 15:30:00+00:00,0.0073992004584384,0.0118930862276933,continuation,over_cap_or_below_cutoff,0.5591956494912955
TSLA_20260114_143000,TSLA,2026-01-14 14:30:00+00:00,-1,3,87.7295653930843,4.993107472851684,292.5461923784161,11.199943547441062,0.0816536155878839,2026-01-14 14:15:00+00:00,2026-01-14 14:30:00+00:00,2026-01-14 14:35:00+00:00,2026-01-14 15:30:00+00:00,-0.0086966611093587,-0.0002043182282541,unclear,low_strength_unclear,0.4867567873274675
TSLA_20260114_150000,TSLA,2026-01-14 15:00:00+00:00,-1,10,100.07186903014498,4.13826792959071,161.5910176236498,7.032801759454065,0.1513107264104976,2026-01-14 14:45:00+00:00,2026-01-14 15:00:00+00:00,2026-01-14 15:05:00+00:00,2026-01-14 16:00:00+00:00,-0.0040404957552095,-0.0030084784392377,continuation,near_duplicate,0.4067959024087612
TSLA_20260116_143000,TSLA,2026-01-16 14:30:00+00:00,1,12,145.24004550625858,6.247755314447215,593.904864652805,23.03435441481014,0.0853078451557858,2026-01-16 14:15:00+00:00,2026-01-16 14:30:00+00:00,2026-01-16 14:35:00+00:00,2026-01-16 15:30:00+00:00,0.0075594197634558,-0.0159178983417447,reversal,over_cap_or_below_cutoff,0.7328328612782931
TSLA_20260121_192500,TSLA,2026-01-21 19:25:00+00:00,1,3,206.1807361589452,4.91154069415921,2.9482745103340138,5.659175363436754,3.604988335015044,2026-01-21 19:10:00+00:00,2026-01-21 19:25:00+00:00,2026-01-21 19:30:00+00:00,2026-01-21 20:25:00+00:00,0.0137812277267079,0.0023586257918342,unclear,over_cap_or_below_cutoff,0.5641026309350126
TSLA_20260122_142500,TSLA,2026-01-22 14:25:00+00:00,-1,3,76.82120427666028,4.276887062502218,191.36018582061976,6.065216662071189,0.936240609715543,2026-01-22 14:10:00+00:00,2026-01-22 14:25:00+00:00,2026-01-22 14:30:00+00:00,2026-01-22 15:25:00+00:00,-0.004392403615147,0.0012632997518216,unclear,low_strength_unclear,0.4305195687241111
TSLA_20260122_173000,TSLA,2026-01-22 17:30:00+00:00,1,6,154.07407407407982,5.542568268253122,9.921346750620236,5.069306128312757,1.8118937916223636,2026-01-22 17:15:00+00:00,2026-01-22 17:30:00+00:00,2026-01-22 17:35:00+00:00,2026-01-22 18:30:00+00:00,0.003491944746895,0.0138272952627869,continuation,over_cap_or_below_cutoff,0.6186090250859599
TSLA_20260126_143000,TSLA,2026-01-26 14:30:00+00:00,-1,11,144.7557389381471,5.233196803725948,345.0709063808645,15.044643186227336,0.1777979107793582,2026-01-26 14:15:00+00:00,2026-01-26 14:30:00+00:00,2026-01-26 14:35:00+00:00,2026-01-26 15:30:00+00:00,-0.0132860541316934,-0.0039803484510758,continuation,over_cap_or_below_cutoff,0.6569347703814458
TSLA_20260127_143000,TSLA,2026-01-27 14:30:00+00:00,-1,6,113.61928869470184,4.661097271177214,278.84254339355294,17.225741229136183,0.1115332787477384,2026-01-27 14:15:00+00:00,2026-01-27 14:30:00+00:00,2026-01-27 14:35:00+00:00,2026-01-27 15:30:00+00:00,-0.0078030505018371,0.0038638172235228,reversal,over_cap_or_below_cutoff,0.5290068829313006
TSLA_20260128_142500,TSLA,2026-01-28 14:25:00+00:00,-1,4,122.82367105019844,5.988820835369174,205.4597399097096,9.653456780832885,1.740592011746997,2026-01-28 14:10:00+00:00,2026-01-28 14:25:00+00:00,2026-01-28 14:30:00+00:00,2026-01-28 15:25:00+00:00,-0.0040123599132961,0.0063838210779774,reversal,over_cap_or_below_cutoff,0.724567983897126
TSLA_20260128_205500,TSLA,2026-01-28 20:55:00+00:00,-1,8,416.1224108975525,4.591715678131076,3.8983320695812274,21.884427078408077,14.85561357456288,2026-01-28 20:40:00+00:00,2026-01-28 20:55:00+00:00,2026-01-28 21:00:00+00:00,2026-01-28 21:55:00+00:00,-0.0047977118604973,0.0302229638900477,reversal,over_cap_or_below_cutoff,0.6843183324382331
TSLA_20260129_221500,TSLA,2026-01-29 22:15:00+00:00,1,7,350.6309751434022,4.642826332920725,1.8026049300011604,10.951390110859382,18.759374819854884,2026-01-29 22:00:00+00:00,2026-01-29 22:15:00+00:00,2026-01-29 22:20:00+00:00,2026-01-29 23:15:00+00:00,0.0350630975143404,-0.0131396650521485,reversal,over_cap_or_below_cutoff,0.6832469339781884
TSLA_20260130_142500,TSLA,2026-01-30 14:25:00+00:00,1,16,171.03649249522456,4.343644036409873,176.50714588934486,8.58424580898894,1.0859660855794573,2026-01-30 14:10:00+00:00,2026-01-30 14:25:00+00:00,2026-01-30 14:30:00+00:00,2026-01-30 15:25:00+00:00,0.0072628341613436,0.0182375460929611,continuation,over_cap_or_below_cutoff,0.5933473338196935
TSLA_20260203_152500,TSLA,2026-02-03 15:25:00+00:00,1,19,123.52368283528703,4.715239767166254,177.5172758423758,6.757949166716672,1.046805698358674,2026-02-03 15:10:00+00:00,2026-02-03 15:25:00+00:00,2026-02-03 15:30:00+00:00,2026-02-03 16:25:00+00:00,0.0048916745049745,0.0007685849759373,unclear,low_strength_unclear,0.5739620871810052
TSLA_20260205_122000,TSLA,2026-02-05 12:20:00+00:00,-1,9,110.98807066995064,5.1946836806097005,90.62012807336548,34.769302158885786,1.970235754900855,2026-02-05 12:05:00+00:00,2026-02-05 12:20:00+00:00,2026-02-05 12:25:00+00:00,2026-02-05 13:20:00+00:00,-0.006914029821367,-0.0115705755556106,continuation,over_cap_or_below_cutoff,0.5829734968384066
TSLA_20260205_142500,TSLA,2026-02-05 14:25:00+00:00,1,14,194.11218808002008,4.819904415336442,390.5687322642381,13.148988441664535,0.6452605791006094,2026-02-05 14:10:00+00:00,2026-02-05 14:25:00+00:00,2026-02-05 14:30:00+00:00,2026-02-05 15:25:00+00:00,0.004681411002581,-0.0182605848424551,reversal,over_cap_or_below_cutoff,0.7326658012609664
TSLA_20260210_143000,TSLA,2026-02-10 14:30:00+00:00,1,3,106.3728068078662,4.562043359947951,502.94769513737214,18.654522611695533,0.0606960022808062,2026-02-10 14:15:00+00:00,2026-02-10 14:30:00+00:00,2026-02-10 14:35:00+00:00,2026-02-10 15:30:00+00:00,0.0063635063635063,0.0043604499703966,continuation,over_cap_or_below_cutoff,0.5123479219961314
TSLA_20260211_141500,TSLA,2026-02-11 14:15:00+00:00,-1,19,180.27944486120663,4.869815287768335,594.0488004083716,20.984116261744077,0.7642103878023625,2026-02-11 14:00:00+00:00,2026-02-11 14:15:00+00:00,2026-02-11 14:20:00+00:00,2026-02-11 15:15:00+00:00,-0.003201458182413,-0.009377344336084,continuation,over_cap_or_below_cutoff,0.7330503568217837
TSLA_20260212_143000,TSLA,2026-02-12 14:30:00+00:00,1,22,125.51032310743392,4.432064925811889,655.1198150021679,18.26821968562664,0.1283867451414403,2026-02-12 14:15:00+00:00,2026-02-12 14:30:00+00:00,2026-02-12 14:35:00+00:00,2026-02-12 15:30:00+00:00,0.0050558905380335,-0.0116758937477748,reversal,over_cap_or_below_cutoff,0.5768312050582785
TSLA_20260217_143000,TSLA,2026-02-17 14:30:00+00:00,-1,17,211.2065763735904,5.162895494458701,393.8510753659859,15.141477290362385,0.1134814316811221,2026-02-17 14:15:00+00:00,2026-02-17 14:30:00+00:00,2026-02-17 14:35:00+00:00,2026-02-17 15:30:00+00:00,-0.0085196667312537,-0.0204955315876591,continuation,over_cap_or_below_cutoff,0.7355936764233901
TSLA_20260218_143500,TSLA,2026-02-18 14:35:00+00:00,-1,13,123.91860606798976,4.162911792310538,235.7679366650173,8.134268044201836,0.0893137228243361,2026-02-18 14:20:00+00:00,2026-02-18 14:35:00+00:00,2026-02-18 14:40:00+00:00,2026-02-18 15:35:00+00:00,-0.0044648273519206,0.008214102907841,reversal,over_cap_or_below_cutoff,0.46873679743465374
TSLA_20260219_143000,TSLA,2026-02-19 14:30:00+00:00,-1,5,80.45863884650784,4.2755935542208245,264.9614820532613,8.09704920332085,0.0518181033980077,2026-02-19 14:15:00+00:00,2026-02-19 14:30:00+00:00,2026-02-19 14:35:00+00:00,2026-02-19 15:30:00+00:00,-0.0043540118232885,0.0136365316153193,reversal,over_cap_or_below_cutoff,0.4447755949991387
TSLA_20260223_143500,TSLA,2026-02-23 14:35:00+00:00,-1,4,106.96381595274973,5.560466506161344,336.491316174932,8.78846731504251,0.0462330642948868,2026-02-23 14:20:00+00:00,2026-02-23 14:35:00+00:00,2026-02-23 14:40:00+00:00,2026-02-23 15:35:00+00:00,-0.0065879149186723,-0.0055434998161385,continuation,over_cap_or_below_cutoff,0.6305191634956545
TSLA_20260224_143000,TSLA,2026-02-24 14:30:00+00:00,1,12,130.9115321497778,5.8935659777595335,287.27791415113114,10.156440554091477,0.0877788623822498,2026-02-24 14:15:00+00:00,2026-02-24 14:30:00+00:00,2026-02-24 14:35:00+00:00,2026-02-24 15:30:00+00:00,0.0080653266331658,0.0152164701777124,continuation,over_cap_or_below_cutoff,0.6647120677444995
TSLA_20260226_143000,TSLA,2026-02-26 14:30:00+00:00,-1,4,76.82641111185885,4.584526919098437,559.7252689582787,21.995286625537616,0.0397523778964704,2026-02-26 14:15:00+00:00,2026-02-26 14:30:00+00:00,2026-02-26 14:35:00+00:00,2026-02-26 15:30:00+00:00,-0.0070927118766737,-0.0156595475860727,continuation,near_duplicate,0.5308400962879272
TSLA_20260226_151000,TSLA,2026-02-26 15:10:00+00:00,-1,7,135.2003222447107,5.423185880105461,388.3604364660331,12.60012514197701,0.0826435444038322,2026-02-26 14:55:00+00:00,2026-02-26 15:10:00+00:00,2026-02-26 15:15:00+00:00,2026-02-26 16:10:00+00:00,-0.0043697194180163,-0.0036910507823422,continuation,over_cap_or_below_cutoff,0.675443298237824
TSLA_20260304_100500,TSLA,2026-03-04 10:05:00+00:00,1,3,96.17336581404734,4.516380305403753,5.731485240387404,5.417961746739805,6.452932976908701,2026-03-04 09:50:00+00:00,2026-03-04 10:05:00+00:00,2026-03-04 10:10:00+00:00,2026-03-04 11:05:00+00:00,0.0039579844725223,0.0097801364670204,continuation,over_cap_or_below_cutoff,0.4091527102754049
TSLA_20260304_110500,TSLA,2026-03-04 11:05:00+00:00,1,3,106.118138154756,4.158777598495615,8.931173087625996,6.598256494407275,1.836653906914808,2026-03-04 10:50:00+00:00,2026-03-04 11:05:00+00:00,2026-03-04 11:10:00+00:00,2026-03-04 12:05:00+00:00,0.0072346861608267,-0.0046800310333608,reversal,over_cap_or_below_cutoff,0.38773352002845496
TSLA_20260306_133500,TSLA,2026-03-06 13:35:00+00:00,-1,6,62.47867134702601,4.185556450176979,20.468115257439774,3.3088910261390816,0.8778328950777132,2026-03-06 13:20:00+00:00,2026-03-06 13:35:00+00:00,2026-03-06 13:40:00+00:00,2026-03-06 14:35:00+00:00,-0.0039769337840523,-0.013103912956678,continuation,near_duplicate,0.360279722365089
TSLA_20260306_143000,TSLA,2026-03-06 14:30:00+00:00,-1,3,93.07935640972876,4.751980193047726,316.4780438491186,5.791710827584919,0.0262957517621586,2026-03-06 14:15:00+00:00,2026-03-06 14:30:00+00:00,2026-03-06 14:35:00+00:00,2026-03-06 15:30:00+00:00,-0.0044939870954784,0.0016140421668517,unclear,low_strength_unclear,0.4778835512334772
TSLA_20260309_132500,TSLA,2026-03-09 13:25:00+00:00,-1,10,188.5077765949128,4.22307975851341,140.99988050189205,8.662332944391508,0.6106983050254403,2026-03-09 13:10:00+00:00,2026-03-09 13:25:00+00:00,2026-03-09 13:30:00+00:00,2026-03-09 14:25:00+00:00,-0.0031429666538904,-0.0170973033938275,continuation,over_cap_or_below_cutoff,0.5396198874390379
TSLA_20260309_191500,TSLA,2026-03-09 19:15:00+00:00,1,3,208.84301732925212,4.425935616077133,2.8045463027965627,4.069708882339829,4.294522479361058,2026-03-09 19:00:00+00:00,2026-03-09 19:15:00+00:00,2026-03-09 19:20:00+00:00,2026-03-09 20:15:00+00:00,0.0088400886556441,0.0034595959595959,continuation,over_cap_or_below_cutoff,0.521749766475687
TSLA_20260311_100500,TSLA,2026-03-11 10:05:00+00:00,1,3,77.05629878768328,5.254484982803843,11.135672648302664,11.41184829466351,3.0291059191350898,2026-03-11 09:50:00+00:00,2026-03-11 10:05:00+00:00,2026-03-11 10:10:00+00:00,2026-03-11 11:05:00+00:00,0.0053215522867613,-0.0001248439450687,unclear,low_strength_unclear,0.4598573315887139
TSLA_20260312_132000,TSLA,2026-03-12 13:20:00+00:00,-1,15,102.6371754555777,4.339738499897425,209.89011252094804,8.077140890055245,0.7246487725224853,2026-03-12 13:05:00+00:00,2026-03-12 13:20:00+00:00,2026-03-12 13:25:00+00:00,2026-03-12 14:20:00+00:00,-0.0031728718841148,-0.0141585043355532,continuation,over_cap_or_below_cutoff,0.5051340967193871
TSLA_20260313_133000,TSLA,2026-03-13 13:30:00+00:00,-1,17,85.34004071860446,4.486166702380984,243.5332792207792,8.394313485390533,0.2166581000679556,2026-03-13 13:15:00+00:00,2026-03-13 13:30:00+00:00,2026-03-13 13:35:00+00:00,2026-03-13 14:30:00+00:00,-0.0067189815228009,-0.001191754118599,unclear,low_strength_unclear,0.47288038593834664
TSLA_20260323_105000,TSLA,2026-03-23 10:50:00+00:00,1,7,387.8564652045346,4.118781317094298,16.89765947682423,19.296161266117107,2.409497786889452,2026-03-23 10:35:00+00:00,2026-03-23 10:50:00+00:00,2026-03-23 10:55:00+00:00,2026-03-23 11:50:00+00:00,0.0034158360398699,0.0290752832189296,continuation,over_cap_or_below_cutoff,0.6389054356677484
TSLA_20260324_133000,TSLA,2026-03-24 13:30:00+00:00,1,12,187.726875281522,4.5823061559291,280.06845896027954,11.928800176829071,0.1046013657406027,2026-03-24 13:15:00+00:00,2026-03-24 13:30:00+00:00,2026-03-24 13:35:00+00:00,2026-03-24 14:30:00+00:00,0.0158250497017893,0.0031835499191064,continuation,over_cap_or_below_cutoff,0.6013058915176968
TSLA_20260327_133000,TSLA,2026-03-27 13:30:00+00:00,-1,6,154.94583847525556,5.08205161951924,216.08744534665837,6.847395874518637,0.1020571528359591,2026-03-27 13:15:00+00:00,2026-03-27 13:30:00+00:00,2026-03-27 13:35:00+00:00,2026-03-27 14:30:00+00:00,-0.0111966896602471,-0.0048288031954912,continuation,over_cap_or_below_cutoff,0.5782802187410315
TSLA_20260407_132500,TSLA,2026-04-07 13:25:00+00:00,-1,20,122.71019257867444,4.266275508467944,126.11452831619115,5.695816947505327,0.981625869004683,2026-04-07 13:10:00+00:00,2026-04-07 13:25:00+00:00,2026-04-07 13:30:00+00:00,2026-04-07 14:25:00+00:00,-0.004542187724594,-0.0127357264562334,continuation,over_cap_or_below_cutoff,0.4980709203135199
TSLA_20260408_133000,TSLA,2026-04-08 13:30:00+00:00,-1,19,253.30654343539427,4.809283877846154,115.69166157406804,16.97795057786956,0.3813555147766492,2026-04-08 13:15:00+00:00,2026-04-08 13:30:00+00:00,2026-04-08 13:35:00+00:00,2026-04-08 14:30:00+00:00,-0.0217410052183466,-0.0228648611771271,continuation,over_cap_or_below_cutoff,0.6298746123424988
TSLA_20260409_100000,TSLA,2026-04-09 10:00:00+00:00,1,3,116.71807858457228,5.0936111848319054,5.264282061309828,8.953948976132464,2.9844748445692595,2026-04-09 09:45:00+00:00,2026-04-09 10:00:00+00:00,2026-04-09 10:05:00+00:00,2026-04-09 11:00:00+00:00,0.0094546731844393,-0.0078582613234357,reversal,over_cap_or_below_cutoff,0.4861689753201929
TSLA_20260409_134000,TSLA,2026-04-09 13:40:00+00:00,1,7,177.1996104011131,4.498362684886465,117.67534161138516,11.856058969017267,0.1971121913615176,2026-04-09 13:25:00+00:00,2026-04-09 13:40:00+00:00,2026-04-09 13:45:00+00:00,2026-04-09 14:40:00+00:00,0.0048776009791922,-0.0104221496999682,reversal,over_cap_or_below_cutoff,0.5038267163561958
TSLA_20260413_132500,TSLA,2026-04-13 13:25:00+00:00,1,9,147.8965374099972,4.175973562722653,167.52958019285023,8.859345372597883,1.1045698271486553,2026-04-13 13:10:00+00:00,2026-04-13 13:25:00+00:00,2026-04-13 13:30:00+00:00,2026-04-13 14:25:00+00:00,0.0067857358596943,0.0049999999999998,continuation,over_cap_or_below_cutoff,0.5497515966208566
TSLA_20260415_133000,TSLA,2026-04-15 13:30:00+00:00,-1,10,145.07104975506334,5.254261335063682,189.99297800338408,10.569451522357104,0.0835293226701418,2026-04-15 13:15:00+00:00,2026-04-15 13:30:00+00:00,2026-04-15 13:35:00+00:00,2026-04-15 14:30:00+00:00,-0.0054018187077126,0.0354144864836418,reversal,over_cap_or_below_cutoff,0.5681421096763917
TSLA_20260415_145000,TSLA,2026-04-15 14:50:00+00:00,1,13,189.2239439674004,4.720729361943521,130.87998857714,6.2462211985341085,0.3072409079349441,2026-04-15 14:35:00+00:00,2026-04-15 14:50:00+00:00,2026-04-15 14:55:00+00:00,2026-04-15 15:50:00+00:00,0.0065050580144969,0.0308510077028596,continuation,over_cap_or_below_cutoff,0.5542964733213078
TSLA_20260416_133000,TSLA,2026-04-16 13:30:00+00:00,-1,8,165.99937846376366,4.384134979685439,110.64592181988338,9.19312337562839,0.145036034003435,2026-04-16 13:15:00+00:00,2026-04-16 13:30:00+00:00,2026-04-16 13:35:00+00:00,2026-04-16 14:30:00+00:00,-0.0091221374045801,-0.0092061168676091,continuation,over_cap_or_below_cutoff,0.47277433427226095
TSLA_20260417_124500,TSLA,2026-04-17 12:45:00+00:00,1,27,138.59015565358845,4.825591286015633,384.1477396868335,15.795206931536256,1.0145105538138484,2026-04-17 12:30:00+00:00,2026-04-17 12:45:00+00:00,2026-04-17 12:50:00+00:00,2026-04-17 13:45:00+00:00,0.0040653293094266,-0.000676916393248,unclear,over_cap_or_below_cutoff,0.7064497051390211
TSLA_20260421_132500,TSLA,2026-04-21 13:25:00+00:00,-1,4,115.2900184464034,5.895039955467307,155.10765898651928,12.080739105530627,1.9868158622353136,2026-04-21 13:10:00+00:00,2026-04-21 13:25:00+00:00,2026-04-21 13:30:00+00:00,2026-04-21 14:25:00+00:00,-0.0039527694724572,-0.0022004578987535,unclear,low_strength_unclear,0.6871892316198827
TSLA_20260422_132500,TSLA,2026-04-22 13:25:00+00:00,-1,6,99.2060939048045,4.232765502206672,115.5072575136612,9.200978595616888,1.2224511440418724,2026-04-22 13:10:00+00:00,2026-04-22 13:25:00+00:00,2026-04-22 13:30:00+00:00,2026-04-22 14:25:00+00:00,-0.0037792117644035,0.0135698064516129,reversal,over_cap_or_below_cutoff,0.4855001078200277
TSLA_20260422_200000,TSLA,2026-04-22 20:00:00+00:00,1,4,468.2334710743796,5.145915384133051,3.253448694412841,21.896847473099587,18.662530989858386,2026-04-22 19:45:00+00:00,2026-04-22 20:00:00+00:00,2026-04-22 20:05:00+00:00,2026-04-22 21:00:00+00:00,0.0421245421245419,-0.0022547587811579,unclear,over_cap_or_below_cutoff,0.735923887264897
TSLA_20260427_133000,TSLA,2026-04-27 13:30:00+00:00,-1,7,118.82867867257784,6.055387050010905,311.8096197995408,18.853839189232648,0.1422084367400009,2026-04-27 13:15:00+00:00,2026-04-27 13:30:00+00:00,2026-04-27 13:35:00+00:00,2026-04-27 14:30:00+00:00,-0.0117433235057164,-0.0046749867880808,continuation,over_cap_or_below_cutoff,0.6722375056551142
TSLA_20260429_133500,TSLA,2026-04-29 13:35:00+00:00,-1,7,92.78080980404056,4.175324129626273,194.9530230223051,10.505106332546609,0.0756968751113297,2026-04-29 13:20:00+00:00,2026-04-29 13:35:00+00:00,2026-04-29 13:40:00+00:00,2026-04-29 14:35:00+00:00,-0.0073194751270927,-0.0002008258258257,unclear,low_strength_unclear,0.413469930373003
TSLA_20260430_132500,TSLA,2026-04-30 13:25:00+00:00,-1,5,118.28713728886608,5.812942318771799,227.254552049329,9.69132620024927,0.6775909972331092,2026-04-30 13:10:00+00:00,2026-04-30 13:25:00+00:00,2026-04-30 13:30:00+00:00,2026-04-30 14:25:00+00:00,-0.0036629057269664,-0.005756071380652,continuation,over_cap_or_below_cutoff,0.6641747692204572
XLK_20240529_195000,XLK,2024-05-29 19:50:00+00:00,-1,4,69.39234808701622,4.537606809664334,8.141644941133492,6.104399031000366,63.101485847027234,2024-05-29 19:35:00+00:00,2024-05-29 19:50:00+00:00,2024-05-29 19:55:00+00:00,2024-05-29 21:05:00+00:00,-0.0032980304719435,-0.0089015239781888,continuation,over_cap_or_below_cutoff,0.5809935889933064
XLK_20240531_195000,XLK,2024-05-31 19:50:00+00:00,1,3,94.5705919062978,4.481131046460863,16.92148242540087,3.5029330639612413,2.5320569199741856,2024-05-31 19:35:00+00:00,2024-05-31 19:50:00+00:00,2024-05-31 19:55:00+00:00,2024-05-31 21:00:00+00:00,0.0085418671799806,0.0028867947035668,unclear,low_strength_unclear,0.5458640136119008
XLK_20240624_134500,XLK,2024-06-24 13:45:00+00:00,-1,3,83.75284002316575,4.561868988329175,6.674708876647375,6.69406826500594,1.2481462296437174,2024-06-24 13:30:00+00:00,2024-06-24 13:45:00+00:00,2024-06-24 13:50:00+00:00,2024-06-24 14:45:00+00:00,-0.0083057212281864,-0.0036975987882568,continuation,over_cap_or_below_cutoff,0.49549016555488923
XLK_20240702_133500,XLK,2024-07-02 13:35:00+00:00,1,3,72.05056800601017,4.005794419220663,8.727674233724937,4.086700238507079,0.5986274570333575,2024-07-02 13:20:00+00:00,2024-07-02 13:35:00+00:00,2024-07-02 13:40:00+00:00,2024-07-02 14:35:00+00:00,0.0048359316345008,-0.0011383364465443,unclear,low_strength_unclear,0.3982384625732112
XLK_20240711_141000,XLK,2024-07-11 14:10:00+00:00,-1,3,111.76997568363322,5.413242331437965,6.8834237381630965,8.562151646523699,3.259671972920656,2024-07-11 13:55:00+00:00,2024-07-11 14:10:00+00:00,2024-07-11 14:15:00+00:00,2024-07-11 15:10:00+00:00,-0.0076751149158689,-0.0061620840593259,continuation,over_cap_or_below_cutoff,0.6933090908992581
XLK_20240822_153500,XLK,2024-08-22 15:35:00+00:00,-1,4,96.95603156708144,4.510324662715642,6.274040981356229,4.968909394985876,1.0081064466765488,2024-08-22 15:20:00+00:00,2024-08-22 15:35:00+00:00,2024-08-22 15:40:00+00:00,2024-08-22 16:35:00+00:00,-0.0058899647494534,0.0038825800080795,reversal,over_cap_or_below_cutoff,0.5629701965400857
XLK_20240930_181500,XLK,2024-09-30 18:15:00+00:00,-1,2,65.42977502913105,4.429175651119892,6.577116914490399,3.301713831984234,1.4944415277703582,2024-09-30 18:00:00+00:00,2024-09-30 18:15:00+00:00,2024-09-30 18:20:00+00:00,2024-09-30 19:15:00+00:00,-0.0043180199430199,0.0021907274109178,unclear,low_strength_unclear,0.3983849881627376
XLK_20241001_133000,XLK,2024-10-01 13:30:00+00:00,-1,8,100.0718003948986,4.89931941099573,10.21330385465731,9.307337550790589,1.2150132915051473,2024-10-01 13:10:00+00:00,2024-10-01 13:30:00+00:00,2024-10-01 13:35:00+00:00,2024-10-01 14:30:00+00:00,-0.0061246227587431,-0.0169241761186031,continuation,over_cap_or_below_cutoff,0.6149543508513352
XLK_20241030_133500,XLK,2024-10-30 13:35:00+00:00,-1,2,70.45929018789643,4.184086923097213,5.653099738050305,5.846867544298107,1.7804851368449632,2024-10-30 13:20:00+00:00,2024-10-30 13:35:00+00:00,2024-10-30 13:40:00+00:00,2024-10-30 14:35:00+00:00,-0.0031998616276052,0.0046416796807218,reversal,over_cap_or_below_cutoff,0.39182930472220634
XLK_20241031_133000,XLK,2024-10-31 13:30:00+00:00,-1,6,87.45837957823798,4.075704670944042,115.55508889822204,20.32596075880865,0.6119581364113983,2024-10-31 13:10:00+00:00,2024-10-31 13:30:00+00:00,2024-10-31 13:35:00+00:00,2024-10-31 14:30:00+00:00,-0.0073930646013026,-0.0093101613761304,continuation,over_cap_or_below_cutoff,0.5145402390848652
XLK_20241218_190500,XLK,2024-12-18 19:05:00+00:00,-1,3,88.23652406640292,4.873906538421686,4.684935969216361,7.73741686095724,2.8316695574537376,2024-12-18 18:50:00+00:00,2024-12-18 19:05:00+00:00,2024-12-18 19:10:00+00:00,2024-12-18 20:05:00+00:00,-0.0087464765378876,-0.0110818383306151,continuation,near_duplicate,0.5768349237693293
XLK_20241227_143000,XLK,2024-12-27 14:30:00+00:00,-1,3,75.82139848357761,4.0363584035521685,9.478651558393851,7.061879329998814,0.8317735699788109,2024-12-27 14:15:00+00:00,2024-12-27 14:30:00+00:00,2024-12-27 14:35:00+00:00,2024-12-27 15:30:00+00:00,-0.0043449197860963,-0.0119587109768378,continuation,over_cap_or_below_cutoff,0.41560289446535725
XLK_20250107_145500,XLK,2025-01-07 14:55:00+00:00,-1,4,89.16923336568239,4.285798534326273,54.77751460603189,12.47859327108712,1.126671793486925,2025-01-07 14:40:00+00:00,2025-01-07 14:55:00+00:00,2025-01-07 15:00:00+00:00,2025-01-07 15:55:00+00:00,-0.004095620193915,-0.0069240453210239,continuation,over_cap_or_below_cutoff,0.5379464927944497
XLK_20250115_133000,XLK,2025-01-15 13:30:00+00:00,1,3,141.7943107221009,4.810669959083342,0.8315893079154579,9.190151330400528,19.101301841573484,2025-01-15 13:05:00+00:00,2025-01-15 13:30:00+00:00,2025-01-15 13:35:00+00:00,2025-01-15 14:30:00+00:00,0.0118130906545326,-0.0009945515869583,unclear,over_cap_or_below_cutoff,0.7166481104169785
XLK_20250220_145000,XLK,2025-02-20 14:50:00+00:00,-1,4,95.20230489791004,5.258402385604219,7.908376193975019,9.197118729175644,2.3849693356703394,2025-02-20 14:35:00+00:00,2025-02-20 14:50:00+00:00,2025-02-20 14:55:00+00:00,2025-02-20 15:50:00+00:00,-0.006773500743433,-0.0029524284763804,unclear,low_strength_unclear,0.669668247605673
XLK_20250326_134500,XLK,2025-03-26 13:45:00+00:00,-1,4,69.15053539629179,4.816160061186744,4.434817230395875,4.9049593423061415,4.160895942670686,2025-03-26 13:30:00+00:00,2025-03-26 13:45:00+00:00,2025-03-26 13:50:00+00:00,2025-03-26 14:45:00+00:00,-0.0031231341569832,-0.0084303155954849,continuation,over_cap_or_below_cutoff,0.6076420027036111
XLK_20250402_133000,XLK,2025-04-02 13:30:00+00:00,1,3,117.17033637650644,4.046848141524272,9.90569866217285,4.770914526000921,0.995083034610338,2025-04-02 13:10:00+00:00,2025-04-02 13:30:00+00:00,2025-04-02 13:35:00+00:00,2025-04-02 14:30:00+00:00,0.0044597163327972,0.0091467113084406,continuation,over_cap_or_below_cutoff,0.5111243746671243
XLK_20250409_171500,XLK,2025-04-09 17:15:00+00:00,1,8,494.1214715284193,4.602288976063126,16.566828397663276,8.535940909484008,0.849373458970562,2025-04-09 17:00:00+00:00,2025-04-09 17:15:00+00:00,2025-04-09 17:20:00+00:00,2025-04-09 18:15:00+00:00,0.015466408893185,0.0540483367708497,continuation,over_cap_or_below_cutoff,0.7000853951917447
XLK_20250528_202000,XLK,2025-05-28 20:20:00+00:00,1,3,71.35443694862742,4.14625047269999,0.0327706467456353,6.6824939515504855,470.6218769648795,2025-05-28 20:05:00+00:00,2025-05-28 20:20:00+00:00,2025-05-28 20:25:00+00:00,2025-05-28 21:25:00+00:00,0.0071354436948622,0.0027480784919919,unclear,over_cap_or_below_cutoff,0.49567035839462326
XLK_20250714_134000,XLK,2025-07-14 13:40:00+00:00,-1,1,70.65324649694116,4.741551154448514,6.286507677229664,8.638397511879942,1.480818231623753,2025-07-14 13:25:00+00:00,2025-07-14 13:40:00+00:00,2025-07-14 13:45:00+00:00,2025-07-14 14:40:00+00:00,-0.0070157560554988,0.0058022498519834,reversal,over_cap_or_below_cutoff,0.3912657648072913
XLK_20250730_185500,XLK,2025-07-30 18:55:00+00:00,-1,3,69.50378852618178,5.37838565326967,6.572689701706542,7.444083025198036,2.012867403841049,2025-07-30 18:40:00+00:00,2025-07-30 18:55:00+00:00,2025-07-30 19:00:00+00:00,2025-07-30 19:55:00+00:00,-0.0069024045261668,0.0053362198294686,reversal,over_cap_or_below_cutoff,0.5658017943832379
XLK_20250801_133000,XLK,2025-08-01 13:30:00+00:00,-1,5,107.71504121947606,4.473310548840054,126.06442892543366,12.537982942020552,0.1719599359995932,2025-08-01 13:05:00+00:00,2025-08-01 13:30:00+00:00,2025-08-01 13:35:00+00:00,2025-08-01 14:30:00+00:00,-0.0048418706528839,-0.0003861451133336,unclear,low_strength_unclear,0.5900100133650181
XLK_20250805_143500,XLK,2025-08-05 14:35:00+00:00,-1,5,69.35079946060796,4.03217542856643,53.66421343146274,9.61423684306648,0.3190925217230034,2025-08-05 14:20:00+00:00,2025-08-05 14:35:00+00:00,2025-08-05 14:40:00+00:00,2025-08-05 15:35:00+00:00,-0.0030568186160252,-0.0041010310068607,continuation,over_cap_or_below_cutoff,0.44858296232976347
XLK_20250905_140500,XLK,2025-09-05 14:05:00+00:00,-1,5,68.69704602701532,4.1514373187195694,8.134649425965575,7.440544598222051,0.8614005804404237,2025-09-05 13:50:00+00:00,2025-09-05 14:05:00+00:00,2025-09-05 14:10:00+00:00,2025-09-05 15:05:00+00:00,-0.0037460269411229,-0.0096851380606935,continuation,over_cap_or_below_cutoff,0.46202864098090374
XLK_20250917_180000,XLK,2025-09-17 18:00:00+00:00,1,9,99.63566064392194,4.092843514575705,6.101805178579122,9.659796022956838,3.117423302685956,2025-09-17 17:45:00+00:00,2025-09-17 18:00:00+00:00,2025-09-17 18:05:00+00:00,2025-09-17 19:00:00+00:00,0.0036530684372968,-0.0031611836059548,reversal,over_cap_or_below_cutoff,0.5810350866345988
XLK_20251007_150000,XLK,2025-10-07 15:00:00+00:00,-1,8,91.77204105222714,5.427052694534239,8.831223421253165,11.182710096919218,1.8731941247355628,2025-10-07 14:45:00+00:00,2025-10-07 15:00:00+00:00,2025-10-07 15:05:00+00:00,2025-10-07 16:00:00+00:00,-0.0036783842870528,-0.0058862456898053,continuation,over_cap_or_below_cutoff,0.6666404097205292
XLK_20251106_144000,XLK,2025-11-06 14:40:00+00:00,-1,12,98.99969062596712,5.357103047719799,209.6537195523371,9.915989463451334,0.1176551441825025,2025-11-06 14:25:00+00:00,2025-11-06 14:40:00+00:00,2025-11-06 14:45:00+00:00,2025-11-06 15:40:00+00:00,-0.0041050346044239,-0.0133197070345768,continuation,over_cap_or_below_cutoff,0.6780922332871089
XLK_20251202_143000,XLK,2025-12-02 14:30:00+00:00,1,3,80.5220047202626,5.150509958817778,98.73641997812614,10.42909493696646,0.1027146809934209,2025-12-02 14:15:00+00:00,2025-12-02 14:30:00+00:00,2025-12-02 14:35:00+00:00,2025-12-02 15:30:00+00:00,0.0044776119402982,-0.0004146653305228,unclear,low_strength_unclear,0.5403688502097428
XLK_20251203_140000,XLK,2025-12-03 14:00:00+00:00,-1,3,110.10452961672136,5.43089224219265,0.2334590116389039,9.357868942557264,38.37413998676679,2025-12-03 13:40:00+00:00,2025-12-03 14:00:00+00:00,2025-12-03 14:05:00+00:00,2025-12-03 15:00:00+00:00,-0.0076151752179455,0.0014236111111112,unclear,over_cap_or_below_cutoff,0.7097451697422567
XLK_20251222_143000,XLK,2025-12-22 14:30:00+00:00,-1,4,76.66804807294314,5.076869677723579,514.0550660792951,24.224757117828933,0.0468603547309552,2025-12-22 14:15:00+00:00,2025-12-22 14:30:00+00:00,2025-12-22 14:35:00+00:00,2025-12-22 15:30:00+00:00,-0.0043895747599452,-0.0017911270322402,unclear,low_strength_unclear,0.6536796515666423
XLK_20251229_143000,XLK,2025-12-29 14:30:00+00:00,1,5,77.82650786705148,5.1064214552203495,276.7220149253731,17.554501325195684,0.0620345129083696,2025-12-29 14:15:00+00:00,2025-12-29 14:30:00+00:00,2025-12-29 14:35:00+00:00,2025-12-29 15:30:00+00:00,0.0032325463843549,0.0008580450302031,unclear,low_strength_unclear,0.6212297459438834
XLK_20260106_144500,XLK,2026-01-06 14:45:00+00:00,1,4,69.62156200455149,5.031592234219605,814.0,15.18191000075777,0.0171254984743747,2026-01-06 14:30:00+00:00,2026-01-06 14:45:00+00:00,2026-01-06 14:50:00+00:00,2026-01-06 15:45:00+00:00,0.0033080634045488,0.0026789394147546,unclear,over_cap_or_below_cutoff,0.6330077330724213
XLK_20260126_143500,XLK,2026-01-26 14:35:00+00:00,1,4,75.82023711056429,4.863011160366608,478.072247706422,16.28878285355966,0.0585405557095899,2026-01-26 14:10:00+00:00,2026-01-26 14:35:00+00:00,2026-01-26 14:40:00+00:00,2026-01-26 15:35:00+00:00,0.0033748880776913,0.0029859967051071,unclear,low_strength_unclear,0.6306709451773087
XLK_20260129_143000,XLK,2026-01-29 14:30:00+00:00,-1,8,104.47812489260411,4.298063581251991,946.8756038647344,17.115445261132173,0.0155304253710604,2026-01-29 14:15:00+00:00,2026-01-29 14:30:00+00:00,2026-01-29 14:35:00+00:00,2026-01-29 15:30:00+00:00,-0.0044923326352765,-0.0183055678078242,continuation,over_cap_or_below_cutoff,0.6354549679348308
XLK_20260205_143000,XLK,2026-02-05 14:30:00+00:00,1,20,138.58336999560183,4.240199325594751,1408.6715328467153,13.00504021543036,0.0438216084974135,2026-02-05 14:15:00+00:00,2026-02-05 14:30:00+00:00,2026-02-05 14:35:00+00:00,2026-02-05 15:30:00+00:00,0.0033601168736303,-0.0127766453115901,reversal,over_cap_or_below_cutoff,0.7047978351481048
XLK_20260220_143000,XLK,2026-02-20 14:30:00+00:00,1,6,101.29310344827446,4.892621885190592,331.859467837768,19.18459716518993,0.0464044830311302,2026-02-20 14:15:00+00:00,2026-02-20 14:30:00+00:00,2026-02-20 14:35:00+00:00,2026-02-20 15:30:00+00:00,0.0049615301646652,0.0055094447624499,continuation,over_cap_or_below_cutoff,0.663672967762879
XLK_20260224_143000,XLK,2026-02-24 14:30:00+00:00,-1,6,127.00245345649064,4.620656538155699,544.978705978706,38.47008476385779,0.0450477937117603,2026-02-24 14:15:00+00:00,2026-02-24 14:30:00+00:00,2026-02-24 14:35:00+00:00,2026-02-24 15:30:00+00:00,-0.0055970149253731,0.0152619425602538,reversal,over_cap_or_below_cutoff,0.717720216612086
XLK_20260225_144000,XLK,2026-02-25 14:40:00+00:00,1,5,74.91695526185671,5.7625086598435455,357.0070257611241,6.390246104374895,0.1764558286309708,2026-02-25 14:25:00+00:00,2026-02-25 14:40:00+00:00,2026-02-25 14:45:00+00:00,2026-02-25 15:40:00+00:00,0.0031126202603282,0.0062411847672778,continuation,over_cap_or_below_cutoff,0.7026199439815368
XLK_20260226_143000,XLK,2026-02-26 14:30:00+00:00,-1,13,133.26646127390873,4.482075234334324,570.3454692556634,11.468551578317154,0.0681599032974311,2026-02-26 14:15:00+00:00,2026-02-26 14:30:00+00:00,2026-02-26 14:35:00+00:00,2026-02-26 15:30:00+00:00,-0.0064254784187737,-0.0207015324054548,continuation,over_cap_or_below_cutoff,0.7180730381124929
XLK_20260320_135500,XLK,2026-03-20 13:55:00+00:00,-1,2,96.81678157547724,4.002717920303111,832.0082474226804,23.62917383492292,0.0209187728436278,2026-03-20 13:40:00+00:00,2026-03-20 13:55:00+00:00,2026-03-20 14:00:00+00:00,2026-03-20 14:55:00+00:00,-0.0095888420746766,-0.0005867683731848,unclear,over_cap_or_below_cutoff,0.48924263859269823
XLK_20260407_134500,XLK,2026-04-07 13:45:00+00:00,-1,7,87.5760724357999,4.312621411577664,178.0663101604278,9.856839853310827,0.1540594709571223,2026-04-07 13:30:00+00:00,2026-04-07 13:45:00+00:00,2026-04-07 13:50:00+00:00,2026-04-07 14:45:00+00:00,-0.0038904793364163,-0.0043478260869563,continuation,over_cap_or_below_cutoff,0.5418136725628051
XLK_20260407_223500,XLK,2026-04-07 22:35:00+00:00,1,7,134.04439319688822,4.040137438397722,0.474143861223269,6.864525244354981,37.55289192080719,2026-04-07 22:20:00+00:00,2026-04-07 22:35:00+00:00,2026-04-07 22:40:00+00:00,2026-04-07 23:35:00+00:00,0.0134044393196888,0.0070402503200115,continuation,over_cap_or_below_cutoff,0.6718859608355414
XLK_20260417_124500,XLK,2026-04-17 12:45:00+00:00,1,7,60.3621730382331,4.881981249935219,553.6277665995976,19.93046471488908,2.973765105713093,2026-04-17 12:30:00+00:00,2026-04-17 12:45:00+00:00,2026-04-17 12:50:00+00:00,2026-04-17 13:45:00+00:00,0.0031227636458264,-0.0006485504896556,unclear,low_strength_unclear,0.6724940944763327
XLK_20260429_201000,XLK,2026-04-29 20:10:00+00:00,-1,5,111.85255799174064,4.649434441049248,0.3404947316361685,6.797092044158135,424.32447291368857,2026-04-29 19:55:00+00:00,2026-04-29 20:10:00+00:00,2026-04-29 20:15:00+00:00,2026-04-29 21:15:00+00:00,-0.0110615297592862,0.0047028916428344,reversal,over_cap_or_below_cutoff,0.6845600254406885
