event_id,ticker,t0_utc,direction,cluster_len,peak_abs_ret_3_bp,peak_z_ret_3,peak_volume_mult,peak_range_mult,peak_impact_mult,event_window_start,event_window_end,val_window_start,val_window_end,event_return,forward_return_60m,label_proxy,strength_score,keep_reason
AAPL_20251218_142500,AAPL,2025-12-18 14:25:00+00:00,1,4,205.16989349959937,5.938784998901915,1320.9143043336592,31.83551248629676,0.4337116163307928,2025-12-18 14:10:00+00:00,2025-12-18 14:25:00+00:00,2025-12-18 14:30:00+00:00,2025-12-18 15:25:00+00:00,0.0042198737707326,-0.0101216793948918,reversal,0.950839866227702,min_quota
AAPL_20250910_131000,AAPL,2025-09-10 13:10:00+00:00,1,12,182.1517323364685,7.228447458946839,642.276586801177,18.49522779432292,0.7715157133391936,2025-09-10 12:55:00+00:00,2025-09-10 13:10:00+00:00,2025-09-10 13:15:00+00:00,2025-09-10 14:10:00+00:00,0.0031329127505257,-0.0192949430991701,reversal,0.9394577715785946,min_quota
AAPL_20260204_142500,AAPL,2026-02-04 14:25:00+00:00,1,12,176.32939438700478,6.789907155579269,1626.1100275068768,13.387600855178237,0.2294722940573445,2026-02-04 14:10:00+00:00,2026-02-04 14:25:00+00:00,2026-02-04 14:30:00+00:00,2026-02-04 15:25:00+00:00,0.0060439465053667,0.0136946066013143,continuation,0.9386472899955116,min_quota
AAPL_20240612_132500,AAPL,2024-06-12 13:25:00+00:00,1,10,262.5406533663499,7.447603681136468,612.4992705098949,18.04169181404551,0.7234977541294406,2024-06-12 13:10:00+00:00,2024-06-12 13:25:00+00:00,2024-06-12 13:30:00+00:00,2024-06-12 14:25:00+00:00,0.0060616877857331,0.0376271513281589,continuation,0.9341292731144875,min_quota
AAPL_20250211_140000,AAPL,2025-02-11 14:00:00+00:00,1,21,193.90532714475884,6.030943439136052,1426.1818598259276,67.64887967155454,0.2222534104977309,2025-02-11 13:45:00+00:00,2025-02-11 14:00:00+00:00,2025-02-11 14:05:00+00:00,2025-02-11 15:00:00+00:00,0.014767652650661,0.0069713737963488,continuation,0.9306100631421592,min_quota
AAPL_20251215_142500,AAPL,2025-12-15 14:25:00+00:00,1,6,189.4821064882235,7.517786312194304,1395.279811097993,54.83566601609327,0.1601552919471361,2025-12-15 14:10:00+00:00,2025-12-15 14:25:00+00:00,2025-12-15 14:30:00+00:00,2025-12-15 15:25:00+00:00,0.0041575570768073,-0.0215048006567442,reversal,0.9293761456615044,min_quota
AAPL_20260224_143000,AAPL,2026-02-24 14:30:00+00:00,1,5,233.8297316463267,6.62924524099019,1388.208992248062,31.67877737168591,0.026761757780501,2026-02-24 14:15:00+00:00,2026-02-24 14:30:00+00:00,2026-02-24 14:35:00+00:00,2026-02-24 15:30:00+00:00,0.0176085329341317,0.0024824846913444,unclear,0.9115347695079896,high_strength_unclear
AAPL_20250806_121500,AAPL,2025-08-06 12:15:00+00:00,1,14,203.307392996106,5.375573308683163,1676.3657344025034,40.26891610006362,0.4979060980710124,2025-08-06 12:00:00+00:00,2025-08-06 12:15:00+00:00,2025-08-06 12:20:00+00:00,2025-08-06 13:15:00+00:00,0.0086890600918447,0.0017056107975286,unclear,0.9102129673658261,high_strength_unclear
AAPL_20250620_132500,AAPL,2025-06-20 13:25:00+00:00,1,6,149.62782925718176,7.629981484950674,2785.2610451906085,23.366292563679213,0.1119494113628458,2025-06-20 13:10:00+00:00,2025-06-20 13:25:00+00:00,2025-06-20 13:30:00+00:00,2025-06-20 14:25:00+00:00,0.0040038518068015,0.0029278142352346,unclear,0.9042319305131765,high_strength_unclear
AAPL_20250523_111500,AAPL,2025-05-23 11:15:00+00:00,-1,14,323.06035587919445,6.662415636748741,421.6568329718005,74.74851257039805,0.9983238338299438,2025-05-23 11:00:00+00:00,2025-05-23 11:15:00+00:00,2025-05-23 11:20:00+00:00,2025-05-23 12:15:00+00:00,-0.0124069478908188,-0.0238688442211054,continuation,0.8999789949174601,min_quota
AAPL_20260202_142500,AAPL,2026-02-02 14:25:00+00:00,1,9,206.2257262699929,5.964821975572448,589.262972330804,18.60479630396272,0.5081825440308361,2026-02-02 14:10:00+00:00,2026-02-02 14:25:00+00:00,2026-02-02 14:30:00+00:00,2026-02-02 15:25:00+00:00,0.0093995039571239,0.0193062072148297,continuation,0.893046690621127,min_quota
AAPL_20251120_143000,AAPL,2025-11-20 14:30:00+00:00,1,9,145.60017717407004,6.423444192291772,1210.9664816870145,15.63453306087073,0.0293587196580667,2025-11-20 14:15:00+00:00,2025-11-20 14:30:00+00:00,2025-11-20 14:35:00+00:00,2025-11-20 15:30:00+00:00,0.0086787564766841,0.0064998440624484,continuation,0.8841650416121452,min_quota
AAPL_20250310_133000,AAPL,2025-03-10 13:30:00+00:00,-1,7,194.47420538294404,6.143160871621705,709.0108140225788,26.958462800824528,0.0580441149500003,2025-03-10 13:15:00+00:00,2025-03-10 13:30:00+00:00,2025-03-10 13:35:00+00:00,2025-03-10 14:30:00+00:00,-0.0158414164089966,-0.0133634602969657,continuation,0.8671183029088956,min_quota
AAPL_20260102_142500,AAPL,2026-01-02 14:25:00+00:00,-1,12,154.78238588528149,6.593306526153841,567.1317215506461,38.70727323005912,0.2594521320407392,2026-01-02 14:10:00+00:00,2026-01-02 14:25:00+00:00,2026-01-02 14:30:00+00:00,2026-01-02 15:25:00+00:00,-0.0032242699593302,0.0049255651534643,reversal,0.8615156133075821,min_quota
AAPL_20241111_142500,AAPL,2024-11-11 14:25:00+00:00,-1,7,95.59522198113513,6.209370928990123,1005.8688147295742,34.19488716128558,0.6536085290315156,2024-11-11 14:10:00+00:00,2024-11-11 14:25:00+00:00,2024-11-11 14:30:00+00:00,2024-11-11 15:25:00+00:00,-0.0032778171509566,-0.0098435694604923,continuation,0.8556665702436683,min_quota
AAPL_20250226_142500,AAPL,2025-02-26 14:25:00+00:00,-1,6,125.18819477385756,7.071518266431708,932.945301542777,16.026120117677618,0.1921139552471238,2025-02-26 14:10:00+00:00,2025-02-26 14:25:00+00:00,2025-02-26 14:30:00+00:00,2025-02-26 15:25:00+00:00,-0.0042782055983376,-0.0036827890989442,continuation,0.8516900156502516,min_quota
AAPL_20250506_132500,AAPL,2025-05-06 13:25:00+00:00,1,10,137.45181578413312,6.462252090906976,530.4975746469764,18.422992173690044,0.517834826067895,2025-05-06 13:10:00+00:00,2025-05-06 13:25:00+00:00,2025-05-06 13:30:00+00:00,2025-05-06 14:25:00+00:00,0.0047643182970096,0.0033797417271992,continuation,0.8507049854378461,min_quota
AAPL_20260416_132500,AAPL,2026-04-16 13:25:00+00:00,-1,5,160.8365019011404,6.635861299003311,526.8536633274406,20.18188466245795,0.1548908563064429,2026-04-16 13:10:00+00:00,2026-04-16 13:25:00+00:00,2026-04-16 13:30:00+00:00,2026-04-16 14:25:00+00:00,-0.00403738317757,-0.0163651377524209,continuation,0.8474754574666477,min_quota
AAPL_20251125_143000,AAPL,2025-11-25 14:30:00+00:00,1,3,201.239518775056,6.218475025474614,877.1726976018164,20.216252717437296,0.028873189996248,2025-11-25 14:15:00+00:00,2025-11-25 14:30:00+00:00,2025-11-25 14:35:00+00:00,2025-11-25 15:30:00+00:00,0.0151255603746764,0.0035189573459715,continuation,0.843308402731774,min_quota
AAPL_20260407_133000,AAPL,2026-04-07 13:30:00+00:00,-1,9,232.15855510268835,6.873356995432011,588.3338079417814,16.630434418842754,0.0321358239922121,2026-04-07 13:15:00+00:00,2026-04-07 13:30:00+00:00,2026-04-07 13:35:00+00:00,2026-04-07 14:30:00+00:00,-0.0140004677997817,-0.0196838159069397,continuation,0.8420585376737326,min_quota
AAPL_20250307_143000,AAPL,2025-03-07 14:30:00+00:00,1,5,141.6411434405296,6.501636595180039,734.5629820051414,17.418936709502738,0.0341166930653093,2025-03-07 14:15:00+00:00,2025-03-07 14:30:00+00:00,2025-03-07 14:35:00+00:00,2025-03-07 15:30:00+00:00,0.0066528813018684,0.0061310683724475,continuation,0.8319066594574309,min_quota
AAPL_20251111_143500,AAPL,2025-11-11 14:35:00+00:00,1,9,124.35507783543854,6.5719268853513775,938.9822552947912,28.19692856504735,0.0447262369589204,2025-11-11 14:20:00+00:00,2025-11-11 14:35:00+00:00,2025-11-11 14:40:00+00:00,2025-11-11 15:35:00+00:00,0.0053753197167958,0.0096228118786181,continuation,0.8311913392378885,min_quota
AAPL_20250402_200000,AAPL,2025-04-02 20:00:00+00:00,-1,8,469.6042241016785,7.527488763238157,1.687369420702754,25.72410464407444,47.35862821559828,2025-04-02 19:45:00+00:00,2025-04-02 20:00:00+00:00,2025-04-02 20:05:00+00:00,2025-04-02 21:00:00+00:00,-0.0064283484233531,-0.0452877805544494,continuation,0.8291288580499672,min_quota
AAPL_20251010_145500,AAPL,2025-10-10 14:55:00+00:00,-1,8,182.1741041109015,6.736723664224574,488.430681987763,19.790564520821768,0.0689988617719069,2025-10-10 14:40:00+00:00,2025-10-10 14:55:00+00:00,2025-10-10 15:00:00+00:00,2025-10-10 15:55:00+00:00,-0.0075267552628485,-0.0173006280364972,continuation,0.829111813010194,min_quota
AAPL_20250404_100500,AAPL,2025-04-04 10:05:00+00:00,-1,28,247.3282442748093,6.304045830976915,16.230313083143272,12.517653968094262,2.5057899474034038,2025-04-04 09:50:00+00:00,2025-04-04 10:05:00+00:00,2025-04-04 10:10:00+00:00,2025-04-04 11:05:00+00:00,-0.0059606596463341,-0.035578652808315,continuation,0.82742999260299,min_quota
AAPL_20250609_171000,AAPL,2025-06-09 17:10:00+00:00,-1,6,207.82478845196684,6.1082768115684285,10.897431352102885,13.558533875918954,1.5125405495008306,2025-06-09 16:55:00+00:00,2025-06-09 17:10:00+00:00,2025-06-09 17:15:00+00:00,2025-06-09 18:10:00+00:00,-0.0148998534440644,0.0014381353830894,unclear,0.8266375068773779,high_strength_unclear
AAPL_20250806_214000,AAPL,2025-08-06 21:40:00+00:00,1,9,285.7142857142913,7.033960541922942,1.3596656199390864,6.68137395074318,45.7970772985101,2025-08-06 21:25:00+00:00,2025-08-06 21:40:00+00:00,2025-08-06 21:45:00+00:00,2025-08-06 22:40:00+00:00,0.0149231183227189,0.0250720997302076,continuation,0.8257212587801324,min_quota
AAPL_20250916_134000,AAPL,2025-09-16 13:40:00+00:00,1,6,118.97228198962218,7.850262830342248,1129.90742481203,18.803488942905567,0.0369124784293617,2025-09-16 13:25:00+00:00,2025-09-16 13:40:00+00:00,2025-09-16 13:45:00+00:00,2025-09-16 14:40:00+00:00,0.0046585160202361,0.0039235433583013,continuation,0.8255391264105132,min_quota
AAPL_20251010_132500,AAPL,2025-10-10 13:25:00+00:00,1,4,95.86421700047198,6.476403893453653,965.2224657534248,25.37851521715016,0.4307283432800988,2025-10-10 13:10:00+00:00,2025-10-10 13:25:00+00:00,2025-10-10 13:30:00+00:00,2025-10-10 14:25:00+00:00,0.0050065045137384,0.0003161528202715,unclear,0.8237060907677913,high_strength_unclear
AAPL_20250528_225500,AAPL,2025-05-28 22:55:00+00:00,1,10,163.49851337957855,6.077005775649863,1.8479394172199968,9.326367089420938,21.605323486885496,2025-05-28 22:40:00+00:00,2025-05-28 22:55:00+00:00,2025-05-28 23:00:00+00:00,2025-05-28 23:55:00+00:00,0.0047428856714926,0.0306086956521738,continuation,0.8231477486415899,min_quota
AAPL_20250102_143000,AAPL,2025-01-02 14:30:00+00:00,-1,10,152.09589091930152,5.854485749603986,588.8150669389607,18.36251135216965,0.1209934205094577,2025-01-02 14:15:00+00:00,2025-01-02 14:30:00+00:00,2025-01-02 14:35:00+00:00,2025-01-02 15:30:00+00:00,-0.0111998188825389,-0.0035927414444039,continuation,0.8183697715272233,min_quota
AAPL_20241001_132000,AAPL,2024-10-01 13:20:00+00:00,-1,7,128.42579107639418,5.243063249070053,1191.7857546636517,29.499394606491368,0.3775356614536139,2024-10-01 13:05:00+00:00,2024-10-01 13:20:00+00:00,2024-10-01 13:25:00+00:00,2024-10-01 14:20:00+00:00,-0.0032594524119947,-0.0184870285589708,continuation,0.816353743757912,min_quota
AAPL_20240611_133000,AAPL,2024-06-11 13:30:00+00:00,1,24,187.74243599690044,5.894175083030541,510.2945112332046,16.863027332432367,0.0696839226793966,2024-06-11 13:15:00+00:00,2024-06-11 13:30:00+00:00,2024-06-11 13:35:00+00:00,2024-06-11 14:30:00+00:00,0.012998087756473,0.0260962730542588,continuation,0.8140934686230272,min_quota
AAPL_20250721_133500,AAPL,2025-07-21 13:35:00+00:00,1,6,118.552966558072,7.011447982062783,869.3805813605035,29.16908207635221,0.0923658625847302,2025-07-21 13:20:00+00:00,2025-07-21 13:35:00+00:00,2025-07-21 13:40:00+00:00,2025-07-21 14:35:00+00:00,0.0056901011051022,0.0008903020667725,unclear,0.8121137776652179,high_strength_unclear
AAPL_20250220_142500,AAPL,2025-02-20 14:25:00+00:00,1,6,84.0032780167954,6.126639728777045,1516.754491017964,33.64426082728957,0.493403676117389,2025-02-20 14:10:00+00:00,2025-02-20 14:25:00+00:00,2025-02-20 14:30:00+00:00,2025-02-20 15:25:00+00:00,0.0035228576110108,-0.0009592619805698,unclear,0.8082776919878703,high_strength_unclear
AAPL_20251121_142000,AAPL,2025-11-21 14:20:00+00:00,-1,9,146.35208991480297,4.670801884485441,958.1401374338176,7.870571206667127,0.3991344221075169,2025-11-21 14:05:00+00:00,2025-11-21 14:20:00+00:00,2025-11-21 14:25:00+00:00,2025-11-21 15:20:00+00:00,-0.0039902874001392,0.0219722907920001,reversal,0.805366862043716,min_quota
AAPL_20251119_142500,AAPL,2025-11-19 14:25:00+00:00,-1,9,148.77589453861083,6.5064285506870325,448.02382843526607,18.20481515005378,0.0989284975005773,2025-11-19 14:10:00+00:00,2025-11-19 14:25:00+00:00,2025-11-19 14:30:00+00:00,2025-11-19 15:25:00+00:00,-0.0037523452157598,0.0239171374764595,reversal,0.8052796124158166,min_quota
AAPL_20251110_142500,AAPL,2025-11-10 14:25:00+00:00,-1,8,118.5873605947907,5.478113240539112,909.9960784313726,36.12915810457327,0.384195840096015,2025-11-10 14:10:00+00:00,2025-11-10 14:25:00+00:00,2025-11-10 14:30:00+00:00,2025-11-10 15:25:00+00:00,-0.0033412152123475,0.0106208178438662,reversal,0.8031134990988684,min_quota
AAPL_20260217_142500,AAPL,2026-02-17 14:25:00+00:00,1,4,100.81116917556976,5.613119047538731,1059.1283138918343,35.45100964130365,0.48843964688753,2026-02-17 14:10:00+00:00,2026-02-17 14:25:00+00:00,2026-02-17 14:30:00+00:00,2026-02-17 15:25:00+00:00,0.0061315528704581,0.0063565891472867,continuation,0.8016761532916148,min_quota
AAPL_20250319_132500,AAPL,2025-03-19 13:25:00+00:00,1,17,115.05228590726004,5.606731465808823,1062.8250876509544,26.336907200661045,0.246617409071129,2025-03-19 13:10:00+00:00,2025-03-19 13:25:00+00:00,2025-03-19 13:30:00+00:00,2025-03-19 14:25:00+00:00,0.0052550086801483,0.013512252042007,continuation,0.8006689212567588,min_quota
AAPL_20251030_200500,AAPL,2025-10-30 20:05:00+00:00,1,19,475.4956977179248,5.776738940020793,5.5266388840905165,28.94603086759683,21.7004029450968,2025-10-30 19:50:00+00:00,2025-10-30 20:05:00+00:00,2025-10-30 20:10:00+00:00,2025-10-30 21:05:00+00:00,0.0030927835051546,0.0443033328439288,continuation,0.800421554158312,min_quota
AAPL_20260430_213000,AAPL,2026-04-30 21:30:00+00:00,1,6,545.4816249022642,5.71383564517185,6.668680080106551,27.390706787516294,10.52555763719979,2026-04-30 21:15:00+00:00,2026-04-30 21:30:00+00:00,2026-04-30 21:35:00+00:00,2026-04-30 22:30:00+00:00,0.0410018548051265,0.0045316331115037,continuation,0.7946468062754755,min_quota
AAPL_20260209_143000,AAPL,2026-02-09 14:30:00+00:00,-1,4,132.31160967765555,5.517267684077619,918.3115983843048,30.62165979204943,0.053279280569831,2026-02-09 14:15:00+00:00,2026-02-09 14:30:00+00:00,2026-02-09 14:35:00+00:00,2026-02-09 15:30:00+00:00,-0.0107975813417794,-0.004930141173046,continuation,0.7944997620989522,min_quota
AAPL_20250902_195000,AAPL,2025-09-02 19:50:00+00:00,1,11,313.9991277802001,5.704097903662539,3.810329514002779,23.27609975837169,34.602126166906146,2025-09-02 19:35:00+00:00,2025-09-02 19:50:00+00:00,2025-09-02 19:55:00+00:00,2025-09-02 20:50:00+00:00,0.0030563681613762,0.0351717233273842,continuation,0.7930596437189581,min_quota
AAPL_20260106_143000,AAPL,2026-01-06 14:30:00+00:00,-1,3,126.2463509876044,6.279095587897556,1082.036231884058,43.17780614846815,0.0415557086465101,2026-01-06 14:15:00+00:00,2026-01-06 14:30:00+00:00,2026-01-06 14:35:00+00:00,2026-01-06 15:30:00+00:00,-0.0088764044943819,-0.00162491025205,unclear,0.792451271206978,high_strength_unclear
AAPL_20250131_143000,AAPL,2025-01-31 14:30:00+00:00,-1,5,200.7882952599172,7.061099735393772,217.64889851777173,7.530596178074856,0.1571645348675877,2025-01-31 14:15:00+00:00,2025-01-31 14:30:00+00:00,2025-01-31 14:35:00+00:00,2025-01-31 15:30:00+00:00,-0.0085889818519865,-0.0195894571620768,continuation,0.792448950482723,min_quota
AAPL_20250801_130500,AAPL,2025-08-01 13:05:00+00:00,1,15,226.5978455580964,5.736174393064783,142.10169660182098,6.758800020933852,0.492808181930819,2025-08-01 12:50:00+00:00,2025-08-01 13:05:00+00:00,2025-08-01 13:10:00+00:00,2025-08-01 14:05:00+00:00,0.0050175139638359,-0.024965146948003,reversal,0.7909941371292166,min_quota
AAPL_20250224_110000,AAPL,2025-02-24 11:00:00+00:00,-1,6,138.9290882778571,6.223631691707483,23.378949336324546,32.15895833049679,2.1263205051315794,2025-02-24 10:40:00+00:00,2025-02-24 11:00:00+00:00,2025-02-24 11:05:00+00:00,2025-02-24 12:00:00+00:00,-0.0092954990215263,0.0027983539094651,unclear,0.7876226009679173,high_strength_unclear
AAPL_20260123_143000,AAPL,2026-01-23 14:30:00+00:00,-1,5,100.62329408888849,6.716401283410513,996.3089430894308,20.18274246121956,0.0277293249998011,2026-01-23 14:15:00+00:00,2026-01-23 14:30:00+00:00,2026-01-23 14:35:00+00:00,2026-01-23 15:30:00+00:00,-0.0059125030268787,0.0034711649716825,reversal,0.7832162141694647,min_quota
AAPL_20250507_145000,AAPL,2025-05-07 14:50:00+00:00,-1,11,157.66055399810242,5.560905600386463,264.96034955001954,7.718163736598632,0.3650151405784003,2025-05-07 14:35:00+00:00,2025-05-07 14:50:00+00:00,2025-05-07 14:55:00+00:00,2025-05-07 15:50:00+00:00,-0.0064820863273201,-0.0161339267651223,continuation,0.779865460153242,top_global
AAPL_20251211_143000,AAPL,2025-12-11 14:30:00+00:00,-1,8,136.37577164277826,6.288825221539208,496.16724454415663,13.490837515883694,0.0515931236866522,2025-12-11 14:15:00+00:00,2025-12-11 14:30:00+00:00,2025-12-11 14:35:00+00:00,2025-12-11 15:30:00+00:00,-0.0045448038935012,-0.0089873099183952,continuation,0.7797920278886679,top_global
AAPL_20260205_141000,AAPL,2026-02-05 14:10:00+00:00,1,4,160.07016774475912,5.792127529314565,206.31918127469856,6.0337367729169245,0.2691314826889507,2026-02-05 13:55:00+00:00,2026-02-05 14:10:00+00:00,2026-02-05 14:15:00+00:00,2026-02-05 15:10:00+00:00,0.0036355069049258,-0.0085339824408706,reversal,0.7774579165170998,top_global
AAPL_20250630_184000,AAPL,2025-06-30 18:40:00+00:00,-1,10,173.85641307550824,5.536663296516613,10.911243140946418,7.890201357605316,2.6408494395981976,2025-06-30 18:25:00+00:00,2025-06-30 18:40:00+00:00,2025-06-30 18:45:00+00:00,2025-06-30 19:40:00+00:00,-0.004384762948753,0.032505067187148,reversal,0.7762167377635494,top_global
AAPL_20251031_133000,AAPL,2025-10-31 13:30:00+00:00,-1,9,258.8697133545681,5.856371472435597,281.8451266268485,10.262115316201756,0.0669470359787008,2025-10-31 13:15:00+00:00,2025-10-31 13:30:00+00:00,2025-10-31 13:35:00+00:00,2025-10-31 14:30:00+00:00,-0.0147605471146557,-0.0089010989010989,continuation,0.7695443173166205,top_global
AAPL_20250130_213500,AAPL,2025-01-30 21:35:00+00:00,-1,9,568.9228183554507,5.399506347649488,6.893806441441047,38.044881290416114,9.348266182048585,2025-01-30 21:20:00+00:00,2025-01-30 21:35:00+00:00,2025-01-30 21:40:00+00:00,2025-01-30 22:35:00+00:00,-0.006085898980034,0.0367212561202094,reversal,0.7690875186765562,top_global
AAPL_20260212_142500,AAPL,2026-02-12 14:25:00+00:00,1,4,130.8631083664169,4.990413518835863,693.7201062887511,31.02630322078161,0.5219135305638453,2026-02-12 14:10:00+00:00,2026-02-12 14:25:00+00:00,2026-02-12 14:30:00+00:00,2026-02-12 15:25:00+00:00,0.0053624192901178,-0.0158563134978229,reversal,0.767709957096915,top_global
AAPL_20260223_143000,AAPL,2026-02-23 14:30:00+00:00,1,8,113.74876360038976,5.557610039838248,1245.2045705860671,38.53792326265611,0.0463835503708574,2026-02-23 14:15:00+00:00,2026-02-23 14:30:00+00:00,2026-02-23 14:35:00+00:00,2026-02-23 15:30:00+00:00,0.0105670004950306,0.0064246283701037,continuation,0.766676084404516,top_global
AAPL_20240802_122500,AAPL,2024-08-02 12:25:00+00:00,-1,30,300.6833712984025,4.76321693845458,327.2159419358983,9.771352214013088,0.9948445773062062,2024-08-02 12:10:00+00:00,2024-08-02 12:25:00+00:00,2024-08-02 12:30:00+00:00,2024-08-02 13:25:00+00:00,-0.0047651775486826,0.0084710648681001,reversal,0.7652348324861411,top_global
AAPL_20250606_132500,AAPL,2025-06-06 13:25:00+00:00,1,4,119.53109575518982,4.924566912921587,1089.1426154626968,29.67070851524364,0.329746595581508,2025-06-06 13:10:00+00:00,2025-06-06 13:25:00+00:00,2025-06-06 13:30:00+00:00,2025-06-06 14:25:00+00:00,0.0039070227497528,0.0033006552046899,continuation,0.7622113580149941,top_global
AAPL_20260130_142500,AAPL,2026-01-30 14:25:00+00:00,-1,13,190.9448818897652,4.850597354838416,267.5713560182834,12.476467822998089,0.7158246787030185,2026-01-30 14:10:00+00:00,2026-01-30 14:25:00+00:00,2026-01-30 14:30:00+00:00,2026-01-30 15:25:00+00:00,-0.0160138915685895,-0.0039215686274509,continuation,0.7621969572619927,top_global
AAPL_20260105_143000,AAPL,2026-01-05 14:30:00+00:00,-1,8,106.49599475162086,5.604391853366255,1645.2766740250183,47.1355928634694,0.0706129805950527,2026-01-05 14:15:00+00:00,2026-01-05 14:30:00+00:00,2026-01-05 14:35:00+00:00,2026-01-05 15:30:00+00:00,-0.0105373805923356,0.0065865741241197,reversal,0.7577611108718505,top_global
AAPL_20241031_195500,AAPL,2024-10-31 19:55:00+00:00,-1,10,200.95521312066376,5.286977011153862,8.881420272942309,25.294528548006618,12.091753091791752,2024-10-31 19:40:00+00:00,2024-10-31 19:55:00+00:00,2024-10-31 20:00:00+00:00,2024-10-31 20:55:00+00:00,-0.0073985995507993,-0.0083854651936642,continuation,0.7569732009407641,top_global
AAPL_20251001_133000,AAPL,2025-10-01 13:30:00+00:00,1,7,119.61974857226387,5.273437973496967,1213.4453674121405,15.219214849601864,0.0485582589073224,2025-10-01 13:15:00+00:00,2025-10-01 13:30:00+00:00,2025-10-01 13:35:00+00:00,2025-10-01 14:30:00+00:00,0.0055566444531556,-0.00261814496087,unclear,0.7552850095359613,high_strength_unclear
AAPL_20251003_133000,AAPL,2025-10-03 13:30:00+00:00,1,5,154.99480200358963,4.38790467553078,2209.122585438336,39.95960712833109,0.0266165982328852,2025-10-03 13:15:00+00:00,2025-10-03 13:30:00+00:00,2025-10-03 13:35:00+00:00,2025-10-03 14:30:00+00:00,0.0113851244878664,0.0048494527324427,continuation,0.7541997448706068,top_global
AAPL_20260227_143000,AAPL,2026-02-27 14:30:00+00:00,-1,12,139.23227065712362,4.979361814065987,864.6125153374234,22.23268336006351,0.0370769771519381,2026-02-27 14:15:00+00:00,2026-02-27 14:30:00+00:00,2026-02-27 14:35:00+00:00,2026-02-27 15:30:00+00:00,-0.0115545447876164,-0.0043047463539541,continuation,0.751221436312705,top_global
AAPL_20250505_133500,AAPL,2025-05-05 13:35:00+00:00,-1,5,138.1912687107967,6.627280279871399,303.59033431491423,12.493237541658331,0.0599948307049568,2025-05-05 13:20:00+00:00,2025-05-05 13:35:00+00:00,2025-05-05 13:40:00+00:00,2025-05-05 14:35:00+00:00,-0.0031052839116718,-0.0179975278121136,continuation,0.7505211166422572,top_global
AAPL_20260306_142000,AAPL,2026-03-06 14:20:00+00:00,1,5,130.7182623696379,4.358593238388767,810.7999056158566,25.304387746089127,0.6424180556275635,2026-03-06 14:05:00+00:00,2026-03-06 14:20:00+00:00,2026-03-06 14:25:00+00:00,2026-03-06 15:20:00+00:00,0.0044864717773285,-0.0065949648231131,reversal,0.7492460008652195,top_global
AAPL_20260323_110500,AAPL,2026-03-23 11:05:00+00:00,1,8,268.0845901904472,5.183429700279095,31.716693163751987,18.57501643594778,1.8684886751628025,2026-03-23 10:50:00+00:00,2026-03-23 11:05:00+00:00,2026-03-23 11:10:00+00:00,2026-03-23 12:05:00+00:00,0.016243080528506,-0.0002385591030177,unclear,0.7490745480643981,high_strength_unclear
AAPL_20241217_143500,AAPL,2024-12-17 14:35:00+00:00,1,4,103.9251738748037,6.516554977602328,723.1372430471584,25.56655149721893,0.0464162310172227,2024-12-17 14:20:00+00:00,2024-12-17 14:35:00+00:00,2024-12-17 14:40:00+00:00,2024-12-17 15:35:00+00:00,0.0038733378588826,0.0029832935560858,unclear,0.747037898118246,high_strength_unclear
AAPL_20250924_133000,AAPL,2025-09-24 13:30:00+00:00,-1,4,98.10902761294926,5.96659893123703,852.240156517486,20.4227450504219,0.0254109584010294,2025-09-24 13:15:00+00:00,2025-09-24 13:30:00+00:00,2025-09-24 13:35:00+00:00,2025-09-24 14:30:00+00:00,-0.0059824368825467,-0.0061683112867475,continuation,0.7416107587089071,top_global
AAPL_20260129_213000,AAPL,2026-01-29 21:30:00+00:00,1,11,205.7485123099023,5.102043621231992,6.589586020763222,21.96155114090217,20.0685603527616,2026-01-29 21:15:00+00:00,2026-01-29 21:30:00+00:00,2026-01-29 21:35:00+00:00,2026-01-29 22:30:00+00:00,0.0205748512309904,-0.0086509146341462,reversal,0.7402174764399865,top_global
AAPL_20240708_133500,AAPL,2024-07-08 13:35:00+00:00,-1,4,132.2136859031575,5.656875755629226,517.9848939672703,33.13476406583963,0.0841196986400933,2024-07-08 13:20:00+00:00,2024-07-08 13:35:00+00:00,2024-07-08 13:40:00+00:00,2024-07-08 14:35:00+00:00,-0.0124846140320028,0.0046296296296297,reversal,0.7389677596240702,top_global
AAPL_20251103_143000,AAPL,2025-11-03 14:30:00+00:00,-1,5,111.21287452571238,6.101493885911081,582.3020452390627,10.083002769721856,0.0454889737094954,2025-11-03 14:15:00+00:00,2025-11-03 14:30:00+00:00,2025-11-03 14:35:00+00:00,2025-11-03 15:30:00+00:00,-0.0040319597543833,-0.003936861652739,continuation,0.7371267116967877,top_global
AMD_20251006_105000,AMD,2025-10-06 10:50:00+00:00,1,21,2365.765765765761,6.275153462395513,1225.5074960841353,405.83225269814426,1.5134737539540128,2025-10-06 10:35:00+00:00,2025-10-06 10:50:00+00:00,2025-10-06 10:55:00+00:00,2025-10-06 11:50:00+00:00,0.1838942307692308,0.0458375634517767,continuation,1.0,min_quota
AMD_20240702_132500,AMD,2024-07-02 13:25:00+00:00,1,9,264.01794296699865,6.397840596879041,1028.0234267340377,37.98964917576359,1.0776682954327357,2024-07-02 13:10:00+00:00,2024-07-02 13:25:00+00:00,2024-07-02 13:30:00+00:00,2024-07-02 14:25:00+00:00,0.0065384615384616,0.0021576869188637,unclear,0.9511519375482251,high_strength_unclear
AMD_20241213_142500,AMD,2024-12-13 14:25:00+00:00,-1,34,306.0386945475857,6.682224291142444,435.3205617759368,31.479937613898745,1.507763309874419,2024-12-13 14:10:00+00:00,2024-12-13 14:25:00+00:00,2024-12-13 14:30:00+00:00,2024-12-13 15:25:00+00:00,-0.0052395777963398,-0.0277862595419847,continuation,0.9340310991635141,min_quota
AMD_20250620_132500,AMD,2025-06-20 13:25:00+00:00,1,25,272.6873658414464,7.533041229560039,767.817393736018,14.04084164911114,0.4538421699290046,2025-06-20 13:10:00+00:00,2025-06-20 13:25:00+00:00,2025-06-20 13:30:00+00:00,2025-06-20 14:25:00+00:00,0.0057699805068227,0.0087216063260717,continuation,0.9013972134114796,min_quota
AMD_20250514_121000,AMD,2025-05-14 12:10:00+00:00,1,33,335.10455947891813,6.114253729917007,418.4345138167186,16.940069360966344,0.9658658340852536,2025-05-14 11:55:00+00:00,2025-05-14 12:10:00+00:00,2025-05-14 12:15:00+00:00,2025-05-14 13:10:00+00:00,0.0030086821971977,0.0335104559478915,continuation,0.8988697801927872,min_quota
AMD_20240701_131500,AMD,2024-07-01 13:15:00+00:00,-1,15,281.83383281259466,5.840469104407978,764.5518747724791,36.04009931735657,0.3636681166920936,2024-07-01 13:00:00+00:00,2024-07-01 13:15:00+00:00,2024-07-01 13:20:00+00:00,2024-07-01 14:15:00+00:00,-0.0030116779348492,-0.0454349300289748,continuation,0.8896397587291851,min_quota
AMD_20250905_132500,AMD,2025-09-05 13:25:00+00:00,-1,22,264.1291280696145,6.243714396251949,1497.2140566541957,31.52010999921591,0.3894170199422531,2025-09-05 13:10:00+00:00,2025-09-05 13:25:00+00:00,2025-09-05 13:30:00+00:00,2025-09-05 14:25:00+00:00,-0.0059459801378961,-0.0424435252943049,continuation,0.8855077752736027,min_quota
AMD_20250508_132500,AMD,2025-05-08 13:25:00+00:00,1,24,313.51192228436406,5.901657735603122,440.87177781473474,19.29564007954402,0.8131234877886583,2025-05-08 13:10:00+00:00,2025-05-08 13:25:00+00:00,2025-05-08 13:30:00+00:00,2025-05-08 14:25:00+00:00,0.0035450516986705,0.0169267000294377,continuation,0.8830807404346159,min_quota
AMD_20260416_131500,AMD,2026-04-16 13:15:00+00:00,1,31,277.7684088590915,5.810193906028228,830.296658863588,21.43569161777859,0.3697636248504396,2026-04-16 13:00:00+00:00,2026-04-16 13:15:00+00:00,2026-04-16 13:20:00+00:00,2026-04-16 14:15:00+00:00,0.020526948896046,0.0047148288973384,continuation,0.8828905571515586,min_quota
AMD_20241216_142000,AMD,2024-12-16 14:20:00+00:00,-1,13,270.3796648587398,6.829987258917108,483.1845211680128,22.63857525907952,0.7902465713289318,2024-12-16 14:05:00+00:00,2024-12-16 14:20:00+00:00,2024-12-16 14:25:00+00:00,2024-12-16 15:20:00+00:00,-0.0034561307045793,-0.0146606762828092,continuation,0.8796187637375976,min_quota
AMD_20260107_142500,AMD,2026-01-07 14:25:00+00:00,-1,8,260.66958143105,6.122743479346627,483.7981827899519,32.37175757063255,0.903089990786887,2026-01-07 14:10:00+00:00,2026-01-07 14:25:00+00:00,2026-01-07 14:30:00+00:00,2026-01-07 15:25:00+00:00,-0.0051149694978883,-0.0063912079618885,continuation,0.8795475640688679,min_quota
AMD_20250918_110000,AMD,2025-09-18 11:00:00+00:00,-1,16,543.7968088570466,6.461578825390673,367.8080901177676,103.3356245281616,0.8907240796199127,2025-09-18 10:45:00+00:00,2025-09-18 11:00:00+00:00,2025-09-18 11:05:00+00:00,2025-09-18 12:00:00+00:00,-0.0378127896200185,-0.0257496949849097,continuation,0.8761751265255668,min_quota
AMD_20250814_123000,AMD,2025-08-14 12:30:00+00:00,-1,28,289.4049669426102,6.044759770259868,396.3946625109575,13.74149443865922,0.7624516041972184,2025-08-14 12:15:00+00:00,2025-08-14 12:30:00+00:00,2025-08-14 12:35:00+00:00,2025-08-14 13:30:00+00:00,-0.0122424441165218,0.0101510540585405,reversal,0.872003241094081,min_quota
AMD_20250722_132500,AMD,2025-07-22 13:25:00+00:00,-1,19,309.97316287270536,6.687861677186712,434.4010571970724,17.427597792229747,0.6116511727663767,2025-07-22 13:10:00+00:00,2025-07-22 13:25:00+00:00,2025-07-22 13:30:00+00:00,2025-07-22 14:25:00+00:00,-0.0030622009569377,-0.0322800281563961,continuation,0.8699131385093835,min_quota
AMD_20260410_133000,AMD,2026-04-10 13:30:00+00:00,1,10,281.1597841094482,5.977268835586445,637.839988751406,27.96914743860907,0.0704092374570401,2026-04-10 13:15:00+00:00,2026-04-10 13:30:00+00:00,2026-04-10 13:35:00+00:00,2026-04-10 14:30:00+00:00,0.0180278383364078,0.0168643439584876,continuation,0.869177549083378,min_quota
AMD_20250627_124000,AMD,2025-06-27 12:40:00+00:00,-1,21,256.51720542231527,6.609076415848421,335.6250144225222,16.313649468574628,1.2037048274453568,2025-06-27 12:25:00+00:00,2025-06-27 12:40:00+00:00,2025-06-27 12:45:00+00:00,2025-06-27 13:40:00+00:00,-0.0040740229250103,0.0185120987311933,reversal,0.8581464132164305,min_quota
AMD_20260106_141500,AMD,2026-01-06 14:15:00+00:00,1,7,276.5942762491913,7.4788776459906465,464.7380468894222,26.36086686840393,0.5456375964610143,2026-01-06 14:00:00+00:00,2026-01-06 14:15:00+00:00,2026-01-06 14:20:00+00:00,2026-01-06 15:15:00+00:00,0.0040854808296668,-0.0265593561368209,reversal,0.8576582848014678,min_quota
AMD_20250813_133000,AMD,2025-08-13 13:30:00+00:00,1,30,261.66666666666896,5.790514312287893,514.0150766831297,13.071426741484744,0.7355699871264124,2025-08-13 13:15:00+00:00,2025-08-13 13:30:00+00:00,2025-08-13 13:35:00+00:00,2025-08-13 14:30:00+00:00,0.021653214583913,0.0066198103955541,continuation,0.8559218127839248,min_quota
AMD_20250326_132000,AMD,2025-03-26 13:20:00+00:00,-1,12,244.2616128309361,5.7705141761106615,739.4950779327318,21.560680817972173,0.4783873520522503,2025-03-26 13:05:00+00:00,2025-03-26 13:20:00+00:00,2025-03-26 13:25:00+00:00,2025-03-26 14:20:00+00:00,-0.0037653239929947,-0.0188977762151708,continuation,0.8516156836224826,min_quota
AMD_20251219_142500,AMD,2025-12-19 14:25:00+00:00,1,18,244.2290748898679,6.654805619224892,1422.3219980787703,16.52260647184715,0.2112913438127666,2025-12-19 14:10:00+00:00,2025-12-19 14:25:00+00:00,2025-12-19 14:30:00+00:00,2025-12-19 15:25:00+00:00,0.0049188391539596,0.0309593734703865,continuation,0.8458544288812111,min_quota
AMD_20240710_130500,AMD,2024-07-10 13:05:00+00:00,1,13,246.07124881158347,5.783284801872973,1192.5225137674115,42.6008513826016,0.2948122766826197,2024-07-10 12:50:00+00:00,2024-07-10 13:05:00+00:00,2024-07-10 13:10:00+00:00,2024-07-10 14:05:00+00:00,0.01404012267522,0.0347946725860155,continuation,0.8372733154029417,min_quota
AMD_20240826_132500,AMD,2024-08-26 13:25:00+00:00,1,20,234.22067538331424,5.552060686331092,727.7810846560847,43.0535935833825,0.6455957868734196,2024-08-26 13:10:00+00:00,2024-08-26 13:25:00+00:00,2024-08-26 13:30:00+00:00,2024-08-26 14:25:00+00:00,0.0034379865075246,-0.0264399767276488,reversal,0.8366334023568869,min_quota
AMD_20240903_133000,AMD,2024-09-03 13:30:00+00:00,-1,23,246.6275249877703,6.1446914509935135,666.3395646606914,21.751516337668285,0.0856053378801538,2024-09-03 13:15:00+00:00,2024-09-03 13:30:00+00:00,2024-09-03 13:35:00+00:00,2024-09-03 14:30:00+00:00,-0.0137229466785006,-0.0177211684895473,continuation,0.8365712689784013,min_quota
AMD_20240617_132500,AMD,2024-06-17 13:25:00+00:00,-1,8,219.0772494712268,6.644948229475954,1395.5665976535545,57.95895878216274,0.3419950998147997,2024-06-17 13:10:00+00:00,2024-06-17 13:25:00+00:00,2024-06-17 13:30:00+00:00,2024-06-17 14:25:00+00:00,-0.0062897037549531,-0.0204443319197418,continuation,0.8297408404077427,min_quota
AMD_20240528_131500,AMD,2024-05-28 13:15:00+00:00,1,26,221.3655392585001,4.968818130587989,654.1302254877122,15.514750678143786,1.267967610295958,2024-05-28 13:00:00+00:00,2024-05-28 13:15:00+00:00,2024-05-28 13:20:00+00:00,2024-05-28 14:15:00+00:00,0.0035942063539369,0.0002197501974783,unclear,0.8293143605715749,high_strength_unclear
AMD_20260325_133000,AMD,2026-03-25 13:30:00+00:00,1,10,308.93627102582366,5.659902869508673,564.2771919252787,15.263007348692376,0.0597238779509986,2026-03-25 13:15:00+00:00,2026-03-25 13:30:00+00:00,2026-03-25 13:35:00+00:00,2026-03-25 14:30:00+00:00,0.0236977064168022,0.0133175969638064,continuation,0.8272743531397382,min_quota
AMD_20241003_131500,AMD,2024-10-03 13:15:00+00:00,-1,21,274.7012076841249,6.251529525090283,419.9904761904762,22.22452001697012,0.338326173583635,2024-10-03 13:00:00+00:00,2024-10-03 13:15:00+00:00,2024-10-03 13:20:00+00:00,2024-10-03 14:15:00+00:00,-0.0030584857374695,0.0360005008765338,reversal,0.8219818706140434,min_quota
AMD_20260129_142500,AMD,2026-01-29 14:25:00+00:00,1,21,218.6726082498569,5.409121833609264,514.5515873015873,21.00359746225581,1.230352509653338,2026-01-29 14:10:00+00:00,2026-01-29 14:25:00+00:00,2026-01-29 14:30:00+00:00,2026-01-29 15:25:00+00:00,0.0048101565272247,-0.0286835393368648,reversal,0.8203557578060379,min_quota
AMD_20240819_100000,AMD,2024-08-19 10:00:00+00:00,1,11,320.2654208138744,8.19587320192385,36.64622641509434,37.885121213946434,2.205202432088789,2024-08-19 09:40:00+00:00,2024-08-19 10:00:00+00:00,2024-08-19 10:05:00+00:00,2024-08-19 11:00:00+00:00,0.0124627472229748,0.0181964142360182,continuation,0.8122409615264237,min_quota
AMD_20250826_100000,AMD,2025-08-26 10:00:00+00:00,1,7,284.6580406654398,6.731346549177084,47.378022296221225,39.07257541927813,1.7738290626921795,2025-08-26 09:40:00+00:00,2025-08-26 10:00:00+00:00,2025-08-26 10:05:00+00:00,2025-08-26 11:00:00+00:00,0.0190576045392869,0.0133147733462446,continuation,0.8090775360370857,min_quota
AMD_20240625_133000,AMD,2024-06-25 13:30:00+00:00,-1,7,240.23449945835603,5.808315073996543,1012.8420024420024,38.54245860005993,0.0300179367480849,2024-06-25 13:15:00+00:00,2024-06-25 13:30:00+00:00,2024-06-25 13:35:00+00:00,2024-06-25 14:30:00+00:00,-0.0151269920318724,3.160356488218774e-05,unclear,0.8075703345459491,high_strength_unclear
AMD_20250404_100500,AMD,2025-04-04 10:05:00+00:00,-1,14,339.77869676986575,6.453134393517235,19.17828612926652,9.80929441640187,3.576664696480164,2025-04-04 09:50:00+00:00,2025-04-04 10:05:00+00:00,2025-04-04 10:10:00+00:00,2025-04-04 11:05:00+00:00,-0.0080420330259489,-0.0402118689871364,continuation,0.8065084379837424,min_quota
AMD_20260115_131000,AMD,2026-01-15 13:10:00+00:00,1,23,275.5352755352769,4.2840204652933815,603.6602327561737,29.78791495691961,1.1662464959939969,2026-01-15 12:55:00+00:00,2026-01-15 13:10:00+00:00,2026-01-15 13:15:00+00:00,2026-01-15 14:10:00+00:00,0.003111305872042,0.0012668734437115,unclear,0.8055559802894483,high_strength_unclear
AMD_20250616_132500,AMD,2025-06-16 13:25:00+00:00,-1,31,239.2074198988148,6.195328700678611,422.888127142412,22.53999468345849,0.5788636996528519,2025-06-16 13:10:00+00:00,2025-06-16 13:25:00+00:00,2025-06-16 13:30:00+00:00,2025-06-16 14:25:00+00:00,-0.0037799244015119,0.0598102866779088,reversal,0.8054907767210144,min_quota
AMD_20250415_212500,AMD,2025-04-15 21:25:00+00:00,-1,8,375.3950850164944,7.039020314216187,1.2223427112341063,6.577659205404849,34.57141246456292,2025-04-15 21:10:00+00:00,2025-04-15 21:25:00+00:00,2025-04-15 21:30:00+00:00,2025-04-15 22:25:00+00:00,-0.0033652329372174,-0.0642608420386197,continuation,0.8026471011960601,min_quota
AMD_20241101_132500,AMD,2024-11-01 13:25:00+00:00,-1,14,225.35260930888649,5.670913657733787,639.4663058884164,30.797250594940973,0.3189455423529641,2024-11-01 13:10:00+00:00,2024-11-01 13:25:00+00:00,2024-11-01 13:30:00+00:00,2024-11-01 14:25:00+00:00,-0.0049607255793312,-0.0076869806094184,continuation,0.8025545336220985,min_quota
AMD_20251222_141000,AMD,2025-12-22 14:10:00+00:00,1,12,237.31491981623165,5.4795267926467,399.1980708838044,37.84276059188547,1.110626328413776,2025-12-22 13:55:00+00:00,2025-12-22 14:10:00+00:00,2025-12-22 14:15:00+00:00,2025-12-22 15:10:00+00:00,0.0056865083004677,-0.0254901960784313,reversal,0.8010646597367801,min_quota
AMD_20251112_142500,AMD,2025-11-12 14:25:00+00:00,1,27,329.33418083585184,4.745776710007055,360.8244521233064,11.932852516605,1.5408156805723632,2025-11-12 14:10:00+00:00,2025-11-12 14:25:00+00:00,2025-11-12 14:30:00+00:00,2025-11-12 15:25:00+00:00,0.0041286224692338,0.0352854431881077,continuation,0.7997335583621017,min_quota
AMD_20251203_140000,AMD,2025-12-03 14:00:00+00:00,-1,12,217.77819408017817,6.781303172905792,312.03517803517803,21.70806404021104,1.0565950508927229,2025-12-03 13:45:00+00:00,2025-12-03 14:00:00+00:00,2025-12-03 14:05:00+00:00,2025-12-03 15:00:00+00:00,-0.0097439904398584,0.0053376653515897,reversal,0.7928035477278019,min_quota
AMD_20250805_195500,AMD,2025-08-05 19:55:00+00:00,-1,21,629.9686822452367,5.736872175520609,3.963768126995361,16.059123647371006,13.130876438611196,2025-08-05 19:40:00+00:00,2025-08-05 19:55:00+00:00,2025-08-05 20:00:00+00:00,2025-08-05 20:55:00+00:00,-0.0059567918828022,-0.0412019382401009,continuation,0.7827431661489248,min_quota
AMD_20251106_142500,AMD,2025-11-06 14:25:00+00:00,-1,24,273.54427234324464,6.40923215024959,343.6203185535945,10.551555916579566,0.1702049861596614,2025-11-06 14:10:00+00:00,2025-11-06 14:25:00+00:00,2025-11-06 14:30:00+00:00,2025-11-06 15:25:00+00:00,-0.0039685658153241,-0.0458006232987494,continuation,0.7811972898051671,min_quota
AMD_20241223_143000,AMD,2024-12-23 14:30:00+00:00,1,14,275.8906379453219,6.535118696239579,355.8222453222453,18.013853484648727,0.0870450518084696,2024-12-23 14:15:00+00:00,2024-12-23 14:30:00+00:00,2024-12-23 14:35:00+00:00,2024-12-23 15:30:00+00:00,0.0179963509703102,0.0235437881873727,continuation,0.7796579286361254,min_quota
AMD_20250328_131000,AMD,2025-03-28 13:10:00+00:00,1,16,198.11502211963816,5.459652806767993,715.217008797654,12.531128363969351,0.541493757370273,2025-03-28 12:55:00+00:00,2025-03-28 13:10:00+00:00,2025-03-28 13:15:00+00:00,2025-03-28 14:10:00+00:00,0.0037027505197051,-0.0161793925631563,reversal,0.7773576475428035,min_quota
AMD_20250319_132500,AMD,2025-03-19 13:25:00+00:00,1,13,204.321048000784,5.618691026321546,659.2648752399232,19.107261320337624,0.3085962728614489,2025-03-19 13:10:00+00:00,2025-03-19 13:25:00+00:00,2025-03-19 13:30:00+00:00,2025-03-19 14:25:00+00:00,0.0051035146846414,-0.0050057482276297,reversal,0.7763862511166932,min_quota
AMD_20241211_142500,AMD,2024-12-11 14:25:00+00:00,-1,14,208.6155300047232,6.351935830723975,392.7065720456649,20.155150687664253,0.720236889124794,2024-12-11 14:10:00+00:00,2024-12-11 14:25:00+00:00,2024-12-11 14:30:00+00:00,2024-12-11 15:25:00+00:00,-0.0049485811489987,-0.0123552723599347,continuation,0.7749612342635701,top_global
AMD_20260113_143000,AMD,2026-01-13 14:30:00+00:00,1,16,289.38682534517034,4.329252771016986,670.3195250831757,29.505408490086246,0.4557140217869538,2026-01-13 14:15:00+00:00,2026-01-13 14:30:00+00:00,2026-01-13 14:35:00+00:00,2026-01-13 15:30:00+00:00,0.0239881035364097,-0.0120806709265175,reversal,0.7718379883494568,top_global
AMD_20240806_132500,AMD,2024-08-06 13:25:00+00:00,-1,12,362.9527317372628,5.7522632216656415,235.57521356402583,11.134428925846963,0.4020687097856852,2024-08-06 13:10:00+00:00,2024-08-06 13:25:00+00:00,2024-08-06 13:30:00+00:00,2024-08-06 14:25:00+00:00,-0.0033180909759141,-0.0229544613106258,continuation,0.76752422271203,top_global
AMD_20251008_133000,AMD,2025-10-08 13:30:00+00:00,-1,19,341.0429129963699,6.0801654132944165,258.89141231246765,9.02650394577985,0.1006609905775775,2025-10-08 13:15:00+00:00,2025-10-08 13:30:00+00:00,2025-10-08 13:35:00+00:00,2025-10-08 14:30:00+00:00,-0.0064120565384255,0.040322200763107,reversal,0.7672987550265475,top_global
AMD_20260427_132500,AMD,2026-04-27 13:25:00+00:00,-1,16,381.2079329625706,5.999113175902704,135.61216392933926,11.532330656614562,0.4895721537211169,2026-04-27 13:10:00+00:00,2026-04-27 13:25:00+00:00,2026-04-27 13:30:00+00:00,2026-04-27 14:25:00+00:00,-0.0039329488601582,-0.033183157165136,continuation,0.7666861496902531,top_global
AMD_20240621_131000,AMD,2024-06-21 13:10:00+00:00,1,14,263.9057139945922,4.738041973217088,586.422533230185,11.63096968099356,0.5176550579587362,2024-06-21 12:55:00+00:00,2024-06-21 13:10:00+00:00,2024-06-21 13:15:00+00:00,2024-06-21 14:10:00+00:00,0.006133943217353,-0.0116660653442499,reversal,0.7656822970310415,top_global
AMD_20260130_140000,AMD,2026-01-30 14:00:00+00:00,-1,32,349.7821715817717,4.715744851558749,526.9784172661871,19.41586341204064,0.4119895152219971,2026-01-30 13:45:00+00:00,2026-01-30 14:00:00+00:00,2026-01-30 14:05:00+00:00,2026-01-30 15:00:00+00:00,-0.0277890302195576,0.0049999999999998,reversal,0.765047018784057,top_global
AMD_20241009_133000,AMD,2024-10-09 13:30:00+00:00,-1,8,245.06067890015527,6.694310840072363,418.9888732574498,22.599189487101107,0.0959822728573405,2024-10-09 13:15:00+00:00,2024-10-09 13:30:00+00:00,2024-10-09 13:35:00+00:00,2024-10-09 14:30:00+00:00,-0.0181377492550997,3.1513598117705044e-05,unclear,0.7648074301772838,high_strength_unclear
AMD_20241126_142500,AMD,2024-11-26 14:25:00+00:00,-1,11,224.5747115055541,6.664901194691301,324.7983520766062,14.813814184695858,0.6065105253610604,2024-11-26 14:10:00+00:00,2024-11-26 14:25:00+00:00,2024-11-26 14:30:00+00:00,2024-11-26 15:25:00+00:00,-0.0034958066404241,-0.0311122807017544,continuation,0.7614330907955329,top_global
AMD_20251024_130000,AMD,2025-10-24 13:00:00+00:00,1,22,258.6561394851605,4.591048608896131,555.5621016151989,28.72984619555228,0.7350187273484271,2025-10-24 12:45:00+00:00,2025-10-24 13:00:00+00:00,2025-10-24 13:05:00+00:00,2025-10-24 14:00:00+00:00,0.0045677132628287,0.0285560380140914,continuation,0.7578775889926141,top_global
AMD_20260312_131500,AMD,2026-03-12 13:15:00+00:00,-1,14,193.64911485482804,5.905987898414563,383.5666791184161,10.957347299235176,0.8168462949764421,2026-03-12 13:00:00+00:00,2026-03-12 13:15:00+00:00,2026-03-12 13:20:00+00:00,2026-03-12 14:15:00+00:00,-0.0049579459938026,-0.014542614507024,continuation,0.7566910370742044,top_global
AMD_20241029_195500,AMD,2024-10-29 19:55:00+00:00,-1,7,817.7720540888522,5.377014031288085,5.645023418487765,27.08697484095645,8.877795115614479,2024-10-29 19:40:00+00:00,2024-10-29 19:55:00+00:00,2024-10-29 20:00:00+00:00,2024-10-29 20:55:00+00:00,-0.0039535162333772,-0.0744527303343757,continuation,0.7539310431679038,top_global
AMD_20260217_142500,AMD,2026-02-17 14:25:00+00:00,-1,23,359.1476669531324,5.225969455420173,412.8202551217626,15.869340761275964,0.1636131867648614,2026-02-17 14:10:00+00:00,2026-02-17 14:25:00+00:00,2026-02-17 14:30:00+00:00,2026-02-17 15:25:00+00:00,-0.004578348840644,-0.0265573689416419,continuation,0.7519717608389258,top_global
AMD_20241022_133000,AMD,2024-10-22 13:30:00+00:00,-1,5,238.72725789345185,5.126033743672651,770.7962136095731,36.54061200734687,0.0509429182047877,2024-10-22 13:15:00+00:00,2024-10-22 13:30:00+00:00,2024-10-22 13:35:00+00:00,2024-10-22 14:30:00+00:00,-0.023316106766044,0.0047483070898262,reversal,0.746821644715709,top_global
AMD_20250310_132500,AMD,2025-03-10 13:25:00+00:00,1,22,193.6201405388993,5.6053477051796445,523.6838955386289,12.937780615459337,0.5365030549684076,2025-03-10 13:10:00+00:00,2025-03-10 13:25:00+00:00,2025-03-10 13:30:00+00:00,2025-03-10 14:25:00+00:00,0.0040671072699542,-0.0001012658227849,unclear,0.7459113848416432,high_strength_unclear
AMD_20241227_144500,AMD,2024-12-27 14:45:00+00:00,1,6,254.50689289501227,6.769781476053821,306.72046900336784,16.195648992262605,0.1251669655087305,2024-12-27 14:30:00+00:00,2024-12-27 14:45:00+00:00,2024-12-27 14:50:00+00:00,2024-12-27 15:45:00+00:00,0.0110994932840022,-0.0172619521120037,reversal,0.7439355371598828,top_global
AMD_20240906_123000,AMD,2024-09-06 12:30:00+00:00,1,16,208.11313190217672,5.186400233187998,349.5911407291258,21.912014105521923,1.309706278192634,2024-09-06 12:15:00+00:00,2024-09-06 12:30:00+00:00,2024-09-06 12:35:00+00:00,2024-09-06 13:30:00+00:00,0.004354136429608,0.0005679190751444,unclear,0.7425846198077173,high_strength_unclear
AMD_20260203_142500,AMD,2026-02-03 14:25:00+00:00,1,21,224.11866300924063,6.55601303695559,265.2670411028849,12.940328481959918,0.6046967107898699,2026-02-03 14:10:00+00:00,2026-02-03 14:25:00+00:00,2026-02-03 14:30:00+00:00,2026-02-03 15:25:00+00:00,0.003229922641359,-0.0321554910767518,reversal,0.7424983403800554,top_global
AMD_20250924_132500,AMD,2025-09-24 13:25:00+00:00,1,11,145.08431828297307,5.634731676336333,1073.596662923151,14.822306702114078,0.6224652474781768,2025-09-24 13:10:00+00:00,2025-09-24 13:25:00+00:00,2025-09-24 13:30:00+00:00,2025-09-24 14:25:00+00:00,0.007470631878323,-0.013192527936775,reversal,0.7404481901039608,top_global
AMD_20250402_201000,AMD,2025-04-02 20:10:00+00:00,1,7,355.31048186785875,5.2527328682573495,0.5926187054261464,9.56509488470288,42.27444721455639,2025-04-02 19:55:00+00:00,2025-04-02 20:10:00+00:00,2025-04-02 20:15:00+00:00,2025-04-02 21:10:00+00:00,0.0125291375291376,-0.0513189448441246,reversal,0.7374439318997228,top_global
AMZN_20251103_135500,AMZN,2025-11-03 13:55:00+00:00,1,20,472.8175693553949,6.305889867338594,1091.157712305026,54.3109174374956,1.6615885788919988,2025-11-03 13:40:00+00:00,2025-11-03 13:55:00+00:00,2025-11-03 14:00:00+00:00,2025-11-03 14:55:00+00:00,0.0116440029313573,0.0277696394075983,continuation,1.0,min_quota
AMZN_20260203_142500,AMZN,2026-02-03 14:25:00+00:00,1,17,172.4209737203819,5.59707250671042,900.2413458427693,20.254233128833537,0.8273101901409854,2026-02-03 14:10:00+00:00,2026-02-03 14:25:00+00:00,2026-02-03 14:30:00+00:00,2026-02-03 15:25:00+00:00,0.0047140807542529,-0.0240106079151366,reversal,0.9423651989730424,min_quota
AMZN_20240911_132000,AMZN,2024-09-11 13:20:00+00:00,1,5,197.95332390859068,6.395143493611941,1218.557445331482,40.78845237010706,0.3837218076318932,2024-09-11 13:05:00+00:00,2024-09-11 13:20:00+00:00,2024-09-11 13:25:00+00:00,2024-09-11 14:20:00+00:00,0.0030514667449859,-0.0225530741659774,reversal,0.9315617907235973,min_quota
AMZN_20250429_125500,AMZN,2025-04-29 12:55:00+00:00,-1,13,281.95180591224613,6.309624027620091,1020.4725044347686,30.77122959183899,0.1873336508789935,2025-04-29 12:40:00+00:00,2025-04-29 12:55:00+00:00,2025-04-29 13:00:00+00:00,2025-04-29 13:55:00+00:00,-0.0194901752522571,0.0021664951524671,unclear,0.9129190998027785,high_strength_unclear
AMZN_20241115_135500,AMZN,2024-11-15 13:55:00+00:00,-1,9,151.24576828466462,6.429532598068761,1852.440175465134,15.462895979473576,0.5174761971325479,2024-11-15 13:40:00+00:00,2024-11-15 13:55:00+00:00,2024-11-15 14:00:00+00:00,2024-11-15 14:55:00+00:00,-0.0035520160116586,-0.0212887828162291,continuation,0.8999351979945023,min_quota
AMZN_20250923_133000,AMZN,2025-09-23 13:30:00+00:00,-1,9,191.89781675017943,7.38560961759895,1115.3107599699022,43.50942885540528,0.0468884680569799,2025-09-23 13:15:00+00:00,2025-09-23 13:30:00+00:00,2025-09-23 13:35:00+00:00,2025-09-23 14:30:00+00:00,-0.0129636929006262,-0.0122176864711364,continuation,0.8995869509707943,min_quota
AMZN_20241121_142500,AMZN,2024-11-21 14:25:00+00:00,-1,4,162.5905083184831,5.771124421623864,990.0231439735496,31.421709262728317,0.3321311881909902,2024-11-21 14:10:00+00:00,2024-11-21 14:25:00+00:00,2024-11-21 14:30:00+00:00,2024-11-21 15:25:00+00:00,-0.0069967707212056,-0.0212855383099285,continuation,0.8938919559253464,min_quota
AMZN_20251223_142500,AMZN,2025-12-23 14:25:00+00:00,1,10,124.54328790595603,6.740809372251814,876.6824721377913,26.03814110908701,1.034213609872849,2025-12-23 14:10:00+00:00,2025-12-23 14:25:00+00:00,2025-12-23 14:30:00+00:00,2025-12-23 15:25:00+00:00,0.0050030720617921,0.0048842794759826,continuation,0.8909812123195318,min_quota
AMZN_20250822_135000,AMZN,2025-08-22 13:50:00+00:00,-1,9,179.73498552821266,7.22581853791023,780.1824644549763,29.82045963256359,0.0660522967565385,2025-08-22 13:35:00+00:00,2025-08-22 13:50:00+00:00,2025-08-22 13:55:00+00:00,2025-08-22 14:50:00+00:00,-0.0035508809780654,0.0218097343136813,reversal,0.8762108999872129,min_quota
AMZN_20260305_143000,AMZN,2026-03-05 14:30:00+00:00,1,13,209.2103075026408,5.923035924242294,779.792393244542,13.194215824826186,0.050350730657347,2026-03-05 14:15:00+00:00,2026-03-05 14:30:00+00:00,2026-03-05 14:35:00+00:00,2026-03-05 15:30:00+00:00,0.0169111159329315,-0.0133415575811574,reversal,0.8746427993229626,min_quota
AMZN_20260211_142500,AMZN,2026-02-11 14:25:00+00:00,-1,6,160.09040307307876,6.418145425262273,664.383278902678,14.501542850262798,0.4513846540860888,2026-02-11 14:10:00+00:00,2026-02-11 14:25:00+00:00,2026-02-11 14:30:00+00:00,2026-02-11 15:25:00+00:00,-0.0034965034965034,-0.0148041336217256,continuation,0.8626590988305882,min_quota
AMZN_20260205_142000,AMZN,2026-02-05 14:20:00+00:00,-1,12,188.20074746396463,4.699627123332119,867.6595777951525,14.87988196464622,0.8621762819322834,2026-02-05 14:05:00+00:00,2026-02-05 14:20:00+00:00,2026-02-05 14:25:00+00:00,2026-02-05 15:20:00+00:00,-0.0057220232375294,-0.0235469841409303,continuation,0.8579042496821345,min_quota
AMZN_20240916_132500,AMZN,2024-09-16 13:25:00+00:00,-1,7,140.94471049193925,6.9140422908117385,1704.2130644454187,51.46275840556887,0.2186034412175809,2024-09-16 13:10:00+00:00,2024-09-16 13:25:00+00:00,2024-09-16 13:30:00+00:00,2024-09-16 14:25:00+00:00,-0.0060664626617277,-0.0038349357243165,continuation,0.8515016184629904,min_quota
AMZN_20251006_133000,AMZN,2025-10-06 13:30:00+00:00,-1,5,218.0195593369172,6.337362433933606,622.0047883064516,47.85346564839307,0.1113798976446532,2025-10-06 13:15:00+00:00,2025-10-06 13:30:00+00:00,2025-10-06 13:35:00+00:00,2025-10-06 14:30:00+00:00,-0.0131895027874722,0.0034907220282931,reversal,0.849051902954348,min_quota
AMZN_20260410_132500,AMZN,2026-04-10 13:25:00+00:00,1,4,174.65197711162838,6.633067489951302,358.1037546271814,10.558790673191304,0.615673095307612,2026-04-10 13:10:00+00:00,2026-04-10 13:25:00+00:00,2026-04-10 13:30:00+00:00,2026-04-10 14:25:00+00:00,0.0035408045731837,0.0161273592926374,continuation,0.8444329091483218,min_quota
AMZN_20250910_132500,AMZN,2025-09-10 13:25:00+00:00,1,11,250.5606348111056,6.506449405002138,511.4016504942414,14.466247819905062,0.2706126919856106,2025-09-10 13:10:00+00:00,2025-09-10 13:25:00+00:00,2025-09-10 13:30:00+00:00,2025-09-10 14:25:00+00:00,0.0030383592859855,-0.0160713534435609,reversal,0.8421683401762301,min_quota
AMZN_20250404_101000,AMZN,2025-04-04 10:10:00+00:00,-1,20,423.2424677187874,7.633022356237926,108.7519661621836,56.22771522865455,2.735787911304944,2025-04-04 09:55:00+00:00,2025-04-04 10:10:00+00:00,2025-04-04 10:15:00+00:00,2025-04-04 11:10:00+00:00,-0.0089240038651735,-0.0369924294562974,continuation,0.8412559461357505,min_quota
AMZN_20250523_111500,AMZN,2025-05-23 11:15:00+00:00,-1,10,168.0503144654133,6.062236314572143,160.52303911529796,48.87821286354936,2.4089535056145714,2025-05-23 11:00:00+00:00,2025-05-23 11:15:00+00:00,2025-05-23 11:20:00+00:00,2025-05-23 12:15:00+00:00,-0.0041420118343195,-0.0258962170726877,continuation,0.8399581059939201,min_quota
AMZN_20260414_131500,AMZN,2026-04-14 13:15:00+00:00,1,6,179.0916987219293,4.961425926370754,533.6659208394414,12.488142370190358,1.2813107709881524,2026-04-14 13:00:00+00:00,2026-04-14 13:15:00+00:00,2026-04-14 13:20:00+00:00,2026-04-14 14:15:00+00:00,0.0058120362737015,0.0050817589443055,continuation,0.8391047986371818,min_quota
AMZN_20241217_143000,AMZN,2024-12-17 14:30:00+00:00,-1,8,140.82050834895333,6.429207655734976,1015.2555775204744,20.16947471733095,0.0588829849100115,2024-12-17 14:15:00+00:00,2024-12-17 14:30:00+00:00,2024-12-17 14:35:00+00:00,2024-12-17 15:30:00+00:00,-0.0084210526315789,-0.0078642922137007,continuation,0.8360978157409202,min_quota
AMZN_20260210_142500,AMZN,2026-02-10 14:25:00+00:00,-1,13,169.93337839142254,4.918466514120015,590.1774978528485,16.123823758650307,1.0314345783128935,2026-02-10 14:10:00+00:00,2026-02-10 14:25:00+00:00,2026-02-10 14:30:00+00:00,2026-02-10 15:25:00+00:00,-0.0063363506431635,0.0155103802080835,reversal,0.8314261994939236,min_quota
AMZN_20250206_210000,AMZN,2025-02-06 21:00:00+00:00,-1,22,481.2420563614839,7.07137880040827,8.114057363640612,44.05605020471802,12.687823643459009,2025-02-06 20:45:00+00:00,2025-02-06 21:00:00+00:00,2025-02-06 21:05:00+00:00,2025-02-06 22:00:00+00:00,-0.0249120750293083,-0.0046803211816736,continuation,0.8283878034658931,min_quota
AMZN_20250731_132000,AMZN,2025-07-31 13:20:00+00:00,-1,7,178.27921798295066,5.711063206219978,313.82188729902066,17.314632365405068,0.7003343735807409,2025-07-31 13:05:00+00:00,2025-07-31 13:20:00+00:00,2025-07-31 13:25:00+00:00,2025-07-31 14:20:00+00:00,-0.0031210459721635,-0.0140040616009476,continuation,0.8274714554866085,min_quota
AMZN_20250103_142500,AMZN,2025-01-03 14:25:00+00:00,1,10,147.16504153123867,7.404022658948177,681.6780487804878,23.70888784060083,0.3091419961195172,2025-01-03 14:10:00+00:00,2025-01-03 14:25:00+00:00,2025-01-03 14:30:00+00:00,2025-01-03 15:25:00+00:00,0.0038360862893762,-0.000373151103718,unclear,0.827422957347558,high_strength_unclear
AMZN_20250812_133500,AMZN,2025-08-12 13:35:00+00:00,1,5,149.6276389806206,6.012352011920117,771.4826154644525,37.77243721641737,0.0649559208691617,2025-08-12 13:20:00+00:00,2025-08-12 13:35:00+00:00,2025-08-12 13:40:00+00:00,2025-08-12 14:35:00+00:00,0.0032425129475344,-0.0084391973784622,reversal,0.8269013522300384,min_quota
AMZN_20251029_123500,AMZN,2025-10-29 12:35:00+00:00,-1,6,207.08637336712025,6.089739253604166,99.31582162492364,21.15548426598428,0.9713081910261234,2025-10-29 12:20:00+00:00,2025-10-29 12:35:00+00:00,2025-10-29 12:40:00+00:00,2025-10-29 13:35:00+00:00,-0.0031791655779114,0.0065096771374897,reversal,0.826719137967556,min_quota
AMZN_20240719_102500,AMZN,2024-07-19 10:25:00+00:00,-1,7,211.0497237568998,6.134703561834735,20.318246660614705,15.823972771499824,3.198017850191059,2024-07-19 10:10:00+00:00,2024-07-19 10:25:00+00:00,2024-07-19 10:30:00+00:00,2024-07-19 11:25:00+00:00,-0.0048173207036534,-0.018220385075601,continuation,0.8236663084819533,min_quota
AMZN_20250730_200000,AMZN,2025-07-30 20:00:00+00:00,1,8,218.32731700951905,6.46367224685643,3.533398957002534,15.032570931371035,9.39477785062332,2025-07-30 19:45:00+00:00,2025-07-30 20:00:00+00:00,2025-07-30 20:05:00+00:00,2025-07-30 21:00:00+00:00,0.0161079669133652,0.0089974293059125,continuation,0.82261497736802,min_quota
AMZN_20240723_132500,AMZN,2024-07-23 13:25:00+00:00,1,10,154.02136775313434,6.539021832280612,515.1079958463137,19.63765540866617,0.4181094349704518,2024-07-23 13:10:00+00:00,2024-07-23 13:25:00+00:00,2024-07-23 13:30:00+00:00,2024-07-23 14:25:00+00:00,0.00541705358606,0.0250367132325735,continuation,0.8179892119389385,min_quota
AMZN_20241206_142500,AMZN,2024-12-06 14:25:00+00:00,-1,6,131.0016762560662,6.364010542928121,745.8532062838012,17.310637014060866,0.4041501383521913,2024-12-06 14:10:00+00:00,2024-12-06 14:25:00+00:00,2024-12-06 14:30:00+00:00,2024-12-06 15:25:00+00:00,-0.0040149772183876,0.0169625871908687,reversal,0.8177267974605094,min_quota
AMZN_20250731_200000,AMZN,2025-07-31 20:00:00+00:00,-1,26,367.0092085946841,5.808260740920028,3.738253848626827,23.53804711361922,19.38755162878881,2025-07-31 19:45:00+00:00,2025-07-31 20:00:00+00:00,2025-07-31 20:05:00+00:00,2025-07-31 21:00:00+00:00,-0.0059254589127374,-0.0139027634740817,continuation,0.8172543209226311,min_quota
AMZN_20251010_144500,AMZN,2025-10-10 14:45:00+00:00,1,14,212.99082727112676,6.289608865488336,359.9901976284585,18.164347688698168,0.2976773810863627,2025-10-10 14:30:00+00:00,2025-10-10 14:45:00+00:00,2025-10-10 14:50:00+00:00,2025-10-10 15:45:00+00:00,0.0031602549390017,-0.0273671242520239,reversal,0.8146215004297179,min_quota
AMZN_20241021_132500,AMZN,2024-10-21 13:25:00+00:00,-1,5,113.5687345022207,6.239060098013269,1011.1704871060172,36.84200280107475,0.379241024943743,2024-10-21 13:10:00+00:00,2024-10-21 13:25:00+00:00,2024-10-21 13:30:00+00:00,2024-10-21 14:25:00+00:00,-0.0036030307847187,0.004158468492422,reversal,0.8134333663169746,min_quota
AMZN_20250724_133000,AMZN,2025-07-24 13:30:00+00:00,1,11,126.97516930022525,6.898338997053322,1378.6670987254267,21.841169848077083,0.06283877937914,2025-07-24 13:15:00+00:00,2025-07-24 13:30:00+00:00,2025-07-24 13:35:00+00:00,2025-07-24 14:30:00+00:00,0.0034849276877504,0.0009550269143947,unclear,0.809508264579591,high_strength_unclear
AMZN_20250227_143000,AMZN,2025-02-27 14:30:00+00:00,1,9,234.7417840375532,5.982970456444342,400.1465414175918,9.852904213131444,0.1164314199354207,2025-02-27 14:15:00+00:00,2025-02-27 14:30:00+00:00,2025-02-27 14:35:00+00:00,2025-02-27 15:30:00+00:00,0.004545949364821,-0.0215820759030636,reversal,0.805403398816269,min_quota
AMZN_20240730_200000,AMZN,2024-07-30 20:00:00+00:00,-1,5,404.617670590921,5.691279124207634,2.5710313373257425,18.85783288026856,18.31903326859181,2024-07-30 19:45:00+00:00,2024-07-30 20:00:00+00:00,2024-07-30 20:05:00+00:00,2024-07-30 21:00:00+00:00,-0.0345697980684811,-0.0011935887234284,unclear,0.80532542278964,high_strength_unclear
AMZN_20250501_195500,AMZN,2025-05-01 19:55:00+00:00,-1,11,626.14386334646,5.663481329144221,6.012337824486738,27.65725398941077,8.962460888248815,2025-05-01 19:40:00+00:00,2025-05-01 19:55:00+00:00,2025-05-01 20:00:00+00:00,2025-05-01 20:55:00+00:00,-0.0076581285938317,-0.041536070798325,continuation,0.8044622426000312,min_quota
AMZN_20250408_125500,AMZN,2025-04-08 12:55:00+00:00,1,29,254.3265629904301,5.186830368921593,353.0002603997136,8.157727064472954,0.8720299774361738,2025-04-08 12:40:00+00:00,2025-04-08 12:55:00+00:00,2025-04-08 13:00:00+00:00,2025-04-08 13:55:00+00:00,0.0063301412108422,-0.0038545653362493,reversal,0.8022771855465842,min_quota
AMZN_20260306_133500,AMZN,2026-03-06 13:35:00+00:00,-1,19,138.33528722156706,5.33206719480618,511.3168545081968,8.689398035820124,1.1968761508901893,2026-03-06 13:20:00+00:00,2026-03-06 13:35:00+00:00,2026-03-06 13:40:00+00:00,2026-03-06 14:35:00+00:00,-0.0043788891449642,0.0033333333333334,reversal,0.8000373191397383,min_quota
AMZN_20250304_140000,AMZN,2025-03-04 14:00:00+00:00,1,6,172.5000000000021,4.641283264155229,674.2388160562239,10.888559289799211,0.745716353933174,2025-03-04 13:45:00+00:00,2025-03-04 14:00:00+00:00,2025-03-04 14:05:00+00:00,2025-03-04 15:00:00+00:00,0.0036772102435935,-0.0180946001851816,reversal,0.7999629862802287,min_quota
AMZN_20260130_142500,AMZN,2026-01-30 14:25:00+00:00,1,9,120.100607839031,5.127906384927421,830.8189924208649,9.256022443841903,0.9857186154314084,2026-01-30 14:10:00+00:00,2026-01-30 14:25:00+00:00,2026-01-30 14:30:00+00:00,2026-01-30 15:25:00+00:00,0.0031355825912453,0.0098774693673417,continuation,0.7975870897813186,min_quota
AMZN_20250430_195000,AMZN,2025-04-30 19:50:00+00:00,1,11,261.5881355004679,5.488442376407406,12.726991711314362,12.893806416913977,11.447823045219968,2025-04-30 19:35:00+00:00,2025-04-30 19:50:00+00:00,2025-04-30 19:55:00+00:00,2025-04-30 20:50:00+00:00,0.0106186133391934,0.0315146059206492,continuation,0.7850695254178648,min_quota
AMZN_20241129_142500,AMZN,2024-11-29 14:25:00+00:00,-1,3,100.43330102365913,5.758425379676111,916.315292811546,21.60648385942764,0.910637015473613,2024-11-29 14:10:00+00:00,2024-11-29 14:25:00+00:00,2024-11-29 14:30:00+00:00,2024-11-29 15:25:00+00:00,-0.006132303235152,-0.0004372540445999,unclear,0.7765574761204729,high_strength_unclear
AMZN_20241007_090000,AMZN,2024-10-07 09:00:00+00:00,-1,5,155.86546349467324,5.718499984579198,22.7235482721767,30.26420813824907,4.308159374757522,2024-10-07 08:40:00+00:00,2024-10-07 09:00:00+00:00,2024-10-07 09:05:00+00:00,2024-10-07 10:00:00+00:00,-0.0118457893603273,-0.001144289450741,unclear,0.7748270146762237,high_strength_unclear
AMZN_20241209_142500,AMZN,2024-12-09 14:25:00+00:00,1,15,131.157470758716,5.5849082553489735,554.7242906017308,15.921532497685146,0.6179445023546639,2024-12-09 14:10:00+00:00,2024-12-09 14:25:00+00:00,2024-12-09 14:30:00+00:00,2024-12-09 15:25:00+00:00,0.0048661800486617,0.0029055690072639,unclear,0.7722584999011919,high_strength_unclear
AMZN_20260430_132000,AMZN,2026-04-30 13:20:00+00:00,1,24,510.7413243149739,6.009297944217102,156.27550565334872,8.294640570890694,0.2283349821112859,2026-04-30 13:05:00+00:00,2026-04-30 13:20:00+00:00,2026-04-30 13:25:00+00:00,2026-04-30 14:20:00+00:00,0.0044437915457782,-0.0526691042047531,reversal,0.7675197349340988,min_quota
AMZN_20260304_143000,AMZN,2026-03-04 14:30:00+00:00,1,12,177.87778304121372,5.287522973260248,491.852712374235,9.006870658057126,0.0745657036884918,2026-03-04 14:15:00+00:00,2026-03-04 14:30:00+00:00,2026-03-04 14:35:00+00:00,2026-03-04 15:30:00+00:00,0.0095791831482627,0.0220449395770392,continuation,0.7636602841463518,min_quota
AMZN_20260102_142500,AMZN,2026-01-02 14:25:00+00:00,-1,16,176.15057254420032,4.026886557809467,1101.302242949145,39.17254230822226,0.423916709141291,2026-01-02 14:10:00+00:00,2026-01-02 14:25:00+00:00,2026-01-02 14:30:00+00:00,2026-01-02 15:25:00+00:00,-0.0039224137931034,-0.015426889956294,continuation,0.7608495879718955,top_global
AMZN_20260327_133000,AMZN,2026-03-27 13:30:00+00:00,-1,8,151.09754897134843,5.590204082969775,567.5204064907392,11.617515226075836,0.0530819790806509,2026-03-27 13:15:00+00:00,2026-03-27 13:30:00+00:00,2026-03-27 13:35:00+00:00,2026-03-27 14:30:00+00:00,-0.0099471104857101,-0.0123015095079396,continuation,0.7605155435493278,top_global
AMZN_20250519_133000,AMZN,2025-05-19 13:30:00+00:00,1,9,161.17034465658708,6.578933701971618,299.9329264110829,8.641889212653949,0.1085296171910946,2025-05-19 13:15:00+00:00,2025-05-19 13:30:00+00:00,2025-05-19 13:35:00+00:00,2025-05-19 14:30:00+00:00,0.0051933207434649,0.0150050676093245,continuation,0.7597260387017648,top_global
AMZN_20260323_110500,AMZN,2026-03-23 11:05:00+00:00,1,9,395.8199832405018,5.140497936649522,33.36394271272115,27.67393640238984,1.7594850707965402,2026-03-23 10:50:00+00:00,2026-03-23 11:05:00+00:00,2026-03-23 11:10:00+00:00,2026-03-23 12:05:00+00:00,0.0300212671249813,-0.001488523960434,unclear,0.7564291743880198,high_strength_unclear
AMZN_20240801_200000,AMZN,2024-08-01 20:00:00+00:00,-1,13,489.05939187269263,5.043259807131169,4.148465423622149,29.850710795222707,13.850049479458187,2024-08-01 19:45:00+00:00,2024-08-01 20:00:00+00:00,2024-08-01 20:05:00+00:00,2024-08-01 21:00:00+00:00,-0.0466256671452955,-0.0053986928104574,continuation,0.7465885698036381,top_global
AMZN_20250805_133000,AMZN,2025-08-05 13:30:00+00:00,1,4,131.20150482012204,7.024514804374802,537.631396083386,21.721592033535824,0.0471452701235226,2025-08-05 13:15:00+00:00,2025-08-05 13:30:00+00:00,2025-08-05 13:35:00+00:00,2025-08-05 14:30:00+00:00,0.0084826167681468,-0.0031453134829103,reversal,0.742810583476611,top_global
AMZN_20250328_131000,AMZN,2025-03-28 13:10:00+00:00,1,14,114.76818848273452,4.939848222759556,989.1181740614336,18.25851750419781,0.5283597714531049,2025-03-28 12:55:00+00:00,2025-03-28 13:10:00+00:00,2025-03-28 13:15:00+00:00,2025-03-28 14:10:00+00:00,0.0035158211953791,-0.0212712712712712,reversal,0.7412289479096819,top_global
AMZN_20260106_142500,AMZN,2026-01-06 14:25:00+00:00,-1,14,119.34510986643777,5.170984620937257,1193.7298288508557,29.246878558422896,0.1737167343213537,2026-01-06 14:10:00+00:00,2026-01-06 14:25:00+00:00,2026-01-06 14:30:00+00:00,2026-01-06 15:25:00+00:00,-0.0032209576980889,0.0225333907798364,reversal,0.7382076716109887,top_global
AMZN_20250409_171500,AMZN,2025-04-09 17:15:00+00:00,1,5,540.1790905919279,4.999375526526568,7.417550370876676,6.189833761546864,1.5834099311872645,2025-04-09 17:00:00+00:00,2025-04-09 17:15:00+00:00,2025-04-09 17:20:00+00:00,2025-04-09 18:15:00+00:00,0.0196802677901539,0.0560335069051391,continuation,0.738000802300669,top_global
COIN_20250813_131000,COIN,2025-08-13 13:10:00+00:00,1,30,366.6839678808032,7.550681206970045,405.5100685992476,30.35107687845508,1.200139987522289,2025-08-13 12:55:00+00:00,2025-08-13 13:10:00+00:00,2025-08-13 13:15:00+00:00,2025-08-13 14:10:00+00:00,0.0049301742405287,0.0188196923350736,continuation,0.9809973441602053,min_quota
COIN_20250528_132500,COIN,2025-05-28 13:25:00+00:00,-1,13,383.9115368142343,6.22508346331629,654.6314797360981,81.22274218550459,0.9596947278073104,2025-05-28 13:10:00+00:00,2025-05-28 13:25:00+00:00,2025-05-28 13:30:00+00:00,2025-05-28 14:25:00+00:00,-0.0033384598071944,-0.0346368084305607,continuation,0.9580143063170161,min_quota
COIN_20240904_130500,COIN,2024-09-04 13:05:00+00:00,-1,29,326.9439309919897,6.740824249600009,505.8400743840074,27.37249765194282,1.416758533341952,2024-09-04 12:50:00+00:00,2024-09-04 13:05:00+00:00,2024-09-04 13:10:00+00:00,2024-09-04 14:05:00+00:00,-0.0050972370449424,-0.0099540942417861,continuation,0.9563205460578597,min_quota
COIN_20250618_145500,COIN,2025-06-18 14:55:00+00:00,-1,28,409.3702887626138,6.621087681913333,378.7684590061138,21.76657032678583,0.8086125116059003,2025-06-18 14:40:00+00:00,2025-06-18 14:55:00+00:00,2025-06-18 15:00:00+00:00,2025-06-18 15:55:00+00:00,-0.0033080365829926,0.0869972666926981,reversal,0.941932742870677,min_quota
COIN_20251010_133000,COIN,2025-10-10 13:30:00+00:00,1,32,348.34277483067444,6.525352185069435,645.6014525646846,45.18205593347184,0.9953961827469672,2025-10-10 13:15:00+00:00,2025-10-10 13:30:00+00:00,2025-10-10 13:35:00+00:00,2025-10-10 14:30:00+00:00,0.0089974293059125,-0.0102165605095541,reversal,0.9402494039547407,min_quota
COIN_20250509_124500,COIN,2025-05-09 12:45:00+00:00,1,30,443.7256178920879,6.504038257408381,251.26744030945716,19.78054083609992,1.9381265203278115,2025-05-09 12:30:00+00:00,2025-05-09 12:45:00+00:00,2025-05-09 12:50:00+00:00,2025-05-09 13:45:00+00:00,0.0079736181522862,0.0422628058010645,continuation,0.9321962536578645,min_quota
COIN_20241227_134000,COIN,2024-12-27 13:40:00+00:00,-1,18,296.6491642544944,6.017443349749041,375.8645569620253,46.862567799887046,2.631623246290775,2024-12-27 13:25:00+00:00,2024-12-27 13:40:00+00:00,2024-12-27 13:45:00+00:00,2024-12-27 14:40:00+00:00,-0.0035712646851233,-0.0273548976608187,continuation,0.9250127512715265,min_quota
COIN_20260123_142500,COIN,2026-01-23 14:25:00+00:00,-1,4,294.3208511814266,6.839159938688538,647.6606942889138,47.0624665440476,1.4664529950593836,2026-01-23 14:10:00+00:00,2026-01-23 14:25:00+00:00,2026-01-23 14:30:00+00:00,2026-01-23 15:25:00+00:00,-0.0033163036658598,-0.025,continuation,0.9226065816343223,min_quota
COIN_20251201_140000,COIN,2025-12-01 14:00:00+00:00,1,33,352.20138203356345,6.069641769848511,249.81253779479945,12.691570123627187,1.4329084591365977,2025-12-01 13:45:00+00:00,2025-12-01 14:00:00+00:00,2025-12-01 14:05:00+00:00,2025-12-01 15:00:00+00:00,0.0031837360951283,0.0096929606546094,continuation,0.9136564012635706,min_quota
COIN_20260429_132500,COIN,2026-04-29 13:25:00+00:00,-1,26,533.9265850945441,6.015288111595759,588.224245115453,21.530465348881165,0.5100062962568386,2026-04-29 13:10:00+00:00,2026-04-29 13:25:00+00:00,2026-04-29 13:30:00+00:00,2026-04-29 14:25:00+00:00,-0.0129171719301944,-0.0417156286721503,continuation,0.9101483613707029,min_quota
COIN_20241204_143000,COIN,2024-12-04 14:30:00+00:00,1,26,398.1666399101047,7.136741092019206,348.81744421906694,38.28427466215543,0.4763273591001131,2024-12-04 14:15:00+00:00,2024-12-04 14:30:00+00:00,2024-12-04 14:35:00+00:00,2024-12-04 15:30:00+00:00,0.0163416663999231,0.0058255460445526,continuation,0.9032901802599504,min_quota
COIN_20251002_131500,COIN,2025-10-02 13:15:00+00:00,-1,31,288.67871576111924,6.486218448903645,319.8738574040219,23.885643478141983,1.4429343371958347,2025-10-02 13:00:00+00:00,2025-10-02 13:15:00+00:00,2025-10-02 13:20:00+00:00,2025-10-02 14:15:00+00:00,-0.004066742081448,0.0259624831753568,reversal,0.8943559555141687,min_quota
COIN_20250624_132500,COIN,2025-06-24 13:25:00+00:00,1,29,425.4046224573393,6.109843854234163,212.74528478057888,13.730840813352264,1.1282427105883923,2025-06-24 13:10:00+00:00,2025-06-24 13:25:00+00:00,2025-06-24 13:30:00+00:00,2025-06-24 14:25:00+00:00,0.0088538158021365,0.0541034691087156,continuation,0.8826683797392911,min_quota
COIN_20250214_141000,COIN,2025-02-14 14:10:00+00:00,-1,15,354.9944920223158,6.548359583266916,185.5977269328548,17.303026073206382,1.4339821575118612,2025-02-14 13:55:00+00:00,2025-02-14 14:10:00+00:00,2025-02-14 14:15:00+00:00,2025-02-14 15:10:00+00:00,-0.0049521857923496,-0.0402049081860306,continuation,0.8740640842686003,min_quota
COIN_20260324_132500,COIN,2026-03-24 13:25:00+00:00,-1,17,445.89710884353593,5.586500720945612,476.14158607350095,13.542195811592386,0.5020711853356747,2026-03-24 13:10:00+00:00,2026-03-24 13:25:00+00:00,2026-03-24 13:30:00+00:00,2026-03-24 14:25:00+00:00,-0.0051068943073148,-0.0607417845100901,continuation,0.8738914323275255,min_quota
COIN_20250121_143000,COIN,2025-01-21 14:30:00+00:00,-1,27,442.03152364272745,6.581986714450203,216.96705374021064,18.582876819000745,1.0175574428697614,2025-01-21 14:15:00+00:00,2025-01-21 14:30:00+00:00,2025-01-21 14:35:00+00:00,2025-01-21 15:30:00+00:00,-0.0060000000000001,-0.0541304972693301,continuation,0.8736795151143222,min_quota
COIN_20250822_133500,COIN,2025-08-22 13:35:00+00:00,-1,21,576.4052648303375,7.5208411603671665,642.1423662248404,85.73345882888249,0.1517725458764604,2025-08-22 13:20:00+00:00,2025-08-22 13:35:00+00:00,2025-08-22 13:40:00+00:00,2025-08-22 14:35:00+00:00,-0.0065951225995083,0.0591648689777422,reversal,0.8720170780853023,min_quota
COIN_20240903_133000,COIN,2024-09-03 13:30:00+00:00,-1,22,314.21305453517954,6.551913107216983,386.256243213898,38.56876954572002,0.5431129708289129,2024-09-03 13:15:00+00:00,2024-09-03 13:30:00+00:00,2024-09-03 13:35:00+00:00,2024-09-03 14:30:00+00:00,-0.0129083326389833,-0.021547176098184,continuation,0.8568362786645836,min_quota
COIN_20251215_142000,COIN,2025-12-15 14:20:00+00:00,-1,15,287.40523642047486,6.7058384174411385,604.9163822525597,47.40294235470929,0.7993895021671762,2025-12-15 14:05:00+00:00,2025-12-15 14:20:00+00:00,2025-12-15 14:25:00+00:00,2025-12-15 15:20:00+00:00,-0.0031734179578123,-0.0548689138576778,continuation,0.8564107383397919,min_quota
COIN_20260223_142500,COIN,2026-02-23 14:25:00+00:00,-1,29,305.1556539928568,5.558713969144727,329.9458762886598,12.637334624842184,1.122481780933409,2026-02-23 14:10:00+00:00,2026-02-23 14:25:00+00:00,2026-02-23 14:30:00+00:00,2026-02-23 15:25:00+00:00,-0.0103639287628803,-0.0020162503761661,unclear,0.8555506537884272,high_strength_unclear
COIN_20250605_131000,COIN,2025-06-05 13:10:00+00:00,1,15,343.15465625370354,6.120506866440754,474.301054650048,47.716071506622185,0.2411021488437706,2025-06-05 12:55:00+00:00,2025-06-05 13:10:00+00:00,2025-06-05 13:15:00+00:00,2025-06-05 14:10:00+00:00,0.0061525364702239,-0.0137681716791014,reversal,0.8545988836656122,min_quota
COIN_20250701_131500,COIN,2025-07-01 13:15:00+00:00,1,32,261.5791795324185,6.322780558597032,387.62588749317314,17.141639356504296,0.9436986167534608,2025-07-01 13:00:00+00:00,2025-07-01 13:15:00+00:00,2025-07-01 13:20:00+00:00,2025-07-01 14:15:00+00:00,0.0032651860567731,0.0218436638714596,continuation,0.8450817006073792,min_quota
COIN_20250722_132500,COIN,2025-07-22 13:25:00+00:00,-1,23,419.27771486095054,6.283820363670076,267.8627505567929,24.625681035626304,0.3952099732275135,2025-07-22 13:10:00+00:00,2025-07-22 13:25:00+00:00,2025-07-22 13:30:00+00:00,2025-07-22 14:25:00+00:00,-0.0040880353662594,-0.0443174550140803,continuation,0.8411033974859463,min_quota
COIN_20250422_133000,COIN,2025-04-22 13:30:00+00:00,1,5,402.5021538923168,6.566077974647209,319.3071841453344,27.961881206211796,0.0654550199136103,2025-04-22 13:15:00+00:00,2025-04-22 13:30:00+00:00,2025-04-22 13:35:00+00:00,2025-04-22 14:30:00+00:00,0.015510820332159,0.031035694187016,continuation,0.8400345440127093,min_quota
COIN_20250812_132500,COIN,2025-08-12 13:25:00+00:00,1,20,352.76001319903384,5.704657847695789,296.1915959068147,23.986271867400696,0.5877310702540266,2025-08-12 13:10:00+00:00,2025-08-12 13:25:00+00:00,2025-08-12 13:30:00+00:00,2025-08-12 14:25:00+00:00,0.0086310626402663,-0.0344079167046109,reversal,0.8382368940917895,min_quota
COIN_20240612_123000,COIN,2024-06-12 12:30:00+00:00,1,18,334.8132458962949,5.568557332766396,525.9681791396582,86.21712754064099,0.5114821668777298,2024-06-12 12:15:00+00:00,2024-06-12 12:30:00+00:00,2024-06-12 12:35:00+00:00,2024-06-12 13:30:00+00:00,0.0290886899918632,0.0026882783158728,unclear,0.8377799322599428,high_strength_unclear
COIN_20260410_132500,COIN,2026-04-10 13:25:00+00:00,-1,16,315.32484808175275,6.239077343122673,185.67502726281356,12.592443994408528,1.3644091278774646,2026-04-10 13:10:00+00:00,2026-04-10 13:25:00+00:00,2026-04-10 13:30:00+00:00,2026-04-10 14:25:00+00:00,-0.0101754385964912,-0.0165425971877584,continuation,0.8331190603897807,min_quota
COIN_20250123_143000,COIN,2025-01-23 14:30:00+00:00,1,31,337.0521088388423,5.79242255980652,269.09550773876936,27.60822153390416,0.7671260120435869,2025-01-23 14:15:00+00:00,2025-01-23 14:30:00+00:00,2025-01-23 14:35:00+00:00,2025-01-23 15:30:00+00:00,0.0262612301313063,0.0045117845117843,continuation,0.830835354822224,min_quota
COIN_20260112_142000,COIN,2026-01-12 14:20:00+00:00,-1,7,216.6937086134357,7.10353727606962,407.2251235003529,36.80360724006773,1.235048384178186,2026-01-12 14:05:00+00:00,2026-01-12 14:20:00+00:00,2026-01-12 14:25:00+00:00,2026-01-12 15:20:00+00:00,-0.0052527867073017,0.0231802504534737,reversal,0.8297072897340052,min_quota
COIN_20260204_143000,COIN,2026-02-04 14:30:00+00:00,-1,34,308.37938795470257,5.430152595594979,558.7089947089947,11.89519901321705,0.7798527584189936,2026-02-04 14:15:00+00:00,2026-02-04 14:30:00+00:00,2026-02-04 14:35:00+00:00,2026-02-04 15:30:00+00:00,-0.01355651626595,-0.0155639788651504,continuation,0.8269471906879802,min_quota
COIN_20250224_143000,COIN,2025-02-24 14:30:00+00:00,-1,27,439.74085906993474,6.323445102922509,155.84195054469998,19.57785819626397,0.952863128600028,2025-02-24 14:15:00+00:00,2025-02-24 14:30:00+00:00,2025-02-24 14:35:00+00:00,2025-02-24 15:30:00+00:00,-0.0140222018195477,-0.0338610005925674,continuation,0.8263583436213229,min_quota
COIN_20251118_142500,COIN,2025-11-18 14:25:00+00:00,1,22,331.98924731183024,5.822363534282968,260.38091482649844,12.652681889898371,0.7806171170991337,2025-11-18 14:10:00+00:00,2025-11-18 14:25:00+00:00,2025-11-18 14:30:00+00:00,2025-11-18 15:25:00+00:00,0.0052277532192965,0.0124545906466291,continuation,0.8238878898644708,min_quota
COIN_20250115_132000,COIN,2025-01-15 13:20:00+00:00,1,33,359.37500000000176,4.768048288222728,710.2455892731122,110.59630840504542,0.7966501834361362,2025-01-15 13:05:00+00:00,2025-01-15 13:20:00+00:00,2025-01-15 13:25:00+00:00,2025-01-15 14:20:00+00:00,0.0037103577566004,0.0319467683567453,continuation,0.823642651625468,min_quota
COIN_20251117_133500,COIN,2025-11-17 13:35:00+00:00,-1,31,309.2611326723937,5.535232739509492,633.3816360601002,18.886476459769728,0.6295210135700783,2025-11-17 13:20:00+00:00,2025-11-17 13:35:00+00:00,2025-11-17 13:40:00+00:00,2025-11-17 14:35:00+00:00,-0.0077333239168049,-0.0241281138790034,continuation,0.8210289098756969,min_quota
COIN_20250107_142500,COIN,2025-01-07 14:25:00+00:00,1,20,402.40636807160615,5.858224833076699,201.5452243958573,18.023211691199773,0.6905944373508571,2025-01-07 14:10:00+00:00,2025-01-07 14:25:00+00:00,2025-01-07 14:30:00+00:00,2025-01-07 15:25:00+00:00,0.0127118644067798,-0.0448047419804742,reversal,0.8169808433786503,min_quota
COIN_20260107_140000,COIN,2026-01-07 14:00:00+00:00,-1,27,197.23381618790503,6.008663398991279,344.70654733867167,24.011490809056788,1.481908678096569,2026-01-07 13:45:00+00:00,2026-01-07 14:00:00+00:00,2026-01-07 14:05:00+00:00,2026-01-07 15:00:00+00:00,-0.004665071770335,-0.0202699995994071,continuation,0.8162803320101841,min_quota
COIN_20240724_132000,COIN,2024-07-24 13:20:00+00:00,1,30,408.06192122026187,6.075359691492381,165.44606413994168,14.9654086017324,0.7437253054337086,2024-07-24 13:05:00+00:00,2024-07-24 13:20:00+00:00,2024-07-24 13:25:00+00:00,2024-07-24 14:20:00+00:00,0.0075869009832005,-0.0050710718401844,reversal,0.8104504283905514,min_quota
COIN_20241203_131000,COIN,2024-12-03 13:10:00+00:00,-1,33,333.1044531158445,5.94189746541764,223.11559301625527,21.20580437238838,0.7489583068331788,2024-12-03 12:55:00+00:00,2024-12-03 13:10:00+00:00,2024-12-03 13:15:00+00:00,2024-12-03 14:10:00+00:00,-0.0040559256083888,-0.0183094394596562,continuation,0.807452916650981,min_quota
COIN_20241030_200000,COIN,2024-10-30 20:00:00+00:00,-1,22,743.2775240994482,6.713936619455014,3.092888009712447,11.427742738442213,43.78220914755734,2024-10-30 19:45:00+00:00,2024-10-30 20:00:00+00:00,2024-10-30 20:05:00+00:00,2024-10-30 21:00:00+00:00,-0.0047939089157306,-0.0224321133412042,continuation,0.8,min_quota
COIN_20260203_143000,COIN,2026-02-03 14:30:00+00:00,-1,28,313.1398618580894,5.717951260005079,278.3884144077237,12.02866801859665,0.6884658882120864,2026-02-03 14:15:00+00:00,2026-02-03 14:30:00+00:00,2026-02-03 14:35:00+00:00,2026-02-03 15:30:00+00:00,-0.0138360812171975,-0.0141119158628556,continuation,0.7973976857289313,min_quota
COIN_20250402_132500,COIN,2025-04-02 13:25:00+00:00,-1,11,472.5242433147203,6.04503410491537,199.87149633462695,18.606051211850566,0.3836571028624502,2025-04-02 13:10:00+00:00,2025-04-02 13:25:00+00:00,2025-04-02 13:30:00+00:00,2025-04-02 14:25:00+00:00,-0.007234961199603,0.0439612106964442,reversal,0.794896695451657,min_quota
COIN_20250820_131000,COIN,2025-08-20 13:10:00+00:00,-1,13,290.0287631831233,5.0878013293517,321.1708463949843,22.817670656461733,1.1280511656982282,2025-08-20 12:55:00+00:00,2025-08-20 13:10:00+00:00,2025-08-20 13:15:00+00:00,2025-08-20 14:10:00+00:00,-0.0048932676518883,-0.0273588330418136,continuation,0.7936012375516577,min_quota
COIN_20250909_133000,COIN,2025-09-09 13:30:00+00:00,1,15,288.51854291548574,7.307510505892601,400.1453867660764,31.03448094884,0.1572748906025095,2025-09-09 13:15:00+00:00,2025-09-09 13:30:00+00:00,2025-09-09 13:35:00+00:00,2025-09-09 14:30:00+00:00,0.0129818780889621,0.0084247332812907,continuation,0.78921301094378,top_global
COIN_20240814_131000,COIN,2024-08-14 13:10:00+00:00,-1,7,386.660471839344,5.3852675119743205,220.73760800363803,40.281259941954005,0.5962865095455231,2024-08-14 12:55:00+00:00,2024-08-14 13:10:00+00:00,2024-08-14 13:15:00+00:00,2024-08-14 14:10:00+00:00,-0.0056972999752291,-0.0358814150473342,continuation,0.7783552458562146,top_global
COIN_20250221_130000,COIN,2025-02-21 13:00:00+00:00,1,9,391.36302294197066,6.650915842088865,194.00685266764563,104.18515223494984,0.2580138985012769,2025-02-21 12:45:00+00:00,2025-02-21 13:00:00+00:00,2025-02-21 13:05:00+00:00,2025-02-21 14:00:00+00:00,0.0271990740740741,0.0105539906103286,continuation,0.7776433948009793,top_global
COIN_20241231_142500,COIN,2024-12-31 14:25:00+00:00,-1,23,348.95823105473454,5.195853726831201,201.77881619937693,18.884964798551795,0.9890527065530496,2024-12-31 14:10:00+00:00,2024-12-31 14:25:00+00:00,2024-12-31 14:30:00+00:00,2024-12-31 15:25:00+00:00,-0.003352636391344,-0.0248853211009174,continuation,0.7701583408961605,top_global
COIN_20250326_132000,COIN,2025-03-26 13:20:00+00:00,-1,16,310.69673680231614,7.015870313003794,259.1420982735724,46.12270476240881,0.2998800582022988,2025-03-26 13:05:00+00:00,2025-03-26 13:20:00+00:00,2025-03-26 13:25:00+00:00,2025-03-26 14:20:00+00:00,-0.004312034496276,-0.0378444881889763,continuation,0.7647174971810631,top_global
COIN_20240725_133000,COIN,2024-07-25 13:30:00+00:00,-1,30,366.6891746143763,4.926232177127207,208.0787315472936,18.138546524908307,0.9379728565425364,2024-07-25 13:15:00+00:00,2024-07-25 13:30:00+00:00,2024-07-25 13:35:00+00:00,2024-07-25 14:30:00+00:00,-0.0165962862194434,-0.0048476793248944,continuation,0.7636780300433392,top_global
COIN_20250404_100500,COIN,2025-04-04 10:05:00+00:00,-1,28,332.5272067714713,5.99167759251213,35.45240054869684,40.07825939075067,5.4707838593123785,2025-04-04 09:50:00+00:00,2025-04-04 10:05:00+00:00,2025-04-04 10:10:00+00:00,2025-04-04 11:05:00+00:00,-0.0083555761866078,-0.0417203042715037,continuation,0.762045055384184,top_global
COIN_20241015_133000,COIN,2024-10-15 13:30:00+00:00,1,28,398.6178861788692,5.7834651174864575,88.90945235346928,13.30973361770367,0.9166919279416994,2024-10-15 13:15:00+00:00,2024-10-15 13:30:00+00:00,2024-10-15 13:35:00+00:00,2024-10-15 14:30:00+00:00,0.0055834443192295,-0.001253120065203,unclear,0.7600117962029711,high_strength_unclear
COIN_20250626_133000,COIN,2025-06-26 13:30:00+00:00,1,32,386.2424909044759,5.143596888391286,230.1072930719784,14.96110828361352,0.5621623594088878,2025-06-26 13:15:00+00:00,2025-06-26 13:30:00+00:00,2025-06-26 13:35:00+00:00,2025-06-26 14:30:00+00:00,0.0258272344513832,0.0188965099303088,continuation,0.759826342923104,top_global
COIN_20241001_133000,COIN,2024-10-01 13:30:00+00:00,-1,34,310.0728880391968,4.714474439287308,358.215873015873,23.983792108121957,0.7014957624611421,2024-10-01 13:15:00+00:00,2024-10-01 13:30:00+00:00,2024-10-01 13:35:00+00:00,2024-10-01 14:30:00+00:00,-0.0095609263724556,-0.0610615711252653,continuation,0.7578871317828,top_global
COIN_20241108_143000,COIN,2024-11-08 14:30:00+00:00,1,29,275.1205475190566,5.513152728563553,196.71983240223463,15.654762659019482,1.4927697840920289,2024-11-08 14:15:00+00:00,2024-11-08 14:30:00+00:00,2024-11-08 14:35:00+00:00,2024-11-08 15:30:00+00:00,0.022902259733188,0.038637497414433,continuation,0.7570619794599676,top_global
COIN_20250925_131500,COIN,2025-09-25 13:15:00+00:00,1,26,241.83560393715945,5.349001063952506,316.90871369294604,23.35031915484006,1.0649566200759648,2025-09-25 13:00:00+00:00,2025-09-25 13:15:00+00:00,2025-09-25 13:20:00+00:00,2025-09-25 14:15:00+00:00,0.0049606664590768,0.0038132618546173,continuation,0.7570605993781421,top_global
COIN_20250211_142500,COIN,2025-02-11 14:25:00+00:00,-1,12,214.9159740782736,6.043182916784159,690.3877551020408,75.87322131204876,0.5685350385456593,2025-02-11 14:10:00+00:00,2025-02-11 14:25:00+00:00,2025-02-11 14:30:00+00:00,2025-02-11 15:25:00+00:00,-0.0069583931133428,-0.0053095427291772,continuation,0.7569247862718043,top_global
COIN_20241121_141000,COIN,2024-11-21 14:10:00+00:00,1,29,692.232694182644,5.778245876087991,119.56956779159266,14.623622142615329,0.6599628514767024,2024-11-21 13:55:00+00:00,2024-11-21 14:10:00+00:00,2024-11-21 14:15:00+00:00,2024-11-21 15:10:00+00:00,0.0071777642028101,-0.0762699014404851,reversal,0.752511360837381,top_global
COIN_20260211_133000,COIN,2026-02-11 13:30:00+00:00,1,36,302.65676192948064,5.154713427607335,296.2810912511759,8.407154746978273,0.7045587650175568,2026-02-11 13:15:00+00:00,2026-02-11 13:30:00+00:00,2026-02-11 13:35:00+00:00,2026-02-11 14:30:00+00:00,0.0081050004924134,-0.0121162141588428,reversal,0.7509496564641309,top_global
COIN_20240531_131500,COIN,2024-05-31 13:15:00+00:00,-1,18,424.937366659055,5.325504407314189,248.40768509840677,17.604338143920632,0.1666401898229044,2024-05-31 13:00:00+00:00,2024-05-31 13:15:00+00:00,2024-05-31 13:20:00+00:00,2024-05-31 14:15:00+00:00,-0.0033361134278565,-0.0292887029288703,continuation,0.7457101373588695,top_global
COIN_20250512_211500,COIN,2025-05-12 21:15:00+00:00,1,3,866.4155317299338,5.916816623028795,5.235074822003571,12.541140898549486,6.196870917623684,2025-05-12 21:00:00+00:00,2025-05-12 21:15:00+00:00,2025-05-12 21:20:00+00:00,2025-05-12 22:15:00+00:00,0.0616570327552987,0.0269963702359345,continuation,0.7434201157206157,top_global
COIN_20250731_195500,COIN,2025-07-31 19:55:00+00:00,-1,9,974.412291341764,5.308426632403752,5.7613081634768,21.31928543244753,10.842769904809948,2025-07-31 19:40:00+00:00,2025-07-31 19:55:00+00:00,2025-07-31 20:00:00+00:00,2025-07-31 20:55:00+00:00,-0.0036597271695822,-0.0625074482988747,continuation,0.7403153431191638,top_global
COIN_20250106_141000,COIN,2025-01-06 14:10:00+00:00,-1,21,398.5031033223829,4.673896120940491,193.20655472385192,24.087422954967156,0.9854075275497924,2025-01-06 13:55:00+00:00,2025-01-06 14:10:00+00:00,2025-01-06 14:15:00+00:00,2025-01-06 15:10:00+00:00,-0.0056503236419553,0.034526164358928,reversal,0.7394683919827771,top_global
COIN_20251124_142500,COIN,2025-11-24 14:25:00+00:00,-1,17,365.7331596042046,5.006662011097485,211.07369044095887,9.36597691910428,0.6191557114975141,2025-11-24 14:10:00+00:00,2025-11-24 14:25:00+00:00,2025-11-24 14:30:00+00:00,2025-11-24 15:25:00+00:00,-0.004590883237182,0.0183665972817435,reversal,0.7377560734728368,top_global
COIN_20240910_132500,COIN,2024-09-10 13:25:00+00:00,-1,16,290.478396082845,6.064783602424452,250.3656324582339,19.8151514367322,0.2973140475286155,2024-09-10 13:10:00+00:00,2024-09-10 13:25:00+00:00,2024-09-10 13:30:00+00:00,2024-09-10 14:25:00+00:00,-0.0044919717405266,-0.0091973837520629,continuation,0.7377442102618668,top_global
GOOGL_20250507_144500,GOOGL,2025-05-07 14:45:00+00:00,-1,30,466.3874948054892,7.644523205262687,1437.6453050989132,22.41350799022445,0.5735962468252982,2025-05-07 14:30:00+00:00,2025-05-07 14:45:00+00:00,2025-05-07 14:50:00+00:00,2025-05-07 15:45:00+00:00,-0.0113784246575342,-0.0628444742464713,continuation,0.9719884905313085,min_quota
GOOGL_20241121_142500,GOOGL,2024-11-21 14:25:00+00:00,-1,17,358.418671112164,7.025173441625922,1008.0256051210242,31.793566651506048,0.1446345403369482,2024-11-21 14:10:00+00:00,2024-11-21 14:25:00+00:00,2024-11-21 14:30:00+00:00,2024-11-21 15:25:00+00:00,-0.0040073276849096,-0.0473617657201975,continuation,0.9080988826457701,min_quota
GOOGL_20251204_142500,GOOGL,2025-12-04 14:25:00+00:00,1,5,228.029558212548,5.759805256977088,582.839590443686,33.91576771381393,1.1003589765563686,2025-12-04 14:10:00+00:00,2025-12-04 14:25:00+00:00,2025-12-04 14:30:00+00:00,2025-12-04 15:25:00+00:00,0.0043912921610764,-0.0180775193798449,reversal,0.9025465835265518,min_quota
GOOGL_20260107_142500,GOOGL,2026-01-07 14:25:00+00:00,-1,7,216.30562712727345,7.546734302344593,660.0180576965427,34.09579729285239,0.4364556229904689,2026-01-07 14:10:00+00:00,2026-01-07 14:25:00+00:00,2026-01-07 14:30:00+00:00,2026-01-07 15:25:00+00:00,-0.0031705625679557,0.0160002544772082,reversal,0.8991700553919204,min_quota
GOOGL_20251021_150000,GOOGL,2025-10-21 15:00:00+00:00,-1,5,262.59770227009983,6.008446227535218,1344.0079957356077,41.66127603729559,0.1232476605979675,2025-10-21 14:45:00+00:00,2025-10-21 15:00:00+00:00,2025-10-21 15:05:00+00:00,2025-10-21 16:00:00+00:00,-0.0185584978906296,0.0033500161446562,reversal,0.8948515531250545,min_quota
GOOGL_20260210_142500,GOOGL,2026-02-10 14:25:00+00:00,-1,11,185.4473116614219,7.100050925426693,829.5410890094435,20.421580566263327,0.1678411119934884,2026-02-10 14:10:00+00:00,2026-02-10 14:25:00+00:00,2026-02-10 14:30:00+00:00,2026-02-10 15:25:00+00:00,-0.0061317394939767,-0.0054840619449724,continuation,0.8916509674604358,min_quota
GOOGL_20250625_132500,GOOGL,2025-06-25 13:25:00+00:00,-1,11,160.48362804542026,6.111973504286328,573.9062459755312,29.9412923486176,0.7046246822885565,2025-06-25 13:10:00+00:00,2025-06-25 13:25:00+00:00,2025-06-25 13:30:00+00:00,2025-06-25 14:25:00+00:00,-0.0032728894173602,0.0200233224674097,reversal,0.8892548789247807,min_quota
GOOGL_20251113_142500,GOOGL,2025-11-13 14:25:00+00:00,-1,11,169.35787379702026,5.742553606134409,895.4979137691238,10.30442691852318,0.305704314675379,2025-11-13 14:10:00+00:00,2025-11-13 14:25:00+00:00,2025-11-13 14:30:00+00:00,2025-11-13 15:25:00+00:00,-0.0056766095479867,-0.0086167157193007,continuation,0.8802129781428676,min_quota
GOOGL_20250731_132500,GOOGL,2025-07-31 13:25:00+00:00,-1,14,189.10073250558932,5.405043092949247,627.3807531380753,31.79212242032552,0.7380220144074129,2025-07-31 13:10:00+00:00,2025-07-31 13:25:00+00:00,2025-07-31 13:30:00+00:00,2025-07-31 14:25:00+00:00,-0.0031592356687898,-0.0087675714358737,continuation,0.8787281769117339,min_quota
GOOGL_20240528_132500,GOOGL,2024-05-28 13:25:00+00:00,1,9,165.08484325568506,5.898906471961147,843.9227488151658,44.115476623811816,0.3281181853698857,2024-05-28 13:10:00+00:00,2024-05-28 13:25:00+00:00,2024-05-28 13:30:00+00:00,2024-05-28 14:25:00+00:00,0.0042400351121618,0.0073805705120861,continuation,0.8773386425504648,min_quota
GOOGL_20250521_132500,GOOGL,2025-05-21 13:25:00+00:00,-1,25,193.13042415352032,7.31533000991791,471.8468752664336,14.19748190785245,0.5286545828809528,2025-05-21 13:10:00+00:00,2025-05-21 13:25:00+00:00,2025-05-21 13:30:00+00:00,2025-05-21 14:25:00+00:00,-0.0044417401886217,0.0348368170150348,reversal,0.8768399488186376,min_quota
GOOGL_20250318_133000,GOOGL,2025-03-18 13:30:00+00:00,-1,13,186.28968966738717,6.184837067388727,841.6058839855676,14.55695647983279,0.0361866668368458,2025-03-18 13:15:00+00:00,2025-03-18 13:30:00+00:00,2025-03-18 13:35:00+00:00,2025-03-18 14:30:00+00:00,-0.00347023338005,-0.0372415395574797,continuation,0.874354506823624,min_quota
GOOGL_20251119_142500,GOOGL,2025-11-19 14:25:00+00:00,-1,22,445.3702089073319,7.843435287742627,411.60516559565,18.546367187442364,0.5689701760459352,2025-11-19 14:10:00+00:00,2025-11-19 14:25:00+00:00,2025-11-19 14:30:00+00:00,2025-11-19 15:25:00+00:00,-0.0030260747294074,0.050238900707983,reversal,0.8712994829959653,min_quota
GOOGL_20260224_142500,GOOGL,2026-02-24 14:25:00+00:00,-1,10,140.35087719298068,6.089165770109839,800.4986413043479,28.497961090514256,0.588679343912137,2026-02-24 14:10:00+00:00,2026-02-24 14:25:00+00:00,2026-02-24 14:30:00+00:00,2026-02-24 15:25:00+00:00,-0.0059237912263849,-0.0034147205669189,continuation,0.8709849794028108,min_quota
GOOGL_20250207_143000,GOOGL,2025-02-07 14:30:00+00:00,-1,7,201.0090709033352,6.385158336911478,781.972034564022,30.55534663528518,0.0593028292490262,2025-02-07 14:15:00+00:00,2025-02-07 14:30:00+00:00,2025-02-07 14:35:00+00:00,2025-02-07 15:30:00+00:00,-0.0031380753138074,-0.024134312696747,continuation,0.8663688496355257,min_quota
GOOGL_20250417_140500,GOOGL,2025-04-17 14:05:00+00:00,-1,12,257.535258562791,5.744072699515898,1445.515518148343,24.49679363015387,0.0720718903795102,2025-04-17 13:50:00+00:00,2025-04-17 14:05:00+00:00,2025-04-17 14:10:00+00:00,2025-04-17 15:05:00+00:00,-0.0043500844046229,-0.0121943267036191,continuation,0.8657429717137466,min_quota
GOOGL_20250930_132500,GOOGL,2025-09-30 13:25:00+00:00,-1,4,170.26959352308023,7.6521567327043165,717.0598526703499,30.474167443090053,0.2057571228462501,2025-09-30 13:10:00+00:00,2025-09-30 13:25:00+00:00,2025-09-30 13:30:00+00:00,2025-09-30 14:25:00+00:00,-0.0033650689428759,-0.0112410442230092,continuation,0.8647297235919862,min_quota
GOOGL_20260129_142500,GOOGL,2026-01-29 14:25:00+00:00,-1,13,176.4354066985674,6.645223031460256,455.79552627967615,22.271681247973422,0.3651710370577927,2026-01-29 14:10:00+00:00,2026-01-29 14:25:00+00:00,2026-01-29 14:30:00+00:00,2026-01-29 15:25:00+00:00,-0.0056975894813732,-0.0347046723479282,continuation,0.8494145151414652,min_quota
GOOGL_20250515_130000,GOOGL,2025-05-15 13:00:00+00:00,1,12,187.7361940753408,5.95260690050934,250.82035499570569,9.405880558618923,0.7244894145081671,2025-05-15 12:45:00+00:00,2025-05-15 13:00:00+00:00,2025-05-15 13:05:00+00:00,2025-05-15 14:00:00+00:00,0.0046615813052426,-0.0100632720699005,reversal,0.8490485911695838,min_quota
GOOGL_20240905_133000,GOOGL,2024-09-05 13:30:00+00:00,1,6,199.4173228953056,6.236757134383296,694.683801149814,39.04373505256343,0.0469674447511731,2024-09-05 13:15:00+00:00,2024-09-05 13:30:00+00:00,2024-09-05 13:35:00+00:00,2024-09-05 14:30:00+00:00,0.0170939347211513,0.0030290491817777,continuation,0.8478031862231676,min_quota
GOOGL_20260401_132500,GOOGL,2026-04-01 13:25:00+00:00,1,6,212.05318597824265,6.479865865481376,386.10715609936966,13.89066522847554,0.4346821441282966,2026-04-01 13:10:00+00:00,2026-04-01 13:25:00+00:00,2026-04-01 13:30:00+00:00,2026-04-01 14:25:00+00:00,0.0053602388167026,0.018740758570888,continuation,0.8464120191445388,min_quota
GOOGL_20250106_143000,GOOGL,2025-01-06 14:30:00+00:00,1,9,190.57047395124596,6.599095341279017,635.6183785836339,26.1195509334773,0.1087266704133595,2025-01-06 14:15:00+00:00,2025-01-06 14:30:00+00:00,2025-01-06 14:35:00+00:00,2025-01-06 15:30:00+00:00,0.0142693677310739,0.0034155791190866,continuation,0.8456819681602137,min_quota
GOOGL_20250103_142500,GOOGL,2025-01-03 14:25:00+00:00,1,9,137.08703188192396,7.1630359524383405,1110.675925925926,47.77339426535626,0.2499945539271853,2025-01-03 14:10:00+00:00,2025-01-03 14:25:00+00:00,2025-01-03 14:30:00+00:00,2025-01-03 15:25:00+00:00,0.0072052172083727,-0.0041773275546967,reversal,0.8426112881122525,min_quota
GOOGL_20251030_130500,GOOGL,2025-10-30 13:05:00+00:00,-1,12,409.1682017854636,5.966785957392911,176.70422579331515,6.561453625993029,0.7648093046853556,2025-10-30 12:50:00+00:00,2025-10-30 13:05:00+00:00,2025-10-30 13:10:00+00:00,2025-10-30 14:05:00+00:00,-0.0052232518955349,-0.0189024390243901,continuation,0.8415343797455603,min_quota
GOOGL_20240726_131500,GOOGL,2024-07-26 13:15:00+00:00,1,6,194.84066767830436,4.75497643938616,917.5495602921447,22.920784909633458,0.4640719255785097,2024-07-26 13:00:00+00:00,2024-07-26 13:15:00+00:00,2024-07-26 13:20:00+00:00,2024-07-26 14:15:00+00:00,0.0062305295950157,-0.0175339366515838,reversal,0.8407027406402727,min_quota
GOOGL_20250915_133000,GOOGL,2025-09-15 13:30:00+00:00,1,17,248.31253835139844,6.312126672034539,566.1419770114943,22.06914484138435,0.1348011624562677,2025-09-15 13:15:00+00:00,2025-09-15 13:30:00+00:00,2025-09-15 13:35:00+00:00,2025-09-15 14:30:00+00:00,0.0133693119097264,0.0109739368998629,continuation,0.8362506404334429,min_quota
GOOGL_20260424_132500,GOOGL,2026-04-24 13:25:00+00:00,-1,4,143.49935990949805,6.206742183603102,607.8841558441559,20.986881227627844,0.5138909925889674,2026-04-24 13:10:00+00:00,2026-04-24 13:25:00+00:00,2026-04-24 13:30:00+00:00,2026-04-24 14:25:00+00:00,-0.0054328673793021,-0.0013928012519561,unclear,0.8330916591344208,high_strength_unclear
GOOGL_20241029_195500,GOOGL,2024-10-29 19:55:00+00:00,-1,7,447.3125884017048,8.360803183040021,8.135097741590693,40.49228547819379,8.621161076221039,2024-10-29 19:40:00+00:00,2024-10-29 19:55:00+00:00,2024-10-29 20:00:00+00:00,2024-10-29 20:55:00+00:00,-0.0032894736842105,0.0436704384724186,reversal,0.8288777477931188,min_quota
GOOGL_20250902_200500,GOOGL,2025-09-02 20:05:00+00:00,1,9,521.8831322450934,7.310463328712044,3.848960461297708,25.654755109405745,25.055816938624936,2025-09-02 19:50:00+00:00,2025-09-02 20:05:00+00:00,2025-09-02 20:10:00+00:00,2025-09-02 21:05:00+00:00,0.0246948623332388,0.0550327793167129,continuation,0.8260341963198254,min_quota
GOOGL_20251112_142500,GOOGL,2025-11-12 14:25:00+00:00,-1,8,142.86951251191172,5.5448832099632455,688.3632416787265,31.281041942699943,0.6814003780701147,2025-11-12 14:10:00+00:00,2025-11-12 14:25:00+00:00,2025-11-12 14:30:00+00:00,2025-11-12 15:25:00+00:00,-0.0043035726484048,-0.0158308177826564,continuation,0.8243949645075321,min_quota
GOOGL_20251021_214000,GOOGL,2025-10-21 21:40:00+00:00,1,5,361.1033267945119,6.15348976670966,0.9883152994118776,9.764513262153942,33.4237330307982,2025-10-21 21:25:00+00:00,2025-10-21 21:40:00+00:00,2025-10-21 21:45:00+00:00,2025-10-21 22:40:00+00:00,0.021832803673377,0.002743984770708,unclear,0.8229888970353303,high_strength_unclear
GOOGL_20241129_142500,GOOGL,2024-11-29 14:25:00+00:00,-1,5,116.35548131872176,6.476285950323909,1044.024024024024,74.28029103705457,0.3954594275926485,2024-11-29 14:10:00+00:00,2024-11-29 14:25:00+00:00,2024-11-29 14:30:00+00:00,2024-11-29 15:25:00+00:00,-0.0044326241134752,-0.0031018106262984,continuation,0.8204377892180978,min_quota
GOOGL_20250714_132500,GOOGL,2025-07-14 13:25:00+00:00,1,7,125.51371764967234,5.775016766587568,1682.902827763496,41.67877040519488,0.4537166632177353,2025-07-14 13:10:00+00:00,2025-07-14 13:25:00+00:00,2025-07-14 13:30:00+00:00,2025-07-14 14:25:00+00:00,0.004828236861091,-0.0049154976250966,reversal,0.8194471865075035,min_quota
GOOGL_20251016_132500,GOOGL,2025-10-16 13:25:00+00:00,-1,9,169.30807117889523,5.844103795582096,402.19178530518735,21.05080100425216,0.4596455898570729,2025-10-16 13:10:00+00:00,2025-10-16 13:25:00+00:00,2025-10-16 13:30:00+00:00,2025-10-16 14:25:00+00:00,-0.0037198258804906,0.0125119161105815,reversal,0.8167489117827087,min_quota
GOOGL_20251217_143000,GOOGL,2025-12-17 14:30:00+00:00,-1,5,253.94395260599944,6.910896242922727,510.62775823472975,19.87492429590655,0.0740212740082307,2025-12-17 14:15:00+00:00,2025-12-17 14:30:00+00:00,2025-12-17 14:35:00+00:00,2025-12-17 15:30:00+00:00,-0.0086834916092104,-0.0194875496210754,continuation,0.8165590056077199,min_quota
GOOGL_20250610_133500,GOOGL,2025-06-10 13:35:00+00:00,1,14,163.55802483134286,5.45937203721968,2025.316864026133,41.04875208856297,0.0649293891403735,2025-06-10 13:20:00+00:00,2025-06-10 13:35:00+00:00,2025-06-10 13:40:00+00:00,2025-06-10 14:35:00+00:00,0.0060227272727273,0.0206144809669039,continuation,0.8163364459336397,min_quota
GOOGL_20251117_141000,GOOGL,2025-11-17 14:10:00+00:00,-1,13,303.19055173629647,5.525259528648229,204.36577748861416,8.581319499023724,0.9318598790664594,2025-11-17 13:55:00+00:00,2025-11-17 14:10:00+00:00,2025-11-17 14:15:00+00:00,2025-11-17 15:10:00+00:00,-0.0078018402546967,0.0231311706629055,reversal,0.8109513805762414,min_quota
GOOGL_20251223_143000,GOOGL,2025-12-23 14:30:00+00:00,1,9,132.73659763886502,7.176081779560092,1002.5602294455068,38.37357502401575,0.0923914231626647,2025-12-23 14:15:00+00:00,2025-12-23 14:30:00+00:00,2025-12-23 14:35:00+00:00,2025-12-23 15:30:00+00:00,0.0041458832674741,0.0095477711115412,continuation,0.809938405998545,min_quota
GOOGL_20250227_144000,GOOGL,2025-02-27 14:40:00+00:00,-1,18,183.8945827232785,5.934096509728742,407.622115053393,15.717146028487376,0.2581104620364358,2025-02-27 14:25:00+00:00,2025-02-27 14:40:00+00:00,2025-02-27 14:45:00+00:00,2025-02-27 15:40:00+00:00,-0.0099126537179635,-0.0120432978322063,continuation,0.808132067684642,min_quota
GOOGL_20260226_143000,GOOGL,2026-02-26 14:30:00+00:00,-1,21,158.31819361536327,5.955480894857378,581.1484605651624,24.778258374873708,0.2417046580096796,2026-02-26 14:15:00+00:00,2026-02-26 14:30:00+00:00,2026-02-26 14:35:00+00:00,2026-02-26 15:30:00+00:00,-0.0106277726358791,-0.0228387096774193,continuation,0.8043977762907808,min_quota
GOOGL_20250805_132500,GOOGL,2025-08-05 13:25:00+00:00,-1,8,121.23702866536412,6.337318314997645,847.0497427101201,21.567491447829354,0.3118399910979074,2025-08-05 13:10:00+00:00,2025-08-05 13:25:00+00:00,2025-08-05 13:30:00+00:00,2025-08-05 14:25:00+00:00,-0.0032770097286226,0.0119439021884311,reversal,0.8017572045840216,min_quota
GOOGL_20240610_132500,GOOGL,2024-06-10 13:25:00+00:00,1,4,123.8354261906194,5.302843014128351,914.8502495840266,44.83526369274631,0.6114451855210102,2024-06-10 13:00:00+00:00,2024-06-10 13:25:00+00:00,2024-06-10 13:30:00+00:00,2024-06-10 14:25:00+00:00,0.0045937410278493,-0.0088025150042868,reversal,0.7974601863105191,min_quota
GOOGL_20241227_143000,GOOGL,2024-12-27 14:30:00+00:00,-1,8,126.24032417268616,6.53986830975903,1137.18410041841,74.89779474412258,0.0488915421221915,2024-12-27 14:15:00+00:00,2024-12-27 14:30:00+00:00,2024-12-27 14:35:00+00:00,2024-12-27 15:30:00+00:00,-0.0033165364047715,-0.0132329042742538,continuation,0.7897224717399833,top_global
GOOGL_20260205_135500,GOOGL,2026-02-05 13:55:00+00:00,-1,28,429.06086900836414,5.107573265678044,257.402199592668,7.011040525767431,0.8236409314617288,2026-02-05 13:40:00+00:00,2026-02-05 13:55:00+00:00,2026-02-05 14:00:00+00:00,2026-02-05 14:55:00+00:00,-0.0100282043246632,0.0159860715416271,reversal,0.7871689347875113,top_global
GOOGL_20241031_132500,GOOGL,2024-10-31 13:25:00+00:00,-1,10,203.26846451463436,6.234971736786811,223.44177372565272,12.714539796403256,0.2092590865530069,2024-10-31 13:10:00+00:00,2024-10-31 13:25:00+00:00,2024-10-31 13:30:00+00:00,2024-10-31 14:25:00+00:00,-0.0042029684722736,0.0068141132990702,reversal,0.7816633326295039,top_global
GOOGL_20260108_142500,GOOGL,2026-01-08 14:25:00+00:00,1,10,170.48703958452148,5.544141425255478,601.8547897702645,19.25048993065932,0.1106826751320258,2026-01-08 14:10:00+00:00,2026-01-08 14:25:00+00:00,2026-01-08 14:30:00+00:00,2026-01-08 15:25:00+00:00,0.0037832560410056,-0.0091033434650455,reversal,0.7811531061694741,top_global
GOOGL_20241119_135000,GOOGL,2024-11-19 13:50:00+00:00,-1,16,166.40755455749724,5.09456271638768,300.8809226932668,11.050784699784456,0.91234735441917,2024-11-19 13:35:00+00:00,2024-11-19 13:50:00+00:00,2024-11-19 13:55:00+00:00,2024-11-19 14:50:00+00:00,-0.0053449361653402,0.0131440504120035,reversal,0.7752654612365013,top_global
GOOGL_20241216_142000,GOOGL,2024-12-16 14:20:00+00:00,1,18,147.82251015476254,4.960339581432772,681.6556603773585,34.99423652200903,0.5914551039481829,2024-12-16 14:05:00+00:00,2024-12-16 14:20:00+00:00,2024-12-16 14:25:00+00:00,2024-12-16 15:20:00+00:00,0.0032764718119409,0.0081903478305946,continuation,0.7726789887510519,top_global
GOOGL_20250513_133000,GOOGL,2025-05-13 13:30:00+00:00,-1,14,154.19083434254023,6.150981785466085,490.2847446670976,10.125039687971334,0.0829177875467929,2025-05-13 13:15:00+00:00,2025-05-13 13:30:00+00:00,2025-05-13 13:35:00+00:00,2025-05-13 14:30:00+00:00,-0.008296668761785,0.0125174293319811,reversal,0.7689732690607907,top_global
GOOGL_20250821_131000,GOOGL,2025-08-21 13:10:00+00:00,1,6,116.75893306492436,5.694494539674554,559.8911798396334,18.402883355002704,1.252418535465096,2025-08-21 12:55:00+00:00,2025-08-21 13:10:00+00:00,2025-08-21 13:15:00+00:00,2025-08-21 14:10:00+00:00,0.0032672418142374,0.0119552886085321,continuation,0.7686747701010037,top_global
GOOGL_20260429_200000,GOOGL,2026-04-29 20:00:00+00:00,1,17,373.607540702654,5.392800864300014,3.0139918112149653,24.87061491415824,13.568312059807116,2026-04-29 19:45:00+00:00,2026-04-29 20:00:00+00:00,2026-04-29 20:05:00+00:00,2026-04-29 21:00:00+00:00,0.0311073059360731,0.0248270135621366,continuation,0.7657865470734837,top_global
GOOGL_20250110_141500,GOOGL,2025-01-10 14:15:00+00:00,1,22,149.20275601824738,4.120100915265521,1879.4605263157891,70.2352853225285,0.6398107854919544,2025-01-10 14:00:00+00:00,2025-01-10 14:15:00+00:00,2025-01-10 14:20:00+00:00,2025-01-10 15:15:00+00:00,0.003173612194995,-0.0076236904885385,reversal,0.7627569016359341,top_global
GOOGL_20250627_195000,GOOGL,2025-06-27 19:50:00+00:00,1,3,252.6847757422601,5.916500603272255,33.94089792396141,8.95166500895056,0.8009709908238761,2025-06-27 19:35:00+00:00,2025-06-27 19:50:00+00:00,2025-06-27 19:55:00+00:00,2025-06-27 20:50:00+00:00,0.0117734895474383,0.0093659533405234,continuation,0.7600875304289065,top_global
GOOGL_20241024_132500,GOOGL,2024-10-24 13:25:00+00:00,-1,8,125.79785585920212,6.957303721232864,608.9174655132102,17.746445005233742,0.2666992396449346,2024-10-24 13:10:00+00:00,2024-10-24 13:25:00+00:00,2024-10-24 13:30:00+00:00,2024-10-24 14:25:00+00:00,-0.0048899755501221,-0.0044226044226044,continuation,0.7590412183975406,top_global
GOOGL_20250226_142500,GOOGL,2025-02-26 14:25:00+00:00,-1,8,122.23469612651084,6.090496302095149,563.2566304140431,14.846785191048486,0.3921118801164445,2025-02-26 14:10:00+00:00,2025-02-26 14:25:00+00:00,2025-02-26 14:30:00+00:00,2025-02-26 15:25:00+00:00,-0.0066912390133258,0.0,unclear,0.7580413024077315,high_strength_unclear
GOOGL_20241125_143000,GOOGL,2024-11-25 14:30:00+00:00,1,5,147.0233791274933,6.011548949895704,547.6563229896564,28.126674364210647,0.0885548437675506,2024-11-25 14:15:00+00:00,2024-11-25 14:30:00+00:00,2024-11-25 14:35:00+00:00,2024-11-25 15:30:00+00:00,0.0065003911185992,0.0032862976870371,continuation,0.7558417404095448,top_global
GOOGL_20250721_133000,GOOGL,2025-07-21 13:30:00+00:00,1,4,134.19936657898424,6.4962571491008845,666.5881133379405,32.11581225133938,0.0499425784868925,2025-07-21 13:15:00+00:00,2025-07-21 13:30:00+00:00,2025-07-21 13:35:00+00:00,2025-07-21 14:30:00+00:00,0.0078888054094665,0.0068686438421807,continuation,0.7555756793403785,top_global
GOOGL_20250409_171500,GOOGL,2025-04-09 17:15:00+00:00,1,6,416.8941048034891,5.298444894411893,10.232852657083985,8.076848550466913,1.4531126679548274,2025-04-09 17:00:00+00:00,2025-04-09 17:15:00+00:00,2025-04-09 17:20:00+00:00,2025-04-09 18:15:00+00:00,0.0196571894980273,0.0352878393702889,continuation,0.7553126781966824,top_global
GOOGL_20250130_140000,GOOGL,2025-01-30 14:00:00+00:00,1,8,133.73894496623518,5.758122273460571,347.1035178413819,9.25843387914886,0.6468296666885546,2025-01-30 13:45:00+00:00,2025-01-30 14:00:00+00:00,2025-01-30 14:05:00+00:00,2025-01-30 15:00:00+00:00,0.0043692526545748,0.0145429713187312,continuation,0.751868030282469,top_global
GOOGL_20251029_195500,GOOGL,2025-10-29 19:55:00+00:00,1,22,759.0554624298518,5.174115102187014,6.343943735959302,36.16080302098192,26.500010867593605,2025-10-29 19:40:00+00:00,2025-10-29 19:55:00+00:00,2025-10-29 20:00:00+00:00,2025-10-29 20:55:00+00:00,0.0041813500830794,0.0476398283511527,continuation,0.7501769953155142,top_global
GOOGL_20250911_132500,GOOGL,2025-09-11 13:25:00+00:00,1,5,112.78591757141189,5.856530594555236,720.3279742765274,19.666628821008143,0.3927141405290366,2025-09-11 13:10:00+00:00,2025-09-11 13:25:00+00:00,2025-09-11 13:30:00+00:00,2025-09-11 14:25:00+00:00,0.0031367628607277,-0.0077965395038566,reversal,0.7492375190427414,top_global
GOOGL_20250204_210000,GOOGL,2025-02-04 21:00:00+00:00,-1,7,830.533389332222,5.070430163291355,7.403689469638739,54.21577946676283,9.639175082187972,2025-02-04 20:45:00+00:00,2025-02-04 21:00:00+00:00,2025-02-04 21:05:00+00:00,2025-02-04 22:00:00+00:00,-0.0766844401357247,-0.0131247375052498,continuation,0.7452103606887088,top_global
GOOGL_20240710_131000,GOOGL,2024-07-10 13:10:00+00:00,-1,5,91.00529100529052,5.866747202641718,634.2455838000861,54.991361604911816,0.7778579479099915,2024-07-10 12:55:00+00:00,2024-07-10 13:10:00+00:00,2024-07-10 13:15:00+00:00,2024-07-10 14:10:00+00:00,-0.0035853632816619,0.0073552756905492,reversal,0.7424651948684584,top_global
GOOGL_20260323_110500,GOOGL,2026-03-23 11:05:00+00:00,1,10,392.15686274509886,5.02544928527986,57.382198952879584,36.80956826177068,2.802214307887589,2026-03-23 10:50:00+00:00,2026-03-23 11:05:00+00:00,2026-03-23 11:10:00+00:00,2026-03-23 12:05:00+00:00,0.0303296406376656,-0.0035075067199894,reversal,0.7421614565397225,top_global
GOOGL_20250523_114000,GOOGL,2025-05-23 11:40:00+00:00,-1,6,143.05982501773062,5.850353580855924,60.89772727272727,41.82731295254475,2.561515242886917,2025-05-23 11:25:00+00:00,2025-05-23 11:40:00+00:00,2025-05-23 11:45:00+00:00,2025-05-23 12:40:00+00:00,-0.0086809601491493,-0.0085218924478402,continuation,0.7413278967340631,top_global
GOOGL_20250522_134000,GOOGL,2025-05-22 13:40:00+00:00,1,12,213.782256655215,5.66139923704203,305.2859908303617,7.819231107894074,0.0768902149620894,2025-05-22 13:25:00+00:00,2025-05-22 13:40:00+00:00,2025-05-22 13:45:00+00:00,2025-05-22 14:40:00+00:00,0.0059371362048892,0.0082166415924083,continuation,0.7393658538494225,top_global
JPM_20240910_132500,JPM,2024-09-10 13:25:00+00:00,-1,23,350.9191880505469,5.586146427679877,299.9922848664688,20.690398805953663,7.490254007183395,2024-09-10 13:10:00+00:00,2024-09-10 13:25:00+00:00,2024-09-10 13:30:00+00:00,2024-09-10 14:25:00+00:00,-0.0040065561828446,-0.0585573230938014,continuation,0.9408496241923816,min_quota
JPM_20260206_142500,JPM,2026-02-06 14:25:00+00:00,1,7,218.7789231800408,5.960675724117903,927.2524752475248,66.3416846778902,1.3670027611334643,2026-02-06 14:10:00+00:00,2026-02-06 14:25:00+00:00,2026-02-06 14:30:00+00:00,2026-02-06 15:25:00+00:00,0.0057471264367816,0.0203809523809523,continuation,0.9157289354669877,min_quota
JPM_20260105_141500,JPM,2026-01-05 14:15:00+00:00,1,8,259.8975213754362,6.311566167878753,582.453834115806,24.64834993613872,0.3932151845377772,2026-01-05 13:50:00+00:00,2026-01-05 14:15:00+00:00,2026-01-05 14:20:00+00:00,2026-01-05 15:15:00+00:00,0.0034423742358289,0.0301069650212086,continuation,0.891181816251043,min_quota
JPM_20240715_132000,JPM,2024-07-15 13:20:00+00:00,1,8,160.58041112454458,5.869675934520653,107.21075394506136,14.805445544233358,7.229738263037698,2024-07-15 13:05:00+00:00,2024-07-15 13:20:00+00:00,2024-07-15 13:25:00+00:00,2024-07-15 14:20:00+00:00,0.0034459328285769,0.0037726723095525,continuation,0.8904777247470523,min_quota
JPM_20260224_143000,JPM,2026-02-24 14:30:00+00:00,-1,11,191.1918251373601,6.4179087747012895,1220.3200815494392,88.47364667112066,0.1093403110844026,2026-02-24 14:15:00+00:00,2026-02-24 14:30:00+00:00,2026-02-24 14:35:00+00:00,2026-02-24 15:30:00+00:00,-0.0038032615194422,-0.0054699407281965,continuation,0.8840259328442819,min_quota
JPM_20250717_132500,JPM,2025-07-17 13:25:00+00:00,-1,6,175.47303271441274,5.610709829147457,4.936853963184412,9.490384403168951,40.71666944796806,2025-07-17 13:10:00+00:00,2025-07-17 13:25:00+00:00,2025-07-17 13:30:00+00:00,2025-07-17 14:25:00+00:00,-0.0100483159442615,0.0175066312997347,reversal,0.8829051137599369,min_quota
JPM_20260408_132000,JPM,2026-04-08 13:20:00+00:00,1,8,196.0397990345797,5.273158862938759,1230.2717913520933,15.428665387832345,1.7409141028306012,2026-04-08 13:05:00+00:00,2026-04-08 13:20:00+00:00,2026-04-08 13:25:00+00:00,2026-04-08 14:20:00+00:00,0.0032786885245901,0.0056699346405229,continuation,0.8822840486591299,min_quota
JPM_20250304_142000,JPM,2025-03-04 14:20:00+00:00,-1,28,182.7367091605159,5.101150226272239,200.9039636534545,11.9037318706516,26.285211251295973,2025-03-04 14:00:00+00:00,2025-03-04 14:20:00+00:00,2025-03-04 14:25:00+00:00,2025-03-04 15:20:00+00:00,-0.0032452480296707,-0.0367441860465116,continuation,0.8713614581916127,min_quota
JPM_20241107_143000,JPM,2024-11-07 14:30:00+00:00,-1,10,163.7845028267404,5.987108365738624,851.8760890609874,27.696915468401865,0.0432869295483596,2024-11-07 14:15:00+00:00,2024-11-07 14:30:00+00:00,2024-11-07 14:35:00+00:00,2024-11-07 15:30:00+00:00,-0.0046334262752173,-0.0149540679711637,continuation,0.8685364059306087,min_quota
JPM_20250801_132500,JPM,2025-08-01 13:25:00+00:00,-1,11,252.3426806584106,5.381043116199612,19.245543640366453,16.488528614266755,22.02196668430104,2025-08-01 13:10:00+00:00,2025-08-01 13:25:00+00:00,2025-08-01 13:30:00+00:00,2025-08-01 14:25:00+00:00,-0.0047234392113911,-0.0043675631061282,continuation,0.8617875910841519,min_quota
JPM_20260415_132000,JPM,2026-04-15 13:20:00+00:00,-1,9,192.67634922182307,5.2459494615855125,717.0949185043145,46.33969470521504,0.4841655336051762,2026-04-15 13:05:00+00:00,2026-04-15 13:20:00+00:00,2026-04-15 13:25:00+00:00,2026-04-15 14:20:00+00:00,-0.0040766927829799,-0.0132715062360089,continuation,0.8478618438008334,min_quota
JPM_20251124_142500,JPM,2025-11-24 14:25:00+00:00,-1,11,147.1217311982942,4.789263640283832,493.4685628742515,13.005758371820036,10.14834418384993,2025-11-24 14:10:00+00:00,2025-11-24 14:25:00+00:00,2025-11-24 14:30:00+00:00,2025-11-24 15:25:00+00:00,-0.0050383717050382,-0.0015946208793051,unclear,0.8465020577834212,high_strength_unclear
JPM_20251125_143000,JPM,2025-11-25 14:30:00+00:00,1,11,175.13904620221953,6.752134567079933,242.164192139738,13.060858395708305,0.7620004877181865,2025-11-25 14:15:00+00:00,2025-11-25 14:30:00+00:00,2025-11-25 14:35:00+00:00,2025-11-25 15:30:00+00:00,0.0048562459055476,-0.001977105451162,unclear,0.8406269920220997,high_strength_unclear
JPM_20250115_114500,JPM,2025-01-15 11:45:00+00:00,1,8,220.44088176352395,6.031870960300479,17.004935834155972,25.915489135827173,2.2118059571921367,2025-01-15 11:30:00+00:00,2025-01-15 11:45:00+00:00,2025-01-15 11:50:00+00:00,2025-01-15 12:45:00+00:00,0.0157000961230373,-0.0177444794952681,reversal,0.8321969958301652,min_quota
JPM_20251121_143000,JPM,2025-11-21 14:30:00+00:00,-1,5,193.22773147600003,5.171476220908676,1380.4936974789916,18.369138869794508,0.0705191594996734,2025-11-21 14:15:00+00:00,2025-11-21 14:30:00+00:00,2025-11-21 14:35:00+00:00,2025-11-21 15:30:00+00:00,-0.0076280180419208,-0.0155404050531382,continuation,0.8299290755675757,min_quota
JPM_20260209_143000,JPM,2026-02-09 14:30:00+00:00,1,5,162.0659505370936,6.1153591642426575,172.45884413309983,14.096074082502604,1.4603902360076606,2026-02-09 14:05:00+00:00,2026-02-09 14:30:00+00:00,2026-02-09 14:35:00+00:00,2026-02-09 15:30:00+00:00,0.0039859247033913,0.009553053565336,continuation,0.825737750104695,min_quota
JPM_20260414_103000,JPM,2026-04-14 10:30:00+00:00,1,8,389.18032786885215,4.94442713089712,107.78787878787878,115.45825700254024,4.049119738187398,2026-04-14 10:15:00+00:00,2026-04-14 10:30:00+00:00,2026-04-14 10:35:00+00:00,2026-04-14 11:30:00+00:00,0.0114593973442289,-0.0164215608924795,reversal,0.8211344461631336,min_quota
JPM_20250113_141000,JPM,2025-01-13 14:10:00+00:00,-1,11,167.78242677823573,4.950865743977481,11.147754599854592,11.890290104483483,244.1517803440749,2025-01-13 13:45:00+00:00,2025-01-13 14:10:00+00:00,2025-01-13 14:15:00+00:00,2025-01-13 15:10:00+00:00,-0.0035161155295102,0.0142821137528355,reversal,0.8127843975756954,min_quota
JPM_20250411_123000,JPM,2025-04-11 12:30:00+00:00,1,32,438.784151178857,4.992619384414259,417.155987394958,14.22061598703366,0.9609970831628298,2025-04-11 12:15:00+00:00,2025-04-11 12:30:00+00:00,2025-04-11 12:35:00+00:00,2025-04-11 13:30:00+00:00,0.0052493438320211,-0.000130548302872,unclear,0.810895018713752,high_strength_unclear
JPM_20251211_143000,JPM,2025-12-11 14:30:00+00:00,1,11,139.58188389538105,5.881127832488026,991.0993197278912,49.72549412600479,0.0408788346547032,2025-12-11 14:15:00+00:00,2025-12-11 14:30:00+00:00,2025-12-11 14:35:00+00:00,2025-12-11 15:30:00+00:00,0.0093154665805617,0.0003359086328518,unclear,0.8097204299047682,high_strength_unclear
JPM_20250313_132000,JPM,2025-03-13 13:20:00+00:00,-1,16,172.5825104528078,4.72279941794826,191.38985098670963,9.748096211673907,3.720288907356601,2025-03-13 13:05:00+00:00,2025-03-13 13:20:00+00:00,2025-03-13 13:25:00+00:00,2025-03-13 14:20:00+00:00,-0.0031362982968158,-0.0029932270045881,unclear,0.8063017036031377,high_strength_unclear
JPM_20251209_173000,JPM,2025-12-09 17:30:00+00:00,-1,13,352.6645768025061,6.416293855076204,24.417822013747223,27.317280337261465,1.018543973382737,2025-12-09 17:15:00+00:00,2025-12-09 17:30:00+00:00,2025-12-09 17:35:00+00:00,2025-12-09 18:30:00+00:00,-0.0160351922804031,-0.0347082011345062,continuation,0.802408944094869,min_quota
JPM_20250225_144000,JPM,2025-02-25 14:40:00+00:00,-1,4,197.07404381152483,5.308395632704866,5.111675338884666,10.056114853431666,2.557426053921988,2025-02-25 14:25:00+00:00,2025-02-25 14:40:00+00:00,2025-02-25 14:45:00+00:00,2025-02-25 15:40:00+00:00,-0.0038373424971362,-0.0133770290729987,continuation,0.7982916923413024,min_quota
JPM_20250402_201500,JPM,2025-04-02 20:15:00+00:00,1,4,266.71074380164583,4.592290620231953,0.1387067679605925,11.68295677045,298.66367381419604,2025-04-02 19:55:00+00:00,2025-04-02 20:15:00+00:00,2025-04-02 20:25:00+00:00,2025-04-02 21:30:00+00:00,0.0107579024449777,-0.0289968702506374,reversal,0.7807220125798249,min_quota
JPM_20251017_132500,JPM,2025-10-17 13:25:00+00:00,-1,12,190.32782443782148,4.121897895262399,865.3470884915176,26.28526161485033,2.205374526027049,2025-10-17 13:05:00+00:00,2025-10-17 13:25:00+00:00,2025-10-17 13:30:00+00:00,2025-10-17 14:25:00+00:00,-0.0041333333333333,-0.0047195072968267,continuation,0.7779648247233173,min_quota
JPM_20251114_143000,JPM,2025-11-14 14:30:00+00:00,-1,12,226.25633550866772,4.687737512010937,481.40132200188856,16.630324874613386,0.0581004853186278,2025-11-14 14:15:00+00:00,2025-11-14 14:30:00+00:00,2025-11-14 14:35:00+00:00,2025-11-14 15:30:00+00:00,-0.0221250404923873,0.0132341736509093,reversal,0.7707701415685073,min_quota
JPM_20240802_123000,JPM,2024-08-02 12:30:00+00:00,-1,4,145.2612478572979,4.963979216680582,0.1370562846824627,9.700475506470552,75.63335293225484,2024-08-02 12:10:00+00:00,2024-08-02 12:30:00+00:00,2024-08-02 12:35:00+00:00,2024-08-02 13:30:00+00:00,-0.0097516010091208,-0.0100436039390525,continuation,0.7589772208310432,min_quota
JPM_20241011_132500,JPM,2024-10-11 13:25:00+00:00,1,10,334.1793570219997,4.689800844264124,299.17192013060406,21.590316386375797,1.045094253522422,2024-10-11 13:10:00+00:00,2024-10-11 13:25:00+00:00,2024-10-11 13:30:00+00:00,2024-10-11 14:25:00+00:00,0.0129786716832871,0.0323059784626811,continuation,0.7579571015773334,min_quota
JPM_20251204_142500,JPM,2025-12-04 14:25:00+00:00,1,4,110.86190323614352,5.947241189317102,8.889189071419233,11.990177146680988,107.38306105745508,2025-12-04 13:55:00+00:00,2025-12-04 14:25:00+00:00,2025-12-04 14:30:00+00:00,2025-12-04 15:25:00+00:00,0.0048084628946947,0.0145318232572977,continuation,0.7499745653074161,min_quota
JPM_20250822_140000,JPM,2025-08-22 14:00:00+00:00,1,5,137.035763411284,5.212279724795989,8.875968992248062,11.1335464833338,4.038687156998327,2025-08-22 13:45:00+00:00,2025-08-22 14:00:00+00:00,2025-08-22 14:05:00+00:00,2025-08-22 15:00:00+00:00,0.0045664434561845,-0.0002601896297301,unclear,0.7474076025107201,high_strength_unclear
JPM_20250116_135500,JPM,2025-01-16 13:55:00+00:00,1,12,146.13861386138183,4.635520873074494,590.3698175787728,16.078184005416333,1.0112509771108151,2025-01-16 13:40:00+00:00,2025-01-16 13:55:00+00:00,2025-01-16 14:00:00+00:00,2025-01-16 14:55:00+00:00,0.005045247056939,0.0199800796812748,continuation,0.7429655098763972,min_quota
JPM_20251112_143000,JPM,2025-11-12 14:30:00+00:00,1,6,143.88716716210226,6.105241464804964,36.05667129190097,12.80075743676502,0.987817779855506,2025-11-12 14:15:00+00:00,2025-11-12 14:30:00+00:00,2025-11-12 14:35:00+00:00,2025-11-12 15:30:00+00:00,0.0069179012540669,0.0067135148701216,continuation,0.7413240137595445,min_quota
JPM_20240612_133000,JPM,2024-06-12 13:30:00+00:00,-1,6,130.9548360486712,5.955164761784489,164.46437823834196,19.359414660923736,1.031497709681156,2024-06-12 13:15:00+00:00,2024-06-12 13:30:00+00:00,2024-06-12 13:35:00+00:00,2024-06-12 14:30:00+00:00,-0.0098520913418701,-0.0062014706638555,continuation,0.7377369281801534,min_quota
JPM_20260107_142500,JPM,2026-01-07 14:25:00+00:00,-1,9,108.00382798377362,5.452373668376658,412.4481288488868,24.310829583411003,1.942646693620468,2026-01-07 14:10:00+00:00,2026-01-07 14:25:00+00:00,2026-01-07 14:30:00+00:00,2026-01-07 15:25:00+00:00,-0.0030974648903857,-0.0188989441930618,continuation,0.7317565538942272,min_quota
JPM_20260212_144500,JPM,2026-02-12 14:45:00+00:00,-1,13,141.26344973264926,4.825216715341723,595.9567177637512,12.997590589823508,0.1837650622219248,2026-02-12 14:30:00+00:00,2026-02-12 14:45:00+00:00,2026-02-12 14:50:00+00:00,2026-02-12 15:45:00+00:00,-0.0078784198414726,-0.0066182368764396,continuation,0.7293892714754788,min_quota
JPM_20250626_133000,JPM,2025-06-26 13:30:00+00:00,1,4,129.12860154602913,5.920355276058963,8.714365986139727,11.52090369811215,2.0063481688570275,2025-06-26 13:10:00+00:00,2025-06-26 13:30:00+00:00,2025-06-26 13:35:00+00:00,2025-06-26 14:30:00+00:00,0.0054663266832444,0.0078070925948559,continuation,0.7260674284685664,min_quota
JPM_20251015_132500,JPM,2025-10-15 13:25:00+00:00,1,4,143.59684014808582,4.544025580952008,637.5641646489104,36.332219400125375,0.9367849651190918,2025-10-15 13:10:00+00:00,2025-10-15 13:25:00+00:00,2025-10-15 13:30:00+00:00,2025-10-15 14:25:00+00:00,0.0048165137614679,0.0169889457723284,continuation,0.7256967149650864,min_quota
JPM_20250314_132500,JPM,2025-03-14 13:25:00+00:00,1,9,127.631578947367,4.67251925092678,444.00699912510936,18.27741081268108,2.353250938802788,2025-03-14 13:10:00+00:00,2025-03-14 13:25:00+00:00,2025-03-14 13:30:00+00:00,2025-03-14 14:25:00+00:00,0.0032998885369026,0.0106140350877192,continuation,0.7177240277500847,min_quota
JPM_20241004_123000,JPM,2024-10-04 12:30:00+00:00,1,4,110.37851037851266,5.359383547340271,0.4142710168749926,9.630737625552907,23.01120943790705,2024-10-04 12:15:00+00:00,2024-10-04 12:30:00+00:00,2024-10-04 12:35:00+00:00,2024-10-04 13:30:00+00:00,0.008046196010611,0.0095715808859164,continuation,0.7141298977585897,min_quota
JPM_20250409_171500,JPM,2025-04-09 17:15:00+00:00,1,5,522.7925507273245,4.592211726743236,4.212378650270274,7.326329368882248,2.0652991519344845,2025-04-09 17:00:00+00:00,2025-04-09 17:15:00+00:00,2025-04-09 17:20:00+00:00,2025-04-09 18:15:00+00:00,0.0167277919894601,0.0538106744795805,continuation,0.7131394539730898,min_quota
JPM_20251110_142500,JPM,2025-11-10 14:25:00+00:00,-1,8,132.74251953497185,4.236189223868516,516.760820045558,51.93641112455239,2.8105294562366314,2025-11-10 14:10:00+00:00,2025-11-10 14:25:00+00:00,2025-11-10 14:30:00+00:00,2025-11-10 15:25:00+00:00,-0.0040096993517916,0.0052192731207434,reversal,0.7128157373040835,min_quota
JPM_20260306_132500,JPM,2026-03-06 13:25:00+00:00,-1,11,109.53517764358934,5.119967816864679,2256.07183908046,38.6160459366472,1.2671876780940157,2026-03-06 13:10:00+00:00,2026-03-06 13:25:00+00:00,2026-03-06 13:30:00+00:00,2026-03-06 14:25:00+00:00,-0.0032107583472882,-0.0184129008590172,continuation,0.7093810360539317,min_quota
JPM_20260413_112500,JPM,2026-04-13 11:25:00+00:00,-1,4,106.85517014631162,5.357723111044067,0.3324569586973115,16.160735932816884,253.09763877962283,2026-04-13 11:10:00+00:00,2026-04-13 11:25:00+00:00,2026-04-13 11:30:00+00:00,2026-04-13 12:25:00+00:00,-0.0039672216441206,-0.0075566438132549,continuation,0.7067672913304419,min_quota
JPM_20250919_201500,JPM,2025-09-19 20:15:00+00:00,-1,4,119.04761904762309,5.03030930722494,1.150044002591801,9.537340741183105,21.252866945886733,2025-09-19 20:00:00+00:00,2025-09-19 20:15:00+00:00,2025-09-19 20:20:00+00:00,2025-09-19 21:15:00+00:00,-0.0072431539487894,-0.008,continuation,0.7019909390985615,min_quota
JPM_20241001_132000,JPM,2024-10-01 13:20:00+00:00,-1,4,116.51316229592146,5.085932881721576,11.787780727956632,8.095603255533758,379.5123166582245,2024-10-01 13:00:00+00:00,2024-10-01 13:20:00+00:00,2024-10-01 13:25:00+00:00,2024-10-01 14:20:00+00:00,-0.0035134365207483,-0.0152229845626071,continuation,0.7019121444540299,min_quota
JPM_20260205_143000,JPM,2026-02-05 14:30:00+00:00,-1,19,159.44082973652797,4.115176701751159,563.2293744333635,23.88337003496375,0.1174328697052559,2026-02-05 14:15:00+00:00,2026-02-05 14:30:00+00:00,2026-02-05 14:35:00+00:00,2026-02-05 15:30:00+00:00,-0.0156938587869758,-0.0144781936481349,continuation,0.7002855231882299,min_quota
META_20250124_140000,META,2025-01-24 14:00:00+00:00,-1,14,198.57188244639,6.303093508273925,1090.044251626898,72.51501966379251,0.6301588284408047,2025-01-24 13:45:00+00:00,2025-01-24 14:00:00+00:00,2025-01-24 14:05:00+00:00,2025-01-24 15:00:00+00:00,-0.005513503410896,0.005311501597444,reversal,0.9614764845589243,min_quota
META_20250818_132500,META,2025-08-18 13:25:00+00:00,-1,5,254.67228217951777,8.003213311506519,986.2308467741937,55.447089736826655,0.5561697758413215,2025-08-18 13:10:00+00:00,2025-08-18 13:25:00+00:00,2025-08-18 13:30:00+00:00,2025-08-18 14:25:00+00:00,-0.0047386670091178,-0.012915962374679,continuation,0.9537479034117748,min_quota
META_20250228_142000,META,2025-02-28 14:20:00+00:00,-1,11,270.41958692551435,5.7916492995163935,633.5975609756098,34.792043879856145,1.2179406147595695,2025-02-28 14:05:00+00:00,2025-02-28 14:20:00+00:00,2025-02-28 14:25:00+00:00,2025-02-28 15:20:00+00:00,-0.0033051614850589,-0.0009085265214033,unclear,0.9481874622402566,high_strength_unclear
META_20251204_140000,META,2025-12-04 14:00:00+00:00,1,19,609.8640776698994,7.022725491787993,1898.5052966101696,78.67905856489686,0.1772187805142474,2025-12-04 13:45:00+00:00,2025-12-04 14:00:00+00:00,2025-12-04 14:05:00+00:00,2025-12-04 15:00:00+00:00,0.0397670807453416,-0.0042412747718821,reversal,0.914164297252736,min_quota
META_20241107_142500,META,2024-11-07 14:25:00+00:00,1,8,178.5280544085488,6.301631062887668,582.6154452324665,27.498196054916654,0.7409785557225388,2024-11-07 14:10:00+00:00,2024-11-07 14:25:00+00:00,2024-11-07 14:30:00+00:00,2024-11-07 15:25:00+00:00,0.0040723981900452,0.0166568447325543,continuation,0.9082945514649505,min_quota
META_20251006_133000,META,2025-10-06 13:30:00+00:00,-1,7,187.0867507316576,6.7135238664599655,726.7322127561594,50.26785192640814,0.1752999677370596,2025-10-06 13:15:00+00:00,2025-10-06 13:30:00+00:00,2025-10-06 13:35:00+00:00,2025-10-06 14:30:00+00:00,-0.0138552767517231,0.0057261768082663,reversal,0.8991251354598939,min_quota
META_20250602_133000,META,2025-06-02 13:30:00+00:00,1,12,237.2670807453381,5.6805047403982725,702.4727272727273,35.96250169804883,0.0645203963540667,2025-06-02 13:15:00+00:00,2025-06-02 13:30:00+00:00,2025-06-02 13:35:00+00:00,2025-06-02 14:30:00+00:00,0.0129114906832299,0.0058674106834886,continuation,0.8603602704368951,min_quota
META_20250711_133000,META,2025-07-11 13:30:00+00:00,-1,8,170.86347007205126,6.564502024105342,739.6138392857143,41.76804454104352,0.0712658179636413,2025-07-11 13:10:00+00:00,2025-07-11 13:30:00+00:00,2025-07-11 13:35:00+00:00,2025-07-11 14:30:00+00:00,-0.0056648199445983,-0.0023819141675138,unclear,0.859588460075408,high_strength_unclear
META_20241101_132500,META,2024-11-01 13:25:00+00:00,-1,13,142.282415630548,5.957803603552045,600.987436514301,20.053812792001956,1.392696000906288,2024-11-01 13:10:00+00:00,2024-11-01 13:25:00+00:00,2024-11-01 13:30:00+00:00,2024-11-01 14:25:00+00:00,-0.0064144131512996,0.0097719295151077,reversal,0.8589363961466103,min_quota
META_20250402_132000,META,2025-04-02 13:20:00+00:00,-1,10,227.9735874697253,6.394598286346514,458.8706796116505,26.520402179825115,0.2676072286419229,2025-04-02 13:05:00+00:00,2025-04-02 13:20:00+00:00,2025-04-02 13:25:00+00:00,2025-04-02 14:20:00+00:00,-0.0030316154179298,0.017193744569939,reversal,0.8547123800921093,min_quota
META_20250930_132500,META,2025-09-30 13:25:00+00:00,-1,6,184.0375715233056,7.022810321692174,231.8756002744112,23.985287256322422,2.93728687049286,2025-09-30 13:05:00+00:00,2025-09-30 13:25:00+00:00,2025-09-30 13:30:00+00:00,2025-09-30 14:25:00+00:00,-0.0032240730789897,-0.0172708894878707,continuation,0.8483278868612851,min_quota
META_20241121_141000,META,2024-11-21 14:10:00+00:00,1,21,221.91972201824228,6.487734360186571,279.1318649045521,19.731597847658,0.6323175946746555,2024-11-21 13:55:00+00:00,2024-11-21 14:10:00+00:00,2024-11-21 14:15:00+00:00,2024-11-21 15:10:00+00:00,0.0034957050257347,-0.0239995798760634,reversal,0.8432791578721968,min_quota
META_20240821_132500,META,2024-08-21 13:25:00+00:00,-1,7,127.9040153937605,6.255348124491107,840.0564297341291,34.95826989290819,0.634974503345144,2024-08-21 13:10:00+00:00,2024-08-21 13:25:00+00:00,2024-08-21 13:30:00+00:00,2024-08-21 14:25:00+00:00,-0.003383742911153,0.0179217010299499,reversal,0.8425533047248206,min_quota
META_20241007_132500,META,2024-10-07 13:25:00+00:00,1,6,126.24492267818256,6.02457857001226,752.3146449201495,58.57594090861232,0.7729241624941843,2024-10-07 13:10:00+00:00,2024-10-07 13:25:00+00:00,2024-10-07 13:30:00+00:00,2024-10-07 14:25:00+00:00,0.0054976462676532,-0.0022405404049693,unclear,0.8422422392696942,high_strength_unclear
META_20250318_132000,META,2025-03-18 13:20:00+00:00,-1,8,234.44160272804825,7.541072583753426,485.7051983584132,24.39073475069865,0.0626495957043215,2025-03-18 13:05:00+00:00,2025-03-18 13:20:00+00:00,2025-03-18 13:25:00+00:00,2025-03-18 14:20:00+00:00,-0.003161397670549,-0.0322316808546153,continuation,0.8406979715521794,min_quota
META_20250203_143000,META,2025-02-03 14:30:00+00:00,1,18,304.9908946893032,6.556900538059147,375.9787757613042,16.068405404570715,0.2223328421335628,2025-02-03 14:15:00+00:00,2025-02-03 14:30:00+00:00,2025-02-03 14:35:00+00:00,2025-02-03 15:30:00+00:00,0.0149494769905471,0.0109703224676291,continuation,0.8271412938396483,min_quota
META_20250117_140500,META,2025-01-17 14:05:00+00:00,1,18,160.5467239557057,5.626685320848603,1098.2965264049703,35.68612622458077,0.3489358477093143,2025-01-17 13:50:00+00:00,2025-01-17 14:05:00+00:00,2025-01-17 14:10:00+00:00,2025-01-17 15:05:00+00:00,0.0034571890145396,-0.0070354509450365,reversal,0.8256404314341466,min_quota
META_20250110_141000,META,2025-01-10 14:10:00+00:00,1,30,239.24800626661468,4.04230881548985,766.5577596266045,47.98531230625404,1.0117242521845655,2025-01-10 13:55:00+00:00,2025-01-10 14:10:00+00:00,2025-01-10 14:15:00+00:00,2025-01-10 15:10:00+00:00,0.0030463576158941,-0.0096312557771028,reversal,0.8241479125416069,min_quota
META_20250205_143000,META,2025-02-05 14:30:00+00:00,1,17,155.6702203269378,6.909643657795066,652.9386446886447,33.39856729790175,0.103048792303341,2025-02-05 14:15:00+00:00,2025-02-05 14:30:00+00:00,2025-02-05 14:35:00+00:00,2025-02-05 15:30:00+00:00,0.0072193427123086,0.0064183219057043,continuation,0.8206433118958691,min_quota
META_20250331_132500,META,2025-03-31 13:25:00+00:00,-1,15,205.18538516918204,5.047435205327798,525.5011406844106,27.916950267727483,0.6475191862426152,2025-03-31 13:10:00+00:00,2025-03-31 13:25:00+00:00,2025-03-31 13:30:00+00:00,2025-03-31 14:25:00+00:00,-0.0079282566082314,-0.0049201584397591,continuation,0.8200948244767994,min_quota
META_20260417_132500,META,2026-04-17 13:25:00+00:00,-1,5,121.19603680113669,6.813828619398653,776.6068111455108,18.668577940910914,0.5097218902971898,2026-04-17 13:10:00+00:00,2026-04-17 13:25:00+00:00,2026-04-17 13:30:00+00:00,2026-04-17 14:25:00+00:00,-0.0040223135642982,0.0059694012911593,reversal,0.8176156397438996,min_quota
META_20250219_142500,META,2025-02-19 14:25:00+00:00,-1,11,128.51818532322534,6.160506074009904,1009.3149454778704,27.515287393735424,0.3882775042299256,2025-02-19 14:10:00+00:00,2025-02-19 14:25:00+00:00,2025-02-19 14:30:00+00:00,2025-02-19 15:25:00+00:00,-0.0081537811575835,-0.0092004941006089,continuation,0.8173310812669974,min_quota
META_20240822_132500,META,2024-08-22 13:25:00+00:00,-1,9,129.78052919129456,6.61505924940358,564.2763347763348,20.12134472675487,0.7160020524837176,2024-08-22 13:10:00+00:00,2024-08-22 13:25:00+00:00,2024-08-22 13:30:00+00:00,2024-08-22 14:25:00+00:00,-0.0034147427807884,0.0094785847299814,reversal,0.8144856218571086,min_quota
META_20260429_200000,META,2026-04-29 20:00:00+00:00,-1,8,715.1311580294295,6.217964447085084,5.856821402464175,35.554505217248945,11.886931062889555,2026-04-29 19:45:00+00:00,2026-04-29 20:00:00+00:00,2026-04-29 20:05:00+00:00,2026-04-29 21:00:00+00:00,-0.0548604283969375,-0.0158720902743849,continuation,0.8144563430997918,min_quota
META_20250227_143500,META,2025-02-27 14:35:00+00:00,-1,20,218.38617831641423,5.994295593095766,268.8715689596747,23.74530945006669,0.5171207590591841,2025-02-27 14:20:00+00:00,2025-02-27 14:35:00+00:00,2025-02-27 14:40:00+00:00,2025-02-27 15:35:00+00:00,-0.0067836257309941,-0.0101418982571832,continuation,0.8141236925223301,min_quota
META_20250604_133000,META,2025-06-04 13:30:00+00:00,1,4,168.20620796377028,6.004107802122051,605.7909925666812,68.74412977258913,0.0437214832031791,2025-06-04 13:15:00+00:00,2025-06-04 13:30:00+00:00,2025-06-04 13:35:00+00:00,2025-06-04 14:30:00+00:00,0.0104562453253553,0.0133976816829264,continuation,0.8101246142214042,min_quota
META_20240730_200000,META,2024-07-30 20:00:00+00:00,-1,5,445.4287898547449,6.576344718800015,2.1596068280230463,18.938342054780957,12.233726608249636,2024-07-30 19:45:00+00:00,2024-07-30 20:00:00+00:00,2024-07-30 20:05:00+00:00,2024-07-30 21:00:00+00:00,-0.018831378456903,-0.0151348980039481,continuation,0.8098775483289171,min_quota
META_20250430_195000,META,2025-04-30 19:50:00+00:00,1,9,436.78412889789576,6.8438714867261945,8.341797089102771,18.025925239477708,4.737469924732424,2025-04-30 19:35:00+00:00,2025-04-30 19:50:00+00:00,2025-04-30 19:55:00+00:00,2025-04-30 20:50:00+00:00,0.0079591930942157,0.056833346919821,continuation,0.8096261202885253,min_quota
META_20250404_101000,META,2025-04-04 10:10:00+00:00,-1,10,231.784841075795,6.22377091617334,9.221603845180876,12.833929848407928,1.7947467944584428,2025-04-04 09:55:00+00:00,2025-04-04 10:10:00+00:00,2025-04-04 10:15:00+00:00,2025-04-04 11:10:00+00:00,-0.0085589020205871,-0.021745400011536,continuation,0.8081954000244915,min_quota
META_20260306_142500,META,2026-03-06 14:25:00+00:00,-1,4,176.16596222112202,4.913818344090359,1092.8275044457616,22.658345766359023,0.3939339383960954,2026-03-06 14:10:00+00:00,2026-03-06 14:25:00+00:00,2026-03-06 14:30:00+00:00,2026-03-06 15:25:00+00:00,-0.0031689382518536,-0.005864197530864,continuation,0.7989422769822749,min_quota
META_20251222_143000,META,2025-12-22 14:30:00+00:00,1,12,161.34220072551608,7.961847615574511,532.1368597816961,24.20132414233709,0.1077517015778734,2025-12-22 14:15:00+00:00,2025-12-22 14:30:00+00:00,2025-12-22 14:35:00+00:00,2025-12-22 15:30:00+00:00,0.0045745516033577,-0.0041629720915552,reversal,0.7978695910743387,min_quota
META_20260220_143000,META,2026-02-20 14:30:00+00:00,1,8,144.54664914586024,6.023795743494357,979.376775271512,16.60973438460433,0.0353135572759365,2026-02-20 14:15:00+00:00,2026-02-20 14:30:00+00:00,2026-02-20 14:35:00+00:00,2026-02-20 15:30:00+00:00,0.0066342941011146,0.0140388919652123,continuation,0.7974725195245689,min_quota
META_20250730_200000,META,2025-07-30 20:00:00+00:00,1,6,982.8500783462512,5.939038658677945,14.088689991863305,41.994457946659786,8.186668087030412,2025-07-30 19:45:00+00:00,2025-07-30 20:00:00+00:00,2025-07-30 20:05:00+00:00,2025-07-30 21:00:00+00:00,0.0038191272826659,0.0897913561847987,continuation,0.7973624521707785,min_quota
META_20251031_132500,META,2025-10-31 13:25:00+00:00,1,16,212.87738265785893,4.969129376370318,311.7467360035406,29.38079529373666,1.117154496822846,2025-10-31 13:10:00+00:00,2025-10-31 13:25:00+00:00,2025-10-31 13:30:00+00:00,2025-10-31 14:25:00+00:00,0.0071947815443405,-0.0248314190440903,reversal,0.7914211977093131,min_quota
META_20260123_142500,META,2026-01-23 14:25:00+00:00,1,9,141.23830138437432,5.385365748807701,542.5945657964837,20.582969076342994,0.961244705730818,2026-01-23 14:10:00+00:00,2026-01-23 14:25:00+00:00,2026-01-23 14:30:00+00:00,2026-01-23 15:25:00+00:00,0.0046561604584527,0.0203839417189801,continuation,0.7896826068806402,min_quota
META_20241111_142500,META,2024-11-11 14:25:00+00:00,-1,8,128.7798318772282,5.517266200574559,680.9900881057268,71.71460763197169,0.6976157604665932,2024-11-11 14:10:00+00:00,2024-11-11 14:25:00+00:00,2024-11-11 14:30:00+00:00,2024-11-11 15:25:00+00:00,-0.0030455125478519,-0.0106148883882859,continuation,0.7891819332739922,min_quota
META_20251010_145500,META,2025-10-10 14:55:00+00:00,-1,11,201.58648283169268,6.0741689562307,204.20051635111875,43.20540585983673,0.3762531069903752,2025-10-10 14:40:00+00:00,2025-10-10 14:55:00+00:00,2025-10-10 15:00:00+00:00,2025-10-10 15:55:00+00:00,-0.0074680964560737,-0.0144008819678908,continuation,0.788199078122314,min_quota
META_20250908_132500,META,2025-09-08 13:25:00+00:00,1,8,125.77733598408967,5.052657427399534,839.515113350126,inf,2.2012317030798214,2025-09-08 13:10:00+00:00,2025-09-08 13:25:00+00:00,2025-09-08 13:30:00+00:00,2025-09-08 14:25:00+00:00,0.0033134526176274,0.0057616908850726,continuation,0.7845853463807242,min_quota
META_20260408_153000,META,2026-04-08 15:30:00+00:00,-1,17,305.74999999999795,6.284282183177944,50.787140675443176,9.316748083948989,0.6638247397571955,2026-04-08 15:15:00+00:00,2026-04-08 15:30:00+00:00,2026-04-08 15:35:00+00:00,2026-04-08 16:30:00+00:00,-0.0038191056226656,0.0478036175710594,reversal,0.7836469714375702,min_quota
META_20250402_200500,META,2025-04-02 20:05:00+00:00,-1,14,452.5614518722687,5.806521220562106,1.041451547182474,11.003089757486832,26.293128932649854,2025-04-02 19:50:00+00:00,2025-04-02 20:05:00+00:00,2025-04-02 20:10:00+00:00,2025-04-02 21:05:00+00:00,-0.0030622369726621,-0.0367224367224366,continuation,0.7778545296138977,min_quota
META_20240705_133000,META,2024-07-05 13:30:00+00:00,1,7,191.36791899605043,6.436944934438451,13.463711740234167,8.07126078452936,0.7670928228075619,2024-07-05 13:15:00+00:00,2024-07-05 13:30:00+00:00,2024-07-05 13:35:00+00:00,2024-07-05 14:30:00+00:00,0.0076938136256852,0.0209235910088783,continuation,0.7768759017744242,min_quota
META_20241030_132500,META,2024-10-30 13:25:00+00:00,-1,5,187.0887984524283,5.63778334220919,206.34419684982217,13.722661394498662,0.7482058954382748,2024-10-30 13:10:00+00:00,2024-10-30 13:25:00+00:00,2024-10-30 13:30:00+00:00,2024-10-30 14:25:00+00:00,-0.0063849143991396,-0.0077043067139457,continuation,0.7766896620654087,min_quota
META_20250910_133000,META,2025-09-10 13:30:00+00:00,-1,8,164.77174734998766,6.287685771250293,421.3255736614566,54.89739740200343,0.1036709782305855,2025-09-10 13:15:00+00:00,2025-09-10 13:30:00+00:00,2025-09-10 13:35:00+00:00,2025-09-10 14:30:00+00:00,-0.0095623775310255,-0.0047251312353266,continuation,0.7729685589630799,min_quota
META_20241030_200000,META,2024-10-30 20:00:00+00:00,1,11,360.4166666666608,5.658325259376381,4.930998152170389,35.799113527747544,14.34274298027219,2024-10-30 19:45:00+00:00,2024-10-30 20:00:00+00:00,2024-10-30 20:05:00+00:00,2024-10-30 21:00:00+00:00,0.0076150274377373,-0.0263925196058717,reversal,0.7724218922836621,top_global
META_20260226_143500,META,2026-02-26 14:35:00+00:00,1,13,151.9187636341246,6.468219873146963,493.2775330396476,18.48154390459233,0.1037143229243767,2026-02-26 14:20:00+00:00,2026-02-26 14:35:00+00:00,2026-02-26 14:40:00+00:00,2026-02-26 15:35:00+00:00,0.0076480073715734,-0.008618718851447,reversal,0.7700866254675967,top_global
META_20260326_132500,META,2026-03-26 13:25:00+00:00,-1,21,139.76907717683673,5.817841184186486,631.8707592891761,10.909222648413133,0.2086527151556508,2026-03-26 13:10:00+00:00,2026-03-26 13:25:00+00:00,2026-03-26 13:30:00+00:00,2026-03-26 14:25:00+00:00,-0.0034241884673332,-0.0228319131390875,continuation,0.7688688349345851,top_global
META_20251106_142500,META,2025-11-06 14:25:00+00:00,-1,14,166.97054025524682,5.838160972134427,314.92106065224016,12.625047461897465,0.547592380999582,2025-11-06 14:10:00+00:00,2025-11-06 14:25:00+00:00,2025-11-06 14:30:00+00:00,2025-11-06 15:25:00+00:00,-0.0068118613879947,-0.0167374547742646,continuation,0.7666855967455899,top_global
META_20250616_130000,META,2025-06-16 13:00:00+00:00,1,17,217.70682148040345,4.772233882155925,389.5725888324873,523.5628523564974,0.3441165212214846,2025-06-16 12:45:00+00:00,2025-06-16 13:00:00+00:00,2025-06-16 13:05:00+00:00,2025-06-16 14:00:00+00:00,0.0217706821480405,-0.0062642045454545,reversal,0.7650914100817128,top_global
META_20260128_205000,META,2026-01-28 20:50:00+00:00,-1,18,652.2536604038387,5.548513536797677,10.081253607542168,41.63499611450067,6.269917846719953,2026-01-28 20:35:00+00:00,2026-01-28 20:50:00+00:00,2026-01-28 20:55:00+00:00,2026-01-28 21:50:00+00:00,-0.0032916294310395,0.08392339993126,reversal,0.7649414337621152,top_global
META_20240725_132000,META,2024-07-25 13:20:00+00:00,1,22,181.34453843995368,4.371208230406842,473.3419626730885,19.521290553674717,1.2813399627574131,2024-07-25 13:05:00+00:00,2024-07-25 13:20:00+00:00,2024-07-25 13:25:00+00:00,2024-07-25 14:20:00+00:00,0.0033620689655171,-0.0290725148208609,reversal,0.7614772940125731,top_global
META_20250428_133000,META,2025-04-28 13:30:00+00:00,-1,20,173.65422540354558,4.958779905395515,564.1958112541005,31.92547893246347,0.3985203635868333,2025-04-28 13:15:00+00:00,2025-04-28 13:30:00+00:00,2025-04-28 13:35:00+00:00,2025-04-28 14:30:00+00:00,-0.0170690119357443,0.0037433350376161,reversal,0.7588340544261942,top_global
META_20241113_142500,META,2024-11-13 14:25:00+00:00,-1,9,119.76877012011444,6.042656364109771,359.0838762214984,15.786118076849093,0.9777126049608929,2024-11-13 14:10:00+00:00,2024-11-13 14:25:00+00:00,2024-11-13 14:30:00+00:00,2024-11-13 15:25:00+00:00,-0.0040710204919435,-0.0028907323440504,unclear,0.7572941240374798,high_strength_unclear
META_20251003_133000,META,2025-10-03 13:30:00+00:00,-1,3,170.79121645173333,6.059459284331672,541.4182804027886,73.85933661889189,0.0867880648089133,2025-10-03 13:15:00+00:00,2025-10-03 13:30:00+00:00,2025-10-03 13:35:00+00:00,2025-10-03 14:30:00+00:00,-0.011562199972569,-0.0023311640556703,unclear,0.7560338503497802,high_strength_unclear
META_20250812_133000,META,2025-08-12 13:30:00+00:00,1,10,197.04624951419004,5.742397983102433,200.31594249717327,23.974720809528822,0.3276102973920509,2025-08-12 13:15:00+00:00,2025-08-12 13:30:00+00:00,2025-08-12 13:35:00+00:00,2025-08-12 14:30:00+00:00,0.015281363172849,0.000796650677153,unclear,0.7545884597730408,high_strength_unclear
META_20240716_132500,META,2024-07-16 13:25:00+00:00,1,10,138.16608502214,5.384340435320268,410.1439463250992,48.76034160190105,1.2297710815977123,2024-07-16 13:10:00+00:00,2024-07-16 13:25:00+00:00,2024-07-16 13:30:00+00:00,2024-07-16 14:25:00+00:00,0.0069642391020621,-0.020694781877669,reversal,0.7516097842793743,top_global
META_20241112_142000,META,2024-11-12 14:20:00+00:00,1,21,131.94762850883723,5.631297218286937,649.2372881355932,30.57448945571274,0.2676565535705996,2024-11-12 14:05:00+00:00,2024-11-12 14:20:00+00:00,2024-11-12 14:25:00+00:00,2024-11-12 15:20:00+00:00,0.0035836177474402,0.0012242815847645,unclear,0.7505562776228998,high_strength_unclear
META_20250224_143500,META,2025-02-24 14:35:00+00:00,-1,7,163.7675518697046,5.632973068885509,481.1810406272274,23.27217470554906,0.1176649341997897,2025-02-24 14:20:00+00:00,2025-02-24 14:35:00+00:00,2025-02-24 14:40:00+00:00,2025-02-24 15:35:00+00:00,-0.004427882507672,-0.0192141148149779,continuation,0.7449494924155542,top_global
META_20250218_142500,META,2025-02-18 14:25:00+00:00,-1,13,130.3511777237265,6.802813517320653,494.5745577085089,23.78048886378443,0.1573612535222424,2025-02-18 14:10:00+00:00,2025-02-18 14:25:00+00:00,2025-02-18 14:30:00+00:00,2025-02-18 15:25:00+00:00,-0.003656703278844,-0.0266831595688283,continuation,0.7379336223101767,top_global
MSFT_20250228_142500,MSFT,2025-02-28 14:25:00+00:00,-1,5,190.4245148954864,6.13297589601876,828.5564779874214,38.92103816677872,0.7861046574330343,2025-02-28 14:10:00+00:00,2025-02-28 14:25:00+00:00,2025-02-28 14:30:00+00:00,2025-02-28 15:25:00+00:00,-0.0036549150993679,-0.0020124824863074,unclear,0.9832791783263379,high_strength_unclear
MSFT_20250905_132500,MSFT,2025-09-05 13:25:00+00:00,-1,8,198.17590356637103,6.908191817559461,665.6116780045352,29.02166244656264,0.8856438439159413,2025-09-05 13:10:00+00:00,2025-09-05 13:25:00+00:00,2025-09-05 13:30:00+00:00,2025-09-05 14:25:00+00:00,-0.0046261705275462,-0.0190410689722931,continuation,0.9627181324563148,min_quota
MSFT_20260121_141000,MSFT,2026-01-21 14:10:00+00:00,1,8,117.3496860439771,6.435360420930051,901.5256213562444,13.763811200258736,1.002099146043827,2026-01-21 13:55:00+00:00,2026-01-21 14:10:00+00:00,2026-01-21 14:15:00+00:00,2026-01-21 15:10:00+00:00,0.0034504877131671,-0.0064363964996583,reversal,0.9299706658338329,min_quota
MSFT_20260223_143000,MSFT,2026-02-23 14:30:00+00:00,-1,5,183.56192636897805,8.428456230588251,865.5618431689571,24.34582198631035,0.0793635114281216,2026-02-23 14:15:00+00:00,2026-02-23 14:30:00+00:00,2026-02-23 14:35:00+00:00,2026-02-23 15:30:00+00:00,-0.0062001771479184,-0.0106949325184619,continuation,0.9203424245419318,min_quota
MSFT_20241212_142500,MSFT,2024-12-12 14:25:00+00:00,1,8,135.713646532436,6.299020653583475,700.8100487054602,40.266755781399134,0.4289360113537742,2024-12-12 14:10:00+00:00,2024-12-12 14:25:00+00:00,2024-12-12 14:30:00+00:00,2024-12-12 15:25:00+00:00,0.005611221638448,0.00709188323959,continuation,0.9074426439129359,min_quota
MSFT_20260123_142500,MSFT,2026-01-23 14:25:00+00:00,1,19,111.4699331848512,6.243323641689773,706.5524648857064,12.80195259892354,0.8992435107768845,2026-01-23 14:10:00+00:00,2026-01-23 14:25:00+00:00,2026-01-23 14:30:00+00:00,2026-01-23 15:25:00+00:00,0.0052273333926506,0.0248722090681772,continuation,0.8881508455325817,min_quota
MSFT_20260324_133000,MSFT,2026-03-24 13:30:00+00:00,-1,9,169.3698484445605,5.9149701117091,679.610083132207,11.686736763727422,0.0400353215836658,2026-03-24 13:15:00+00:00,2026-03-24 13:30:00+00:00,2026-03-24 13:35:00+00:00,2026-03-24 14:30:00+00:00,-0.0050734871070662,-0.0192934496898327,continuation,0.886823729214189,min_quota
MSFT_20251103_140000,MSFT,2025-11-03 14:00:00+00:00,-1,8,139.24740164282358,6.085731990642968,359.0948404413958,39.44449414156801,0.981152607104789,2025-11-03 13:45:00+00:00,2025-11-03 14:00:00+00:00,2025-11-03 14:05:00+00:00,2025-11-03 15:00:00+00:00,-0.0069384547562916,0.0082414931192218,reversal,0.8865609040044888,min_quota
MSFT_20260306_142500,MSFT,2026-03-06 14:25:00+00:00,1,6,140.02694976314788,5.822749547580358,430.622994210091,10.019787233881551,0.8555221177039477,2026-03-06 14:10:00+00:00,2026-03-06 14:25:00+00:00,2026-03-06 14:30:00+00:00,2026-03-06 15:25:00+00:00,0.0073361931329374,0.004885794552339,continuation,0.8829178732345258,min_quota
MSFT_20250519_133000,MSFT,2025-05-19 13:30:00+00:00,1,5,168.29376525405283,5.779498356043672,710.3680232558139,36.31168734198193,0.0288919842602808,2025-05-19 13:15:00+00:00,2025-05-19 13:30:00+00:00,2025-05-19 13:35:00+00:00,2025-05-19 14:30:00+00:00,0.0129994222479001,0.0009651874437888,unclear,0.8815270666177577,high_strength_unclear
MSFT_20241002_132500,MSFT,2024-10-02 13:25:00+00:00,1,6,135.4201620248263,5.296805305746111,602.3784707390005,42.058523721283485,1.0279145230353797,2024-10-02 13:10:00+00:00,2024-10-02 13:25:00+00:00,2024-10-02 13:30:00+00:00,2024-10-02 14:25:00+00:00,0.0044418052256531,-0.0089625653274055,reversal,0.8768985262541249,min_quota
MSFT_20250731_132000,MSFT,2025-07-31 13:20:00+00:00,1,11,312.78369354785565,6.098940769706813,395.4668610003069,15.163663448566682,0.5901295778865252,2025-07-31 13:05:00+00:00,2025-07-31 13:20:00+00:00,2025-07-31 13:25:00+00:00,2025-07-31 14:20:00+00:00,0.0062576479171811,-0.0370026761819803,reversal,0.8743290359499243,min_quota
MSFT_20251208_142500,MSFT,2025-12-08 14:25:00+00:00,1,4,118.95445134575854,7.040661825237482,1043.6436271401394,23.84384651586428,0.298149831935856,2025-12-08 14:10:00+00:00,2025-12-08 14:25:00+00:00,2025-12-08 14:30:00+00:00,2025-12-08 15:25:00+00:00,0.0031050755669044,0.0084065979381442,continuation,0.8739330728247308,min_quota
MSFT_20251028_130000,MSFT,2025-10-28 13:00:00+00:00,1,9,419.7244553001855,5.198298545334468,1645.1286740692358,212.05681535998156,0.2702654955409768,2025-10-28 12:45:00+00:00,2025-10-28 13:00:00+00:00,2025-10-28 13:05:00+00:00,2025-10-28 14:00:00+00:00,0.0419724455300185,-0.0175874421702579,reversal,0.8733760202020504,min_quota
MSFT_20241030_132500,MSFT,2024-10-30 13:25:00+00:00,-1,10,160.49696325889818,6.855229795689611,219.57710460825535,11.911914604253068,0.9481870139697556,2024-10-30 13:10:00+00:00,2024-10-30 13:25:00+00:00,2024-10-30 13:30:00+00:00,2024-10-30 14:25:00+00:00,-0.0068150840527033,0.0015324794144555,unclear,0.8657994470317503,high_strength_unclear
MSFT_20250224_143000,MSFT,2025-02-24 14:30:00+00:00,-1,5,205.47716185699727,6.442388268025007,458.6829801179812,29.994338787678267,0.0822390208213148,2025-02-24 14:15:00+00:00,2025-02-24 14:30:00+00:00,2025-02-24 14:35:00+00:00,2025-02-24 15:30:00+00:00,-0.0086892848425677,-0.014477766287487,continuation,0.8436259178897325,min_quota
MSFT_20241227_142500,MSFT,2024-12-27 14:25:00+00:00,-1,4,126.31774485672544,7.161103233805923,435.4814491488433,33.20039944832372,0.6602176307641291,2024-12-27 14:10:00+00:00,2024-12-27 14:25:00+00:00,2024-12-27 14:30:00+00:00,2024-12-27 15:25:00+00:00,-0.0030938466827088,-0.0153103448275863,continuation,0.8428526038997746,min_quota
MSFT_20251203_140000,MSFT,2025-12-03 14:00:00+00:00,-1,6,218.09454241887184,6.005011993509739,402.5990783410138,61.10780115824944,0.1674861521701899,2025-12-03 13:45:00+00:00,2025-12-03 14:00:00+00:00,2025-12-03 14:05:00+00:00,2025-12-03 15:00:00+00:00,-0.0172993954230108,-0.0058306310800698,continuation,0.8383305851969949,min_quota
MSFT_20260211_143000,MSFT,2026-02-11 14:30:00+00:00,-1,11,189.3346379647709,6.653855875853471,431.4594031922276,14.768750636120425,0.0679707819460702,2026-02-11 14:15:00+00:00,2026-02-11 14:30:00+00:00,2026-02-11 14:35:00+00:00,2026-02-11 15:30:00+00:00,-0.0087729840163442,-0.0174830261881667,continuation,0.8360999623860945,min_quota
MSFT_20250910_132500,MSFT,2025-09-10 13:25:00+00:00,-1,9,142.85141045704552,5.5276348499198775,392.4390029325513,12.258010896985397,0.6226957021358989,2025-09-10 13:10:00+00:00,2025-09-10 13:25:00+00:00,2025-09-10 13:30:00+00:00,2025-09-10 14:25:00+00:00,-0.004886541238847,-0.0030019880715705,continuation,0.8359185036280932,min_quota
MSFT_20260427_130000,MSFT,2026-04-27 13:00:00+00:00,-1,9,255.39132541797736,5.556079746843819,188.58785425101212,77.32659316525425,1.0650907965485232,2026-04-27 12:45:00+00:00,2026-04-27 13:00:00+00:00,2026-04-27 13:05:00+00:00,2026-04-27 14:00:00+00:00,-0.021880544056771,0.0173395405078597,reversal,0.827032171655258,min_quota
MSFT_20251031_133000,MSFT,2025-10-31 13:30:00+00:00,-1,14,141.16091193974168,6.5534496002409055,418.9162120031177,20.331241224455383,0.088725558195776,2025-10-31 13:15:00+00:00,2025-10-31 13:30:00+00:00,2025-10-31 13:35:00+00:00,2025-10-31 14:30:00+00:00,-0.0059397699757869,-0.0140247383444338,continuation,0.826415049724154,min_quota
MSFT_20260129_141500,MSFT,2026-01-29 14:15:00+00:00,-1,22,332.6388888888876,5.603819071915419,283.90084316110256,11.648178375362807,0.6233657657447014,2026-01-29 14:00:00+00:00,2026-01-29 14:15:00+00:00,2026-01-29 14:20:00+00:00,2026-01-29 15:15:00+00:00,-0.0058574610244989,-0.0428792257544189,continuation,0.8217271434853057,min_quota
MSFT_20250121_222500,MSFT,2025-01-21 22:25:00+00:00,1,6,193.9620002331277,7.077906453944682,1.0217758710348417,14.051247534456555,32.726569455267864,2025-01-21 22:10:00+00:00,2025-01-21 22:25:00+00:00,2025-01-21 22:30:00+00:00,2025-01-21 23:25:00+00:00,0.003391812865497,0.0131950110735516,continuation,0.820861479778688,min_quota
MSFT_20240718_132500,MSFT,2024-07-18 13:25:00+00:00,-1,6,108.89107500254624,5.943147865352148,718.4018140589569,51.36020945725419,0.2032355746167193,2024-07-18 13:10:00+00:00,2024-07-18 13:25:00+00:00,2024-07-18 13:30:00+00:00,2024-07-18 14:25:00+00:00,-0.0047256438969764,-0.0103537433335583,continuation,0.8208026449720667,min_quota
MSFT_20260323_110500,MSFT,2026-03-23 11:05:00+00:00,1,9,283.74597476640065,5.756043809550996,85.96093257718967,35.0568155427643,2.862600767536096,2026-03-23 10:50:00+00:00,2026-03-23 11:05:00+00:00,2026-03-23 11:10:00+00:00,2026-03-23 12:05:00+00:00,0.0198785638859555,-0.0041368777987729,reversal,0.8202363081405899,min_quota
MSFT_20251125_142500,MSFT,2025-11-25 14:25:00+00:00,1,5,143.84030093185677,5.361898841103692,325.7070480081716,9.242529036404266,0.7431967066437828,2025-11-25 14:10:00+00:00,2025-11-25 14:25:00+00:00,2025-11-25 14:30:00+00:00,2025-11-25 15:25:00+00:00,0.0087353878852285,-0.0131265670761256,reversal,0.8199527726159965,min_quota
MSFT_20240801_133000,MSFT,2024-08-01 13:30:00+00:00,-1,5,173.7884936739098,5.656565135239828,431.3306574923548,28.98646342590209,0.1352346987178236,2024-08-01 13:15:00+00:00,2024-08-01 13:30:00+00:00,2024-08-01 13:35:00+00:00,2024-08-01 14:30:00+00:00,-0.0030700397439253,0.0158749104798281,reversal,0.816561594046721,min_quota
MSFT_20250404_100500,MSFT,2025-04-04 10:05:00+00:00,-1,10,187.0296591412135,5.896843563268107,11.379564736259685,11.295700617825952,3.4389386133243525,2025-04-04 09:50:00+00:00,2025-04-04 10:05:00+00:00,2025-04-04 10:10:00+00:00,2025-04-04 11:05:00+00:00,-0.003140652497631,-0.0331079062440587,continuation,0.8149182809279514,min_quota
MSFT_20241001_133000,MSFT,2024-10-01 13:30:00+00:00,-1,5,120.70676052345463,6.453457485505106,613.0616541353384,45.744749521358784,0.0491151885838799,2024-10-01 13:15:00+00:00,2024-10-01 13:30:00+00:00,2024-10-01 13:35:00+00:00,2024-10-01 14:30:00+00:00,-0.0066198135198135,-0.0119563046845539,continuation,0.8147729816981693,min_quota
MSFT_20250402_195500,MSFT,2025-04-02 19:55:00+00:00,-1,8,279.32960893854107,5.821059797023877,8.169954565440422,12.015287646122554,57.302090577084,2025-04-02 19:40:00+00:00,2025-04-02 19:55:00+00:00,2025-04-02 20:00:00+00:00,2025-04-02 20:55:00+00:00,-0.0037024483091282,-0.016594959566617,continuation,0.8087029094333069,min_quota
MSFT_20250428_133000,MSFT,2025-04-28 13:30:00+00:00,-1,4,125.4960573107189,5.239261492210675,1305.871587462083,56.63776451431026,0.0266294665210282,2025-04-28 13:15:00+00:00,2025-04-28 13:30:00+00:00,2025-04-28 13:35:00+00:00,2025-04-28 14:30:00+00:00,-0.0123940651006541,0.0049348038963048,reversal,0.806087845905451,min_quota
MSFT_20250730_195500,MSFT,2025-07-30 19:55:00+00:00,1,12,650.506469933838,5.626516761203355,8.311467523035862,70.28891174966552,19.317029205386994,2025-07-30 19:40:00+00:00,2025-07-30 19:55:00+00:00,2025-07-30 20:00:00+00:00,2025-07-30 20:55:00+00:00,0.0064218028036651,0.0729320675433817,continuation,0.8057624776326076,min_quota
MSFT_20250303_143000,MSFT,2025-03-03 14:30:00+00:00,-1,9,106.90851974767712,6.213712586586001,714.2020277882087,32.68599775741603,0.0643335907446078,2025-03-03 14:15:00+00:00,2025-03-03 14:30:00+00:00,2025-03-03 14:35:00+00:00,2025-03-03 15:30:00+00:00,-0.0056638764974186,-0.0054188930335719,continuation,0.80380011414685,min_quota
MSFT_20260305_142500,MSFT,2026-03-05 14:25:00+00:00,1,8,130.36751924509815,5.209557126584551,357.83792705066844,7.011070806813238,1.0087334530430927,2026-03-05 14:10:00+00:00,2026-03-05 14:25:00+00:00,2026-03-05 14:30:00+00:00,2026-03-05 15:25:00+00:00,0.0038227628149434,0.0073443952619995,continuation,0.8003608341671817,min_quota
MSFT_20250911_213000,MSFT,2025-09-11 21:30:00+00:00,1,9,187.49132427814172,5.669572499829324,1.351195375636037,22.28517761656628,26.94857478032677,2025-09-11 21:10:00+00:00,2025-09-11 21:30:00+00:00,2025-09-11 21:35:00+00:00,2025-09-11 22:30:00+00:00,0.0160614525139664,0.0005816396661757,unclear,0.7983465329720938,high_strength_unclear
MSFT_20240531_195000,MSFT,2024-05-31 19:50:00+00:00,1,4,193.34609626193267,5.620155188227994,16.39276208090174,7.528847061402134,1.377243091842521,2024-05-31 19:35:00+00:00,2024-05-31 19:50:00+00:00,2024-05-31 19:55:00+00:00,2024-05-31 20:50:00+00:00,0.0134182005848959,0.0069597691393652,continuation,0.7928444029833772,min_quota
MSFT_20260429_132500,MSFT,2026-04-29 13:25:00+00:00,-1,7,111.75036105783188,5.952079768968791,257.24418501813034,8.979744011475821,1.111098416247125,2026-04-29 13:10:00+00:00,2026-04-29 13:25:00+00:00,2026-04-29 13:30:00+00:00,2026-04-29 14:25:00+00:00,-0.0067868008424994,0.0019085768143261,unclear,0.7915861073959942,high_strength_unclear
MSFT_20260107_143000,MSFT,2026-01-07 14:30:00+00:00,1,3,112.47593538126432,6.596904845404623,993.02546396202,27.36015720627747,0.0278668180469707,2026-01-07 14:15:00+00:00,2026-01-07 14:30:00+00:00,2026-01-07 14:35:00+00:00,2026-01-07 15:30:00+00:00,0.0101058710298362,0.0039563353149534,continuation,0.7831641162574317,min_quota
MSFT_20250514_133000,MSFT,2025-05-14 13:30:00+00:00,1,4,110.04741880648484,5.43816861868698,760.9502593835825,25.53532570804205,0.0729464404906339,2025-05-14 13:15:00+00:00,2025-05-14 13:30:00+00:00,2025-05-14 13:35:00+00:00,2025-05-14 14:30:00+00:00,0.0102460850111856,0.0035874042251649,continuation,0.7795684765378899,min_quota
MSFT_20240910_133000,MSFT,2024-09-10 13:30:00+00:00,1,4,181.79497219252823,4.757911902022435,624.8360891445003,30.358187482021915,0.0586617818695481,2024-09-10 13:15:00+00:00,2024-09-10 13:30:00+00:00,2024-09-10 13:35:00+00:00,2024-09-10 14:30:00+00:00,0.0100459826342178,0.0038870846937444,continuation,0.778770821155591,min_quota
MSFT_20260224_142500,MSFT,2026-02-24 14:25:00+00:00,-1,10,135.21979743134293,4.868409140504289,332.10537870472007,11.924477456079158,2.122741955270226,2026-02-24 14:10:00+00:00,2026-02-24 14:25:00+00:00,2026-02-24 14:30:00+00:00,2026-02-24 15:25:00+00:00,-0.0039155689243853,0.0106604534923073,reversal,0.7783191701143799,min_quota
MSFT_20250121_143000,MSFT,2025-01-21 14:30:00+00:00,-1,6,91.47199549676576,6.31615681764696,768.8627618640445,55.77185601805744,0.0787427284516247,2025-01-21 14:15:00+00:00,2025-01-21 14:30:00+00:00,2025-01-21 14:35:00+00:00,2025-01-21 15:30:00+00:00,-0.0042227378190254,-0.0032396663404632,continuation,0.7778522387098599,min_quota
MSFT_20250129_205500,MSFT,2025-01-29 20:55:00+00:00,-1,8,411.6943986108379,5.327358333714751,5.915563833611084,31.91775705430048,11.96984739811117,2025-01-29 20:40:00+00:00,2025-01-29 20:55:00+00:00,2025-01-29 21:00:00+00:00,2025-01-29 21:55:00+00:00,-0.0032940008573427,-0.013542114675057,continuation,0.7718337105802886,min_quota
MSFT_20240730_194500,MSFT,2024-07-30 19:45:00+00:00,1,14,870.4453441295534,5.2897266267824845,6.859669407775346,45.12012802047789,14.485658823687448,2024-07-30 19:30:00+00:00,2024-07-30 19:45:00+00:00,2024-07-30 19:50:00+00:00,2024-07-30 20:45:00+00:00,0.0081750992181373,-0.0571152440892912,reversal,0.771708422645315,min_quota
MSFT_20250804_133000,MSFT,2025-08-04 13:30:00+00:00,1,6,122.34848484848904,5.208142870388792,653.5385447660265,26.650841275681152,0.0718097641994692,2025-08-04 13:15:00+00:00,2025-08-04 13:30:00+00:00,2025-08-04 13:35:00+00:00,2025-08-04 14:30:00+00:00,0.0050291710865284,0.0100362813928283,continuation,0.7671862341536881,top_global
MSFT_20260203_143000,MSFT,2026-02-03 14:30:00+00:00,-1,4,138.35734586453486,4.772574420256288,600.8998536483379,19.70106412708772,0.0820755169032627,2026-02-03 14:15:00+00:00,2026-02-03 14:30:00+00:00,2026-02-03 14:35:00+00:00,2026-02-03 15:30:00+00:00,-0.0129028436018957,-0.0119592850884037,continuation,0.7607088778586275,top_global
MSFT_20260320_133000,MSFT,2026-03-20 13:30:00+00:00,-1,9,87.82470493212014,5.771224913982816,2970.394189689547,14.390517526527091,0.0365853464016631,2026-03-20 13:15:00+00:00,2026-03-20 13:30:00+00:00,2026-03-20 13:35:00+00:00,2026-03-20 14:30:00+00:00,-0.0061145871037797,0.0020160503622386,unclear,0.7545229413592416,high_strength_unclear
MSFT_20250430_195000,MSFT,2025-04-30 19:50:00+00:00,1,7,694.766922664769,5.057742658230263,13.509795669411409,34.642970144970455,6.794173549494574,2025-04-30 19:35:00+00:00,2025-04-30 19:50:00+00:00,2025-04-30 19:55:00+00:00,2025-04-30 20:50:00+00:00,0.0103193096561085,0.0638939578264394,continuation,0.7498278045119688,top_global
MSFT_20241031_132000,MSFT,2024-10-31 13:20:00+00:00,1,5,183.4929453907508,4.696688507274193,252.7489096573209,11.665189147653916,0.700733448246588,2024-10-31 13:05:00+00:00,2024-10-31 13:20:00+00:00,2024-10-31 13:25:00+00:00,2024-10-31 14:20:00+00:00,0.0049054970422737,-0.0222541277817658,reversal,0.7453124998512115,top_global
MSFT_20260128_205500,MSFT,2026-01-28 20:55:00+00:00,1,11,712.3745819398031,4.868906282849594,7.722414091981919,59.26764578102138,16.15810858499242,2026-01-28 20:40:00+00:00,2026-01-28 20:55:00+00:00,2026-01-28 21:00:00+00:00,2026-01-28 21:55:00+00:00,0.0040435199466424,-0.0474134351905671,reversal,0.7396346624245367,top_global
MSFT_20260429_200000,MSFT,2026-04-29 20:00:00+00:00,1,12,494.330661416813,4.9498364289640655,3.537535975724207,27.95480477423308,18.414349147931645,2026-04-29 19:45:00+00:00,2026-04-29 20:00:00+00:00,2026-04-29 20:05:00+00:00,2026-04-29 21:00:00+00:00,0.0273158304437053,-0.0507680650272095,reversal,0.7392331494417683,top_global
NFLX_20250422_132500,NFLX,2025-04-22 13:25:00+00:00,1,17,325.92592592592507,5.802137301562264,423.91249245624624,67.61848006353463,3.824943542303541,2025-04-22 13:10:00+00:00,2025-04-22 13:25:00+00:00,2025-04-22 13:30:00+00:00,2025-04-22 14:25:00+00:00,0.0057560438460384,0.0452771971732857,continuation,0.9329900673415648,min_quota
NFLX_20260223_142500,NFLX,2026-02-23 14:25:00+00:00,-1,20,348.43682878464176,6.434834242094253,1158.4572574580095,31.42766850522585,0.4597984157471665,2026-02-23 14:10:00+00:00,2026-02-23 14:25:00+00:00,2026-02-23 14:30:00+00:00,2026-02-23 15:25:00+00:00,-0.0049872122762147,-0.0211412414856702,continuation,0.9123859236212255,min_quota
NFLX_20251203_140500,NFLX,2025-12-03 14:05:00+00:00,-1,21,281.8791946308674,6.268751719776477,649.8993193420306,20.151894758812816,0.6728314246517973,2025-12-03 13:50:00+00:00,2025-12-03 14:05:00+00:00,2025-12-03 14:10:00+00:00,2025-12-03 15:05:00+00:00,-0.0030795072788353,-0.0383787325657586,continuation,0.9074191078812952,min_quota
NFLX_20250204_142500,NFLX,2025-02-04 14:25:00+00:00,-1,14,255.3061224489705,6.151678167179195,251.4668641243984,16.63803272775165,2.531620774396323,2025-02-04 14:00:00+00:00,2025-02-04 14:25:00+00:00,2025-02-04 14:30:00+00:00,2025-02-04 15:25:00+00:00,-0.0050529098649003,0.0270408163265307,reversal,0.8926980245220086,min_quota
NFLX_20260212_142000,NFLX,2026-02-12 14:20:00+00:00,1,19,191.9619928094529,6.152040612381303,1204.287120590648,21.89678407023401,0.7092231396260178,2026-02-12 14:05:00+00:00,2026-02-12 14:20:00+00:00,2026-02-12 14:25:00+00:00,2026-02-12 15:20:00+00:00,0.0030961708580816,-0.0310551181102363,reversal,0.8866766461814921,min_quota
NFLX_20251119_142500,NFLX,2025-11-19 14:25:00+00:00,-1,10,198.6695433297392,6.962828272482539,552.4183780020884,8.22794346727128,0.8157485125303734,2025-11-19 14:10:00+00:00,2025-11-19 14:25:00+00:00,2025-11-19 14:30:00+00:00,2025-11-19 15:25:00+00:00,-0.0066268906452962,-0.0156028368794325,continuation,0.8677705414802452,min_quota
NFLX_20260202_142500,NFLX,2026-02-02 14:25:00+00:00,1,11,177.8632375916356,6.094118302360341,642.4817036592682,11.791710264748115,0.9538892662786272,2026-02-02 14:10:00+00:00,2026-02-02 14:25:00+00:00,2026-02-02 14:30:00+00:00,2026-02-02 15:25:00+00:00,0.0036023054755043,0.0007178750897343,unclear,0.8596416328019725,high_strength_unclear
NFLX_20260120_205500,NFLX,2026-01-20 20:55:00+00:00,-1,6,583.9063819519796,6.814002579821262,8.164930711102137,27.1043852160655,6.591371159628921,2026-01-20 20:40:00+00:00,2026-01-20 20:55:00+00:00,2026-01-20 21:00:00+00:00,2026-01-20 21:55:00+00:00,-0.0099290780141844,-0.0459587392550143,continuation,0.8572655419339223,min_quota
NFLX_20241017_200000,NFLX,2024-10-17 20:00:00+00:00,1,6,449.5411509765934,6.697229818516316,9.427028067979396,25.418315065577463,3.554623374107879,2024-10-17 19:45:00+00:00,2024-10-17 20:00:00+00:00,2024-10-17 20:05:00+00:00,2024-10-17 21:00:00+00:00,0.003474337772362,0.0365241024380724,continuation,0.8569137915687892,min_quota
NFLX_20250417_200000,NFLX,2025-04-17 20:00:00+00:00,1,6,372.4258754584797,5.840584058647436,4.7172744143258205,12.908968496944134,4.614552581596479,2025-04-17 19:45:00+00:00,2025-04-17 20:00:00+00:00,2025-04-17 20:05:00+00:00,2025-04-17 21:00:00+00:00,0.0037174338908625,0.0276007622482223,continuation,0.8511999350421786,min_quota
NFLX_20250123_143000,NFLX,2025-01-23 14:30:00+00:00,1,5,186.8338557993776,5.921346427832411,649.4121621621622,145.65497863303614,0.0531591769193436,2025-01-23 14:15:00+00:00,2025-01-23 14:30:00+00:00,2025-01-23 14:35:00+00:00,2025-01-23 15:30:00+00:00,0.0144296144432123,0.0117290411057779,continuation,0.8417394280452621,min_quota
NFLX_20251205_135000,NFLX,2025-12-05 13:50:00+00:00,1,29,370.5203482486352,5.13648628853027,1008.8921430251704,14.55142353342949,0.5920203579338867,2025-12-05 13:35:00+00:00,2025-12-05 13:50:00+00:00,2025-12-05 13:55:00+00:00,2025-12-05 14:50:00+00:00,0.0087079417316953,0.0304078397463611,continuation,0.8417352530580189,min_quota
NFLX_20260416_200000,NFLX,2026-04-16 20:00:00+00:00,-1,9,1015.087034299107,5.656911981161983,10.50022306210658,53.7052640939811,9.7138826127452,2026-04-16 19:45:00+00:00,2026-04-16 20:00:00+00:00,2026-04-16 20:05:00+00:00,2026-04-16 21:00:00+00:00,-0.0807516978323564,-0.00131565631009,unclear,0.8408213829750559,high_strength_unclear
NFLX_20260401_132500,NFLX,2026-04-01 13:25:00+00:00,1,5,173.7890232951278,5.4706776338128655,707.8636601992658,10.560919921910315,1.3416112384661083,2026-04-01 13:10:00+00:00,2026-04-01 13:25:00+00:00,2026-04-01 13:30:00+00:00,2026-04-01 14:25:00+00:00,0.0033281331253249,-0.0131128848346636,reversal,0.8401361391562474,min_quota
NFLX_20251208_134500,NFLX,2025-12-08 13:45:00+00:00,-1,10,290.34087978959235,5.507282294508407,518.003010369049,13.18645664964336,0.5902574213996065,2025-12-08 13:30:00+00:00,2025-12-08 13:45:00+00:00,2025-12-08 13:50:00+00:00,2025-12-08 14:45:00+00:00,-0.0034777424483306,-0.0313092033103998,continuation,0.8394819633148316,min_quota
NFLX_20260123_143000,NFLX,2026-01-23 14:30:00+00:00,1,8,173.88176040292524,6.412039135520048,977.5306068601584,24.30829875518578,0.0858130836052425,2026-01-23 14:15:00+00:00,2026-01-23 14:30:00+00:00,2026-01-23 14:35:00+00:00,2026-01-23 15:30:00+00:00,0.0089712918660287,0.0140142264374629,continuation,0.8359276223057324,min_quota
NFLX_20260122_142500,NFLX,2026-01-22 14:25:00+00:00,-1,5,190.03422017553007,6.107042918126752,496.1231637767153,13.192204162382662,0.567399324615712,2026-01-22 14:10:00+00:00,2026-01-22 14:25:00+00:00,2026-01-22 14:30:00+00:00,2026-01-22 15:25:00+00:00,-0.0092063862020743,-0.0062338273347447,continuation,0.833605631875326,min_quota
NFLX_20241018_133000,NFLX,2024-10-18 13:30:00+00:00,1,10,219.17920320790208,5.837511231503547,399.42450592885376,13.272711517590444,0.1428909390334487,2024-10-18 13:15:00+00:00,2024-10-18 13:30:00+00:00,2024-10-18 13:35:00+00:00,2024-10-18 14:30:00+00:00,0.0146589437819419,0.0223960585945579,continuation,0.8322435748624775,min_quota
NFLX_20251205_120500,NFLX,2025-12-05 12:05:00+00:00,-1,16,227.1590113079136,6.988489676361724,255.03593083314615,27.421871395472117,0.8174514195907246,2025-12-05 11:50:00+00:00,2025-12-05 12:05:00+00:00,2025-12-05 12:10:00+00:00,2025-12-05 13:05:00+00:00,-0.0058765915768853,-0.0073891625615764,continuation,0.8303639270130667,min_quota
NFLX_20260224_142500,NFLX,2026-02-24 14:25:00+00:00,-1,12,190.0106128946666,5.344569736873748,768.2763754045308,13.533636765683998,0.6262911982488919,2026-02-24 14:10:00+00:00,2026-02-24 14:25:00+00:00,2026-02-24 14:30:00+00:00,2026-02-24 15:25:00+00:00,-0.0057773109243697,0.0155837295298468,reversal,0.8265074045891878,min_quota
NFLX_20241017_133000,NFLX,2024-10-17 13:30:00+00:00,-1,7,212.97851392830137,6.236050307223227,231.4105518496058,27.442960271693345,0.8473992394421695,2024-10-17 13:15:00+00:00,2024-10-17 13:30:00+00:00,2024-10-17 13:35:00+00:00,2024-10-17 14:30:00+00:00,-0.0150566572237959,-0.0032069258092816,continuation,0.8239742223374382,min_quota
NFLX_20260109_142000,NFLX,2026-01-09 14:20:00+00:00,-1,13,151.90299764230585,5.887302647535512,1061.3328710124829,11.160547747028176,0.6260430626132063,2026-01-09 14:05:00+00:00,2026-01-09 14:20:00+00:00,2026-01-09 14:25:00+00:00,2026-01-09 15:20:00+00:00,-0.0035235047450893,-0.0163974365647222,continuation,0.8220024994612092,min_quota
NFLX_20251212_140000,NFLX,2025-12-12 14:00:00+00:00,1,9,162.11578947368687,6.622278108481713,633.8621303090949,15.03595743808912,0.5176971409248854,2025-12-12 13:45:00+00:00,2025-12-12 14:00:00+00:00,2025-12-12 14:05:00+00:00,2025-12-12 15:00:00+00:00,0.0044342072253549,0.0166088798490868,continuation,0.8175716695229076,min_quota
NFLX_20240718_200000,NFLX,2024-07-18 20:00:00+00:00,-1,11,319.794509552096,5.411348867687575,11.660109431995831,37.740874268215286,5.130308706623439,2024-07-18 19:45:00+00:00,2024-07-18 20:00:00+00:00,2024-07-18 20:05:00+00:00,2024-07-18 21:00:00+00:00,-0.0289893246153607,0.0252273815222594,reversal,0.8122362265239143,min_quota
NFLX_20260331_132500,NFLX,2026-03-31 13:25:00+00:00,1,8,192.34902213625335,5.558950306968462,470.9076697606253,10.123474880858309,0.7103549799479473,2026-03-31 13:10:00+00:00,2026-03-31 13:25:00+00:00,2026-03-31 13:30:00+00:00,2026-03-31 14:25:00+00:00,0.0050056640492626,0.0145579105116677,continuation,0.8050975664027995,min_quota
NFLX_20260209_143000,NFLX,2026-02-09 14:30:00+00:00,-1,10,215.44209215441867,5.076878267564915,633.1001313197636,21.05163640190262,0.0686859358553971,2026-02-09 14:15:00+00:00,2026-02-09 14:30:00+00:00,2026-02-09 14:35:00+00:00,2026-02-09 15:30:00+00:00,-0.0200852099817407,-0.0007453416149069,unclear,0.8000363118630589,high_strength_unclear
NFLX_20260428_132500,NFLX,2026-04-28 13:25:00+00:00,-1,5,173.3207818816096,6.931029898304728,416.32654478130064,7.223114872429557,0.7203539972625285,2026-04-28 13:10:00+00:00,2026-04-28 13:25:00+00:00,2026-04-28 13:30:00+00:00,2026-04-28 14:25:00+00:00,-0.005122357764267,-0.0065069991251093,continuation,0.7968805146386913,min_quota
NFLX_20250121_205500,NFLX,2025-01-21 20:55:00+00:00,1,7,1061.526425991115,5.184697174549304,13.601307505584945,55.12365093024148,7.482240411336025,2025-01-21 20:40:00+00:00,2025-01-21 20:55:00+00:00,2025-01-21 21:00:00+00:00,2025-01-21 21:55:00+00:00,0.0039733268838753,0.1294307935852432,continuation,0.7925529258628259,min_quota
NFLX_20260225_142500,NFLX,2026-02-25 14:25:00+00:00,1,12,192.9868819374314,5.130496609784526,1108.5166002656042,11.013341610934768,0.1327642763898719,2026-02-25 14:10:00+00:00,2026-02-25 14:25:00+00:00,2026-02-25 14:30:00+00:00,2026-02-25 15:25:00+00:00,0.0058138725353067,0.0301573118550215,continuation,0.7909080019155981,min_quota
NFLX_20260129_143000,NFLX,2026-01-29 14:30:00+00:00,-1,10,148.80827020164134,5.776494237399223,949.8632881555686,18.32878395078128,0.0445094587903485,2026-01-29 14:15:00+00:00,2026-01-29 14:30:00+00:00,2026-01-29 14:35:00+00:00,2026-01-29 15:30:00+00:00,-0.0085696312209945,-0.0112416047121358,continuation,0.7861477314777161,min_quota
NFLX_20251030_195500,NFLX,2025-10-30 19:55:00+00:00,-1,4,321.3957759412378,5.137245974614938,10.541923039830264,21.010472103056745,3.441703800064935,2025-10-30 19:40:00+00:00,2025-10-30 19:55:00+00:00,2025-10-30 20:00:00+00:00,2025-10-30 20:55:00+00:00,-0.0043194608903173,0.0303591320294858,reversal,0.7805561242269534,min_quota
NFLX_20250711_132500,NFLX,2025-07-11 13:25:00+00:00,1,10,165.979790677635,6.094230616905361,14.418635411691222,13.884785742322526,15.482351009112328,2025-07-11 13:10:00+00:00,2025-07-11 13:25:00+00:00,2025-07-11 13:30:00+00:00,2025-07-11 14:25:00+00:00,0.0039760639357455,-0.0082738095238095,reversal,0.7797690551059695,min_quota
NFLX_20251021_200000,NFLX,2025-10-21 20:00:00+00:00,-1,16,668.2989690721653,4.969091937909413,10.969316994395363,61.81008060330471,13.647896460769507,2025-10-21 19:45:00+00:00,2025-10-21 20:00:00+00:00,2025-10-21 20:05:00+00:00,2025-10-21 21:00:00+00:00,-0.0625992471324127,0.0142914878797519,reversal,0.7717741975149113,min_quota
NFLX_20241120_142500,NFLX,2024-11-20 14:25:00+00:00,1,14,158.08219178082172,6.250375793744557,166.40226272784412,23.033192597442792,2.0694598447878976,2024-11-20 14:10:00+00:00,2024-11-20 14:25:00+00:00,2024-11-20 14:30:00+00:00,2024-11-20 15:25:00+00:00,0.0039931545921276,-0.0116136363636364,reversal,0.7709479740002552,min_quota
NFLX_20251111_143000,NFLX,2025-11-11 14:30:00+00:00,1,7,132.695060844672,7.398162327958656,694.5835543766578,25.452277518257794,0.1027897089234733,2025-11-11 14:15:00+00:00,2025-11-11 14:30:00+00:00,2025-11-11 14:35:00+00:00,2025-11-11 15:30:00+00:00,0.0061234355696406,0.0016994999377146,unclear,0.7697206016417732,high_strength_unclear
NFLX_20260210_140000,NFLX,2026-02-10 14:00:00+00:00,1,12,175.73502916743422,5.031482011502734,916.3146150985496,17.119749966234917,0.3946815440921378,2026-02-10 13:45:00+00:00,2026-02-10 14:00:00+00:00,2026-02-10 14:05:00+00:00,2026-02-10 15:00:00+00:00,0.0089559563243772,0.0252127918287938,continuation,0.7638286656243154,min_quota
NFLX_20260304_142500,NFLX,2026-03-04 14:25:00+00:00,-1,6,220.5428747686589,4.998524619455063,464.5009722467739,10.04987591131784,0.2431642996150604,2026-03-04 14:10:00+00:00,2026-03-04 14:25:00+00:00,2026-03-04 14:30:00+00:00,2026-03-04 15:25:00+00:00,-0.0042046969541587,0.0224510813594234,reversal,0.7632252514904321,min_quota
NFLX_20241227_141500,NFLX,2024-12-27 14:15:00+00:00,1,7,195.23258916659404,5.274257241644221,11.842183101951242,11.8947018921658,15.553338563167422,2024-12-27 14:00:00+00:00,2024-12-27 14:15:00+00:00,2024-12-27 14:20:00+00:00,2024-12-27 15:15:00+00:00,0.0032751091703058,-0.0244461371055495,reversal,0.7628878137908424,min_quota
NFLX_20260326_132500,NFLX,2026-03-26 13:25:00+00:00,-1,7,143.13811188811255,5.533907645772692,703.0160813915327,9.922505227137766,0.2610300613040099,2026-03-26 13:10:00+00:00,2026-03-26 13:25:00+00:00,2026-03-26 13:30:00+00:00,2026-03-26 14:25:00+00:00,-0.006962985321597,0.0186966980100591,reversal,0.7587209625870299,min_quota
NFLX_20250529_133000,NFLX,2025-05-29 13:30:00+00:00,-1,7,198.05992452448297,6.766162662346661,122.95881261595548,16.494267455731297,0.1444250483641539,2025-05-29 13:15:00+00:00,2025-05-29 13:30:00+00:00,2025-05-29 13:35:00+00:00,2025-05-29 14:30:00+00:00,-0.0072403806371534,-0.0108314232131693,continuation,0.7525348148355642,min_quota
NFLX_20260226_211500,NFLX,2026-02-26 21:15:00+00:00,1,14,1157.6990081122497,4.806434921423322,5.799220098697403,42.86927740303797,95.438076056475,2026-02-26 21:00:00+00:00,2026-02-26 21:15:00+00:00,2026-02-26 21:20:00+00:00,2026-02-26 22:15:00+00:00,0.0179711515724756,-0.0162601626016258,reversal,0.7510944751346971,min_quota
NFLX_20240719_132000,NFLX,2024-07-19 13:20:00+00:00,1,30,405.0074209916965,5.044696752936747,291.8222603229033,18.19573652206393,0.6835246449689913,2024-07-19 13:05:00+00:00,2024-07-19 13:20:00+00:00,2024-07-19 13:25:00+00:00,2024-07-19 14:20:00+00:00,0.0066265988596083,-0.0176974892835271,reversal,0.7481538432136445,min_quota
NFLX_20240820_133000,NFLX,2024-08-20 13:30:00+00:00,1,12,176.5218654656397,7.33242599162678,19.596606308181784,11.743871396711114,1.4847657432269858,2024-08-20 13:15:00+00:00,2024-08-20 13:30:00+00:00,2024-08-20 13:35:00+00:00,2024-08-20 14:30:00+00:00,0.007864841246723,0.0133815028901733,continuation,0.7471667410547862,min_quota
NFLX_20250402_201000,NFLX,2025-04-02 20:10:00+00:00,1,9,347.0563747507782,4.828063972346167,0.3876491448051566,9.141957076371972,78.21177682277947,2025-04-02 19:50:00+00:00,2025-04-02 20:10:00+00:00,2025-04-02 20:15:00+00:00,2025-04-02 21:10:00+00:00,0.0098853470546789,-0.0391120507399576,reversal,0.7462826470428143,min_quota
NFLX_20260211_142500,NFLX,2026-02-11 14:25:00+00:00,-1,12,133.03905339954846,5.434522280774263,756.1296356014188,10.106153502847103,0.5103200840062767,2026-02-11 14:10:00+00:00,2026-02-11 14:25:00+00:00,2026-02-11 14:30:00+00:00,2026-02-11 15:25:00+00:00,-0.0085853219314191,-0.02296142578125,continuation,0.7438650739961878,top_global
NFLX_20251110_143000,NFLX,2025-11-10 14:30:00+00:00,1,4,139.70994500077438,5.712521680230839,589.0766917293233,23.54874650699732,0.0567280228599552,2025-11-10 14:15:00+00:00,2025-11-10 14:30:00+00:00,2025-11-10 14:35:00+00:00,2025-11-10 15:30:00+00:00,0.0095586244245871,0.0055923611297374,continuation,0.7405293860930058,top_global
NFLX_20260423_100000,NFLX,2026-04-23 10:00:00+00:00,1,4,174.9003984063724,5.296589651751653,22.05583271414924,28.191412867552334,4.553206244218522,2026-04-23 09:45:00+00:00,2026-04-23 10:00:00+00:00,2026-04-23 10:05:00+00:00,2026-04-23 11:00:00+00:00,0.0163652024117142,0.0001896186440677,unclear,0.737312218923402,high_strength_unclear
NVDA_20250212_133000,NVDA,2025-02-12 13:30:00+00:00,-1,19,208.6517884438921,6.27383068198674,299.2827595708406,21.03789068340952,0.915473349353022,2025-02-12 13:15:00+00:00,2025-02-12 13:30:00+00:00,2025-02-12 13:35:00+00:00,2025-02-12 14:30:00+00:00,-0.0121339225526178,-0.0078034725907951,continuation,0.8918091522079425,min_quota
NVDA_20260209_143000,NVDA,2026-02-09 14:30:00+00:00,1,12,362.0081411126219,7.702448353529686,326.63728664566696,13.23794586949102,0.1291837780026686,2026-02-09 14:15:00+00:00,2026-02-09 14:30:00+00:00,2026-02-09 14:35:00+00:00,2026-02-09 15:30:00+00:00,0.0189908057233012,0.0208183952329061,continuation,0.8841176877908312,min_quota
NVDA_20241216_143000,NVDA,2024-12-16 14:30:00+00:00,-1,18,247.1207383113372,6.725519711024378,302.9627648788401,16.18422539546125,0.2435054410850529,2024-12-16 14:15:00+00:00,2024-12-16 14:30:00+00:00,2024-12-16 14:35:00+00:00,2024-12-16 15:30:00+00:00,-0.0124990700096719,-0.0033903412943568,continuation,0.8819968939343046,min_quota
NVDA_20260226_141000,NVDA,2026-02-26 14:10:00+00:00,-1,21,297.8901628186925,6.089457334622733,164.49344186286126,7.698982595795509,1.011046723991292,2026-02-26 13:55:00+00:00,2026-02-26 14:10:00+00:00,2026-02-26 14:15:00+00:00,2026-02-26 15:10:00+00:00,-0.0035093606606906,-0.0492933923627061,continuation,0.8769660000899904,min_quota
NVDA_20240911_133000,NVDA,2024-09-11 13:30:00+00:00,1,18,220.2211257309949,6.517212412249879,466.1148379404474,9.730910164560903,0.2284637449323037,2024-09-11 13:15:00+00:00,2024-09-11 13:30:00+00:00,2024-09-11 13:35:00+00:00,2024-09-11 14:30:00+00:00,0.0067647865435596,-0.0125306456006537,reversal,0.8764482606343051,min_quota
NVDA_20250602_132500,NVDA,2025-06-02 13:25:00+00:00,1,7,203.4840622683487,6.248904888640395,240.0023227063275,11.575974124418527,1.0896847011640225,2025-06-02 13:10:00+00:00,2025-06-02 13:25:00+00:00,2025-06-02 13:30:00+00:00,2025-06-02 14:25:00+00:00,0.0042955523736649,0.0079665142351377,continuation,0.8696202994186077,min_quota
NVDA_20250303_142500,NVDA,2025-03-03 14:25:00+00:00,-1,23,279.67371400033915,6.10235871881339,147.6333596253045,8.713298602942597,0.9693380677579686,2025-03-03 14:10:00+00:00,2025-03-03 14:25:00+00:00,2025-03-03 14:30:00+00:00,2025-03-03 15:25:00+00:00,-0.0037912398160845,-0.0323076923076922,continuation,0.8656407427451556,min_quota
NVDA_20250922_160000,NVDA,2025-09-22 16:00:00+00:00,1,12,277.4928774928753,7.446196260196282,143.1742948376796,9.952811171391472,0.9216124231130166,2025-09-22 15:45:00+00:00,2025-09-22 16:00:00+00:00,2025-09-22 16:05:00+00:00,2025-09-22 17:00:00+00:00,0.0089374661998691,0.0372110474793352,continuation,0.8594310085830845,min_quota
NVDA_20240606_130500,NVDA,2024-06-06 13:05:00+00:00,-1,20,501.4467812281232,6.219183959717348,144.6734684745156,16.089070510835494,0.8531151935941876,2024-06-06 12:50:00+00:00,2024-06-06 13:05:00+00:00,2024-06-06 13:10:00+00:00,2024-06-06 14:05:00+00:00,-0.0031378228336953,-0.0281840193704601,continuation,0.8541586513382791,min_quota
NVDA_20251217_142500,NVDA,2025-12-17 14:25:00+00:00,-1,5,168.24576514498534,6.672523902665556,426.3845266476967,12.806767428560672,0.7526489570856602,2025-12-17 14:10:00+00:00,2025-12-17 14:25:00+00:00,2025-12-17 14:30:00+00:00,2025-12-17 15:25:00+00:00,-0.0052548310543563,-0.0094859414938939,continuation,0.8524192478991877,min_quota
NVDA_20241007_132500,NVDA,2024-10-07 13:25:00+00:00,1,27,212.78304159306091,5.913055073720813,249.83571051241412,13.279054930790336,0.802631198136843,2024-10-07 13:10:00+00:00,2024-10-07 13:25:00+00:00,2024-10-07 13:30:00+00:00,2024-10-07 14:25:00+00:00,0.0034524287434765,0.0181228996639462,continuation,0.8461930553401962,min_quota
NVDA_20240903_132500,NVDA,2024-09-03 13:25:00+00:00,-1,23,274.34721242060255,5.804293258554753,222.42971224012115,10.269031952765252,0.580291644578495,2024-09-03 13:10:00+00:00,2024-09-03 13:25:00+00:00,2024-09-03 13:30:00+00:00,2024-09-03 14:25:00+00:00,-0.0050600343053172,-0.033014395310749,continuation,0.8455749296480799,min_quota
NVDA_20250103_142500,NVDA,2025-01-03 14:25:00+00:00,1,11,196.93615197828865,6.932672855086193,323.9686193683233,11.486714539744412,0.3772037814800751,2025-01-03 14:10:00+00:00,2025-01-03 14:25:00+00:00,2025-01-03 14:30:00+00:00,2025-01-03 15:25:00+00:00,0.0030085959885388,0.0221396943293814,continuation,0.8411889259011605,min_quota
NVDA_20240814_132000,NVDA,2024-08-14 13:20:00+00:00,1,18,345.7307490832884,5.563166492040566,179.1055638302042,11.79057765349028,0.990290648354289,2024-08-14 13:05:00+00:00,2024-08-14 13:20:00+00:00,2024-08-14 13:25:00+00:00,2024-08-14 14:20:00+00:00,0.0039679189531447,-0.0246384123780692,reversal,0.8397522030660702,min_quota
NVDA_20251006_105000,NVDA,2025-10-06 10:50:00+00:00,-1,11,270.3141049900015,7.114277561348792,41.14492012395078,39.04349705311722,2.540926967743491,2025-10-06 10:35:00+00:00,2025-10-06 10:50:00+00:00,2025-10-06 10:55:00+00:00,2025-10-06 11:50:00+00:00,-0.0153846153846154,-0.0073309075342465,continuation,0.8372291472435636,min_quota
NVDA_20240716_133000,NVDA,2024-07-16 13:30:00+00:00,-1,15,243.1805455563607,5.750940228697259,294.6715355573436,15.9137856984039,0.0934411942553049,2024-07-16 13:15:00+00:00,2024-07-16 13:30:00+00:00,2024-07-16 13:35:00+00:00,2024-07-16 14:30:00+00:00,-0.0045864427860694,-0.016712221788364,continuation,0.8346157366331337,min_quota
NVDA_20250312_132500,NVDA,2025-03-12 13:25:00+00:00,1,25,274.6388427475055,5.239896319567483,271.05317905284505,7.768171538481116,0.680530302725537,2025-03-12 13:10:00+00:00,2025-03-12 13:25:00+00:00,2025-03-12 13:30:00+00:00,2025-03-12 14:25:00+00:00,0.0060830468130124,0.0046451104100946,continuation,0.8334751122722837,min_quota
NVDA_20251203_140000,NVDA,2025-12-03 14:00:00+00:00,-1,18,177.98724701968194,5.921436556723545,276.22231820323543,15.665926394879143,1.008624995099148,2025-12-03 13:45:00+00:00,2025-12-03 14:00:00+00:00,2025-12-03 14:05:00+00:00,2025-12-03 15:00:00+00:00,-0.0129056850359398,-0.002592817344293,unclear,0.8316079680844308,high_strength_unclear
NVDA_20260123_110000,NVDA,2026-01-23 11:00:00+00:00,1,8,247.32293308691757,6.460970602420691,26.54304122998645,26.2117817659926,2.9449142180405263,2026-01-23 10:45:00+00:00,2026-01-23 11:00:00+00:00,2026-01-23 11:05:00+00:00,2026-01-23 12:00:00+00:00,0.0185497470489037,-0.0011749626148258,unclear,0.8296977637132721,high_strength_unclear
NVDA_20250107_143000,NVDA,2025-01-07 14:30:00+00:00,-1,25,305.67685589519834,6.649221747793186,138.57989380954794,11.83251772475812,0.5673720012520629,2025-01-07 14:15:00+00:00,2025-01-07 14:30:00+00:00,2025-01-07 14:35:00+00:00,2025-01-07 15:30:00+00:00,-0.0175959780621571,-0.0519748778785764,continuation,0.8257958426049652,min_quota
NVDA_20240822_134500,NVDA,2024-08-22 13:45:00+00:00,-1,24,259.56832223381633,5.868319442891503,123.45517465308632,8.575585521411695,0.86536980674698,2024-08-22 13:30:00+00:00,2024-08-22 13:45:00+00:00,2024-08-22 13:50:00+00:00,2024-08-22 14:45:00+00:00,-0.0033574023823758,-0.0143054914628519,continuation,0.8249080961342607,min_quota
NVDA_20250404_100500,NVDA,2025-04-04 10:05:00+00:00,-1,6,330.38287361053966,6.801565934005183,15.441786801503282,9.029157260618623,3.417141888941896,2025-04-04 09:50:00+00:00,2025-04-04 10:05:00+00:00,2025-04-04 10:10:00+00:00,2025-04-04 11:05:00+00:00,-0.0096134981361585,-0.0325871632329635,continuation,0.8239719386071063,min_quota
NVDA_20250415_212500,NVDA,2025-04-15 21:25:00+00:00,-1,7,464.9639816633911,7.08310370105534,0.9276238360889784,10.1090040466386,26.503928767552168,2025-04-15 21:10:00+00:00,2025-04-15 21:25:00+00:00,2025-04-15 21:30:00+00:00,2025-04-15 22:25:00+00:00,-0.0248924971005441,-0.0376935730897952,continuation,0.8212213862636533,min_quota
NVDA_20250521_171500,NVDA,2025-05-21 17:15:00+00:00,-1,4,241.7145216379568,6.106462572771494,3.526186068801154,6.0563392754259535,1.851808262593933,2025-05-21 17:00:00+00:00,2025-05-21 17:15:00+00:00,2025-05-21 17:20:00+00:00,2025-05-21 18:15:00+00:00,-0.0100575783209805,-0.01966571966203,continuation,0.8162487470595541,min_quota
NVDA_20250702_132500,NVDA,2025-07-02 13:25:00+00:00,1,14,181.0886454157168,6.591795858307052,248.3415605531907,9.809488426931503,0.7425010793482595,2025-07-02 13:10:00+00:00,2025-07-02 13:25:00+00:00,2025-07-02 13:30:00+00:00,2025-07-02 14:25:00+00:00,0.0067792081468955,0.020296770819715,continuation,0.8129903040203303,min_quota
NVDA_20240701_083000,NVDA,2024-07-01 08:30:00+00:00,-1,4,232.9038652130833,6.142597985543933,7.425870028409091,18.53109869628846,20.79316286403572,2024-07-01 08:15:00+00:00,2024-07-01 08:30:00+00:00,2024-07-01 08:35:00+00:00,2024-07-01 09:30:00+00:00,-0.0067763794772506,-0.0164879792072775,continuation,0.810767059979085,min_quota
NVDA_20240610_132500,NVDA,2024-06-10 13:25:00+00:00,1,20,261.7489589530076,5.857214184583556,174.86841515083557,7.103572035857471,0.351687716583978,2024-06-10 13:10:00+00:00,2024-06-10 13:25:00+00:00,2024-06-10 13:30:00+00:00,2024-06-10 14:25:00+00:00,0.0055137844611528,-0.0035726154868725,reversal,0.8051826188713946,min_quota
NVDA_20250210_142500,NVDA,2025-02-10 14:25:00+00:00,-1,8,264.5950311514533,4.8765335158513405,187.37923559877063,12.76486581386058,1.1841298099480424,2025-02-10 14:10:00+00:00,2025-02-10 14:25:00+00:00,2025-02-10 14:30:00+00:00,2025-02-10 15:25:00+00:00,-0.0058877504205536,0.0338050919160064,reversal,0.8051336947394265,min_quota
NVDA_20250227_142500,NVDA,2025-02-27 14:25:00+00:00,1,30,476.8158054862237,6.28355536058838,75.86932029633739,7.116597668898409,0.6807263183309684,2025-02-27 14:10:00+00:00,2025-02-27 14:25:00+00:00,2025-02-27 14:30:00+00:00,2025-02-27 15:25:00+00:00,0.0059616961025412,-0.0556337506481962,reversal,0.8034555848115816,min_quota
NVDA_20251113_143000,NVDA,2025-11-13 14:30:00+00:00,-1,16,207.93243532178485,6.981655459522476,263.0084933296803,9.038277449066646,0.1284712296712678,2025-11-13 14:15:00+00:00,2025-11-13 14:30:00+00:00,2025-11-13 14:35:00+00:00,2025-11-13 15:30:00+00:00,-0.0057210277923438,-0.0122568021560158,continuation,0.8026654122430272,min_quota
NVDA_20240711_120000,NVDA,2024-07-11 12:00:00+00:00,-1,12,212.9719264278829,6.079824253665849,58.06886163115989,15.021965043804638,1.5758503495882283,2024-07-11 11:45:00+00:00,2024-07-11 12:00:00+00:00,2024-07-11 12:05:00+00:00,2024-07-11 13:00:00+00:00,-0.0043513533446419,0.0073333333333334,reversal,0.8020629121627241,min_quota
NVDA_20250224_143500,NVDA,2025-02-24 14:35:00+00:00,1,23,380.5189921022945,7.321138955726266,125.5057494682455,10.589106668105268,0.363132127678967,2025-02-24 14:20:00+00:00,2025-02-24 14:35:00+00:00,2025-02-24 14:40:00+00:00,2025-02-24 15:35:00+00:00,0.0030071129082751,-0.035885277380519,reversal,0.801026111445934,min_quota
NVDA_20240729_133000,NVDA,2024-07-29 13:30:00+00:00,1,26,210.22077579382344,5.2331817005779895,289.51927379658633,8.628349493611564,0.6984639761625371,2024-07-29 13:15:00+00:00,2024-07-29 13:30:00+00:00,2024-07-29 13:35:00+00:00,2024-07-29 14:30:00+00:00,0.009507775807386,0.0002625381596161,unclear,0.7985588997890642,high_strength_unclear
NVDA_20241015_132500,NVDA,2024-10-15 13:25:00+00:00,1,26,260.76923076922884,5.234413038497621,150.6076778115783,10.00235966123154,0.9645953105035584,2024-10-15 13:10:00+00:00,2024-10-15 13:25:00+00:00,2024-10-15 13:30:00+00:00,2024-10-15 14:25:00+00:00,0.0058330295297117,-0.0423341790503803,reversal,0.7959760934589093,min_quota
NVDA_20251202_143000,NVDA,2025-12-02 14:30:00+00:00,1,4,193.68328381203392,5.639169369551963,412.2384423157018,17.329729656665755,0.1459136435082329,2025-12-02 14:15:00+00:00,2025-12-02 14:30:00+00:00,2025-12-02 14:35:00+00:00,2025-12-02 15:30:00+00:00,0.0130089538443129,-0.0057704811443433,reversal,0.7951962160948245,min_quota
NVDA_20260225_205500,NVDA,2026-02-25 20:55:00+00:00,-1,19,350.2064535861704,5.660823612800094,5.104297902786981,25.955676105621336,15.659086780038177,2026-02-25 20:40:00+00:00,2026-02-25 20:55:00+00:00,2026-02-25 21:00:00+00:00,2026-02-25 21:55:00+00:00,-0.0066750745323315,0.0268531754135183,reversal,0.7930855783804203,min_quota
NVDA_20250422_211500,NVDA,2025-04-22 21:15:00+00:00,1,4,296.28880574375626,5.795080645601671,0.5074740422484784,4.375715052631291,37.11858541510939,2025-04-22 21:00:00+00:00,2025-04-22 21:15:00+00:00,2025-04-22 21:20:00+00:00,2025-04-22 22:15:00+00:00,0.0065696381645441,0.0207852193995381,continuation,0.7929035611658031,min_quota
NVDA_20250829_133000,NVDA,2025-08-29 13:30:00+00:00,-1,4,193.55576521713937,6.638753181418963,269.175086188253,11.40516270404497,0.1199358931267216,2025-08-29 13:15:00+00:00,2025-08-29 13:30:00+00:00,2025-08-29 13:35:00+00:00,2025-08-29 14:30:00+00:00,-0.0085031150025256,-0.0104384251790212,continuation,0.7856490185335194,min_quota
NVDA_20250709_133000,NVDA,2025-07-09 13:30:00+00:00,1,4,169.37585308350657,5.948618484228341,565.0499249494225,22.695868185614675,0.1071282935737195,2025-07-09 13:15:00+00:00,2025-07-09 13:30:00+00:00,2025-07-09 13:35:00+00:00,2025-07-09 14:30:00+00:00,0.0145314537663789,-0.0028163065434291,unclear,0.7841337837444518,high_strength_unclear
NVDA_20241021_133000,NVDA,2024-10-21 13:30:00+00:00,1,5,202.10793190872377,6.192910638406807,241.7768762677485,11.78459794676981,0.1105621122870252,2024-10-21 13:15:00+00:00,2024-10-21 13:30:00+00:00,2024-10-21 13:35:00+00:00,2024-10-21 14:30:00+00:00,0.0126114372689716,0.0116312361319876,continuation,0.7822565326417019,min_quota
NVDA_20250714_133000,NVDA,2025-07-14 13:30:00+00:00,-1,10,199.876619370758,7.516661594296769,240.89717425431712,11.37942413110298,0.1396769485679816,2025-07-14 13:15:00+00:00,2025-07-14 13:30:00+00:00,2025-07-14 13:35:00+00:00,2025-07-14 14:30:00+00:00,-0.0090110620806383,-0.0023868590386807,unclear,0.7813547593176451,high_strength_unclear
NVDA_20251223_142500,NVDA,2025-12-23 14:25:00+00:00,1,4,106.22051563357716,5.932624178706246,467.88930772018847,16.475365840186722,1.0301448062554877,2025-12-23 14:10:00+00:00,2025-12-23 14:25:00+00:00,2025-12-23 14:30:00+00:00,2025-12-23 15:25:00+00:00,0.0032903756512201,0.0127083902705658,continuation,0.7788812037487409,min_quota
NVDA_20240711_133000,NVDA,2024-07-11 13:30:00+00:00,-1,20,265.1137843843365,4.977728828860777,263.976429631905,11.157531113017956,0.3435681410047566,2024-07-11 13:15:00+00:00,2024-07-11 13:30:00+00:00,2024-07-11 13:35:00+00:00,2024-07-11 14:30:00+00:00,-0.0061785031612999,-0.0292018914096504,continuation,0.7787050738943251,min_quota
NVDA_20251208_143000,NVDA,2025-12-08 14:30:00+00:00,1,11,155.7444474910863,6.86349259187822,591.7483237174489,26.225503555790755,0.106373799166917,2025-12-08 14:15:00+00:00,2025-12-08 14:30:00+00:00,2025-12-08 14:35:00+00:00,2025-12-08 15:30:00+00:00,0.0112132675438596,-0.0043118474691412,reversal,0.7784712786905392,min_quota
NVDA_20251119_212000,NVDA,2025-11-19 21:20:00+00:00,1,4,362.50287133373416,5.560636463533681,4.403429878278635,12.75186389569168,5.56488122931154,2025-11-19 21:05:00+00:00,2025-11-19 21:20:00+00:00,2025-11-19 21:25:00+00:00,2025-11-19 22:20:00+00:00,0.0247177786100263,0.030687098626847,continuation,0.7781051248604096,min_quota
NVDA_20260203_143000,NVDA,2026-02-03 14:30:00+00:00,-1,19,176.688186102254,6.534506774649542,287.2779558213064,15.09082018328806,0.163335848507401,2026-02-03 14:15:00+00:00,2026-02-03 14:30:00+00:00,2026-02-03 14:35:00+00:00,2026-02-03 15:30:00+00:00,-0.0129172472933861,-0.0234560587805066,continuation,0.7760041560727013,top_global
NVDA_20250304_125000,NVDA,2025-03-04 12:50:00+00:00,-1,41,325.3658093247225,4.505565880336454,173.3695004105605,16.986479858229178,1.6024075480846982,2025-03-04 12:35:00+00:00,2025-03-04 12:50:00+00:00,2025-03-04 12:55:00+00:00,2025-03-04 13:50:00+00:00,-0.0052952791240352,-0.0068465216999007,continuation,0.774908771079984,top_global
NVDA_20260217_143000,NVDA,2026-02-17 14:30:00+00:00,1,5,192.37184476815327,5.729105505839627,317.7488187537526,6.514386502945847,0.0654505554401602,2026-02-17 14:15:00+00:00,2026-02-17 14:30:00+00:00,2026-02-17 14:35:00+00:00,2026-02-17 15:30:00+00:00,0.0058460180895654,-0.0140366268231165,reversal,0.7735514616667849,top_global
NVDA_20250220_135500,NVDA,2025-02-20 13:55:00+00:00,1,16,171.66502606730472,6.128076912644345,212.7649015802606,9.259791135864296,0.645858495058139,2025-02-20 13:40:00+00:00,2025-02-20 13:55:00+00:00,2025-02-20 14:00:00+00:00,2025-02-20 14:55:00+00:00,0.0032915921288014,-0.0218600670422937,reversal,0.7733658413659936,top_global
NVDA_20250124_140500,NVDA,2025-01-24 14:05:00+00:00,1,17,193.00527000205344,6.595409768060152,216.59257811601867,13.310509258680204,0.29263259765334,2025-01-24 13:50:00+00:00,2025-01-24 14:05:00+00:00,2025-01-24 14:10:00+00:00,2025-01-24 15:05:00+00:00,0.0105421686746987,-0.0038612654111908,reversal,0.7730257096269966,top_global
NVDA_20241111_143000,NVDA,2024-11-11 14:30:00+00:00,-1,12,236.94723791156224,6.936076070523709,121.90040495457374,9.181763905059714,0.1594821069395274,2024-11-11 14:15:00+00:00,2024-11-11 14:30:00+00:00,2024-11-11 14:35:00+00:00,2024-11-11 15:30:00+00:00,-0.006804554335377,-0.0124820241486907,continuation,0.7718624313205955,top_global
NVDA_20241227_143000,NVDA,2024-12-27 14:30:00+00:00,-1,8,166.17145372509913,6.677618544093035,321.20639155877626,11.722902844334731,0.0739995789631741,2024-12-27 14:15:00+00:00,2024-12-27 14:30:00+00:00,2024-12-27 14:35:00+00:00,2024-12-27 15:30:00+00:00,-0.0072038289909313,-0.0197123223219521,continuation,0.7713956395720625,top_global
NVDA_20250821_132500,NVDA,2025-08-21 13:25:00+00:00,1,15,149.86219568213778,6.050404037109594,165.54189308732467,7.169579955900352,1.748028951897287,2025-08-21 13:10:00+00:00,2025-08-21 13:25:00+00:00,2025-08-21 13:30:00+00:00,2025-08-21 14:25:00+00:00,0.0051190183259015,0.0094091403077274,continuation,0.7697438241906536,top_global
NVDA_20250722_133000,NVDA,2025-07-22 13:30:00+00:00,-1,17,223.22717622080376,5.623742868790305,223.5622243191644,16.44573511536233,0.1673943279855968,2025-07-22 13:15:00+00:00,2025-07-22 13:30:00+00:00,2025-07-22 13:35:00+00:00,2025-07-22 14:30:00+00:00,-0.0136738152281891,-0.0127969666449434,continuation,0.7671073040392482,top_global
NVDA_20250820_133000,NVDA,2025-08-20 13:30:00+00:00,-1,20,204.44131124426775,6.075958192970754,202.9975882900738,9.814488859407318,0.1497894519296351,2025-08-20 13:15:00+00:00,2025-08-20 13:30:00+00:00,2025-08-20 13:35:00+00:00,2025-08-20 14:30:00+00:00,-0.0075822359044522,-0.0219996553308823,continuation,0.7664174784741509,top_global
NVDA_20240905_130500,NVDA,2024-09-05 13:05:00+00:00,1,29,303.22795025159,4.727673849001446,228.51490110442555,8.997875269477975,0.6237995970252164,2024-09-05 12:50:00+00:00,2024-09-05 13:05:00+00:00,2024-09-05 13:10:00+00:00,2024-09-05 14:05:00+00:00,0.0050370651967306,0.0278969267139479,continuation,0.764756300019338,top_global
NVDA_20250430_195500,NVDA,2025-04-30 19:55:00+00:00,1,10,293.16861805107175,5.385265873322707,7.227534789094506,10.1536597381141,8.753670073091046,2025-04-30 19:40:00+00:00,2025-04-30 19:55:00+00:00,2025-04-30 20:00:00+00:00,2025-04-30 20:55:00+00:00,0.0110610215178696,0.0324063433693402,continuation,0.7624637124938394,top_global
NVDA_20241125_143000,NVDA,2024-11-25 14:30:00+00:00,-1,15,263.4765878934586,4.904568304005095,264.4347626522725,15.548358858386177,0.214702453740695,2024-11-25 14:15:00+00:00,2024-11-25 14:30:00+00:00,2024-11-25 14:35:00+00:00,2024-11-25 15:30:00+00:00,-0.0190015479876161,-0.0216576590792535,continuation,0.7616015445200313,top_global
NVDA_20250929_133000,NVDA,2025-09-29 13:30:00+00:00,1,5,178.5120301585552,5.563693447717212,348.17709494779825,16.090612780926197,0.0969493637663566,2025-09-29 13:15:00+00:00,2025-09-29 13:30:00+00:00,2025-09-29 13:35:00+00:00,2025-09-29 14:30:00+00:00,0.0118743757629564,0.004715946479491,continuation,0.7597920612409161,top_global
NVDA_20260105_143000,NVDA,2026-01-05 14:30:00+00:00,1,4,169.19945911821887,5.5672895956305,356.872152137074,13.027009403750135,0.1810420645210145,2026-01-05 14:15:00+00:00,2026-01-05 14:30:00+00:00,2026-01-05 14:35:00+00:00,2026-01-05 15:30:00+00:00,0.0045078575183878,-0.0151833139007643,reversal,0.7593218805157422,top_global
NVDA_20241121_140500,NVDA,2024-11-21 14:05:00+00:00,1,23,300.6595098478137,4.515516959293933,198.64801657874452,11.210689306490933,0.9121921348559536,2024-11-21 13:50:00+00:00,2024-11-21 14:05:00+00:00,2024-11-21 14:10:00+00:00,2024-11-21 15:05:00+00:00,0.0050067540186411,-0.0323411152993958,reversal,0.7575039968364972,top_global
NVDA_20251114_141000,NVDA,2025-11-14 14:10:00+00:00,1,20,275.9935619660769,5.391324792901134,111.37442093295547,12.698653255710695,0.5811460528659989,2025-11-14 13:55:00+00:00,2025-11-14 14:10:00+00:00,2025-11-14 14:15:00+00:00,2025-11-14 15:10:00+00:00,0.0034100060676265,0.0227977628276239,continuation,0.7546928528459138,top_global
NVDA_20241114_142500,NVDA,2024-11-14 14:25:00+00:00,1,13,163.76167438278966,5.784748218285388,157.38416760149167,8.02036621936618,1.1613642166770268,2024-11-14 14:10:00+00:00,2024-11-14 14:25:00+00:00,2024-11-14 14:30:00+00:00,2024-11-14 15:25:00+00:00,0.0033992682159245,0.004709388971684,continuation,0.7534081304669742,top_global
NVDA_20260213_141500,NVDA,2026-02-13 14:15:00+00:00,-1,13,189.25861246608557,5.126453964187308,347.55593265279066,7.728757558159184,0.2623345641071729,2026-02-13 14:00:00+00:00,2026-02-13 14:15:00+00:00,2026-02-13 14:20:00+00:00,2026-02-13 15:15:00+00:00,-0.0031436775497182,-0.0237842243616004,continuation,0.7529463776390268,top_global
NVDA_20250815_133000,NVDA,2025-08-15 13:30:00+00:00,-1,14,136.39808032331447,6.437175793681576,737.0357699390848,12.15686399095217,0.1108683176101783,2025-08-15 13:15:00+00:00,2025-08-15 13:30:00+00:00,2025-08-15 13:35:00+00:00,2025-08-15 14:30:00+00:00,-0.0057996623231966,-0.0059999447009705,continuation,0.7527030416395921,top_global
NVDA_20260430_133000,NVDA,2026-04-30 13:30:00+00:00,-1,23,179.36329340128455,6.475092857882017,217.39560775677492,9.230210563874186,0.2229795323175847,2026-04-30 13:15:00+00:00,2026-04-30 13:30:00+00:00,2026-04-30 13:35:00+00:00,2026-04-30 14:30:00+00:00,-0.0082905739262636,-0.0417035954679378,continuation,0.7488422363173646,top_global
NVDA_20241231_142500,NVDA,2024-12-31 14:25:00+00:00,-1,21,163.48552038820907,5.584379048786091,237.85046503200869,9.32465976292856,0.8285508175393815,2024-12-31 14:10:00+00:00,2024-12-31 14:25:00+00:00,2024-12-31 14:30:00+00:00,2024-12-31 15:25:00+00:00,-0.005047591577733,-0.003696187853312,continuation,0.7488234865884051,top_global
NVDA_20240730_132500,NVDA,2024-07-30 13:25:00+00:00,-1,14,223.44827586206816,4.728361741652666,253.19467101024716,12.357262294734392,0.6104280860495082,2024-07-30 13:10:00+00:00,2024-07-30 13:25:00+00:00,2024-07-30 13:30:00+00:00,2024-07-30 14:25:00+00:00,-0.0033059284171315,-0.036105631276901,continuation,0.7487751285485138,top_global
NVDA_20250507_194000,NVDA,2025-05-07 19:40:00+00:00,1,4,323.663178345921,5.167073677883328,16.706570976458064,12.150863822524606,7.165796307729493,2025-05-07 19:25:00+00:00,2025-05-07 19:40:00+00:00,2025-05-07 19:45:00+00:00,2025-05-07 20:40:00+00:00,0.0323663178345918,-0.0021385799828913,unclear,0.7480502175489285,high_strength_unclear
NVDA_20240808_121000,NVDA,2024-08-08 12:10:00+00:00,-1,8,380.30987071619336,5.425435053855065,23.514005131569824,7.865315385098971,0.954559687491205,2024-08-08 11:55:00+00:00,2024-08-08 12:10:00+00:00,2024-08-08 12:15:00+00:00,2024-08-08 13:10:00+00:00,-0.0036493991719681,0.024540735350456,reversal,0.7451154040427728,top_global
NVDA_20241120_212000,NVDA,2024-11-20 21:20:00+00:00,-1,6,370.08097741156433,5.108965609693442,3.8087526444076008,16.267877480304417,6.3043141152482445,2024-11-20 21:05:00+00:00,2024-11-20 21:20:00+00:00,2024-11-20 21:25:00+00:00,2024-11-20 22:20:00+00:00,-0.0063295493636049,-0.0058111195734958,continuation,0.7430852893692208,top_global
NVDA_20241023_133000,NVDA,2024-10-23 13:30:00+00:00,-1,14,180.79908019545957,5.229681327969681,401.982328071296,13.337826339292665,0.128549004955682,2024-10-23 13:15:00+00:00,2024-10-23 13:30:00+00:00,2024-10-23 13:35:00+00:00,2024-10-23 14:30:00+00:00,-0.0116588276588276,-0.0004915149741598,unclear,0.7428450449839521,high_strength_unclear
NVDA_20240906_131500,NVDA,2024-09-06 13:15:00+00:00,1,28,279.5780311273033,4.941595291263695,182.39693493664456,8.88660710198651,0.4346012962106431,2024-09-06 13:00:00+00:00,2024-09-06 13:15:00+00:00,2024-09-06 13:20:00+00:00,2024-09-06 14:15:00+00:00,0.0037962962962962,-0.0309934507886726,reversal,0.7417158357117022,top_global
NVDA_20241203_143000,NVDA,2024-12-03 14:30:00+00:00,1,8,159.79418798462984,6.384058283798014,274.1698982697157,13.167029324063552,0.0964438692805845,2024-12-03 14:15:00+00:00,2024-12-03 14:30:00+00:00,2024-12-03 14:35:00+00:00,2024-12-03 15:30:00+00:00,0.0100622511762575,-0.0056621716624826,reversal,0.7404911070462621,top_global
NVDA_20241122_143000,NVDA,2024-11-22 14:30:00+00:00,1,12,217.66467273876432,5.593429051030824,195.23733251556897,10.81697843181121,0.1445906949241342,2024-11-22 14:15:00+00:00,2024-11-22 14:30:00+00:00,2024-11-22 14:35:00+00:00,2024-11-22 15:30:00+00:00,0.0076738609112709,-0.0298850887332562,reversal,0.7404901273471851,top_global
NVDA_20250827_200000,NVDA,2025-08-27 20:00:00+00:00,1,13,460.277456435112,4.879811903432448,6.149104813431805,46.70576804365783,11.071360777900695,2025-08-27 19:45:00+00:00,2025-08-27 20:00:00+00:00,2025-08-27 20:05:00+00:00,2025-08-27 21:00:00+00:00,0.003032140691328,-0.0308332417280422,reversal,0.7400973314506143,top_global
NVDA_20251208_175500,NVDA,2025-12-08 17:55:00+00:00,1,7,229.7470599470697,5.317520423444979,11.896674153785009,11.427097131791909,1.45319552757119,2025-12-08 17:40:00+00:00,2025-12-08 17:55:00+00:00,2025-12-08 18:00:00+00:00,2025-12-08 18:55:00+00:00,0.0147159199497639,-0.0075337674218372,reversal,0.7387704505885879,top_global
PLTR_20241203_135000,PLTR,2024-12-03 13:50:00+00:00,-1,13,473.88342165026745,7.372102057067907,779.7514729512587,25.63897864428232,1.3232076634437584,2024-12-03 13:35:00+00:00,2024-12-03 13:50:00+00:00,2024-12-03 13:55:00+00:00,2024-12-03 14:50:00+00:00,-0.0041752555635017,0.0511987616341962,reversal,0.9899293142366847,min_quota
PLTR_20250627_132500,PLTR,2025-06-27 13:25:00+00:00,-1,10,366.044722973935,6.201258989137356,710.7274855411732,38.14113035103291,0.6408548173867117,2025-06-27 13:10:00+00:00,2025-06-27 13:25:00+00:00,2025-06-27 13:30:00+00:00,2025-06-27 14:25:00+00:00,-0.0050845430715369,-0.0373728930643824,continuation,0.9022016044838381,min_quota
PLTR_20241227_141500,PLTR,2024-12-27 14:15:00+00:00,-1,13,332.2764743183315,6.322064883794817,543.711407639979,34.166197181391055,0.6842010737542262,2024-12-27 14:00:00+00:00,2024-12-27 14:15:00+00:00,2024-12-27 14:20:00+00:00,2024-12-27 15:15:00+00:00,-0.0039278261936908,-0.0363795440542206,continuation,0.9005496810551616,min_quota
PLTR_20241224_142500,PLTR,2024-12-24 14:25:00+00:00,1,14,354.57920792079324,6.127475787250933,672.8779631255487,19.223783602546067,0.6741492576365413,2024-12-24 14:10:00+00:00,2024-12-24 14:25:00+00:00,2024-12-24 14:30:00+00:00,2024-12-24 15:25:00+00:00,0.0039606289463909,0.0302158468563902,continuation,0.9001052349002836,min_quota
PLTR_20260129_142500,PLTR,2026-01-29 14:25:00+00:00,-1,23,421.5219473436815,7.45303350951544,389.88506747932087,23.59246354722589,0.859317470647053,2026-01-29 14:10:00+00:00,2026-01-29 14:25:00+00:00,2026-01-29 14:30:00+00:00,2026-01-29 15:25:00+00:00,-0.0082488508280335,-0.0553015873015874,continuation,0.8930086479302977,min_quota
PLTR_20250513_132500,PLTR,2025-05-13 13:25:00+00:00,1,6,390.707444127032,7.443709493773527,430.4746610318718,18.48190072138959,0.6640030403773837,2025-05-13 13:10:00+00:00,2025-05-13 13:25:00+00:00,2025-05-13 13:30:00+00:00,2025-05-13 14:25:00+00:00,0.0083423218775982,0.028264132066033,continuation,0.89057192104817,min_quota
PLTR_20260204_134500,PLTR,2026-02-04 13:45:00+00:00,-1,38,452.0078025156304,5.8062190591419975,423.4254005934718,32.28688543033896,1.2518415458359553,2026-02-04 13:30:00+00:00,2026-02-04 13:45:00+00:00,2026-02-04 13:50:00+00:00,2026-02-04 14:45:00+00:00,-0.0070320233458034,-0.0492620403935784,continuation,0.8881580225555044,min_quota
PLTR_20260223_142500,PLTR,2026-02-23 14:25:00+00:00,-1,19,340.9348891674946,7.015887523587867,586.7399413045537,23.72564689644138,0.2723787611545019,2026-02-23 14:10:00+00:00,2026-02-23 14:25:00+00:00,2026-02-23 14:30:00+00:00,2026-02-23 15:25:00+00:00,-0.0066113028066994,-0.0212113636363636,continuation,0.8879936945547406,min_quota
PLTR_20260410_132000,PLTR,2026-04-10 13:20:00+00:00,1,6,401.0629795396459,7.355886848076787,307.58750792644264,15.142149622750535,1.1295047328944985,2026-04-10 13:05:00+00:00,2026-04-10 13:20:00+00:00,2026-04-10 13:25:00+00:00,2026-04-10 14:20:00+00:00,0.0053932323856613,-0.0447609116776717,reversal,0.8865188654423755,min_quota
PLTR_20251003_132500,PLTR,2025-10-03 13:25:00+00:00,1,31,272.9459142010193,6.91999196213914,655.6887855482024,17.339018429339454,0.8699281625766505,2025-10-03 13:10:00+00:00,2025-10-03 13:25:00+00:00,2025-10-03 13:30:00+00:00,2025-10-03 14:25:00+00:00,0.0037533050085352,-0.0403567596566524,reversal,0.883376879171405,min_quota
PLTR_20260324_130500,PLTR,2026-03-24 13:05:00+00:00,-1,28,331.3990973565417,6.770529630525052,435.99207310360015,15.631193442946431,0.7074611014473515,2026-03-24 12:50:00+00:00,2026-03-24 13:05:00+00:00,2026-03-24 13:10:00+00:00,2026-03-24 14:05:00+00:00,-0.0037120359955007,-0.0296438473021966,continuation,0.8818660499710083,min_quota
PLTR_20250819_133000,PLTR,2025-08-19 13:30:00+00:00,-1,19,422.0897701009618,7.348003377314869,948.806305972911,49.336752482417246,0.1135220182165704,2025-08-19 13:15:00+00:00,2025-08-19 13:30:00+00:00,2025-08-19 13:35:00+00:00,2025-08-19 14:30:00+00:00,-0.0253151064101198,-0.0315178027179174,continuation,0.8800356777409502,min_quota
PLTR_20250318_123500,PLTR,2025-03-18 12:35:00+00:00,-1,35,447.8886990480779,6.41422772139781,268.70889516044736,9.932721344318717,1.235885082593704,2025-03-18 12:20:00+00:00,2025-03-18 12:35:00+00:00,2025-03-18 12:40:00+00:00,2025-03-18 13:35:00+00:00,-0.0067222994900324,-0.0328471411901983,continuation,0.8705634106471274,min_quota
PLTR_20260429_132500,PLTR,2026-04-29 13:25:00+00:00,-1,13,283.0056914118417,6.123480889784957,515.9177260733989,29.88030692036365,1.0201637969171118,2026-04-29 13:10:00+00:00,2026-04-29 13:25:00+00:00,2026-04-29 13:30:00+00:00,2026-04-29 14:25:00+00:00,-0.0066808813077469,-0.0249005437893531,continuation,0.8673513276239979,min_quota
PLTR_20240816_132000,PLTR,2024-08-16 13:20:00+00:00,1,8,287.74652440995527,6.882935977566297,585.0820419325433,14.44255073744843,0.5406837926335368,2024-08-16 13:05:00+00:00,2024-08-16 13:20:00+00:00,2024-08-16 13:25:00+00:00,2024-08-16 14:20:00+00:00,0.0038948393378772,0.0408988037504041,continuation,0.8662889949237229,min_quota
PLTR_20260409_132500,PLTR,2026-04-09 13:25:00+00:00,-1,20,409.5309009679804,5.999836481607021,467.8768168845822,29.12479163653934,0.6509562439519321,2026-04-09 13:10:00+00:00,2026-04-09 13:25:00+00:00,2026-04-09 13:30:00+00:00,2026-04-09 14:25:00+00:00,-0.0044279388658763,-0.067073888091822,continuation,0.8637718197512387,min_quota
PLTR_20241211_140500,PLTR,2024-12-11 14:05:00+00:00,1,28,691.6764361078575,6.6788474831722295,342.5347596494093,17.667059725984434,0.7201466257367211,2024-12-11 13:50:00+00:00,2024-12-11 14:05:00+00:00,2024-12-11 14:10:00+00:00,2024-12-11 15:05:00+00:00,0.0045146881790392,-0.0580759770429079,reversal,0.8625096261823906,min_quota
PLTR_20250822_132500,PLTR,2025-08-22 13:25:00+00:00,-1,27,364.7442097490483,6.375507180521383,330.28235464380043,22.642545750967827,0.8496762217360815,2025-08-22 13:10:00+00:00,2025-08-22 13:25:00+00:00,2025-08-22 13:30:00+00:00,2025-08-22 14:25:00+00:00,-0.0030798480308562,0.016178081309194,reversal,0.8560106198256858,min_quota
PLTR_20240702_130500,PLTR,2024-07-02 13:05:00+00:00,1,21,258.95638629283013,5.584683664437756,1062.112215595317,23.73654227700979,1.6641217968393132,2024-07-02 12:50:00+00:00,2024-07-02 13:05:00+00:00,2024-07-02 13:10:00+00:00,2024-07-02 14:05:00+00:00,0.0031225604996096,0.0186770428015563,continuation,0.8539725325314942,min_quota
PLTR_20240705_132500,PLTR,2024-07-05 13:25:00+00:00,1,14,200.42194092826816,6.809543959066197,1123.4365733113673,19.92764971318913,1.2224432877442832,2024-07-05 13:10:00+00:00,2024-07-05 13:25:00+00:00,2024-07-05 13:30:00+00:00,2024-07-05 14:25:00+00:00,0.0081206496519721,0.0347142309167625,continuation,0.8525711600075645,min_quota
PLTR_20260116_142500,PLTR,2026-01-16 14:25:00+00:00,1,17,281.72808348339686,7.157268593490103,2252.3153846153846,47.28516777450248,0.3231096185451463,2026-01-16 14:10:00+00:00,2026-01-16 14:25:00+00:00,2026-01-16 14:30:00+00:00,2026-01-16 15:25:00+00:00,0.0083684358326312,-0.0363150272919682,reversal,0.8413095436369273,min_quota
PLTR_20250107_140000,PLTR,2025-01-07 14:00:00+00:00,1,30,330.737592541821,6.498572245498735,272.976467268623,12.125120342741289,0.9910522476723004,2025-01-07 13:45:00+00:00,2025-01-07 14:00:00+00:00,2025-01-07 14:05:00+00:00,2025-01-07 15:00:00+00:00,0.0030736335694241,-0.0404343192112975,reversal,0.8404774240015522,min_quota
PLTR_20250131_143000,PLTR,2025-01-31 14:30:00+00:00,1,12,315.69860648662296,6.474212194243833,684.1064454812511,27.993354840307934,0.0548348124355504,2025-01-31 14:15:00+00:00,2025-01-31 14:30:00+00:00,2025-01-31 14:35:00+00:00,2025-01-31 15:30:00+00:00,0.0212200838884777,0.0229257997997101,continuation,0.839573023417941,min_quota
PLTR_20241212_133000,PLTR,2024-12-12 13:30:00+00:00,-1,31,411.3968033356552,5.754963702536686,345.3676262738972,15.16306232695699,1.072375054160095,2024-12-12 13:15:00+00:00,2024-12-12 13:30:00+00:00,2024-12-12 13:35:00+00:00,2024-12-12 14:30:00+00:00,-0.0116166505324298,0.0385378480481319,reversal,0.8388609589157905,min_quota
PLTR_20250402_132500,PLTR,2025-04-02 13:25:00+00:00,1,12,430.6979014153223,6.251107227513996,230.00022324750708,9.33848891316981,1.1679751861609882,2025-04-02 13:10:00+00:00,2025-04-02 13:25:00+00:00,2025-04-02 13:30:00+00:00,2025-04-02 14:25:00+00:00,0.0062271062271062,0.0421672127169034,continuation,0.838475346819501,min_quota
PLTR_20250214_142500,PLTR,2025-02-14 14:25:00+00:00,1,23,238.13588255377604,6.149434909243444,565.132764016337,27.47366291524625,1.0208875985048975,2025-02-14 14:10:00+00:00,2025-02-14 14:25:00+00:00,2025-02-14 14:30:00+00:00,2025-02-14 15:25:00+00:00,0.0065744535519125,0.0168945627279666,continuation,0.8375972812936487,min_quota
PLTR_20250714_132500,PLTR,2025-07-14 13:25:00+00:00,1,18,216.7487684729097,7.725509928471858,487.9255718675316,26.56224044884684,1.073450623075299,2025-07-14 13:10:00+00:00,2025-07-14 13:25:00+00:00,2025-07-14 13:30:00+00:00,2025-07-14 14:25:00+00:00,0.0034460932555031,0.0196222315671432,continuation,0.8353733986951866,min_quota
PLTR_20250421_132500,PLTR,2025-04-21 13:25:00+00:00,1,30,470.8851100937439,5.821265118613887,269.1525767389468,14.984980990980397,1.2780015025614062,2025-04-21 13:10:00+00:00,2025-04-21 13:25:00+00:00,2025-04-21 13:30:00+00:00,2025-04-21 14:25:00+00:00,0.0116884531590415,0.0016904805487063,unclear,0.8334016280032355,high_strength_unclear
PLTR_20241113_132000,PLTR,2024-11-13 13:20:00+00:00,1,35,301.52795838751524,6.187090873420273,477.3617236775471,17.34451231043247,0.5810783720335246,2024-11-13 13:05:00+00:00,2024-11-13 13:20:00+00:00,2024-11-13 13:25:00+00:00,2024-11-13 14:20:00+00:00,0.003483164703931,0.0226280991735536,continuation,0.8333843700218924,min_quota
PLTR_20250212_133000,PLTR,2025-02-12 13:30:00+00:00,-1,24,357.27239753355457,6.393018795343908,268.5727321524423,24.14656038241022,0.8139940405719817,2025-02-12 13:15:00+00:00,2025-02-12 13:30:00+00:00,2025-02-12 13:35:00+00:00,2025-02-12 14:30:00+00:00,-0.0168727915194345,0.0182855602480007,reversal,0.8307134338883457,min_quota
PLTR_20251112_142500,PLTR,2025-11-12 14:25:00+00:00,-1,25,292.3684634814849,5.626056910838728,631.2109193095142,37.51685290729545,0.7919973196333109,2025-11-12 14:10:00+00:00,2025-11-12 14:25:00+00:00,2025-11-12 14:30:00+00:00,2025-11-12 15:25:00+00:00,-0.0053777476113402,-0.0261417322834645,continuation,0.8274616776349981,min_quota
PLTR_20250103_134500,PLTR,2025-01-03 13:45:00+00:00,-1,29,342.41539482415374,6.087637447816489,291.3025435073628,13.459823013907483,0.9531135651318012,2025-01-03 13:30:00+00:00,2025-01-03 13:45:00+00:00,2025-01-03 13:50:00+00:00,2025-01-03 14:45:00+00:00,-0.0050525196117536,0.0306695175731659,reversal,0.8255372874059066,min_quota
PLTR_20250326_132500,PLTR,2025-03-26 13:25:00+00:00,1,16,288.6596840238798,7.0791099103560144,322.7697582261009,9.507036331865129,0.923920362496388,2025-03-26 13:10:00+00:00,2025-03-26 13:25:00+00:00,2025-03-26 13:30:00+00:00,2025-03-26 14:25:00+00:00,0.0036469730123995,-0.0283430232558138,reversal,0.8218069075716203,min_quota
PLTR_20250604_133000,PLTR,2025-06-04 13:30:00+00:00,-1,14,291.63710885157457,7.105396077792927,499.9129507147429,20.768744074775647,0.1355660941284176,2025-06-04 13:15:00+00:00,2025-06-04 13:30:00+00:00,2025-06-04 13:35:00+00:00,2025-06-04 14:30:00+00:00,-0.012637279975929,-0.0255980496724057,continuation,0.8195701965966249,min_quota
PLTR_20241218_141000,PLTR,2024-12-18 14:10:00+00:00,-1,29,396.72947510094536,5.8479769829830985,320.73577782884155,18.905333474499628,0.8147963173821068,2024-12-18 13:55:00+00:00,2024-12-18 14:10:00+00:00,2024-12-18 14:15:00+00:00,2024-12-18 15:10:00+00:00,-0.0031047516198704,0.0249153689911985,reversal,0.8126281386696093,min_quota
PLTR_20241118_142000,PLTR,2024-11-18 14:20:00+00:00,-1,22,702.3632457445106,6.417998365136061,310.5050530465048,15.29605698828196,0.4037839859535441,2024-11-18 14:05:00+00:00,2024-11-18 14:20:00+00:00,2024-11-18 14:25:00+00:00,2024-11-18 15:20:00+00:00,-0.006290273089905,-0.0501760074108382,continuation,0.810994641450739,min_quota
PLTR_20250314_131500,PLTR,2025-03-14 13:15:00+00:00,-1,20,375.7667596072256,6.882696991040291,274.52577963097053,9.852568851024088,0.4213569308525652,2025-03-14 13:00:00+00:00,2025-03-14 13:15:00+00:00,2025-03-14 13:20:00+00:00,2025-03-14 14:15:00+00:00,-0.0032679738562092,0.036795385549484,reversal,0.8097195586461436,min_quota
PLTR_20250908_132500,PLTR,2025-09-08 13:25:00+00:00,1,10,235.8337128358623,6.084092125337048,720.3186306780777,29.108671067905615,0.7820883807452953,2025-09-08 13:10:00+00:00,2025-09-08 13:25:00+00:00,2025-09-08 13:30:00+00:00,2025-09-08 14:25:00+00:00,0.0083984374999999,0.0170766350313125,continuation,0.8093739918205969,min_quota
PLTR_20241016_133000,PLTR,2024-10-16 13:30:00+00:00,-1,13,301.33657351154363,8.026005603660733,465.7007709003817,16.897286210485255,0.0585174729312251,2024-10-16 13:15:00+00:00,2024-10-16 13:30:00+00:00,2024-10-16 13:35:00+00:00,2024-10-16 14:30:00+00:00,-0.0091849751948971,-0.0177915748714867,continuation,0.8080720816908631,min_quota
PLTR_20250219_200000,PLTR,2025-02-19 20:00:00+00:00,-1,14,646.3485793796808,6.862339770577134,19.122552807121625,12.161988026209825,3.5340666897237183,2025-02-19 19:45:00+00:00,2025-02-19 20:00:00+00:00,2025-02-19 20:05:00+00:00,2025-02-19 21:00:00+00:00,-0.017861472561222,-0.086899275839368,continuation,0.8054046448289855,min_quota
PLTR_20240529_205000,PLTR,2024-05-29 20:50:00+00:00,-1,12,355.62499999999943,6.90887302945153,2.373714891973084,11.564857161994146,17.503409478067365,2024-05-29 20:35:00+00:00,2024-05-29 20:50:00+00:00,2024-05-29 20:55:00+00:00,2024-05-29 21:50:00+00:00,-0.008173076923077,0.038846340281144,reversal,0.8025545939548722,min_quota
PLTR_20251202_143000,PLTR,2025-12-02 14:30:00+00:00,1,26,237.04227843622584,6.496616768349104,785.5719832735962,32.38278998320924,0.3658836346586198,2025-12-02 14:15:00+00:00,2025-12-02 14:30:00+00:00,2025-12-02 14:35:00+00:00,2025-12-02 15:30:00+00:00,0.0161794176588472,0.0010150517676401,unclear,0.8012426595625555,high_strength_unclear
PLTR_20250321_123500,PLTR,2025-03-21 12:35:00+00:00,-1,27,292.6313315313212,5.809085459604811,450.2305465690448,6.664936418545797,0.6922797684531881,2025-03-21 12:20:00+00:00,2025-03-21 12:35:00+00:00,2025-03-21 12:40:00+00:00,2025-03-21 13:35:00+00:00,-0.0057626595330426,-0.0140208574739281,continuation,0.7993118364311127,top_global
PLTR_20250203_210500,PLTR,2025-02-03 21:05:00+00:00,1,5,1499.7318715366737,6.446507509784088,6.584779328267546,23.160906389009696,8.077031271536317,2025-02-03 20:50:00+00:00,2025-02-03 21:05:00+00:00,2025-02-03 21:10:00+00:00,2025-02-03 22:05:00+00:00,0.1200454708627498,0.0873676046075839,continuation,0.7982097372465189,top_global
PLTR_20251106_143500,PLTR,2025-11-06 14:35:00+00:00,1,24,357.9763656788559,6.675190297770191,257.9788872040126,12.73792961923385,0.3629179722235705,2025-11-06 14:20:00+00:00,2025-11-06 14:35:00+00:00,2025-11-06 14:40:00+00:00,2025-11-06 15:35:00+00:00,0.0057023384648164,-0.0440962815246781,reversal,0.7981707546821899,top_global
PLTR_20240826_133000,PLTR,2024-08-26 13:30:00+00:00,1,13,217.14470912331808,7.069829597633956,642.0953196347032,19.120500555961836,0.4635629726797177,2024-08-26 13:15:00+00:00,2024-08-26 13:30:00+00:00,2024-08-26 13:35:00+00:00,2024-08-26 14:30:00+00:00,0.0052854392206367,-0.0196606944664659,reversal,0.7981183173214048,top_global
PLTR_20251007_133000,PLTR,2025-10-07 13:30:00+00:00,1,26,242.57563141826037,7.001205029912969,415.8251881403572,12.654422056650612,0.7011343931917529,2025-10-07 13:15:00+00:00,2025-10-07 13:30:00+00:00,2025-10-07 13:35:00+00:00,2025-10-07 14:30:00+00:00,0.0034935950756944,0.0269120247568523,continuation,0.7967355894654626,top_global
PLTR_20250521_171500,PLTR,2025-05-21 17:15:00+00:00,-1,4,358.66238894373123,6.393819922220359,7.311883716362208,7.435406565284305,1.799487781298904,2025-05-21 17:00:00+00:00,2025-05-21 17:15:00+00:00,2025-05-21 17:20:00+00:00,2025-05-21 18:15:00+00:00,-0.0091817821782178,-0.0144758847173412,continuation,0.7886227260041858,top_global
PLTR_20241206_142500,PLTR,2024-12-06 14:25:00+00:00,-1,11,294.544208361891,6.100730388131304,255.38919429174305,12.556631076350453,1.1000381942108373,2024-12-06 14:10:00+00:00,2024-12-06 14:25:00+00:00,2024-12-06 14:30:00+00:00,2024-12-06 15:25:00+00:00,-0.0058599073316979,0.0376997943797119,reversal,0.7847778517147903,top_global
PLTR_20250404_100500,PLTR,2025-04-04 10:05:00+00:00,-1,31,330.26597756207866,6.214263062326436,67.29887479266598,27.79553758113216,2.014120495494605,2025-04-04 09:50:00+00:00,2025-04-04 10:05:00+00:00,2025-04-04 10:10:00+00:00,2025-04-04 11:05:00+00:00,-0.0080908102886124,-0.0345751156561967,continuation,0.7830191499182728,top_global
PLTR_20250430_121500,PLTR,2025-04-30 12:15:00+00:00,-1,21,255.8348294434487,7.189046506636132,340.7525065963061,13.40954121684224,0.6675517025590744,2025-04-30 12:00:00+00:00,2025-04-30 12:15:00+00:00,2025-04-30 12:20:00+00:00,2025-04-30 13:15:00+00:00,-0.005838779956427,-0.0300666199158484,continuation,0.7768613085714347,top_global
PLTR_20241115_142000,PLTR,2024-11-15 14:20:00+00:00,1,32,340.1807723911277,4.872025800146673,352.4310746124456,15.3243739500505,1.0580637703987206,2024-11-15 14:05:00+00:00,2024-11-15 14:20:00+00:00,2024-11-15 14:25:00+00:00,2024-11-15 15:20:00+00:00,0.0038030253206182,0.0195343915690575,continuation,0.771816737668495,top_global
PLTR_20250206_142500,PLTR,2025-02-06 14:25:00+00:00,1,13,288.4371909000971,6.480708525591077,206.33836482106025,11.805007185255338,0.9030687733824688,2025-02-06 14:10:00+00:00,2025-02-06 14:25:00+00:00,2025-02-06 14:30:00+00:00,2025-02-06 15:25:00+00:00,0.0034739454094292,0.0660138476755687,continuation,0.7694689035096991,top_global
PLTR_20240716_093000,PLTR,2024-07-16 09:30:00+00:00,-1,5,314.06138472519496,6.331280862499511,36.28103656086782,25.07225289534307,1.6250850264282952,2024-07-16 09:15:00+00:00,2024-07-16 09:30:00+00:00,2024-07-16 09:35:00+00:00,2024-07-16 10:30:00+00:00,-0.0214532871972317,-0.0053041018387554,continuation,0.7654053123317519,top_global
PLTR_20240924_133000,PLTR,2024-09-24 13:30:00+00:00,-1,11,238.31964454019476,6.368581492746165,570.2207304825837,18.60485759657356,0.0519917822511919,2024-09-24 13:15:00+00:00,2024-09-24 13:30:00+00:00,2024-09-24 13:35:00+00:00,2024-09-24 14:30:00+00:00,-0.0158019489070319,-0.0149852823120149,continuation,0.7649474298245273,top_global
PLTR_20240709_133000,PLTR,2024-07-09 13:30:00+00:00,1,18,279.0952207223607,5.629999181078091,647.6607240312898,14.814356435642978,0.2235585503160878,2024-07-09 13:15:00+00:00,2024-07-09 13:30:00+00:00,2024-07-09 13:35:00+00:00,2024-07-09 14:30:00+00:00,0.0035893754486719,-0.0143061516452075,reversal,0.7645965523743816,top_global
PLTR_20240805_200000,PLTR,2024-08-05 20:00:00+00:00,1,4,1713.6297223961571,5.960606245849002,7.750290844857471,18.02240537305955,11.286653442970474,2024-08-05 19:45:00+00:00,2024-08-05 20:00:00+00:00,2024-08-05 20:05:00+00:00,2024-08-05 21:00:00+00:00,0.0365115793866055,0.1272141706924314,continuation,0.7625475218107087,top_global
PLTR_20240722_133000,PLTR,2024-07-22 13:30:00+00:00,-1,24,241.22412241224245,5.829180731629849,474.6567521367521,14.862279061238889,0.6028846659673013,2024-07-22 13:15:00+00:00,2024-07-22 13:30:00+00:00,2024-07-22 13:35:00+00:00,2024-07-22 14:30:00+00:00,-0.0062275242047027,-0.019829574911534,continuation,0.7572610129996404,top_global
PLTR_20250228_140500,PLTR,2025-02-28 14:05:00+00:00,1,16,327.37345756735704,4.631312010810592,402.0512435253648,7.859348795490519,0.9961396083324832,2025-02-28 13:50:00+00:00,2025-02-28 14:05:00+00:00,2025-02-28 14:10:00+00:00,2025-02-28 15:05:00+00:00,0.0087010565568677,0.0186075169439308,continuation,0.7571009315257742,top_global
PLTR_20240812_133000,PLTR,2024-08-12 13:30:00+00:00,1,23,321.345321345321,4.560952462485111,809.4314418604652,22.497856949940427,0.5448277846654541,2024-08-12 13:15:00+00:00,2024-08-12 13:30:00+00:00,2024-08-12 13:35:00+00:00,2024-08-12 14:30:00+00:00,0.0276214073339942,-0.0490643314333845,reversal,0.7561865839801798,top_global
PLTR_20240822_132500,PLTR,2024-08-22 13:25:00+00:00,-1,10,133.661084652017,6.135006600392356,637.1266255989049,24.83620295596138,1.1132190491466545,2024-08-22 13:10:00+00:00,2024-08-22 13:25:00+00:00,2024-08-22 13:30:00+00:00,2024-08-22 14:25:00+00:00,-0.0039767513000916,0.0042106879606877,reversal,0.7544737798050842,top_global
PLTR_20241122_140500,PLTR,2024-11-22 14:05:00+00:00,1,30,252.52525252525083,4.929390959030549,446.14885988814,18.43782721733896,1.2593967127661967,2024-11-22 13:50:00+00:00,2024-11-22 14:05:00+00:00,2024-11-22 14:10:00+00:00,2024-11-22 15:05:00+00:00,0.0053833605220228,0.0043972091513873,continuation,0.7534909592615386,top_global
PLTR_20260225_143500,PLTR,2026-02-25 14:35:00+00:00,-1,21,255.8766859344952,6.6340961796216975,347.4451317296678,16.60517601458269,0.3565707922105673,2026-02-25 14:20:00+00:00,2026-02-25 14:35:00+00:00,2026-02-25 14:40:00+00:00,2026-02-25 15:35:00+00:00,-0.0076569678407351,0.0320987654320987,reversal,0.751170402975472,top_global
PLTR_20250627_195000,PLTR,2025-06-27 19:50:00+00:00,-1,7,547.6518280556797,5.780748128004386,16.707300213417007,9.408086100059288,5.432669275010004,2025-06-27 19:35:00+00:00,2025-06-27 19:50:00+00:00,2025-06-27 19:55:00+00:00,2025-06-27 20:50:00+00:00,-0.0341750108837612,0.0082638419352414,reversal,0.7495683578054961,top_global
PLTR_20240606_133000,PLTR,2024-06-06 13:30:00+00:00,1,14,224.1079199303764,6.792645102684196,438.9831772127701,18.889154494327776,0.2521873034500289,2024-06-06 13:15:00+00:00,2024-06-06 13:30:00+00:00,2024-06-06 13:35:00+00:00,2024-06-06 14:30:00+00:00,0.0056521739130435,0.0110592304366623,continuation,0.748684917914368,top_global
PLTR_20250102_143000,PLTR,2025-01-02 14:30:00+00:00,-1,21,455.3583711652198,5.670337279310905,291.3028842891076,21.079927655313,0.3244235128962535,2025-01-02 14:15:00+00:00,2025-01-02 14:30:00+00:00,2025-01-02 14:35:00+00:00,2025-01-02 15:30:00+00:00,-0.0182830809743251,0.0023953412891923,unclear,0.7446517510945667,high_strength_unclear
PLTR_20241001_133000,PLTR,2024-10-01 13:30:00+00:00,-1,11,204.3040043584843,6.43082890096774,713.5396015149021,25.048424255836128,0.0887385203397869,2024-10-01 13:15:00+00:00,2024-10-01 13:30:00+00:00,2024-10-01 13:35:00+00:00,2024-10-01 14:30:00+00:00,-0.003006993006993,-0.0148887725867453,continuation,0.7431371648528085,top_global
PLTR_20240607_211500,PLTR,2024-06-07 21:15:00+00:00,-1,9,330.3964757709243,5.931705570675486,1.2485607891117985,11.580119178185653,29.248609725799337,2024-06-07 21:00:00+00:00,2024-06-07 21:15:00+00:00,2024-06-07 21:20:00+00:00,2024-06-07 22:15:00+00:00,-0.0153714773697695,-0.0082393755420641,continuation,0.7425091571305862,top_global
PLTR_20260108_142500,PLTR,2026-01-08 14:25:00+00:00,-1,21,249.33227395940395,7.639493914551255,253.2017296050735,16.144114885911385,0.6889305936029352,2026-01-08 14:10:00+00:00,2026-01-08 14:25:00+00:00,2026-01-08 14:30:00+00:00,2026-01-08 15:25:00+00:00,-0.0034361307319882,-0.0208625336927223,continuation,0.7401541877802571,top_global
PLTR_20240906_210500,PLTR,2024-09-06 21:05:00+00:00,1,5,823.9947264337521,5.5986941605844045,4.24742957632513,20.97779321104554,13.613765593242798,2024-09-06 20:50:00+00:00,2024-09-06 21:05:00+00:00,2024-09-06 21:10:00+00:00,2024-09-06 22:05:00+00:00,0.0039708802117803,0.0764667106130518,continuation,0.7385431501630486,top_global
PLTR_20250903_132500,PLTR,2025-09-03 13:25:00+00:00,-1,14,181.73645003852988,6.728310834116726,396.9728749527768,24.949755958694517,0.7128830689626342,2025-09-03 13:10:00+00:00,2025-09-03 13:25:00+00:00,2025-09-03 13:30:00+00:00,2025-09-03 14:25:00+00:00,-0.0056013594310528,0.0159493670886077,reversal,0.7379866135771038,top_global
QQQ_20251010_145500,QQQ,2025-10-10 14:55:00+00:00,-1,11,136.47354996853656,7.322176088420655,180.7532598232257,20.10085714963357,0.5054932468324054,2025-10-10 14:40:00+00:00,2025-10-10 14:55:00+00:00,2025-10-10 15:00:00+00:00,2025-10-10 15:55:00+00:00,-0.0057187673605437,-0.0144284493525274,continuation,0.9290286795179474,min_quota
QQQ_20250822_134500,QQQ,2025-08-22 13:45:00+00:00,1,5,137.85836978271294,6.300838327066242,336.5167156245629,31.134897909209595,0.1917996624067685,2025-08-22 13:30:00+00:00,2025-08-22 13:45:00+00:00,2025-08-22 13:50:00+00:00,2025-08-22 14:45:00+00:00,0.004371791120215,0.011953982315261,continuation,0.919530308627966,min_quota
QQQ_20241015_141500,QQQ,2024-10-15 14:15:00+00:00,-1,6,94.79840514260206,7.077883233085628,252.8334295850177,11.188300167683163,0.1711429051631772,2024-10-15 14:00:00+00:00,2024-10-15 14:15:00+00:00,2024-10-15 14:20:00+00:00,2024-10-15 15:15:00+00:00,-0.003172053804457,-0.0075948602271811,continuation,0.8634267901093879,min_quota
QQQ_20250115_133000,QQQ,2025-01-15 13:30:00+00:00,1,3,142.721800059209,5.2601155485191535,220.12422132649323,53.02245213710426,0.5648947903496536,2025-01-15 13:15:00+00:00,2025-01-15 13:30:00+00:00,2025-01-15 13:35:00+00:00,2025-01-15 14:30:00+00:00,0.0142721800059213,-0.0010333131600506,unclear,0.8451503653796378,high_strength_unclear
QQQ_20260217_143000,QQQ,2026-02-17 14:30:00+00:00,1,16,107.84478414244349,5.178787845030966,255.88420748168144,7.931179440468504,0.1902046603215973,2026-02-17 14:15:00+00:00,2026-02-17 14:30:00+00:00,2026-02-17 14:35:00+00:00,2026-02-17 15:30:00+00:00,0.0041114435177911,-0.0118510627673563,reversal,0.8412529320363065,min_quota
QQQ_20260226_151000,QQQ,2026-02-26 15:10:00+00:00,-1,6,91.52486370395118,6.346117837702499,303.4602396000377,10.6436386652238,0.0937111749026295,2026-02-26 14:55:00+00:00,2026-02-26 15:10:00+00:00,2026-02-26 15:15:00+00:00,2026-02-26 16:10:00+00:00,-0.00497569345153,-0.0008539569408634,unclear,0.8365023459060679,high_strength_unclear
QQQ_20250521_171500,QQQ,2025-05-21 17:15:00+00:00,-1,4,118.18643564708296,6.338763348169369,7.471556290512279,5.423308148475551,1.1753020094132056,2025-05-21 17:00:00+00:00,2025-05-21 17:15:00+00:00,2025-05-21 17:20:00+00:00,2025-05-21 18:15:00+00:00,-0.0059229442208166,-0.0068066562542179,continuation,0.8337392837706998,min_quota
QQQ_20250404_100500,QQQ,2025-04-04 10:05:00+00:00,-1,9,174.18572180640805,6.0307628409515806,21.659149635893822,9.874442250069334,2.140539506742089,2025-04-04 09:50:00+00:00,2025-04-04 10:05:00+00:00,2025-04-04 10:10:00+00:00,2025-04-04 11:05:00+00:00,-0.005313092979127,-0.0205579370244853,continuation,0.8303752322934146,min_quota
QQQ_20250523_112000,QQQ,2025-05-23 11:20:00+00:00,-1,8,114.88580508892898,5.487817919213928,49.33065241547172,37.01571135137039,1.1980306211076026,2025-05-23 11:05:00+00:00,2025-05-23 11:20:00+00:00,2025-05-23 11:25:00+00:00,2025-05-23 12:20:00+00:00,-0.0043587398571733,-0.0153810072898548,continuation,0.8091079343692724,min_quota
QQQ_20240711_141000,QQQ,2024-07-11 14:10:00+00:00,-1,4,85.33451128423852,5.771082357046073,240.176381452672,18.08385233752475,0.2669066175510161,2024-07-11 13:55:00+00:00,2024-07-11 14:10:00+00:00,2024-07-11 14:15:00+00:00,2024-07-11 15:10:00+00:00,-0.0053835514204687,-0.0063473210371413,continuation,0.8049741365349194,min_quota
QQQ_20250212_133000,QQQ,2025-02-12 13:30:00+00:00,-1,3,127.15678201421277,5.791425074587585,156.70352523459297,51.88949220851542,0.329552360812527,2025-02-12 13:15:00+00:00,2025-02-12 13:30:00+00:00,2025-02-12 13:35:00+00:00,2025-02-12 14:30:00+00:00,-0.0109433177720238,-3.821899484035552e-05,unclear,0.801212098940465,high_strength_unclear
QQQ_20250227_144000,QQQ,2025-02-27 14:40:00+00:00,-1,8,111.2131814006223,4.492360531665042,316.04453529970067,11.144080797815077,0.2241888494098565,2025-02-27 14:25:00+00:00,2025-02-27 14:40:00+00:00,2025-02-27 14:45:00+00:00,2025-02-27 15:40:00+00:00,-0.007130589166136,-0.0038775887034859,continuation,0.7948877421757701,min_quota
QQQ_20250402_201000,QQQ,2025-04-02 20:10:00+00:00,1,8,368.6228658097579,5.538755217411356,4.002333578809073,14.577455145580409,7.994627623781813,2025-04-02 19:55:00+00:00,2025-04-02 20:10:00+00:00,2025-04-02 20:15:00+00:00,2025-04-02 21:10:00+00:00,0.0101858657985929,-0.0437629937629937,reversal,0.7880614233462158,min_quota
QQQ_20250820_134000,QQQ,2025-08-20 13:40:00+00:00,-1,5,80.76423603081251,6.528155961674351,285.1628309396089,10.841007610897092,0.0701176100277513,2025-08-20 13:25:00+00:00,2025-08-20 13:40:00+00:00,2025-08-20 13:45:00+00:00,2025-08-20 14:40:00+00:00,-0.0044692344236624,-0.0108167341239682,continuation,0.7859822117635504,min_quota
QQQ_20250722_134500,QQQ,2025-07-22 13:45:00+00:00,-1,4,76.55707795228395,6.618634252377413,299.68545994065283,16.139939309747575,0.0975878897642594,2025-07-22 13:30:00+00:00,2025-07-22 13:45:00+00:00,2025-07-22 13:50:00+00:00,2025-07-22 14:45:00+00:00,-0.0033306096347875,-0.0004010087598136,unclear,0.7722655966767757,high_strength_unclear
QQQ_20250318_133000,QQQ,2025-03-18 13:30:00+00:00,-1,5,93.26119450117298,6.193421889154344,126.15807390596476,7.42316315976289,0.0882819102625541,2025-03-18 13:15:00+00:00,2025-03-18 13:30:00+00:00,2025-03-18 13:35:00+00:00,2025-03-18 14:30:00+00:00,-0.0038641666666666,-0.0068498021103212,continuation,0.7606989677936269,min_quota
QQQ_20250422_211500,QQQ,2025-04-22 21:15:00+00:00,1,7,153.2118153346973,5.246315690266358,0.7339742402097015,4.438375022519697,33.20946206786425,2025-04-22 21:00:00+00:00,2025-04-22 21:15:00+00:00,2025-04-22 21:20:00+00:00,2025-04-22 22:15:00+00:00,0.0037178909418655,0.014107082725334,continuation,0.7586619817909133,min_quota
QQQ_20250409_171500,QQQ,2025-04-09 17:15:00+00:00,1,6,464.17878780735225,5.118334040880825,11.66705866879173,6.942752035050413,1.0934544713271288,2025-04-09 17:00:00+00:00,2025-04-09 17:15:00+00:00,2025-04-09 17:20:00+00:00,2025-04-09 18:15:00+00:00,0.0166662765384706,0.0487302281675223,continuation,0.7541547980721712,min_quota
QQQ_20250207_150000,QQQ,2025-02-07 15:00:00+00:00,-1,3,89.17729204614311,5.626543964636695,250.95736148621,29.413238725106268,0.2186907130125703,2025-02-07 14:45:00+00:00,2025-02-07 15:00:00+00:00,2025-02-07 15:05:00+00:00,2025-02-07 16:00:00+00:00,-0.0088389062323692,-0.0046675774134788,continuation,0.7527592301206093,min_quota
QQQ_20241001_133000,QQQ,2024-10-01 13:30:00+00:00,-1,5,72.49370068982408,6.104134082569496,380.690955693885,15.397545134441726,0.0604313844874392,2024-10-01 13:15:00+00:00,2024-10-01 13:30:00+00:00,2024-10-01 13:35:00+00:00,2024-10-01 14:30:00+00:00,-0.0037523067459503,-0.0133780640912177,continuation,0.7405657201857625,top_global
QQQ_20251106_145000,QQQ,2025-11-06 14:50:00+00:00,-1,10,83.82312328411246,6.3334175988762205,79.85688529910215,6.919141391628592,0.4073999872676572,2025-11-06 14:35:00+00:00,2025-11-06 14:50:00+00:00,2025-11-06 14:55:00+00:00,2025-11-06 15:50:00+00:00,-0.0035419886656363,-0.0084502035804302,continuation,0.7403226898957296,top_global
SPY_20251010_145500,SPY,2025-10-10 14:55:00+00:00,-1,9,107.5544378016513,6.921823218214859,610.7877947295423,24.986724989157462,0.1223882877680989,2025-10-10 14:40:00+00:00,2025-10-10 14:55:00+00:00,2025-10-10 15:00:00+00:00,2025-10-10 15:55:00+00:00,-0.005040517433648,-0.0109241437025523,continuation,0.8803788103223686,min_quota
SPY_20250402_201000,SPY,2025-04-02 20:10:00+00:00,1,8,273.00486024536053,5.436685690793616,7.978059700845625,14.569886793504075,5.035355137322609,2025-04-02 19:55:00+00:00,2025-04-02 20:10:00+00:00,2025-04-02 20:15:00+00:00,2025-04-02 21:10:00+00:00,0.0072965553882935,-0.033880127292227,reversal,0.8204340295038199,min_quota
SPY_20250422_211500,SPY,2025-04-22 21:15:00+00:00,1,7,139.33181473045008,5.366667441859324,0.726500583332586,4.158296602906113,17.260363944953763,2025-04-22 21:00:00+00:00,2025-04-22 21:15:00+00:00,2025-04-22 21:20:00+00:00,2025-04-22 22:15:00+00:00,0.0040231521017173,0.0102065889201805,continuation,0.8091157401445155,min_quota
SPY_20250523_112000,SPY,2025-05-23 11:20:00+00:00,-1,7,102.03549967001456,5.581093771273755,225.50446428571428,31.261622734679904,0.1847486577946611,2025-05-23 11:05:00+00:00,2025-05-23 11:20:00+00:00,2025-05-23 11:25:00+00:00,2025-05-23 12:20:00+00:00,-0.0032930280421918,-0.0123380310773836,continuation,0.7970221518805218,min_quota
SPY_20250115_133000,SPY,2025-01-15 13:30:00+00:00,1,3,116.05217212693918,5.355353078080848,325.9692167022249,66.46511561784759,0.3301579730397996,2025-01-15 13:15:00+00:00,2025-01-15 13:30:00+00:00,2025-01-15 13:35:00+00:00,2025-01-15 14:30:00+00:00,0.0110768703989043,0.0001862607311577,unclear,0.7969030418270115,high_strength_unclear
SPY_20250822_140000,SPY,2025-08-22 14:00:00+00:00,1,3,98.99594304600744,6.368167614131242,1080.0960028236125,37.99227980981225,0.0497177633829725,2025-08-22 13:45:00+00:00,2025-08-22 14:00:00+00:00,2025-08-22 14:05:00+00:00,2025-08-22 15:00:00+00:00,0.005230117345383,0.005086248464015,continuation,0.7960896506923266,min_quota
SPY_20250404_100500,SPY,2025-04-04 10:05:00+00:00,-1,6,124.15479237498415,5.285957159936843,22.654231175775664,9.600875254567754,1.7156088853857754,2025-04-04 09:50:00+00:00,2025-04-04 10:05:00+00:00,2025-04-04 10:10:00+00:00,2025-04-04 11:05:00+00:00,-0.0045028987410644,-0.0161706779245746,continuation,0.7816808398360044,min_quota
SPY_20260323_110500,SPY,2026-03-23 11:05:00+00:00,1,5,354.3166306494028,4.848055135568888,50.59626852372271,32.84235694620002,2.0703812279610263,2026-03-23 10:50:00+00:00,2026-03-23 11:05:00+00:00,2026-03-23 11:10:00+00:00,2026-03-23 12:05:00+00:00,0.0338139455306176,-0.0099146945100575,reversal,0.7695552347149048,min_quota
SPY_20250212_133000,SPY,2025-02-12 13:30:00+00:00,-1,3,100.79265748852208,5.572698773274685,362.09226932668327,66.04976389835986,0.1634894446723596,2025-02-12 13:15:00+00:00,2025-02-12 13:30:00+00:00,2025-02-12 13:35:00+00:00,2025-02-12 14:30:00+00:00,-0.0092488604082711,-0.0004000800160032,unclear,0.7580296075507136,high_strength_unclear
SPY_20241218_202500,SPY,2024-12-18 20:25:00+00:00,-1,7,116.60383824536602,5.021152188057772,13.1847608838866,10.369673131713302,1.477273402080441,2024-12-18 20:10:00+00:00,2024-12-18 20:25:00+00:00,2024-12-18 20:30:00+00:00,2024-12-18 21:25:00+00:00,-0.0032935641068728,-0.0115149880298075,continuation,0.7436742936443872,min_quota
SPY_20250521_171500,SPY,2025-05-21 17:15:00+00:00,-1,4,93.12627204159485,6.139914115516894,8.125424524276815,5.675913877389613,1.0223043686943756,2025-05-21 17:00:00+00:00,2025-05-21 17:15:00+00:00,2025-05-21 17:20:00+00:00,2025-05-21 18:15:00+00:00,-0.0053094352384173,-0.0053717743854757,continuation,0.742204411879426,min_quota
SPY_20250409_171500,SPY,2025-04-09 17:15:00+00:00,1,8,429.51629611921226,5.163290719594848,16.705082907440033,7.495383234157182,0.8834297862526492,2025-04-09 17:00:00+00:00,2025-04-09 17:15:00+00:00,2025-04-09 17:20:00+00:00,2025-04-09 18:15:00+00:00,0.0142405063291137,0.0424336973478938,continuation,0.7345395855663241,min_quota
SPY_20260309_191500,SPY,2026-03-09 19:15:00+00:00,1,5,103.5125661868852,5.0671282931004695,6.929795328031023,3.590683976972492,2.158669359110088,2026-03-09 19:00:00+00:00,2026-03-09 19:15:00+00:00,2026-03-09 19:20:00+00:00,2026-03-09 20:15:00+00:00,0.0046846793083383,0.0045885864480776,continuation,0.7300970843547252,min_quota
SPY_20240730_194500,SPY,2024-07-30 19:45:00+00:00,1,4,94.56747919143416,4.75157689789466,8.573373494475081,7.63903493609427,5.9484452983455975,2024-07-30 19:30:00+00:00,2024-07-30 19:45:00+00:00,2024-07-30 19:50:00+00:00,2024-07-30 20:45:00+00:00,0.0031294137195714,-0.0051718108700054,reversal,0.6808136128607878,min_quota
SPY_20250430_133500,SPY,2025-04-30 13:35:00+00:00,-1,7,74.64505654719345,5.235614566238583,303.36967984934086,10.79112661584998,0.0707119082529152,2025-04-30 13:20:00+00:00,2025-04-30 13:35:00+00:00,2025-04-30 13:40:00+00:00,2025-04-30 14:35:00+00:00,-0.0051181750050268,0.0034910981681886,reversal,0.6779112638147539,min_quota
SPY_20241218_190500,SPY,2024-12-18 19:05:00+00:00,-1,3,75.2142441134862,6.262197146362342,10.007994884884734,8.85795956719519,2.112299885580428,2024-12-18 18:50:00+00:00,2024-12-18 19:05:00+00:00,2024-12-18 19:10:00+00:00,2024-12-18 20:05:00+00:00,-0.0072412312570182,-0.0089241901276666,continuation,0.6708819210554403,min_quota
SPY_20250430_123000,SPY,2025-04-30 12:30:00+00:00,-1,4,64.14122032783132,6.07343540761705,133.342667969174,17.4106566613718,0.1912426731046734,2025-04-30 12:15:00+00:00,2025-04-30 12:30:00+00:00,2025-04-30 12:35:00+00:00,2025-04-30 13:30:00+00:00,-0.0030116656688258,-0.0056138882317615,continuation,0.6587800937746677,min_quota
TSLA_20241002_123500,TSLA,2024-10-02 12:35:00+00:00,1,18,416.15103056791946,6.448978509893311,414.3267052936529,28.5463110683484,0.7420253599064612,2024-10-02 12:20:00+00:00,2024-10-02 12:35:00+00:00,2024-10-02 12:40:00+00:00,2024-10-02 13:35:00+00:00,0.0046931022085756,-0.0371450676982592,reversal,0.9486769387633565,min_quota
TSLA_20240702_130000,TSLA,2024-07-02 13:00:00+00:00,1,27,706.4927508121976,6.106729573021492,344.72259294566254,45.94567140541427,0.8645521588512283,2024-07-02 12:45:00+00:00,2024-07-02 13:00:00+00:00,2024-07-02 13:05:00+00:00,2024-07-02 14:00:00+00:00,0.0556525958272682,0.0385623017879304,continuation,0.9398463923563032,min_quota
TSLA_20250820_132500,TSLA,2025-08-20 13:25:00+00:00,1,13,311.23477825889535,6.969671688188545,297.86378892410966,13.679550431015723,0.9184558629596532,2025-08-20 13:10:00+00:00,2025-08-20 13:25:00+00:00,2025-08-20 13:30:00+00:00,2025-08-20 14:25:00+00:00,0.0037818714163717,-0.0357924161400098,reversal,0.9196601986686681,min_quota
TSLA_20250131_142000,TSLA,2025-01-31 14:20:00+00:00,1,12,260.61008386873084,6.931696631561198,361.269263132588,13.8058295881481,0.8556733979739759,2025-01-31 14:05:00+00:00,2025-01-31 14:20:00+00:00,2025-01-31 14:25:00+00:00,2025-01-31 15:20:00+00:00,0.0041650970642155,0.0402189829397885,continuation,0.9144495267658534,min_quota
TSLA_20240906_132500,TSLA,2024-09-06 13:25:00+00:00,-1,6,411.7714996446376,5.824378109055377,334.1706759411329,17.156732476972902,0.6320147939825327,2024-09-06 13:10:00+00:00,2024-09-06 13:25:00+00:00,2024-09-06 13:30:00+00:00,2024-09-06 14:25:00+00:00,-0.0072849448029437,-0.0513365996217981,continuation,0.9044911425021758,min_quota
TSLA_20250822_133500,TSLA,2025-08-22 13:35:00+00:00,1,8,292.75856245874144,6.904377090435865,513.6943607404219,50.87540268084903,0.1260618510483691,2025-08-22 13:20:00+00:00,2025-08-22 13:35:00+00:00,2025-08-22 13:40:00+00:00,2025-08-22 14:35:00+00:00,0.0057940315245157,0.0426121159563925,continuation,0.8938109311787203,min_quota
TSLA_20260320_132500,TSLA,2026-03-20 13:25:00+00:00,-1,8,200.37403152551204,5.803852230997189,402.2625415137214,10.00098838635382,1.415941532248134,2026-03-20 13:10:00+00:00,2026-03-20 13:25:00+00:00,2026-03-20 13:30:00+00:00,2026-03-20 14:25:00+00:00,-0.0032817012339196,-0.0192282365336492,continuation,0.8909446132435068,min_quota
TSLA_20240626_133000,TSLA,2024-06-26 13:30:00+00:00,1,12,343.7834941050388,7.7315406581954305,623.4708750658936,21.60160895325234,0.0714701217839141,2024-06-26 13:15:00+00:00,2024-06-26 13:30:00+00:00,2024-06-26 13:35:00+00:00,2024-06-26 14:30:00+00:00,0.0147079901593754,0.0149681046918754,continuation,0.8889482563793076,min_quota
TSLA_20260420_131500,TSLA,2026-04-20 13:15:00+00:00,1,6,261.99046846481224,5.828977399027235,271.31891891891894,11.77805839466971,1.093118954069423,2026-04-20 13:00:00+00:00,2026-04-20 13:15:00+00:00,2026-04-20 13:20:00+00:00,2026-04-20 14:15:00+00:00,0.0036554832248374,-0.0195080576759966,reversal,0.8805287441078222,min_quota
TSLA_20240528_132500,TSLA,2024-05-28 13:25:00+00:00,-1,9,211.75983293926447,5.975564800376666,513.2787679063824,25.64316908881596,0.8632963452246508,2024-05-28 13:10:00+00:00,2024-05-28 13:25:00+00:00,2024-05-28 13:30:00+00:00,2024-05-28 14:25:00+00:00,-0.0064759544993805,-0.0047616618488919,continuation,0.8735795842429273,min_quota
TSLA_20250121_142500,TSLA,2025-01-21 14:25:00+00:00,-1,20,489.4782777346873,6.229081687536097,198.15501072943243,28.00504684776596,0.9595805580275226,2025-01-21 14:10:00+00:00,2025-01-21 14:25:00+00:00,2025-01-21 14:30:00+00:00,2025-01-21 15:25:00+00:00,-0.0047843588269119,-0.0467751404072387,continuation,0.8701533429435033,min_quota
TSLA_20241205_143000,TSLA,2024-12-05 14:30:00+00:00,1,7,295.40025554135593,6.513322622495042,335.32510584133485,18.846700987822118,0.1091101131644132,2024-12-05 14:15:00+00:00,2024-12-05 14:30:00+00:00,2024-12-05 14:35:00+00:00,2024-12-05 15:30:00+00:00,0.0180671612358698,0.0198476212597429,continuation,0.867545312043668,min_quota
TSLA_20251002_124500,TSLA,2025-10-02 12:45:00+00:00,-1,31,348.5508202489296,6.499467463074749,155.40328030178776,27.43910250096489,1.1807564533352866,2025-10-02 12:30:00+00:00,2025-10-02 12:45:00+00:00,2025-10-02 12:50:00+00:00,2025-10-02 13:45:00+00:00,-0.0058081185539493,-0.0166025902618182,continuation,0.8670567719620426,min_quota
TSLA_20240813_133000,TSLA,2024-08-13 13:30:00+00:00,-1,16,317.7497853862388,7.367639016957243,314.04648484531225,11.966117340862402,0.1461415684124722,2024-08-13 13:15:00+00:00,2024-08-13 13:30:00+00:00,2024-08-13 13:35:00+00:00,2024-08-13 14:30:00+00:00,-0.0068292805466237,0.0334089266175201,reversal,0.8594969502202832,min_quota
TSLA_20240722_133000,TSLA,2024-07-22 13:30:00+00:00,1,12,256.4572926050235,6.197665542066561,407.1622203811102,11.09859873427994,0.0841795080386836,2024-07-22 13:15:00+00:00,2024-07-22 13:30:00+00:00,2024-07-22 13:35:00+00:00,2024-07-22 14:30:00+00:00,0.0134485873850196,0.0018728094167224,unclear,0.8521902721203052,high_strength_unclear
TSLA_20241224_143000,TSLA,2024-12-24 14:30:00+00:00,1,12,288.2961399967865,6.995197400367472,296.8102773988176,14.899463513843132,0.1299928903901386,2024-12-24 14:15:00+00:00,2024-12-24 14:30:00+00:00,2024-12-24 14:35:00+00:00,2024-12-24 15:30:00+00:00,0.014289217835864,0.0142906488463447,continuation,0.8451751783217669,min_quota
TSLA_20240731_132500,TSLA,2024-07-31 13:25:00+00:00,1,14,262.0067924394132,6.593910139391102,220.36144660062425,8.518520248234612,0.8600291550224576,2024-07-31 13:10:00+00:00,2024-07-31 13:25:00+00:00,2024-07-31 13:30:00+00:00,2024-07-31 14:25:00+00:00,0.0138802384553786,0.0114085125054848,continuation,0.841198233769842,min_quota
TSLA_20240816_132500,TSLA,2024-08-16 13:25:00+00:00,-1,26,254.4493934799097,5.956144952655266,238.56130431924265,11.55923609862209,0.8201341331945935,2024-08-16 13:10:00+00:00,2024-08-16 13:25:00+00:00,2024-08-16 13:30:00+00:00,2024-08-16 14:25:00+00:00,-0.0056492916005069,0.0337376800606521,reversal,0.8392324027019273,min_quota
TSLA_20250808_133000,TSLA,2025-08-08 13:30:00+00:00,1,20,233.07994267555145,6.866106913499215,438.1340738247504,25.36465648371669,0.1918966158671985,2025-08-08 13:15:00+00:00,2025-08-08 13:30:00+00:00,2025-08-08 13:35:00+00:00,2025-08-08 14:30:00+00:00,0.0155628922288419,0.0237908857883992,continuation,0.8366755084834467,min_quota
TSLA_20240815_132500,TSLA,2024-08-15 13:25:00+00:00,1,14,265.3399668325029,5.314438536522765,685.7136889012672,15.75662178802144,0.4259262658033144,2024-08-15 13:10:00+00:00,2024-08-15 13:25:00+00:00,2024-08-15 13:30:00+00:00,2024-08-15 14:25:00+00:00,0.003376890324475,0.0461418398205051,continuation,0.8356781001134777,min_quota
TSLA_20250509_130000,TSLA,2025-05-09 13:00:00+00:00,1,19,268.4263119809849,5.181809791606209,344.6353465370774,20.97816784353097,0.7436191794244852,2025-05-09 12:45:00+00:00,2025-05-09 13:00:00+00:00,2025-05-09 13:05:00+00:00,2025-05-09 14:00:00+00:00,0.0051691240242845,0.0537033202181265,continuation,0.8351517416647563,min_quota
TSLA_20240912_132000,TSLA,2024-09-12 13:20:00+00:00,-1,24,246.539984869385,5.4942679580855165,429.4721291123526,21.382096494608398,0.3951571340895208,2024-09-12 13:05:00+00:00,2024-09-12 13:20:00+00:00,2024-09-12 13:25:00+00:00,2024-09-12 14:20:00+00:00,-0.0040858924888446,0.0195277134200677,reversal,0.8294874884211041,min_quota
TSLA_20251212_143000,TSLA,2025-12-12 14:30:00+00:00,1,12,232.3171412618641,7.084740509625555,616.9048766303896,19.947309812113826,0.1179332010677427,2025-12-12 14:15:00+00:00,2025-12-12 14:30:00+00:00,2025-12-12 14:35:00+00:00,2025-12-12 15:30:00+00:00,0.0122415807839726,-0.005288493386623,reversal,0.8292680090515858,min_quota
TSLA_20240904_132500,TSLA,2024-09-04 13:25:00+00:00,1,8,232.2018480394439,6.225285977096491,305.5072463768116,11.386218189883436,0.5447109627813662,2024-09-04 13:10:00+00:00,2024-09-04 13:25:00+00:00,2024-09-04 13:30:00+00:00,2024-09-04 14:25:00+00:00,0.0074616157267901,0.0417082087072115,continuation,0.8265026265885964,min_quota
TSLA_20240701_133000,TSLA,2024-07-01 13:30:00+00:00,1,26,233.15933383047937,5.822384007388051,297.0589993390235,9.396407359791944,0.6743802244012508,2024-07-01 13:15:00+00:00,2024-07-01 13:30:00+00:00,2024-07-01 13:35:00+00:00,2024-07-01 14:30:00+00:00,0.013937282229965,0.0347569955817379,continuation,0.8253749352590423,min_quota
TSLA_20260106_142500,TSLA,2026-01-06 14:25:00+00:00,-1,8,193.6522111978656,6.002547108578349,368.5148307971837,18.002940810978803,0.6004104060606938,2026-01-06 14:10:00+00:00,2026-01-06 14:25:00+00:00,2026-01-06 14:30:00+00:00,2026-01-06 15:25:00+00:00,-0.0041419695779475,-0.0160920132664037,continuation,0.8236569522995398,min_quota
TSLA_20240611_133000,TSLA,2024-06-11 13:30:00+00:00,-1,9,228.46247753220973,7.316585367109007,430.3383326351069,30.231748734265523,0.0953839302681832,2024-06-11 13:15:00+00:00,2024-06-11 13:30:00+00:00,2024-06-11 13:35:00+00:00,2024-06-11 14:30:00+00:00,-0.0133593705128942,-0.0128300656638568,continuation,0.8231191912738798,min_quota
TSLA_20250404_100500,TSLA,2025-04-04 10:05:00+00:00,-1,22,394.8969578017625,6.593240092433724,45.90701722792485,27.398408928930795,2.498729579209307,2025-04-04 09:50:00+00:00,2025-04-04 10:05:00+00:00,2025-04-04 10:10:00+00:00,2025-04-04 11:05:00+00:00,-0.013480252944072,-0.0289026215790886,continuation,0.8209113542118107,min_quota
TSLA_20250224_131000,TSLA,2025-02-24 13:10:00+00:00,-1,33,355.84107891380114,6.196018508533735,161.09366108493867,10.803660031334282,0.6238690541724321,2025-02-24 12:55:00+00:00,2025-02-24 13:10:00+00:00,2025-02-24 13:15:00+00:00,2025-02-24 14:10:00+00:00,-0.0038462694191533,0.0373442731742632,reversal,0.8204872894146895,min_quota
TSLA_20240729_132500,TSLA,2024-07-29 13:25:00+00:00,1,27,226.94717994628635,5.48162047221498,414.0298761924092,11.767589058191618,0.5415000514445042,2024-07-29 13:10:00+00:00,2024-07-29 13:25:00+00:00,2024-07-29 13:30:00+00:00,2024-07-29 14:25:00+00:00,0.0075713453698311,0.0337483325922631,continuation,0.8203006734712386,min_quota
TSLA_20241023_200000,TSLA,2024-10-23 20:00:00+00:00,1,6,685.0533807829206,6.099553282695866,7.07886627584328,36.77821724900061,10.766563946503709,2024-10-23 19:45:00+00:00,2024-10-23 20:00:00+00:00,2024-10-23 20:05:00+00:00,2024-10-23 21:00:00+00:00,0.0477234558686321,0.0379001736497617,continuation,0.8160433969879177,min_quota
TSLA_20250915_101000,TSLA,2025-09-15 10:10:00+00:00,1,9,346.9929757502066,6.37172013253233,30.20165823760552,20.904791445479912,2.2410873236033986,2025-09-15 09:55:00+00:00,2025-09-15 10:10:00+00:00,2025-09-15 10:15:00+00:00,2025-09-15 11:10:00+00:00,0.0041122520187417,0.0482762044230435,continuation,0.8125364291474797,min_quota
TSLA_20240726_132500,TSLA,2024-07-26 13:25:00+00:00,-1,9,276.0806651660608,5.350703175479493,209.02564102564105,11.379348271790136,1.02342467140545,2024-07-26 13:10:00+00:00,2024-07-26 13:25:00+00:00,2024-07-26 13:30:00+00:00,2024-07-26 14:25:00+00:00,-0.0096704871060172,-0.0201627486437612,continuation,0.8117071205700568,min_quota
TSLA_20251120_142500,TSLA,2025-11-20 14:25:00+00:00,1,35,188.2433768049596,6.396948540435412,254.17202871576708,10.81909775460988,1.1212967717615616,2025-11-20 14:10:00+00:00,2025-11-20 14:25:00+00:00,2025-11-20 14:30:00+00:00,2025-11-20 15:25:00+00:00,0.004649923712189,0.0312855868669093,continuation,0.803270897700735,min_quota
TSLA_20240723_200000,TSLA,2024-07-23 20:00:00+00:00,-1,8,469.6132596685132,6.26566814373124,1.6868913142342723,12.178677012309215,13.169270271864235,2024-07-23 19:45:00+00:00,2024-07-23 20:00:00+00:00,2024-07-23 20:05:00+00:00,2024-07-23 21:00:00+00:00,-0.0059314852923374,-0.0347459003084916,continuation,0.802925625771973,min_quota
TSLA_20250702_130000,TSLA,2025-07-02 13:00:00+00:00,1,29,673.5323383084601,5.1068387109360005,224.9345698471464,53.47544745808358,0.8937772655735439,2025-07-02 12:45:00+00:00,2025-07-02 13:00:00+00:00,2025-07-02 13:05:00+00:00,2025-07-02 14:00:00+00:00,0.0673532338308458,-0.0507509159216549,reversal,0.802750062831701,min_quota
TSLA_20240708_133000,TSLA,2024-07-08 13:30:00+00:00,-1,13,317.07814731687154,6.081683666190404,195.79922019289964,9.263869565096924,0.16798335568877,2024-07-08 13:15:00+00:00,2024-07-08 13:30:00+00:00,2024-07-08 13:35:00+00:00,2024-07-08 14:30:00+00:00,-0.0102571118174868,0.0221936021022779,reversal,0.7983868010402622,min_quota
TSLA_20240605_133000,TSLA,2024-06-05 13:30:00+00:00,-1,4,203.67898798816063,6.48578216319502,752.4371197675474,23.846893663633253,0.0487478462668584,2024-06-05 13:15:00+00:00,2024-06-05 13:30:00+00:00,2024-06-05 13:35:00+00:00,2024-06-05 14:30:00+00:00,-0.016728307254623,0.0068855968983276,reversal,0.7923453252533967,min_quota
TSLA_20250425_133000,TSLA,2025-04-25 13:30:00+00:00,1,31,325.7503345440616,6.372381421718201,105.82031273477646,7.214560782847014,0.6153176381716544,2025-04-25 13:15:00+00:00,2025-04-25 13:30:00+00:00,2025-04-25 13:35:00+00:00,2025-04-25 14:30:00+00:00,0.0030566757837395,0.047322825630653,continuation,0.7902509229424359,min_quota
TSLA_20251010_133000,TSLA,2025-10-10 13:30:00+00:00,1,28,245.3414702319878,5.418364454075584,225.8435679566621,14.598644756490058,0.9793986570342836,2025-10-10 13:15:00+00:00,2025-10-10 13:30:00+00:00,2025-10-10 13:35:00+00:00,2025-10-10 14:30:00+00:00,0.0090468726432675,-0.0066490699957224,reversal,0.7900365764729556,min_quota
TSLA_20240923_133000,TSLA,2024-09-23 13:30:00+00:00,1,12,192.1570244525972,6.168695298029537,448.8406789067197,15.476194587801569,0.1027220884870573,2024-09-23 13:15:00+00:00,2024-09-23 13:30:00+00:00,2024-09-23 13:35:00+00:00,2024-09-23 14:30:00+00:00,0.0136723583271467,0.0094126741938764,continuation,0.7847773121464758,min_quota
TSLA_20250225_142500,TSLA,2025-02-25 14:25:00+00:00,-1,31,286.5771178709675,5.619124486590481,151.34637549871826,8.796520985952109,0.6518534806155992,2025-02-25 14:10:00+00:00,2025-02-25 14:25:00+00:00,2025-02-25 14:30:00+00:00,2025-02-25 15:25:00+00:00,-0.007587253414264,-0.0630886850152905,continuation,0.7841179984076871,top_global
TSLA_20241025_133000,TSLA,2024-10-25 13:30:00+00:00,1,8,393.673110720556,6.794165382131828,170.8205859265742,15.122641044494316,0.1486531903756699,2024-10-25 13:15:00+00:00,2024-10-25 13:30:00+00:00,2024-10-25 13:35:00+00:00,2024-10-25 14:30:00+00:00,0.0213578610959546,0.0144623368694192,continuation,0.7833450719955242,top_global
TSLA_20250130_142500,TSLA,2025-01-30 14:25:00+00:00,1,28,379.1229622140801,5.576404237761816,102.07817192953974,6.913010975481262,0.9122048900253102,2025-01-30 14:10:00+00:00,2025-01-30 14:25:00+00:00,2025-01-30 14:30:00+00:00,2025-01-30 15:25:00+00:00,0.0077300613496931,-0.0450992329234141,reversal,0.7825970102782334,top_global
TSLA_20250129_210000,TSLA,2025-01-29 21:00:00+00:00,-1,7,697.6190476190469,5.668918873270304,4.485652917317432,16.50266368404207,11.769680249681215,2025-01-29 20:45:00+00:00,2025-01-29 21:00:00+00:00,2025-01-29 21:05:00+00:00,2025-01-29 22:00:00+00:00,-0.0318887559654741,0.0709008769598724,reversal,0.7817418225927615,top_global
TSLA_20240814_132500,TSLA,2024-08-14 13:25:00+00:00,-1,6,204.77479694806843,5.799812252748682,227.33351383060327,11.122564799623392,0.9407847788368494,2024-08-14 13:10:00+00:00,2024-08-14 13:25:00+00:00,2024-08-14 13:30:00+00:00,2024-08-14 14:25:00+00:00,-0.0066602779108767,-0.026953837248565,continuation,0.7793339642139798,top_global
TSLA_20260225_143000,TSLA,2026-02-25 14:30:00+00:00,1,8,187.73692658871744,6.034341186813265,667.4512118772918,29.58073908785141,0.0732168122092261,2026-02-25 14:15:00+00:00,2026-02-25 14:30:00+00:00,2026-02-25 14:35:00+00:00,2026-02-25 15:30:00+00:00,0.018203942565101,-0.0099670156317224,reversal,0.7774015687060569,top_global
TSLA_20250228_130000,TSLA,2025-02-28 13:00:00+00:00,1,35,312.89748155685305,4.928304943719079,189.43708284255987,11.245404221058898,1.0052789767911758,2025-02-28 12:45:00+00:00,2025-02-28 13:00:00+00:00,2025-02-28 13:05:00+00:00,2025-02-28 14:00:00+00:00,0.0031112541572793,-0.0008199643493761,unclear,0.7771303359899415,high_strength_unclear
TSLA_20241108_142500,TSLA,2024-11-08 14:25:00+00:00,1,25,207.2660304704588,5.84916149743419,197.41280322318903,12.200631855600516,0.9981384978425416,2024-11-08 14:10:00+00:00,2024-11-08 14:25:00+00:00,2024-11-08 14:30:00+00:00,2024-11-08 15:25:00+00:00,0.0039605289655635,0.0515512169029153,continuation,0.7757578578039863,top_global
TSLA_20260424_132500,TSLA,2026-04-24 13:25:00+00:00,-1,20,253.08476394850345,5.216576694703577,159.12645357002415,8.884804756118559,2.04096854258634,2026-04-24 13:10:00+00:00,2026-04-24 13:25:00+00:00,2026-04-24 13:30:00+00:00,2026-04-24 14:25:00+00:00,-0.0063883206273571,0.0003480123142818,unclear,0.7741684174045029,high_strength_unclear
TSLA_20251103_143000,TSLA,2025-11-03 14:30:00+00:00,1,16,259.70399207372543,6.441168878520583,216.780948632159,17.53145150582819,0.153574298221896,2025-11-03 14:15:00+00:00,2025-11-03 14:30:00+00:00,2025-11-03 14:35:00+00:00,2025-11-03 15:30:00+00:00,0.0033297411423167,0.0260591752812338,continuation,0.7738891106356522,top_global
TSLA_20250219_143000,TSLA,2025-02-19 14:30:00+00:00,1,10,203.40706839563128,6.301539678491437,336.56212016790926,14.13777979136454,0.0815960825930424,2025-02-19 14:15:00+00:00,2025-02-19 14:30:00+00:00,2025-02-19 14:35:00+00:00,2025-02-19 15:30:00+00:00,0.0148416699711098,0.0144292492324868,continuation,0.7708831363519222,top_global
TSLA_20250806_133000,TSLA,2025-08-06 13:30:00+00:00,1,7,178.33992690602597,5.937755948340146,515.5652568661573,19.95057383562505,0.105353269799009,2025-08-06 13:15:00+00:00,2025-08-06 13:30:00+00:00,2025-08-06 13:35:00+00:00,2025-08-06 14:30:00+00:00,0.0096587334020925,0.0177292001284934,continuation,0.7701708018889053,top_global
TSLA_20251209_142500,TSLA,2025-12-09 14:25:00+00:00,1,7,121.30959218839664,5.906485317272538,291.3264596848934,11.442809658247194,1.3740826349920576,2025-12-09 14:10:00+00:00,2025-12-09 14:25:00+00:00,2025-12-09 14:30:00+00:00,2025-12-09 15:25:00+00:00,0.004245553643144,0.0178126142595977,continuation,0.7673594940795927,top_global
TSLA_20250602_132500,TSLA,2025-06-02 13:25:00+00:00,1,9,259.3443400420914,5.169841591284571,147.8942497532083,11.499944210733265,1.2569336902190054,2025-06-02 13:10:00+00:00,2025-06-02 13:25:00+00:00,2025-06-02 13:30:00+00:00,2025-06-02 14:25:00+00:00,0.0050307107341329,-0.0148710785169664,reversal,0.7650925201841978,top_global
TSLA_20250226_143500,TSLA,2025-02-26 14:35:00+00:00,1,16,396.2743437764616,6.20593210658476,119.98361823361824,8.19921164530919,0.2248704798484694,2025-02-26 14:20:00+00:00,2025-02-26 14:35:00+00:00,2025-02-26 14:40:00+00:00,2025-02-26 15:35:00+00:00,0.014235600971751,-0.0312216314356114,reversal,0.7630250602876854,top_global
TSLA_20250520_132000,TSLA,2025-05-20 13:20:00+00:00,1,12,241.01785585195267,5.991407054894818,199.64482149803996,14.315765683291678,0.3275698620778109,2025-05-20 13:05:00+00:00,2025-05-20 13:20:00+00:00,2025-05-20 13:25:00+00:00,2025-05-20 14:20:00+00:00,0.00378612716763,-0.0014684287812041,unclear,0.7601789233890421,high_strength_unclear
TSLA_20260311_132500,TSLA,2026-03-11 13:25:00+00:00,1,10,197.0173075963833,5.302929362567008,723.5756951596293,19.266056253225397,0.3572732790447609,2026-03-11 13:10:00+00:00,2026-03-11 13:25:00+00:00,2026-03-11 13:30:00+00:00,2026-03-11 14:25:00+00:00,0.0041153373093454,0.0242727837871441,continuation,0.7551063320878215,top_global
TSLA_20251215_143000,TSLA,2025-12-15 14:30:00+00:00,1,21,199.39370650270627,5.167015005387325,477.4437554332077,21.65225839363292,0.4695265967915811,2025-12-15 14:15:00+00:00,2025-12-15 14:30:00+00:00,2025-12-15 14:35:00+00:00,2025-12-15 15:30:00+00:00,0.0128155919481407,-0.0031159862728172,reversal,0.7550032560322462,top_global
TSLA_20240624_132000,TSLA,2024-06-24 13:20:00+00:00,1,22,143.05803450700205,6.3280277874909485,724.6163895486936,28.00706558754771,0.3471762475845605,2024-06-24 13:05:00+00:00,2024-06-24 13:20:00+00:00,2024-06-24 13:25:00+00:00,2024-06-24 14:20:00+00:00,0.0047287748668334,0.0017246416012983,unclear,0.7538147011318548,high_strength_unclear
TSLA_20241010_133000,TSLA,2024-10-10 13:30:00+00:00,-1,17,274.90433810567924,5.0040474297045145,305.6515661403055,24.128022791913494,0.1371691263249938,2024-10-10 13:15:00+00:00,2024-10-10 13:30:00+00:00,2024-10-10 13:35:00+00:00,2024-10-10 14:30:00+00:00,-0.008505367464905,-0.0083809444490713,continuation,0.7507523229427253,top_global
TSLA_20250521_171500,TSLA,2025-05-21 17:15:00+00:00,-1,4,260.4166666666674,5.747235731886732,4.556725239517725,5.948499305622724,1.966216782394119,2025-05-21 17:00:00+00:00,2025-05-21 17:15:00+00:00,2025-05-21 17:20:00+00:00,2025-05-21 18:15:00+00:00,-0.0104423263525527,-0.0156092868698352,continuation,0.7501648255507412,top_global
TSLA_20241112_093500,TSLA,2024-11-12 09:35:00+00:00,-1,18,672.2536532236112,5.286873416125239,8.250187449848944,23.351013119826916,6.324442606759243,2024-11-12 09:20:00+00:00,2024-11-12 09:35:00+00:00,2024-11-12 09:40:00+00:00,2024-11-12 10:35:00+00:00,-0.0047073897663018,-0.0668028657785738,continuation,0.7498232653164243,top_global
TSLA_20250321_133000,TSLA,2025-03-21 13:30:00+00:00,1,17,295.7446808510666,4.790035677434917,287.1653247351451,13.283792733508095,0.2554449453659855,2025-03-21 13:15:00+00:00,2025-03-21 13:30:00+00:00,2025-03-21 13:35:00+00:00,2025-03-21 14:30:00+00:00,0.0219595314164005,-0.0025843563077051,unclear,0.749580263100539,high_strength_unclear
TSLA_20260109_142500,TSLA,2026-01-09 14:25:00+00:00,-1,15,102.87307326347197,5.958789099364167,459.1764070932922,18.315666255232525,0.7742909009075389,2026-01-09 14:10:00+00:00,2026-01-09 14:25:00+00:00,2026-01-09 14:30:00+00:00,2026-01-09 15:25:00+00:00,-0.0046323915675032,0.0179398065817992,reversal,0.7486968101059699,top_global
TSLA_20240806_133000,TSLA,2024-08-06 13:30:00+00:00,-1,14,366.16226824355726,5.971779321441398,111.19853937411187,5.508810632506454,0.1063175535473571,2024-08-06 13:15:00+00:00,2024-08-06 13:30:00+00:00,2024-08-06 13:35:00+00:00,2024-08-06 14:30:00+00:00,-0.0173611111111111,-0.0143361938414942,continuation,0.7477804726659896,top_global
TSLA_20240621_132500,TSLA,2024-06-21 13:25:00+00:00,1,7,135.33668452742953,5.714946148067534,1029.0419854450456,17.66852643039166,0.5801957871635167,2024-06-21 13:10:00+00:00,2024-06-21 13:25:00+00:00,2024-06-21 13:30:00+00:00,2024-06-21 14:25:00+00:00,0.0050758620689654,-0.0023329856727232,unclear,0.7470728976425893,high_strength_unclear
TSLA_20250212_120000,TSLA,2025-02-12 12:00:00+00:00,1,8,251.1682242990632,5.778218217253134,12.31287122918922,9.078135760069388,1.938629339894525,2025-02-12 11:45:00+00:00,2025-02-12 12:00:00+00:00,2025-02-12 12:05:00+00:00,2025-02-12 13:00:00+00:00,0.006180051654163,0.0224265851795262,continuation,0.7461129365155339,top_global
TSLA_20241122_153500,TSLA,2024-11-22 15:35:00+00:00,1,14,268.92928874058475,5.299088469376341,205.0154977930358,10.577223591304616,0.4322203309845839,2024-11-22 15:20:00+00:00,2024-11-22 15:35:00+00:00,2024-11-22 15:40:00+00:00,2024-11-22 16:35:00+00:00,0.014030224803919,0.0171546671902835,continuation,0.7444212161128696,top_global
TSLA_20250102_140000,TSLA,2025-01-02 14:00:00+00:00,-1,27,510.98999513830233,4.416723077755676,215.05680005548237,47.62658850265257,0.9853611395230092,2025-01-02 13:45:00+00:00,2025-01-02 14:00:00+00:00,2025-01-02 14:05:00+00:00,2025-01-02 15:00:00+00:00,-0.0480283237699914,-0.0084769672719811,continuation,0.7413869837339087,top_global
TSLA_20260129_143000,TSLA,2026-01-29 14:30:00+00:00,-1,6,264.85712273121686,5.718979918552979,186.38117804850788,15.044236875071888,0.1118190490143869,2026-01-29 14:15:00+00:00,2026-01-29 14:30:00+00:00,2026-01-29 14:35:00+00:00,2026-01-29 15:30:00+00:00,-0.0164776554874788,-0.0188197026022304,continuation,0.7406653871326652,top_global
TSLA_20250710_132500,TSLA,2025-07-10 13:25:00+00:00,-1,13,207.29878353606955,4.897380740630653,296.0949615444985,22.138383642830867,0.9954524664126448,2025-07-10 13:10:00+00:00,2025-07-10 13:25:00+00:00,2025-07-10 13:30:00+00:00,2025-07-10 14:25:00+00:00,-0.0057655985950495,0.0143309448425261,reversal,0.7395604749357421,top_global
TSLA_20240823_132500,TSLA,2024-08-23 13:25:00+00:00,1,16,151.75644028102786,5.576576816080498,300.92372406057206,10.972585190034854,0.9174419674523798,2024-08-23 13:10:00+00:00,2024-08-23 13:25:00+00:00,2024-08-23 13:30:00+00:00,2024-08-23 14:25:00+00:00,0.0036953877818317,0.0285221606002703,continuation,0.7387657496420827,top_global
TSLA_20251224_143000,TSLA,2025-12-24 14:30:00+00:00,-1,5,149.613498462311,7.296305406438321,517.9109542245502,29.18128978787784,0.0880948185061036,2025-12-24 14:15:00+00:00,2025-12-24 14:30:00+00:00,2025-12-24 14:35:00+00:00,2025-12-24 15:30:00+00:00,-0.0054485866448176,-0.0147670634757177,continuation,0.737778611671132,top_global
XLK_20250822_134000,XLK,2025-08-22 13:40:00+00:00,1,6,159.85790408526324,5.969901394297294,6.145161008509077,13.84593788612828,4.231234919200852,2025-08-22 13:25:00+00:00,2025-08-22 13:40:00+00:00,2025-08-22 13:45:00+00:00,2025-08-22 14:40:00+00:00,0.0032098383479002,0.0161520373154466,continuation,0.8993549698911738,min_quota
XLK_20260203_143000,XLK,2026-02-03 14:30:00+00:00,-1,11,149.59643751739637,5.94087362062898,1729.139534883721,40.9907850053072,0.0259775000127807,2026-02-03 14:15:00+00:00,2026-02-03 14:30:00+00:00,2026-02-03 14:35:00+00:00,2026-02-03 15:30:00+00:00,-0.0076016983974799,-0.0219446553032917,continuation,0.8856099574866685,min_quota
XLK_20251114_143500,XLK,2025-11-14 14:35:00+00:00,1,11,148.12177318853205,5.477518754188462,1497.0683477106834,23.387384757566377,0.0178682917780036,2025-11-14 14:20:00+00:00,2025-11-14 14:35:00+00:00,2025-11-14 14:40:00+00:00,2025-11-14 15:35:00+00:00,0.0055415438172712,0.0161090896244744,continuation,0.8490825776975794,min_quota
XLK_20251125_144000,XLK,2025-11-25 14:40:00+00:00,-1,9,134.47343418840464,6.01671474217623,382.94142259414224,26.74996310744697,0.0649395532920368,2025-11-25 14:25:00+00:00,2025-11-25 14:40:00+00:00,2025-11-25 14:45:00+00:00,2025-11-25 15:40:00+00:00,-0.008008080225092,0.0075636363636362,reversal,0.8404441577574338,min_quota
XLK_20251010_145500,XLK,2025-10-10 14:55:00+00:00,-1,12,151.49928439278204,7.078684826034588,18.44214088411869,13.446235563716414,1.9679251953644263,2025-10-10 14:40:00+00:00,2025-10-10 14:55:00+00:00,2025-10-10 15:00:00+00:00,2025-10-10 15:55:00+00:00,-0.0067049479077123,-0.0170312932705621,continuation,0.8392729278605628,min_quota
XLK_20241015_141000,XLK,2024-10-15 14:10:00+00:00,-1,9,129.75703213445655,6.451278881152672,10.712892614909906,12.500533204523816,3.168994504042365,2024-10-15 13:55:00+00:00,2024-10-15 14:10:00+00:00,2024-10-15 14:15:00+00:00,2024-10-15 15:10:00+00:00,-0.0036791443850268,-0.0103911717978444,continuation,0.8207595213192926,min_quota
XLK_20240730_200000,XLK,2024-07-30 20:00:00+00:00,-1,14,266.01705237514705,4.972534837673872,0.6799765243455114,10.02087799751566,113.79232837631038,2024-07-30 19:45:00+00:00,2024-07-30 20:00:00+00:00,2024-07-30 20:05:00+00:00,2024-07-30 21:10:00+00:00,-0.02591239143847,0.0170036540803897,reversal,0.8146858834920527,min_quota
XLK_20250402_201500,XLK,2025-04-02 20:15:00+00:00,1,13,330.90024330899803,4.835766584181246,0.2516977635164105,14.054658928174256,330.7383254722458,2025-04-02 20:00:00+00:00,2025-04-02 20:15:00+00:00,2025-04-02 20:20:00+00:00,2025-04-02 21:20:00+00:00,0.013220063952656,-0.0482807348092322,reversal,0.8019220540002527,min_quota
XLK_20260209_143500,XLK,2026-02-09 14:35:00+00:00,1,7,123.35584784926913,5.483182381133908,1187.4731599335917,38.70647613596477,0.0244867450724844,2026-02-09 14:20:00+00:00,2026-02-09 14:35:00+00:00,2026-02-09 14:40:00+00:00,2026-02-09 15:35:00+00:00,0.0059714224781404,0.0087272984241397,continuation,0.7957677063810791,min_quota
XLK_20260330_133000,XLK,2026-03-30 13:30:00+00:00,-1,17,118.57098860486914,5.452892905397846,542.6606018194542,12.818558466022589,0.1475147982695426,2026-03-30 13:15:00+00:00,2026-03-30 13:30:00+00:00,2026-03-30 13:35:00+00:00,2026-03-30 14:30:00+00:00,-0.0031245237006554,-0.0136839691155109,continuation,0.7853949318467639,min_quota
XLK_20250521_171500,XLK,2025-05-21 17:15:00+00:00,-1,4,133.77345378735362,6.009410122576068,4.972331350994173,5.724822219804063,1.4570464188899268,2025-05-21 17:00:00+00:00,2025-05-21 17:15:00+00:00,2025-05-21 17:20:00+00:00,2025-05-21 18:15:00+00:00,-0.0064140939023347,-0.0083491134446549,continuation,0.7846645115377424,min_quota
XLK_20260323_110500,XLK,2026-03-23 11:05:00+00:00,1,10,386.48790352783016,4.5291176419423005,23.397430013767785,60.82785020634251,9.530864904012605,2026-03-23 10:50:00+00:00,2026-03-23 11:05:00+00:00,2026-03-23 11:10:00+00:00,2026-03-23 12:05:00+00:00,0.0355193299932701,-0.0102700751010976,reversal,0.7822484555123763,min_quota
XLK_20260108_143000,XLK,2026-01-08 14:30:00+00:00,-1,6,97.65219198005548,6.536619282815904,833.4585635359116,27.312274634807967,0.0221286446369152,2026-01-08 14:15:00+00:00,2026-01-08 14:30:00+00:00,2026-01-08 14:35:00+00:00,2026-01-08 15:30:00+00:00,-0.0052054794520547,-0.007435968052878,continuation,0.7721472968721637,min_quota
XLK_20241218_193500,XLK,2024-12-18 19:35:00+00:00,-1,19,163.4711534281119,4.5257277543748815,11.021489887111947,8.925994083190437,94.77947228556432,2024-12-18 19:20:00+00:00,2024-12-18 19:35:00+00:00,2024-12-18 19:40:00+00:00,2024-12-18 20:35:00+00:00,-0.0037561036684612,-0.0241715889573123,continuation,0.7701010090654374,min_quota
XLK_20260217_143000,XLK,2026-02-17 14:30:00+00:00,1,17,137.41457030682193,4.795611811726293,620.9198009950248,7.463227602250465,0.0862315363758252,2026-02-17 14:15:00+00:00,2026-02-17 14:30:00+00:00,2026-02-17 14:35:00+00:00,2026-02-17 15:30:00+00:00,0.0037530668206089,-0.0127253682779522,reversal,0.7590355207597095,min_quota
