event_id,ticker,t0_utc,direction,cluster_len,peak_abs_ret_3_bp,peak_z_ret_3,peak_volume_mult,peak_range_mult,peak_impact_mult,event_window_start,event_window_end,val_window_start,val_window_end,event_return,forward_return_60m,label_proxy
AAPL_20251016_132500,AAPL,2025-10-16 13:25:00+00:00,-1,3,115.56547639492098,5.326791844481974,1066.430788590604,19.031875118952424,0.1293819072861857,2025-10-16 13:05:00+00:00,2025-10-16 13:25:00+00:00,2025-10-16 13:30:00+00:00,2025-10-16 14:25:00+00:00,-0.007355983467526084,-0.0032217792275784918,continuation
AAPL_20251021_133000,AAPL,2025-10-21 13:30:00+00:00,1,5,111.14081656036223,5.0613246199543065,531.1460162601626,9.272536155204387,0.036649838385429456,2025-10-21 13:10:00+00:00,2025-10-21 13:30:00+00:00,2025-10-21 13:35:00+00:00,2025-10-21 14:30:00+00:00,0.0060751948647408405,0.000303824389502827,unclear
AAPL_20251027_080000,AAPL,2025-10-27 08:00:00+00:00,1,3,77.16373756651463,4.62896247648791,2.4531498147167814,9.5337197264137,81.02654528105407,2025-10-24 23:40:00+00:00,2025-10-27 08:00:00+00:00,2025-10-27 08:05:00+00:00,2025-10-27 09:00:00+00:00,0.0068797749819453635,-0.001321253303133152,unclear
AAPL_20251029_133500,AAPL,2025-10-29 13:35:00+00:00,1,1,73.96368236957107,4.071829281374336,328.8829239469908,9.008470590347395,0.03630545016868872,2025-10-29 13:15:00+00:00,2025-10-29 13:35:00+00:00,2025-10-29 13:40:00+00:00,2025-10-29 14:35:00+00:00,0.00642267657992579,-0.0035375028118661556,reversal
AAPL_20251030_150500,AAPL,2025-10-30 15:05:00+00:00,1,3,75.12086277427166,4.0307451497741695,35.97192189769243,2.5809606999376387,0.10646635986578416,2025-10-30 14:45:00+00:00,2025-10-30 15:05:00+00:00,2025-10-30 15:10:00+00:00,2025-10-30 16:05:00+00:00,0.00404738034235641,0.004289940828402505,continuation
AAPL_20251030_200500,AAPL,2025-10-30 20:05:00+00:00,1,19,475.49569771792477,5.776738940020808,5.5266388840905165,28.94603086759683,21.700402945096798,2025-10-30 19:45:00+00:00,2025-10-30 20:05:00+00:00,2025-10-30 20:10:00+00:00,2025-10-30 21:05:00+00:00,0.004314526950310649,0.044303332843928844,continuation
AAPL_20251031_133000,AAPL,2025-10-31 13:30:00+00:00,-1,9,258.8697133545681,5.856371472435643,281.8451266268485,10.262115316201756,0.06694703597870086,2025-10-31 13:10:00+00:00,2025-10-31 13:30:00+00:00,2025-10-31 13:35:00+00:00,2025-10-31 14:30:00+00:00,-0.016747703943814085,-0.008901098901098914,continuation
AAPL_20251103_143000,AAPL,2025-11-03 14:30:00+00:00,-1,5,111.21287452571238,6.101493885911368,582.3020452390627,10.083002769721855,0.04548897370949548,2025-11-03 14:10:00+00:00,2025-11-03 14:30:00+00:00,2025-11-03 14:35:00+00:00,2025-11-03 15:30:00+00:00,-0.003552792272676686,-0.003936861652739099,continuation
AAPL_20251106_151500,AAPL,2025-11-06 15:15:00+00:00,1,4,108.00096330190634,4.500911768090404,511.2758845235511,10.497479123451438,0.0436754181721002,2025-11-06 14:55:00+00:00,2025-11-06 15:15:00+00:00,2025-11-06 15:20:00+00:00,2025-11-06 16:15:00+00:00,0.006182832544889605,0.0005154449394351168,unclear
AAPL_20251110_142500,AAPL,2025-11-10 14:25:00+00:00,-1,8,118.5873605947907,5.478113240539298,909.9960784313726,36.12915810457327,0.38419584009601504,2025-11-10 14:05:00+00:00,2025-11-10 14:25:00+00:00,2025-11-10 14:30:00+00:00,2025-11-10 15:25:00+00:00,-0.003482255315996108,0.01062081784386626,reversal
AAPL_20251111_143500,AAPL,2025-11-11 14:35:00+00:00,1,9,124.35507783543854,6.5719268853516715,938.9822552947911,28.19692856504735,0.04472623695892046,2025-11-11 14:15:00+00:00,2025-11-11 14:35:00+00:00,2025-11-11 14:40:00+00:00,2025-11-11 15:35:00+00:00,0.004518888888888961,0.009622811878618132,continuation
AAPL_20251112_143000,AAPL,2025-11-12 14:30:00+00:00,-1,6,103.2399086588276,4.932031345349385,734.287456445993,25.470174921895783,0.04979751188560177,2025-11-12 14:10:00+00:00,2025-11-12 14:30:00+00:00,2025-11-12 14:35:00+00:00,2025-11-12 15:30:00+00:00,-0.008026731558493316,0.0005492091388399345,unclear
AAPL_20251113_142500,AAPL,2025-11-13 14:25:00+00:00,1,11,102.65532164600356,4.924604971197765,711.4939415538132,7.119544483458743,0.3418069480693197,2025-11-13 14:05:00+00:00,2025-11-13 14:25:00+00:00,2025-11-13 14:30:00+00:00,2025-11-13 15:25:00+00:00,0.006238532110091732,-0.0017140773158277334,unclear
AAPL_20251117_143000,AAPL,2025-11-17 14:30:00+00:00,-1,4,79.6489614986462,4.268936251444297,737.8314838709678,13.630918490945529,0.05428786178145509,2025-11-17 14:10:00+00:00,2025-11-17 14:30:00+00:00,2025-11-17 14:35:00+00:00,2025-11-17 15:30:00+00:00,-0.005394052044609743,0.004937413333632401,reversal
AAPL_20251119_142500,AAPL,2025-11-19 14:25:00+00:00,-1,9,148.77589453861083,6.506428550687235,448.02382843526607,18.20481515005378,0.09892849750057733,2025-11-19 14:05:00+00:00,2025-11-19 14:25:00+00:00,2025-11-19 14:30:00+00:00,2025-11-19 15:25:00+00:00,-0.0037523452157598447,0.023917137476459516,reversal
AAPL_20251120_143000,AAPL,2025-11-20 14:30:00+00:00,1,9,145.60017717407004,6.423444192292013,1210.9664816870145,15.63453306087073,0.029358719658066735,2025-11-20 14:10:00+00:00,2025-11-20 14:30:00+00:00,2025-11-20 14:35:00+00:00,2025-11-20 15:30:00+00:00,0.0089027911453321,0.006499844062448412,continuation
AAPL_20251121_142000,AAPL,2025-11-21 14:20:00+00:00,-1,9,146.35208991480297,4.670801884485515,958.1401374338177,7.870571206667127,0.39913442210751693,2025-11-21 14:00:00+00:00,2025-11-21 14:20:00+00:00,2025-11-21 14:25:00+00:00,2025-11-21 15:20:00+00:00,-0.003391127360446222,0.021972290792000138,reversal
AAPL_20251124_142500,AAPL,2025-11-24 14:25:00+00:00,-1,9,133.88905281793262,4.04678257087362,1221.5486362539223,40.582736031410285,0.1020410916212173,2025-11-24 14:05:00+00:00,2025-11-24 14:25:00+00:00,2025-11-24 14:30:00+00:00,2025-11-24 15:25:00+00:00,-0.004443138838908567,0.007284597226320466,reversal
AAPL_20251125_143000,AAPL,2025-11-25 14:30:00+00:00,1,3,201.23951877505596,6.218475025474709,877.1726976018164,20.216252717437296,0.028873189996248088,2025-11-25 14:10:00+00:00,2025-11-25 14:30:00+00:00,2025-11-25 14:35:00+00:00,2025-11-25 15:30:00+00:00,0.014607846708680983,0.0035189573459715184,continuation
AAPL_20251128_175000,AAPL,2025-11-28 17:50:00+00:00,1,3,66.42119702549465,4.753464546749917,22.21149037037037,4.7704138947322505,0.9176146735698152,2025-11-28 17:30:00+00:00,2025-11-28 17:50:00+00:00,2025-11-28 17:55:00+00:00,2025-11-28 21:50:00+00:00,0.005414771496642823,-0.0007898894154817482,unclear
AAPL_20251202_143000,AAPL,2025-12-02 14:30:00+00:00,1,6,62.01495446330085,4.868536730982814,519.0348517273005,14.662460437390177,0.05942045245256182,2025-12-02 14:10:00+00:00,2025-12-02 14:30:00+00:00,2025-12-02 14:35:00+00:00,2025-12-02 15:30:00+00:00,0.003434293397494903,0.0035769873895679094,continuation
AAPL_20251203_143000,AAPL,2025-12-03 14:30:00+00:00,1,3,70.58350803633928,5.381081633547622,1298.8181818181818,23.208649192453876,0.018649127714755923,2025-12-03 14:10:00+00:00,2025-12-03 14:30:00+00:00,2025-12-03 14:35:00+00:00,2025-12-03 15:30:00+00:00,0.006685802296275467,-0.0009388365381270969,unclear
AAPL_20251209_143500,AAPL,2025-12-09 14:35:00+00:00,1,1,68.73021582733729,5.2745604828487105,479.3706714844926,10.754280746919328,0.03042320423356792,2025-12-09 14:15:00+00:00,2025-12-09 14:35:00+00:00,2025-12-09 14:40:00+00:00,2025-12-09 15:35:00+00:00,0.00654716099104613,-0.008683840953561228,reversal
AAPL_20251211_143000,AAPL,2025-12-11 14:30:00+00:00,-1,8,136.37577164277826,6.288825221539413,496.16724454415663,13.490837515883694,0.0515931236866522,2025-12-11 14:10:00+00:00,2025-12-11 14:30:00+00:00,2025-12-11 14:35:00+00:00,2025-12-11 15:30:00+00:00,-0.004580425836464341,-0.008987309918395248,continuation
AAPL_20251215_142500,AAPL,2025-12-15 14:25:00+00:00,1,6,189.4821064882235,7.517786312194485,1395.279811097993,54.83566601609327,0.16015529194713615,2025-12-15 14:05:00+00:00,2025-12-15 14:25:00+00:00,2025-12-15 14:30:00+00:00,2025-12-15 15:25:00+00:00,0.0037618228718832025,-0.021504800656744205,reversal
AAPL_20251217_205500,AAPL,2025-12-17 20:55:00+00:00,-1,2,69.73908730853573,4.431690201252785,14.891524071649755,3.2217736140843845,2.1586445852946046,2025-12-17 20:35:00+00:00,2025-12-17 20:55:00+00:00,2025-12-17 21:00:00+00:00,2025-12-17 21:55:00+00:00,-0.005905475820458972,0.0014768630912969094,unclear
AAPL_20251218_142500,AAPL,2025-12-18 14:25:00+00:00,1,4,205.16989349959937,5.938784998901993,1320.9143043336592,31.83551248629676,0.4337116163307928,2025-12-18 14:05:00+00:00,2025-12-18 14:25:00+00:00,2025-12-18 14:30:00+00:00,2025-12-18 15:25:00+00:00,0.004591453172170024,-0.010121679394891836,reversal
AAPL_20251219_205000,AAPL,2025-12-19 20:50:00+00:00,1,4,111.97753058131977,4.126555256366904,52.312205164074825,8.076834603708635,0.8300822541806281,2025-12-19 20:30:00+00:00,2025-12-19 20:50:00+00:00,2025-12-19 20:55:00+00:00,2025-12-19 21:50:00+00:00,0.001402886993760788,0.004055299539170498,continuation
AAPL_20251224_143000,AAPL,2025-12-24 14:30:00+00:00,1,3,78.04752635252487,5.88077220860008,1171.6193005754758,120.46927913599679,0.036713770597124336,2025-12-24 14:10:00+00:00,2025-12-24 14:30:00+00:00,2025-12-24 14:35:00+00:00,2025-12-24 15:30:00+00:00,0.006031339160064819,0.0010223828823894276,unclear
AAPL_20251229_143000,AAPL,2025-12-29 14:30:00+00:00,1,3,80.31478689368265,6.530751520869149,820.7650825749915,36.86735746787426,0.05700693600529857,2025-12-29 14:10:00+00:00,2025-12-29 14:30:00+00:00,2025-12-29 14:35:00+00:00,2025-12-29 15:30:00+00:00,0.004298310066127797,0.0019387643121042686,unclear
AAPL_20260102_090000,AAPL,2026-01-02 09:00:00+00:00,1,3,64.68447940019884,4.813232840201636,0.06552828880007927,3.119379748691813,298.65698642001337,2026-01-01 00:35:00+00:00,2026-01-02 09:00:00+00:00,2026-01-02 09:05:00+00:00,2026-01-02 10:00:00+00:00,0.00477923605749786,-0.0004024733818741577,unclear
AAPL_20260102_142500,AAPL,2026-01-02 14:25:00+00:00,-1,12,154.78238588528149,6.593306526154028,567.1317215506461,38.707273230059116,0.2594521320407392,2026-01-02 14:05:00+00:00,2026-01-02 14:25:00+00:00,2026-01-02 14:30:00+00:00,2026-01-02 15:25:00+00:00,-0.002968555303085818,0.0049255651534643174,reversal
AAPL_20260105_143000,AAPL,2026-01-05 14:30:00+00:00,-1,8,106.49599475162086,5.604391853366496,1645.2766740250183,47.1355928634694,0.07061298059505271,2026-01-05 14:10:00+00:00,2026-01-05 14:30:00+00:00,2026-01-05 14:35:00+00:00,2026-01-05 15:30:00+00:00,-0.010328225601471397,0.006586574124119782,reversal
AAPL_20260106_143000,AAPL,2026-01-06 14:30:00+00:00,-1,3,126.24635098760439,6.279095587897799,1082.036231884058,43.17780614846815,0.041555708646510106,2026-01-06 14:10:00+00:00,2026-01-06 14:30:00+00:00,2026-01-06 14:35:00+00:00,2026-01-06 15:30:00+00:00,-0.008690766061060118,-0.001624910252050027,unclear
AAPL_20260108_113500,AAPL,2026-01-08 11:35:00+00:00,-1,3,60.98745289981,4.4106800742600925,16.450274079874706,12.261005407541463,1.1642120683872224,2026-01-08 11:15:00+00:00,2026-01-08 11:35:00+00:00,2026-01-08 11:40:00+00:00,2026-01-08 12:35:00+00:00,-0.005985018148119581,-0.001553820456046462,unclear
AAPL_20260112_090000,AAPL,2026-01-12 09:00:00+00:00,-1,3,83.59253499223173,4.956901571231498,1.4720959825486275,6.985185120264749,124.90774631890747,2026-01-10 00:40:00+00:00,2026-01-12 09:00:00+00:00,2026-01-12 09:05:00+00:00,2026-01-12 10:00:00+00:00,-0.0071742652163852005,0.0014763014763015114,unclear
AAPL_20260113_142500,AAPL,2026-01-13 14:25:00+00:00,-1,4,85.5821125674594,4.240342717486419,324.1999675377374,20.52987209978079,0.22217362940485363,2026-01-13 14:05:00+00:00,2026-01-13 14:25:00+00:00,2026-01-13 14:30:00+00:00,2026-01-13 15:25:00+00:00,-0.001967592592592604,0.005412269511770873,reversal
AMD_20251017_080000,AMD,2025-10-17 08:00:00+00:00,-1,6,351.59735855791575,4.9929878534831715,5.976049079754601,12.236958684405407,16.541173046696915,2025-10-16 23:40:00+00:00,2025-10-17 08:00:00+00:00,2025-10-17 08:05:00+00:00,2025-10-17 09:00:00+00:00,-0.030769230769230882,0.015961940331688185,reversal
AMD_20251020_080000,AMD,2025-10-20 08:00:00+00:00,1,3,176.21919593293845,4.732068440656497,3.362379421221865,3.5981352055878615,25.45883295431456,2025-10-17 23:40:00+00:00,2025-10-20 08:00:00+00:00,2025-10-20 08:05:00+00:00,2025-10-20 09:00:00+00:00,0.017094383274067093,-0.0027801179443975865,unclear
AMD_20251021_080000,AMD,2025-10-21 08:00:00+00:00,-1,3,93.02325581395988,4.145745826273293,2.7156401817896882,12.505282611041281,29.058353793954613,2025-10-20 23:40:00+00:00,2025-10-21 08:00:00+00:00,2025-10-21 08:05:00+00:00,2025-10-21 09:00:00+00:00,-0.008632854652610544,0.0007117139747132573,unclear
AMD_20251022_133000,AMD,2025-10-22 13:30:00+00:00,-1,30,218.33214908597574,5.150988176430928,382.5383754754979,12.922517213681292,0.5922908248668032,2025-10-22 13:10:00+00:00,2025-10-22 13:30:00+00:00,2025-10-22 13:35:00+00:00,2025-10-22 14:30:00+00:00,-0.00379602682525626,-0.0168296710275625,continuation
AMD_20251024_130000,AMD,2025-10-24 13:00:00+00:00,1,22,258.6561394851605,4.591048608896159,555.5621016151989,28.729846195552277,0.7350187273484271,2025-10-24 12:40:00+00:00,2025-10-24 13:00:00+00:00,2025-10-24 13:05:00+00:00,2025-10-24 14:00:00+00:00,0.004195804195804342,0.028556038014091456,continuation
AMD_20251027_080000,AMD,2025-10-27 08:00:00+00:00,1,3,215.58676580511138,4.972672494576391,3.359733931471885,15.982797762351524,33.422677743229904,2025-10-24 23:40:00+00:00,2025-10-27 08:00:00+00:00,2025-10-27 08:05:00+00:00,2025-10-27 09:00:00+00:00,0.021172766627312267,-0.0026206258671188642,unclear
AMD_20251028_080000,AMD,2025-10-28 08:00:00+00:00,-1,3,103.99283237894963,4.442799027878343,1.6870205059464394,4.3428029855967685,30.1067459058205,2025-10-27 23:40:00+00:00,2025-10-28 08:00:00+00:00,2025-10-28 08:05:00+00:00,2025-10-28 09:00:00+00:00,-0.007943546832221537,0.002448789209779534,unclear
AMD_20251029_080000,AMD,2025-10-29 08:00:00+00:00,1,3,164.98978451101155,4.220539662022518,3.0541682020465433,32.378772979812965,29.745031955272935,2025-10-28 23:40:00+00:00,2025-10-29 08:00:00+00:00,2025-10-29 08:05:00+00:00,2025-10-29 09:00:00+00:00,0.016188873531604253,-0.004361843352929884,reversal
AMD_20251030_132000,AMD,2025-10-30 13:20:00+00:00,-1,29,158.05158165856037,4.4357396454730695,269.4960858219774,8.497263555952209,0.6137934434473614,2025-10-30 13:00:00+00:00,2025-10-30 13:20:00+00:00,2025-10-30 13:25:00+00:00,2025-10-30 14:20:00+00:00,-0.003474769313925985,0.002982836775018427,unclear
AMD_20251104_090000,AMD,2025-11-04 09:00:00+00:00,-1,3,170.09213323883722,5.056910493393059,1.2354497354497354,3.479036083088327,37.89400156529863,2025-11-04 00:40:00+00:00,2025-11-04 09:00:00+00:00,2025-11-04 09:05:00+00:00,2025-11-04 10:00:00+00:00,-0.012746997287872985,-0.009458027549939185,continuation
AMD_20251104_143000,AMD,2025-11-04 14:30:00+00:00,-1,11,232.04330938437323,4.708187607162378,246.75353119971393,7.260076229872428,0.1689049304959477,2025-11-04 14:10:00+00:00,2025-11-04 14:30:00+00:00,2025-11-04 14:35:00+00:00,2025-11-04 15:30:00+00:00,-0.006537907869481829,0.03222041095614725,reversal
AMD_20251104_205500,AMD,2025-11-04 20:55:00+00:00,-1,9,274.1092343730789,4.410038868580731,5.59258910476623,8.556811451845416,8.690377383555319,2025-11-04 20:35:00+00:00,2025-11-04 20:55:00+00:00,2025-11-04 21:00:00+00:00,2025-11-04 21:55:00+00:00,-0.006040615188967813,-0.013713965855023824,continuation
AMD_20251106_142500,AMD,2025-11-06 14:25:00+00:00,-1,24,273.54427234324464,6.409232150249669,343.6203185535945,10.551555916579566,0.17020498615966145,2025-11-06 14:05:00+00:00,2025-11-06 14:25:00+00:00,2025-11-06 14:30:00+00:00,2025-11-06 15:25:00+00:00,-0.002322103274559173,-0.045800623298749454,continuation
AMD_20251110_090000,AMD,2025-11-10 09:00:00+00:00,1,3,250.10597710894532,4.272651939688796,2.1037467429392915,4.349649901985234,34.47358022664636,2025-11-08 00:40:00+00:00,2025-11-10 09:00:00+00:00,2025-11-10 09:05:00+00:00,2025-11-10 10:00:00+00:00,0.025097072622913164,0.001240694789081731,unclear
AMD_20251111_182500,AMD,2025-11-11 18:25:00+00:00,-1,7,347.38417436027237,4.497895300765222,16.335527634377428,10.70982757240127,1.6023307402511284,2025-11-11 18:05:00+00:00,2025-11-11 18:25:00+00:00,2025-11-11 18:30:00+00:00,2025-11-11 19:25:00+00:00,-0.003929853720485821,0.0051619942924290285,reversal
AMD_20251112_142500,AMD,2025-11-12 14:25:00+00:00,1,27,329.33418083585184,4.7457767100070765,360.82445212330634,11.932852516605001,1.5408156805723632,2025-11-12 14:05:00+00:00,2025-11-12 14:25:00+00:00,2025-11-12 14:30:00+00:00,2025-11-12 15:25:00+00:00,0.0038098261766807973,0.03528544318810778,continuation
AMD_20251113_133000,AMD,2025-11-13 13:30:00+00:00,-1,28,218.23541207138587,4.30302343921102,264.3831421656319,11.805358607907129,0.7062972129666513,2025-11-13 13:10:00+00:00,2025-11-13 13:30:00+00:00,2025-11-13 13:35:00+00:00,2025-11-13 14:30:00+00:00,-0.006759660844762316,-0.004956726986624638,continuation
AMD_20251114_143000,AMD,2025-11-14 14:30:00+00:00,-1,21,320.70044889173533,4.61349437864829,252.3661933860532,9.10622079719015,0.2917483975267371,2025-11-14 14:10:00+00:00,2025-11-14 14:30:00+00:00,2025-11-14 14:35:00+00:00,2025-11-14 15:30:00+00:00,-0.016082212319353695,0.040687665741792944,reversal
AMD_20251117_142500,AMD,2025-11-17 14:25:00+00:00,-1,10,145.8110223247444,4.024144458500167,221.5103640301124,8.245098852156568,0.900313380818953,2025-11-17 14:05:00+00:00,2025-11-17 14:25:00+00:00,2025-11-17 14:30:00+00:00,2025-11-17 15:25:00+00:00,-0.006465870027827836,0.014931213444270508,reversal
AMD_20251118_143000,AMD,2025-11-18 14:30:00+00:00,-1,14,255.1542326080547,5.707037649483839,324.2675229070405,11.418180999984942,0.055414931159893564,2025-11-18 14:10:00+00:00,2025-11-18 14:30:00+00:00,2025-11-18 14:35:00+00:00,2025-11-18 15:30:00+00:00,-0.008708941027266937,-0.028359003948570938,continuation
AMD_20251119_143000,AMD,2025-11-19 14:30:00+00:00,-1,12,134.47807613123697,4.022687134585867,134.5953421619153,5.468231618236083,0.059562725353453,2025-11-19 14:10:00+00:00,2025-11-19 14:30:00+00:00,2025-11-19 14:35:00+00:00,2025-11-19 15:30:00+00:00,-0.007204861111111072,0.024875404389262945,reversal
AMD_20251119_210000,AMD,2025-11-19 21:00:00+00:00,1,11,378.720767406453,4.316893150347182,0.6396332226446895,8.716259696485455,34.15726400166076,2025-11-19 20:40:00+00:00,2025-11-19 21:00:00+00:00,2025-11-19 21:05:00+00:00,2025-11-19 22:00:00+00:00,0.03294933762978869,0.009392458130815129,continuation
AMD_20251121_143000,AMD,2025-11-21 14:30:00+00:00,-1,31,312.27628428250887,4.0718904105247455,105.0560940206958,4.965229637456719,0.5748747072449925,2025-11-21 14:10:00+00:00,2025-11-21 14:30:00+00:00,2025-11-21 14:35:00+00:00,2025-11-21 15:30:00+00:00,-0.013997599039615838,-0.03844936323568804,continuation
AMD_20251124_141000,AMD,2025-11-24 14:10:00+00:00,1,11,190.24106883532176,4.536909335896981,349.50790966073026,10.651340937169223,0.4948283485694597,2025-11-24 13:50:00+00:00,2025-11-24 14:10:00+00:00,2025-11-24 14:15:00+00:00,2025-11-24 15:10:00+00:00,0.0016362666149221106,0.026069209545068528,continuation
AMD_20251124_224500,AMD,2025-11-24 22:45:00+00:00,-1,7,159.80975029726176,4.18724776197974,0.3229672695951766,5.337321310689088,57.989868681838814,2025-11-24 22:25:00+00:00,2025-11-24 22:45:00+00:00,2025-11-24 22:50:00+00:00,2025-11-24 23:45:00+00:00,-0.006792762140712338,-0.011617100371747235,continuation
AMD_20251126_133000,AMD,2025-11-26 13:30:00+00:00,1,6,201.93236714976416,4.543959995528451,27.747749774977496,5.881542572515788,0.5634429161890863,2025-11-26 13:10:00+00:00,2025-11-26 13:30:00+00:00,2025-11-26 13:35:00+00:00,2025-11-26 14:30:00+00:00,0.005562177001719348,0.0187784338398993,continuation
AMD_20251128_142500,AMD,2025-11-28 14:25:00+00:00,1,7,146.484375,4.253687126470195,178.0962518056717,11.194446531763392,1.4759148299571172,2025-11-28 14:05:00+00:00,2025-11-28 14:25:00+00:00,2025-11-28 14:30:00+00:00,2025-11-28 15:25:00+00:00,0.002177942539388411,0.00255097794423631,unclear
AMD_20251202_143500,AMD,2025-12-02 14:35:00+00:00,1,6,176.52762119504172,6.347531595705456,266.62008091210004,7.307469162330011,0.04592201180904699,2025-12-02 14:15:00+00:00,2025-12-02 14:35:00+00:00,2025-12-02 14:40:00+00:00,2025-12-02 15:35:00+00:00,0.006687011937887233,-0.011457358120458228,reversal
AMD_20251202_153500,AMD,2025-12-02 15:35:00+00:00,-1,13,223.28876699805988,4.465221981982265,150.0953086942709,11.5503324393916,0.2533707861006312,2025-12-02 15:15:00+00:00,2025-12-02 15:35:00+00:00,2025-12-02 15:40:00+00:00,2025-12-02 16:35:00+00:00,-0.0039305527480179014,-0.016934247316677142,continuation
AMD_20251203_140000,AMD,2025-12-03 14:00:00+00:00,-1,12,217.77819408017817,6.781303172905949,312.03517803517803,21.70806404021104,1.0565950508927227,2025-12-03 13:40:00+00:00,2025-12-03 14:00:00+00:00,2025-12-03 14:05:00+00:00,2025-12-03 15:00:00+00:00,-0.010149812183450124,0.005337665351589749,reversal
AMD_20251205_143000,AMD,2025-12-05 14:30:00+00:00,1,19,224.98615469817463,4.792179950838591,698.3070671378092,38.77663547494041,0.08182466124197066,2025-12-05 14:10:00+00:00,2025-12-05 14:30:00+00:00,2025-12-05 14:35:00+00:00,2025-12-05 15:30:00+00:00,0.02193265682656831,-0.002843537722010292,unclear
AMD_20251208_143000,AMD,2025-12-08 14:30:00+00:00,1,10,151.31458827825517,6.584640532391341,556.7664867402018,32.842081037527294,0.08101467165163431,2025-12-08 14:10:00+00:00,2025-12-08 14:30:00+00:00,2025-12-08 14:35:00+00:00,2025-12-08 15:30:00+00:00,0.00814098764306248,-0.005044881078484775,reversal
AMD_20251208_175500,AMD,2025-12-08 17:55:00+00:00,1,3,178.2421634910869,4.213814577017049,8.261957529969058,6.271594743520705,0.9691086265491783,2025-12-08 17:35:00+00:00,2025-12-08 17:55:00+00:00,2025-12-08 18:00:00+00:00,2025-12-08 18:55:00+00:00,0.004472865540648963,-0.0042115750384928985,reversal
AMD_20251209_142500,AMD,2025-12-09 14:25:00+00:00,-1,16,153.320863394788,4.3351335392225225,235.2452100544911,13.64866692731222,0.5219061838380318,2025-12-09 14:05:00+00:00,2025-12-09 14:25:00+00:00,2025-12-09 14:30:00+00:00,2025-12-09 15:25:00+00:00,-0.0036068530207394867,0.011085972850678694,reversal
AMD_20251210_090000,AMD,2025-12-10 09:00:00+00:00,1,3,60.72691017855236,4.040717896919881,1.036853160206225,0.854766187714744,32.500199567833405,2025-12-10 00:40:00+00:00,2025-12-10 09:00:00+00:00,2025-12-10 09:05:00+00:00,2025-12-10 10:55:00+00:00,0.004074241738343254,-0.0009017132551849549,unclear
AMD_20251211_143000,AMD,2025-12-11 14:30:00+00:00,-1,18,221.1888891075464,4.7671632426791675,422.09687292082504,20.858895541879875,0.0993784355733359,2025-12-11 14:10:00+00:00,2025-12-11 14:30:00+00:00,2025-12-11 14:35:00+00:00,2025-12-11 15:30:00+00:00,-0.02168507907403172,0.0020644796115067976,unclear
AMD_20251215_144000,AMD,2025-12-15 14:40:00+00:00,1,23,140.04809732635292,4.519223502152742,233.9905700814402,13.143038106403077,0.3119689087388099,2025-12-15 14:20:00+00:00,2025-12-15 14:40:00+00:00,2025-12-15 14:45:00+00:00,2025-12-15 15:40:00+00:00,0.007033610271903301,-0.00857825903529752,reversal
AMD_20251217_143000,AMD,2025-12-17 14:30:00+00:00,-1,19,166.17357001971865,4.316498382926028,299.9704314938972,10.990858507130282,0.10806382621226199,2025-12-17 14:10:00+00:00,2025-12-17 14:30:00+00:00,2025-12-17 14:35:00+00:00,2025-12-17 15:30:00+00:00,-0.0030964176829266776,-0.014813398958283708,continuation
AMD_20251218_133000,AMD,2025-12-18 13:30:00+00:00,1,5,140.84143679300888,5.087099411443953,15.84853096102072,8.740902998094047,0.8572010079054131,2025-12-18 13:10:00+00:00,2025-12-18 13:30:00+00:00,2025-12-18 13:35:00+00:00,2025-12-18 14:30:00+00:00,0.004822053659682135,0.015514822134387263,continuation
AMD_20251219_142500,AMD,2025-12-19 14:25:00+00:00,1,18,244.2290748898679,6.65480561922502,1422.3219980787703,16.52260647184715,0.21129134381276662,2025-12-19 14:05:00+00:00,2025-12-19 14:25:00+00:00,2025-12-19 14:30:00+00:00,2025-12-19 15:25:00+00:00,0.005367867202862975,0.030959373470386575,continuation
AMD_20251222_141000,AMD,2025-12-22 14:10:00+00:00,1,12,237.31491981623165,5.479526792646777,399.1980708838044,37.84276059188547,1.110626328413776,2025-12-22 13:50:00+00:00,2025-12-22 14:10:00+00:00,2025-12-22 14:15:00+00:00,2025-12-22 15:10:00+00:00,0.00688705234159781,-0.025490196078431393,reversal
AMD_20251223_143000,AMD,2025-12-23 14:30:00+00:00,1,13,133.94693590044193,4.212702174048314,625.0779048125498,41.426344104771815,0.08755093663519938,2025-12-23 14:10:00+00:00,2025-12-23 14:30:00+00:00,2025-12-23 14:35:00+00:00,2025-12-23 15:30:00+00:00,0.0131568075117372,-0.008391936326936134,reversal
AMD_20251226_143500,AMD,2025-12-26 14:35:00+00:00,-1,13,100.67270858638011,4.257178305866825,142.52461873638345,14.161231255256,0.24953649983264795,2025-12-26 14:15:00+00:00,2025-12-26 14:35:00+00:00,2025-12-26 14:40:00+00:00,2025-12-26 15:35:00+00:00,-0.0062126199638370405,0.009470492185677637,reversal
AMD_20251229_090000,AMD,2025-12-29 09:00:00+00:00,-1,3,84.9765258215962,5.6651736585105805,0.9247702716348581,6.21516450038216,214.59930992821577,2025-12-27 00:40:00+00:00,2025-12-29 09:00:00+00:00,2025-12-29 09:05:00+00:00,2025-12-29 10:10:00+00:00,-0.006977206057113494,-0.0024355971896955486,unclear
AMD_20251229_143500,AMD,2025-12-29 14:35:00+00:00,1,16,172.31598354843226,5.3272270352328865,436.1455160744501,37.091295452833215,0.14941984402137456,2025-12-29 14:15:00+00:00,2025-12-29 14:35:00+00:00,2025-12-29 14:40:00+00:00,2025-12-29 15:35:00+00:00,0.012246790730708446,-0.0018194117235426077,unclear
AMD_20251231_144500,AMD,2025-12-31 14:45:00+00:00,1,2,81.68948711997581,4.380257638245802,455.1897435897436,20.477326581558568,0.048613715169501796,2025-12-31 14:25:00+00:00,2025-12-31 14:45:00+00:00,2025-12-31 14:50:00+00:00,2025-12-31 15:45:00+00:00,0.0053036268470054715,-0.004976155919552028,reversal
AMD_20260102_090000,AMD,2026-01-02 09:00:00+00:00,1,3,201.27329011156547,5.113111108596088,1.8456423652339111,6.757540828902177,184.27797336767628,2026-01-01 00:40:00+00:00,2026-01-02 09:00:00+00:00,2026-01-02 09:05:00+00:00,2026-01-02 10:05:00+00:00,0.017570093457943914,-0.0006429096252754674,unclear
AMD_20260105_090000,AMD,2026-01-05 09:00:00+00:00,1,4,185.53206672019317,4.855460857668427,2.8242689259360483,14.980086028901104,39.414161639498374,2026-01-03 00:40:00+00:00,2026-01-05 09:00:00+00:00,2026-01-05 09:05:00+00:00,2026-01-05 10:00:00+00:00,0.018760888015366017,0.00517385013373084,continuation
AMD_20260105_144000,AMD,2026-01-05 14:40:00+00:00,-1,6,179.47236408958565,4.145112148956413,153.85889570552146,12.48490810158519,0.14762623127177138,2026-01-05 14:20:00+00:00,2026-01-05 14:40:00+00:00,2026-01-05 14:45:00+00:00,2026-01-05 15:40:00+00:00,-0.005499521780714778,-0.01737666936241833,continuation
AMD_20260106_141500,AMD,2026-01-06 14:15:00+00:00,1,7,276.5942762491913,7.47887764599079,464.7380468894222,26.36086686840393,0.5456375964610143,2026-01-06 13:55:00+00:00,2026-01-06 14:15:00+00:00,2026-01-06 14:20:00+00:00,2026-01-06 15:15:00+00:00,0.003410203871956563,-0.026559356136820922,reversal
AMD_20260107_142500,AMD,2026-01-07 14:25:00+00:00,-1,8,260.66958143105,6.122743479346715,483.7981827899519,32.37175757063255,0.903089990786887,2026-01-07 14:05:00+00:00,2026-01-07 14:25:00+00:00,2026-01-07 14:30:00+00:00,2026-01-07 15:25:00+00:00,-0.004694615276278125,-0.006391207961888523,continuation
AMD_20260108_142000,AMD,2026-01-08 14:20:00+00:00,-1,15,187.07400783100957,6.167041935403344,266.3201133144476,16.79696387207008,0.4982204110648334,2026-01-08 14:00:00+00:00,2026-01-08 14:20:00+00:00,2026-01-08 14:25:00+00:00,2026-01-08 15:20:00+00:00,-0.0035072752263141105,-0.01400713436385248,continuation
AMD_20260109_150000,AMD,2026-01-09 15:00:00+00:00,-1,12,122.44295830054597,5.5595606368887,164.9312851460705,10.675314907208644,0.15452298019507812,2026-01-09 14:40:00+00:00,2026-01-09 15:00:00+00:00,2026-01-09 15:05:00+00:00,2026-01-09 16:00:00+00:00,-0.0064875109340072346,0.010345080584020172,reversal
AMD_20260112_090000,AMD,2026-01-12 09:00:00+00:00,-1,3,128.90702767270446,4.680850480639051,3.1892684971704046,9.06238140288867,59.64762124278566,2026-01-10 00:40:00+00:00,2026-01-12 09:00:00+00:00,2026-01-12 09:05:00+00:00,2026-01-12 10:05:00+00:00,-0.012479658073784927,-0.0024885526577742567,unclear
AMD_20260112_142500,AMD,2026-01-12 14:25:00+00:00,-1,14,211.46686522709902,4.847299470241089,388.0538091192297,25.738644488715583,0.2787338956526537,2026-01-12 14:05:00+00:00,2026-01-12 14:25:00+00:00,2026-01-12 14:30:00+00:00,2026-01-12 15:25:00+00:00,-0.0010718049761735404,0.037943544379286376,reversal
AMD_20260113_090000,AMD,2026-01-13 09:00:00+00:00,1,3,188.67924528301438,5.005505348964435,3.9544884774852957,6.155272616206894,23.501195924300077,2026-01-13 00:40:00+00:00,2026-01-13 09:00:00+00:00,2026-01-13 09:05:00+00:00,2026-01-13 10:05:00+00:00,0.016949152542372836,0.0009012855177648049,unclear
AMD_20260113_143000,AMD,2026-01-13 14:30:00+00:00,1,16,289.38682534517034,4.32925277101701,670.3195250831757,29.505408490086246,0.45571402178695386,2026-01-13 14:10:00+00:00,2026-01-13 14:30:00+00:00,2026-01-13 14:35:00+00:00,2026-01-13 15:30:00+00:00,0.025083736509117882,-0.012080670926517545,reversal
AMD_20260114_143500,AMD,2026-01-14 14:35:00+00:00,-1,23,257.30724971231746,5.251554569264882,269.9484596659112,11.501387804504953,0.7431913788572839,2026-01-14 14:15:00+00:00,2026-01-14 14:35:00+00:00,2026-01-14 14:40:00+00:00,2026-01-14 15:35:00+00:00,-0.0028069206699796734,0.030409302754833556,reversal
AMD_20260115_131000,AMD,2026-01-15 13:10:00+00:00,1,23,275.5352755352769,4.284020465293408,603.6602327561737,29.787914956919614,1.1662464959939967,2026-01-15 12:50:00+00:00,2026-01-15 13:10:00+00:00,2026-01-15 13:15:00+00:00,2026-01-15 14:10:00+00:00,0.0033311417926802367,0.0012668734437115692,unclear
META_20251017_080000,META,2025-10-17 08:00:00+00:00,-1,3,153.22927108692096,4.131446909370234,1.3106998406667483,2.964243803578407,47.19011500037537,2025-10-16 23:40:00+00:00,2025-10-17 08:00:00+00:00,2025-10-17 08:05:00+00:00,2025-10-17 09:10:00+00:00,-0.014396612561750288,0.007131605327223234,reversal
META_20251020_134000,META,2025-10-20 13:40:00+00:00,1,6,98.99758036640449,4.507049299852598,281.81687155574394,21.97724947340799,0.06743694628122765,2025-10-20 13:20:00+00:00,2025-10-20 13:40:00+00:00,2025-10-20 13:45:00+00:00,2025-10-20 14:40:00+00:00,0.002413554633471593,0.0094433214440941,continuation
META_20251023_133500,META,2025-10-23 13:35:00+00:00,1,5,87.94619762027223,5.11292966936954,394.98523985239854,244.54955101034196,0.038707063014748314,2025-10-23 13:15:00+00:00,2025-10-23 13:35:00+00:00,2025-10-23 13:40:00+00:00,2025-10-23 14:35:00+00:00,0.005251742623688882,0.004773794338752024,continuation
META_20251027_080000,META,2025-10-27 08:00:00+00:00,1,3,124.69030502416878,4.667490721881073,0.23225404732254049,3.495766591769861,120.25434976602884,2025-10-24 23:30:00+00:00,2025-10-27 08:00:00+00:00,2025-10-27 08:05:00+00:00,2025-10-27 09:10:00+00:00,0.012441616462465444,0.004225502781343593,continuation
META_20251029_134000,META,2025-10-29 13:40:00+00:00,-1,2,86.82864877511243,5.597113642517913,173.90181234228035,13.132102107957255,0.053746694183491525,2025-10-29 13:20:00+00:00,2025-10-29 13:40:00+00:00,2025-10-29 13:45:00+00:00,2025-10-29 14:40:00+00:00,-0.0062109738275542,0.0013168009090605004,unclear
META_20251029_194500,META,2025-10-29 19:45:00+00:00,1,12,867.8566287606171,5.105099892574341,9.828038384497136,54.56216567870433,9.697039004230806,2025-10-29 19:25:00+00:00,2025-10-29 19:45:00+00:00,2025-10-29 19:50:00+00:00,2025-10-29 20:45:00+00:00,0.008681112894596055,-0.07438104205068363,reversal
META_20251030_131500,META,2025-10-30 13:15:00+00:00,-1,10,224.57527626924102,5.070154739284488,175.34993199875927,9.652549789782007,0.6788150845164381,2025-10-30 12:55:00+00:00,2025-10-30 13:15:00+00:00,2025-10-30 13:20:00+00:00,2025-10-30 14:15:00+00:00,-0.004549361311164568,-0.01153703014514329,continuation
META_20251031_124500,META,2025-10-31 12:45:00+00:00,-1,3,74.27777196573837,4.291616366206372,12.530725925925926,5.030919898337393,0.7988522031697676,2025-10-31 12:25:00+00:00,2025-10-31 12:45:00+00:00,2025-10-31 12:50:00+00:00,2025-10-31 13:45:00+00:00,-0.005816338611810079,-0.02050538435854299,continuation
META_20251031_132500,META,2025-10-31 13:25:00+00:00,1,16,212.87738265785893,4.969129376370329,311.7467360035406,29.38079529373666,1.117154496822846,2025-10-31 13:05:00+00:00,2025-10-31 13:25:00+00:00,2025-10-31 13:30:00+00:00,2025-10-31 14:25:00+00:00,0.007856726762162314,-0.024831419044090364,reversal
META_20251103_143000,META,2025-11-03 14:30:00+00:00,-1,11,130.50599639232053,5.079733945008966,188.21723167298984,9.39943245976845,0.23648848302395126,2025-11-03 14:10:00+00:00,2025-11-03 14:30:00+00:00,2025-11-03 14:35:00+00:00,2025-11-03 15:30:00+00:00,-0.0037945748247485422,-0.009499625216074503,continuation
META_20251104_090000,META,2025-11-04 09:00:00+00:00,-1,3,131.71918995879219,5.398185708981724,1.89637137381022,13.979845145944806,46.062739545405954,2025-11-04 00:40:00+00:00,2025-11-04 09:00:00+00:00,2025-11-04 09:05:00+00:00,2025-11-04 10:00:00+00:00,-0.008994584412526319,-0.008442628144205822,continuation
META_20251106_142500,META,2025-11-06 14:25:00+00:00,-1,14,166.97054025524682,5.83816097213446,314.92106065224016,12.625047461897463,0.547592380999582,2025-11-06 14:05:00+00:00,2025-11-06 14:25:00+00:00,2025-11-06 14:30:00+00:00,2025-11-06 15:25:00+00:00,-0.004852849092047418,-0.016737454774264693,continuation
META_20251107_142500,META,2025-11-07 14:25:00+00:00,1,9,129.859455905319,4.457111371082675,150.14559547501833,9.557397220469074,1.33187290463106,2025-11-07 14:05:00+00:00,2025-11-07 14:25:00+00:00,2025-11-07 14:30:00+00:00,2025-11-07 15:25:00+00:00,0.005876111972578091,-0.01567075050709943,reversal
META_20251110_090000,META,2025-11-10 09:00:00+00:00,1,3,140.10171768543466,4.258078006438807,1.0855796140816025,4.227093559344679,47.83469703836231,2025-11-08 00:40:00+00:00,2025-11-10 09:00:00+00:00,2025-11-10 09:05:00+00:00,2025-11-10 10:00:00+00:00,0.013096037609133804,0.00028410436100179126,unclear
META_20251111_113000,META,2025-11-11 11:30:00+00:00,-1,3,125.88829222804688,4.187020931665202,20.623809523809523,30.436078438009684,2.32368688095566,2025-11-11 11:10:00+00:00,2025-11-11 11:30:00+00:00,2025-11-11 11:35:00+00:00,2025-11-11 12:30:00+00:00,-0.012400959049841953,0.003890800347277956,reversal
META_20251112_143000,META,2025-11-12 14:30:00+00:00,-1,15,122.82686306128943,7.053643405885488,497.5954123962909,16.73234930516489,0.07857284317063168,2025-11-12 14:10:00+00:00,2025-11-12 14:30:00+00:00,2025-11-12 14:35:00+00:00,2025-11-12 15:30:00+00:00,-0.006761904761904747,-0.019948381116757674,continuation
META_20251119_143000,META,2025-11-19 14:30:00+00:00,-1,8,121.43391478799393,5.669175892878543,330.56721371934356,12.441050887507062,0.0552183870258682,2025-11-19 14:10:00+00:00,2025-11-19 14:30:00+00:00,2025-11-19 14:35:00+00:00,2025-11-19 15:30:00+00:00,-0.009109243697478897,0.004867872044506338,reversal
META_20251126_120000,META,2025-11-26 12:00:00+00:00,-1,6,68.45849802371573,4.260685993199491,8.26458938473726,9.297978681774238,1.9105894989082286,2025-11-26 11:40:00+00:00,2025-11-26 12:00:00+00:00,2025-11-26 12:05:00+00:00,2025-11-26 13:00:00+00:00,-0.004175136825644965,-0.0035488277876356555,continuation
META_20251128_144000,META,2025-11-28 14:40:00+00:00,1,4,66.55831920105548,4.794958664107698,400.3308763308763,16.25609988045353,0.04013256748844571,2025-11-28 14:20:00+00:00,2025-11-28 14:40:00+00:00,2025-11-28 14:45:00+00:00,2025-11-28 15:40:00+00:00,0.006446799477979104,0.005139745170250176,continuation
META_20251202_142500,META,2025-12-02 14:25:00+00:00,-1,6,81.62535897114908,5.187434910560728,515.6617142857143,15.528476513029245,0.7959520384351312,2025-12-02 14:05:00+00:00,2025-12-02 14:25:00+00:00,2025-12-02 14:30:00+00:00,2025-12-02 15:25:00+00:00,-0.0032589465843136933,-4.281621722601603e-05,unclear
META_20251203_140000,META,2025-12-03 14:00:00+00:00,-1,5,97.32451361867733,6.4564462606633946,63.371112646855565,21.509484088345786,1.2603315795715975,2025-12-03 13:40:00+00:00,2025-12-03 14:00:00+00:00,2025-12-03 14:05:00+00:00,2025-12-03 15:00:00+00:00,-0.005088666152659904,0.004200247985120864,reversal
META_20251204_113000,META,2025-12-04 11:30:00+00:00,1,3,60.424842708528544,4.063021663917809,22.361462248035533,18.844819490088287,1.5068579588373021,2025-12-04 11:10:00+00:00,2025-12-04 11:30:00+00:00,2025-12-04 11:35:00+00:00,2025-12-04 12:30:00+00:00,0.005603985056039873,-0.0026315789473685403,unclear
META_20251204_140000,META,2025-12-04 14:00:00+00:00,1,19,609.8640776698994,7.022725491787997,1898.5052966101696,78.67905856489686,0.17721878051424747,2025-12-04 13:40:00+00:00,2025-12-04 14:00:00+00:00,2025-12-04 14:05:00+00:00,2025-12-04 15:00:00+00:00,0.0398264994024502,-0.004241274771882186,reversal
META_20251205_142000,META,2025-12-05 14:20:00+00:00,-1,13,94.94952525237466,4.8884516447188595,287.20656226696497,16.145226683474725,1.0838151147366486,2025-12-05 14:00:00+00:00,2025-12-05 14:20:00+00:00,2025-12-05 14:25:00+00:00,2025-12-05 15:20:00+00:00,-0.00247427657584276,0.01787712876977543,reversal
META_20251208_143000,META,2025-12-08 14:30:00+00:00,1,6,97.66123104157032,4.730681457200752,380.66206420434935,22.591189456742065,0.08811729638861268,2025-12-08 14:10:00+00:00,2025-12-08 14:30:00+00:00,2025-12-08 14:35:00+00:00,2025-12-08 15:30:00+00:00,0.003877703206562222,-0.0059277967612538784,reversal
META_20251209_143000,META,2025-12-09 14:30:00+00:00,-1,7,113.87021539306375,5.068675370334956,572.6554762903903,31.46741597195626,0.053149135785145865,2025-12-09 14:10:00+00:00,2025-12-09 14:30:00+00:00,2025-12-09 14:35:00+00:00,2025-12-09 15:30:00+00:00,-0.008486722993361506,0.00024346635218952528,unclear
META_20251217_130000,META,2025-12-17 13:00:00+00:00,-1,1,67.14276994445268,4.895675716306214,43.69923932124049,23.65300281039956,0.5320220024442317,2025-12-17 12:40:00+00:00,2025-12-17 13:00:00+00:00,2025-12-17 13:05:00+00:00,2025-12-17 14:00:00+00:00,-0.005855760186898706,0.003112982970151945,reversal
META_20251218_090000,META,2025-12-18 09:00:00+00:00,1,4,140.87759815242686,5.117224508055597,3.244678847240535,7.7341955707735925,55.97922837702597,2025-12-18 00:40:00+00:00,2025-12-18 09:00:00+00:00,2025-12-18 09:05:00+00:00,2025-12-18 10:00:00+00:00,0.006288862229077319,0.0006127169400915733,unclear
META_20251222_143000,META,2025-12-22 14:30:00+00:00,1,12,161.34220072551608,7.961847615574595,532.1368597816961,24.201324142337086,0.10775170157787348,2025-12-22 14:10:00+00:00,2025-12-22 14:30:00+00:00,2025-12-22 14:35:00+00:00,2025-12-22 15:30:00+00:00,0.005272699803595682,-0.00416297209155525,reversal
META_20251223_143500,META,2025-12-23 14:35:00+00:00,1,5,60.53801453519636,4.5859199918985185,313.3165137614679,17.19729419629693,0.07680733467940243,2025-12-23 14:15:00+00:00,2025-12-23 14:35:00+00:00,2025-12-23 14:40:00+00:00,2025-12-23 15:35:00+00:00,0.003892347070137969,0.00019612576187322261,unclear
META_20251230_143000,META,2025-12-30 14:30:00+00:00,1,9,106.42168455521129,4.0911719301466105,893.0644122383253,45.64200843339487,0.06717132299616657,2025-12-30 14:10:00+00:00,2025-12-30 14:30:00+00:00,2025-12-30 14:35:00+00:00,2025-12-30 15:30:00+00:00,0.010856709628506378,-0.0015450154501545077,unclear
META_20251231_143000,META,2025-12-31 14:30:00+00:00,-1,3,66.68539173137145,6.080359987044982,592.1152597402597,17.911547851017374,0.022546500210711355,2025-12-31 14:10:00+00:00,2025-12-31 14:30:00+00:00,2025-12-31 14:35:00+00:00,2025-12-31 15:30:00+00:00,-0.005334593119169728,-0.0002759252920963018,unclear
META_20260102_090000,META,2026-01-02 09:00:00+00:00,1,3,115.4085614930156,5.354347489108255,0.983402489626556,4.0638712601310285,254.46454166951628,2026-01-01 00:40:00+00:00,2026-01-02 09:00:00+00:00,2026-01-02 09:05:00+00:00,2026-01-02 10:10:00+00:00,0.009911961141469527,-0.0004959944689102436,unclear
META_20260105_143000,META,2026-01-05 14:30:00+00:00,1,8,114.97042783623846,6.558439790144666,409.32775453277543,26.155674254468558,0.0833385299535507,2026-01-05 14:10:00+00:00,2026-01-05 14:30:00+00:00,2026-01-05 14:35:00+00:00,2026-01-05 15:30:00+00:00,0.005309659658889965,0.014131478202338288,continuation
META_20260106_143500,META,2026-01-06 14:35:00+00:00,-1,6,86.0632557286367,5.228152578056238,407.6074014481094,20.220134672239368,0.09823631089670545,2026-01-06 14:15:00+00:00,2026-01-06 14:35:00+00:00,2026-01-06 14:40:00+00:00,2026-01-06 15:35:00+00:00,-0.005456668081751381,0.004183175524154592,reversal
META_20260107_144500,META,2026-01-07 14:45:00+00:00,-1,7,111.1111111111085,5.994859346102765,482.21651376146787,16.605265389301273,0.039364808261999375,2026-01-07 14:25:00+00:00,2026-01-07 14:45:00+00:00,2026-01-07 14:50:00+00:00,2026-01-07 15:45:00+00:00,-0.002074119261857632,-0.009727358865421643,continuation
META_20260108_143000,META,2026-01-08 14:30:00+00:00,-1,3,139.4647568790064,5.631701467156647,948.873473917869,54.09631644781692,0.060645656685188884,2026-01-08 14:10:00+00:00,2026-01-08 14:30:00+00:00,2026-01-08 14:35:00+00:00,2026-01-08 15:30:00+00:00,-0.011179585643058432,0.004721265267773278,reversal
META_20260112_090000,META,2026-01-12 09:00:00+00:00,-1,3,104.15054628741593,4.340997671615447,2.6055009823182713,6.364738741668787,43.92622127543366,2026-01-10 00:25:00+00:00,2026-01-12 09:00:00+00:00,2026-01-12 09:05:00+00:00,2026-01-12 10:00:00+00:00,-0.01044410413476271,-0.001036862793648785,unclear
META_20260113_143000,META,2026-01-13 14:30:00+00:00,-1,11,124.1006793629551,6.543102144531863,560.0604496866937,22.88086321199854,0.06213605174672961,2026-01-13 14:10:00+00:00,2026-01-13 14:30:00+00:00,2026-01-13 14:35:00+00:00,2026-01-13 15:30:00+00:00,-0.005841357746215969,-0.019254391112154434,continuation
META_20260114_143500,META,2026-01-14 14:35:00+00:00,-1,7,69.72093885811992,4.295638621750396,269.83071895424837,11.927191293813681,0.12354539537073758,2026-01-14 14:15:00+00:00,2026-01-14 14:35:00+00:00,2026-01-14 14:40:00+00:00,2026-01-14 15:35:00+00:00,-0.003876216302440505,-0.006197255272471058,continuation
MSFT_20251024_104500,MSFT,2025-10-24 10:45:00+00:00,-1,2,66.98656429942274,4.547879940416114,3.225025746652935,4.821100953996138,2.498029716147414,2025-10-24 10:25:00+00:00,2025-10-24 10:45:00+00:00,2025-10-24 10:50:00+00:00,2025-10-24 11:50:00+00:00,-0.0034429992348889993,0.0019193857965451588,unclear
MSFT_20251027_080000,MSFT,2025-10-27 08:00:00+00:00,1,3,112.59541984732557,4.866385498233632,0.14790892943646053,6.589880725426241,149.84632731684405,2025-10-24 23:40:00+00:00,2025-10-27 08:00:00+00:00,2025-10-27 08:05:00+00:00,2025-10-27 09:05:00+00:00,0.011278841199259482,-0.0026420079260237594,unclear
MSFT_20251028_130000,MSFT,2025-10-28 13:00:00+00:00,1,9,419.7244553001855,5.198298545334472,1645.1286740692358,212.05681535998153,0.2702654955409768,2025-10-28 12:40:00+00:00,2025-10-28 13:00:00+00:00,2025-10-28 13:05:00+00:00,2025-10-28 14:00:00+00:00,0.04145106861642289,-0.017587442170257983,reversal
MSFT_20251029_133000,MSFT,2025-10-29 13:30:00+00:00,-1,6,71.94111554963412,4.4334321428316965,348.70123325818855,11.259291312787445,0.061967979582469204,2025-10-29 13:10:00+00:00,2025-10-29 13:30:00+00:00,2025-10-29 13:35:00+00:00,2025-10-29 14:30:00+00:00,-0.004170369010464525,-0.008145591196921154,continuation
MSFT_20251029_195500,MSFT,2025-10-29 19:55:00+00:00,1,25,385.91117917304854,4.289980310120653,5.223284726413995,43.068244975977876,23.97931766018765,2025-10-29 19:35:00+00:00,2025-10-29 19:55:00+00:00,2025-10-29 20:00:00+00:00,2025-10-29 20:55:00+00:00,0.006175472432913498,-0.030743143615452606,reversal
MSFT_20251031_133000,MSFT,2025-10-31 13:30:00+00:00,-1,14,141.16091193974168,6.553449600240978,418.9162120031177,20.331241224455386,0.08872555819577603,2025-10-31 13:10:00+00:00,2025-10-31 13:30:00+00:00,2025-10-31 13:35:00+00:00,2025-10-31 14:30:00+00:00,-0.00569525647575253,-0.014024738344433851,continuation
MSFT_20251103_140000,MSFT,2025-11-03 14:00:00+00:00,-1,8,139.24740164282358,6.085731990643028,359.0948404413958,39.44449414156801,0.981152607104789,2025-11-03 13:40:00+00:00,2025-11-03 14:00:00+00:00,2025-11-03 14:05:00+00:00,2025-11-03 15:00:00+00:00,-0.005928244792112292,0.008241493119221843,reversal
MSFT_20251104_090000,MSFT,2025-11-04 09:00:00+00:00,-1,3,80.6372884003359,4.47731370528332,1.3293395237382057,2.514714171964747,31.760909203528417,2025-11-04 00:40:00+00:00,2025-11-04 09:00:00+00:00,2025-11-04 09:05:00+00:00,2025-11-04 10:00:00+00:00,-0.006295399515738542,-0.0021247563352826404,unclear
MSFT_20251104_143000,MSFT,2025-11-04 14:30:00+00:00,-1,5,87.40915340796462,4.480371126777309,687.4624358376108,10.965647559457693,0.09600158315963757,2025-11-04 14:10:00+00:00,2025-11-04 14:30:00+00:00,2025-11-04 14:35:00+00:00,2025-11-04 15:30:00+00:00,-0.005675391036392807,0.009208952003608939,reversal
MSFT_20251106_143000,MSFT,2025-11-06 14:30:00+00:00,-1,8,78.18991840617073,5.5893479835405095,516.3045769764217,13.093943359566342,0.035863889732630806,2025-11-06 14:10:00+00:00,2025-11-06 14:30:00+00:00,2025-11-06 14:35:00+00:00,2025-11-06 15:30:00+00:00,-0.005599446968200694,-0.006584370313725829,continuation
MSFT_20251106_153500,MSFT,2025-11-06 15:35:00+00:00,-1,4,78.31192070290038,4.417140943533146,243.83456737888724,7.318863411447162,0.0705869893167714,2025-11-06 15:15:00+00:00,2025-11-06 15:35:00+00:00,2025-11-06 15:40:00+00:00,2025-11-06 16:35:00+00:00,-0.003556373816622105,-0.003687300855694242,continuation
MSFT_20251107_143000,MSFT,2025-11-07 14:30:00+00:00,1,3,75.061878062328,4.1697125683066325,405.8542210617929,8.321689515625414,0.023474886585004094,2025-11-07 14:10:00+00:00,2025-11-07 14:30:00+00:00,2025-11-07 14:35:00+00:00,2025-11-07 15:30:00+00:00,0.005931006657252436,-0.005855928124498533,reversal
MSFT_20251110_090000,MSFT,2025-11-10 09:00:00+00:00,1,3,79.13871369461978,4.690571381609917,1.7534169367338313,7.403240625915333,77.33961337975825,2025-11-08 00:40:00+00:00,2025-11-10 09:00:00+00:00,2025-11-10 09:05:00+00:00,2025-11-10 10:00:00+00:00,0.007290913473126048,0.0014356642938326836,unclear
MSFT_20251110_143000,MSFT,2025-11-10 14:30:00+00:00,-1,6,97.20653669331503,4.697584701863394,351.57511229412745,9.260534405527252,0.09635766114072154,2025-11-10 14:10:00+00:00,2025-11-10 14:30:00+00:00,2025-11-10 14:35:00+00:00,2025-11-10 15:30:00+00:00,-0.0034677660870086058,0.00975070577367032,reversal
MSFT_20251112_143000,MSFT,2025-11-12 14:30:00+00:00,-1,3,61.6736616027258,4.953651730501526,491.421686746988,12.964844172615496,0.08016645799929431,2025-11-12 14:10:00+00:00,2025-11-12 14:30:00+00:00,2025-11-12 14:35:00+00:00,2025-11-12 15:30:00+00:00,-0.006051703877790859,-0.005704321097121157,continuation
MSFT_20251114_142000,MSFT,2025-11-14 14:20:00+00:00,-1,7,94.84196355013852,4.254243873671841,338.9550650374458,6.03973037859777,0.3937432909256423,2025-11-14 14:00:00+00:00,2025-11-14 14:20:00+00:00,2025-11-14 14:25:00+00:00,2025-11-14 15:20:00+00:00,-0.002773767993905052,0.014713613786988766,reversal
MSFT_20251117_143000,MSFT,2025-11-17 14:30:00+00:00,1,7,62.97077314203703,4.219983397400419,976.647209421403,17.63496661677055,0.06722075399757652,2025-11-17 14:10:00+00:00,2025-11-17 14:30:00+00:00,2025-11-17 14:35:00+00:00,2025-11-17 15:30:00+00:00,0.0033841613379244073,-0.005235602094240899,reversal
MSFT_20251119_142500,MSFT,2025-11-19 14:25:00+00:00,-1,4,75.11277121220905,4.342923274399372,266.9593086064098,10.571353235999675,0.22565178395902097,2025-11-19 14:05:00+00:00,2025-11-19 14:25:00+00:00,2025-11-19 14:30:00+00:00,2025-11-19 15:25:00+00:00,-0.00420731707317068,0.009736084746800433,reversal
MSFT_20251119_154000,MSFT,2025-11-19 15:40:00+00:00,-1,5,94.66461853559372,4.2997245033298075,141.84837229626393,6.908838920414631,0.11168760552567047,2025-11-19 15:20:00+00:00,2025-11-19 15:40:00+00:00,2025-11-19 15:45:00+00:00,2025-11-19 16:40:00+00:00,-0.0031208600062700986,-0.00820070931195116,continuation
MSFT_20251121_145500,MSFT,2025-11-21 14:55:00+00:00,-1,8,106.51841792565176,4.161008702152808,275.65398091095807,11.795843336637677,0.12210978911090066,2025-11-21 14:35:00+00:00,2025-11-21 14:55:00+00:00,2025-11-21 15:00:00+00:00,2025-11-21 15:55:00+00:00,-0.006118707108806132,-0.0077479680796112005,continuation
MSFT_20251124_144000,MSFT,2025-11-24 14:40:00+00:00,-1,6,124.50698219806044,5.391972996981501,337.8295868122458,9.935763628902414,0.04494533503623473,2025-11-24 14:20:00+00:00,2025-11-24 14:40:00+00:00,2025-11-24 14:45:00+00:00,2025-11-24 15:40:00+00:00,-0.003125725992101258,0.005910891718395872,reversal
MSFT_20251125_142500,MSFT,2025-11-25 14:25:00+00:00,1,5,143.84030093185675,5.361898841103729,325.7070480081716,9.242529036404266,0.7431967066437828,2025-11-25 14:05:00+00:00,2025-11-25 14:25:00+00:00,2025-11-25 14:30:00+00:00,2025-11-25 15:25:00+00:00,0.009142905743020568,-0.013126567076125695,reversal
MSFT_20251126_132500,MSFT,2025-11-26 13:25:00+00:00,1,9,79.54001954708411,5.437171162724048,52.010420284821116,11.458680017884184,0.7114278018754107,2025-11-26 13:05:00+00:00,2025-11-26 13:25:00+00:00,2025-11-26 13:30:00+00:00,2025-11-26 14:25:00+00:00,0.003631430658457724,0.011853022520742718,continuation
MSFT_20251203_140000,MSFT,2025-12-03 14:00:00+00:00,-1,6,218.09454241887184,6.005011993509762,402.5990783410138,61.107801158249444,0.1674861521701899,2025-12-03 13:40:00+00:00,2025-12-03 14:00:00+00:00,2025-12-03 14:05:00+00:00,2025-12-03 15:00:00+00:00,-0.017261454864870407,-0.00583063108006987,continuation
MSFT_20251208_142500,MSFT,2025-12-08 14:25:00+00:00,1,4,118.95445134575854,7.040661825237608,1043.6436271401394,23.84384651586428,0.298149831935856,2025-12-08 14:05:00+00:00,2025-12-08 14:25:00+00:00,2025-12-08 14:30:00+00:00,2025-12-08 15:25:00+00:00,0.0032476263368015346,0.008406597938144245,continuation
MSFT_20251210_113000,MSFT,2025-12-10 11:30:00+00:00,-1,6,113.40248621058092,5.512597350776485,54.68587896253602,58.76920975953905,1.102057810200921,2025-12-10 11:10:00+00:00,2025-12-10 11:30:00+00:00,2025-12-10 11:35:00+00:00,2025-12-10 12:30:00+00:00,-0.00875228984327292,-0.00698151950718684,continuation
MSFT_20251218_142500,MSFT,2025-12-18 14:25:00+00:00,-1,6,79.24591257924662,4.193333399025492,400.0776233828462,9.758364118180872,0.11012612265744885,2025-12-18 14:05:00+00:00,2025-12-18 14:25:00+00:00,2025-12-18 14:30:00+00:00,2025-12-18 15:25:00+00:00,-0.0035420356287112487,0.013570308416100296,reversal
MSFT_20251222_143500,MSFT,2025-12-22 14:35:00+00:00,-1,5,75.62044097287225,5.38251144836614,469.67228464419475,17.476639827576196,0.07843604378304178,2025-12-22 14:15:00+00:00,2025-12-22 14:35:00+00:00,2025-12-22 14:40:00+00:00,2025-12-22 15:35:00+00:00,-0.007261985352944866,0.001270844956915207,unclear
MSFT_20260102_090000,MSFT,2026-01-02 09:00:00+00:00,1,3,76.54116673562194,4.961281783708641,1.204616998950682,1.4305248392098528,189.95303896803864,2026-01-01 00:40:00+00:00,2026-01-02 09:00:00+00:00,2026-01-02 09:05:00+00:00,2026-01-02 10:05:00+00:00,0.006845915201654673,-0.0020747314147202545,unclear
MSFT_20260102_142500,MSFT,2026-01-02 14:25:00+00:00,-1,10,85.38998229720596,4.361794974033931,1012.8228849665246,17.65194977394788,0.3053014796997606,2026-01-02 14:05:00+00:00,2026-01-02 14:25:00+00:00,2026-01-02 14:30:00+00:00,2026-01-02 15:25:00+00:00,-0.0036008230452675427,-0.018347960764068083,continuation
MSFT_20260105_143000,MSFT,2026-01-05 14:30:00+00:00,-1,3,84.62323524408788,4.877771961998366,747.2543140028289,26.829949666829005,0.0535717150164377,2026-01-05 14:10:00+00:00,2026-01-05 14:30:00+00:00,2026-01-05 14:35:00+00:00,2026-01-05 15:30:00+00:00,-0.008077612569861836,0.0057407722401767725,reversal
MSFT_20260107_143000,MSFT,2026-01-07 14:30:00+00:00,1,3,112.47593538126432,6.596904845404737,993.0254639620199,27.36015720627747,0.027866818046970717,2026-01-07 14:10:00+00:00,2026-01-07 14:30:00+00:00,2026-01-07 14:35:00+00:00,2026-01-07 15:30:00+00:00,0.008923719958202625,0.00395633531495343,continuation
MSFT_20260108_143500,MSFT,2026-01-08 14:35:00+00:00,-1,3,90.22998153432438,5.134076590320508,328.2087415222306,11.930387030833591,0.04636448487076958,2026-01-08 14:15:00+00:00,2026-01-08 14:35:00+00:00,2026-01-08 14:40:00+00:00,2026-01-08 15:35:00+00:00,-0.005605963083694876,-0.0029231829286118227,unclear
MSFT_20260112_090000,MSFT,2026-01-12 09:00:00+00:00,-1,3,87.40732940184958,4.618046188037656,1.327720207253886,5.602099045938743,204.1592933222796,2026-01-10 00:40:00+00:00,2026-01-12 09:00:00+00:00,2026-01-12 09:05:00+00:00,2026-01-12 10:00:00+00:00,-0.008871725289635757,0.0014953664700925184,unclear
MSFT_20260112_143000,MSFT,2026-01-12 14:30:00+00:00,1,3,99.5077207893269,4.112544135561079,729.9683184402925,30.633603758300065,0.038174560768106165,2026-01-12 14:10:00+00:00,2026-01-12 14:30:00+00:00,2026-01-12 14:35:00+00:00,2026-01-12 15:30:00+00:00,0.009230833929097182,-0.0020313769610601495,unclear
MSFT_20260113_151500,MSFT,2026-01-13 15:15:00+00:00,-1,8,88.44647867789269,4.602505977918103,406.57782573509576,11.138766813262075,0.10064641539463537,2026-01-13 14:55:00+00:00,2026-01-13 15:15:00+00:00,2026-01-13 15:20:00+00:00,2026-01-13 16:15:00+00:00,-0.005666381233283557,-0.0033277693313629175,continuation
MSFT_20260114_144000,MSFT,2026-01-14 14:40:00+00:00,-1,2,65.09996341489632,4.765492880215197,392.5195030338053,9.546383739945645,0.03774784166663214,2026-01-14 14:20:00+00:00,2026-01-14 14:40:00+00:00,2026-01-14 14:45:00+00:00,2026-01-14 15:40:00+00:00,-0.0058353538016537865,-0.0021542206568219147,unclear
MSFT_20260115_142500,MSFT,2026-01-15 14:25:00+00:00,1,4,88.92850930596552,4.983834648334707,137.49962565510356,14.346778109380272,0.7161966083736918,2026-01-15 14:05:00+00:00,2026-01-15 14:25:00+00:00,2026-01-15 14:30:00+00:00,2026-01-15 15:25:00+00:00,0.003698896820246489,-0.01114200124997311,reversal
NFLX_20251016_140000,NFLX,2025-10-16 14:00:00+00:00,-1,3,91.78278075222312,4.1996966294356115,5.756970295525337,5.772956105752924,1.3751838955779296,2025-10-16 13:40:00+00:00,2025-10-16 14:00:00+00:00,2025-10-16 14:05:00+00:00,2025-10-16 15:00:00+00:00,-0.010277044095019394,-0.0013883808320308555,unclear
NFLX_20251020_132500,NFLX,2025-10-20 13:25:00+00:00,1,7,125.27033771419171,6.440499437087321,86.40039890301671,19.821120694883618,10.710229927683613,2025-10-20 13:05:00+00:00,2025-10-20 13:25:00+00:00,2025-10-20 13:30:00+00:00,2025-10-20 14:25:00+00:00,0.006447587354409201,0.012399256044637319,continuation
NFLX_20251021_133500,NFLX,2025-10-21 13:35:00+00:00,-1,6,74.38817248326623,4.00579517289531,244.1601334445371,60.249801425741204,0.11976652736722568,2025-10-21 13:15:00+00:00,2025-10-21 13:35:00+00:00,2025-10-21 13:40:00+00:00,2025-10-21 14:35:00+00:00,-0.004669854921030447,0.0004602936188768947,unclear
NFLX_20251021_200000,NFLX,2025-10-21 20:00:00+00:00,-1,16,668.2989690721653,4.969091937909424,10.969316994395363,61.81008060330471,13.647896460769507,2025-10-21 19:40:00+00:00,2025-10-21 20:00:00+00:00,2025-10-21 20:05:00+00:00,2025-10-21 21:00:00+00:00,-0.06308258743343298,0.014291487879751985,reversal
NFLX_20251024_132500,NFLX,2025-10-24 13:25:00+00:00,-1,5,107.58520929391668,4.95171650562367,376.5024429967427,32.52147758264076,1.2049990617849224,2025-10-24 13:05:00+00:00,2025-10-24 13:25:00+00:00,2025-10-24 13:30:00+00:00,2025-10-24 14:25:00+00:00,-0.006873435824097163,-0.002151002151002168,unclear
NFLX_20251027_080500,NFLX,2025-10-27 08:05:00+00:00,1,3,93.87568555759174,4.123598609681384,0.17874459441750754,1.6628156683660242,290.1770658706529,2025-10-24 23:40:00+00:00,2025-10-27 08:05:00+00:00,2025-10-27 08:20:00+00:00,2025-10-27 10:30:00+00:00,0.009286086408130778,-0.001150081049018925,unclear
NFLX_20251028_133000,NFLX,2025-10-28 13:30:00+00:00,1,12,111.24458849928854,5.071306229336576,218.4823677581864,6837.704290373389,0.3887890435873512,2025-10-28 13:10:00+00:00,2025-10-28 13:30:00+00:00,2025-10-28 13:35:00+00:00,2025-10-28 14:30:00+00:00,0.0016289881494986336,0.0054405448917762556,continuation
NFLX_20251030_135000,NFLX,2025-10-30 13:50:00+00:00,1,10,102.8057497950785,4.295849972680275,52.68287526427061,11.798056165265193,0.45933628399919,2025-10-30 13:30:00+00:00,2025-10-30 13:50:00+00:00,2025-10-30 13:55:00+00:00,2025-10-30 14:50:00+00:00,0.0016820512820512334,-0.004673620212610974,reversal
NFLX_20251030_195500,NFLX,2025-10-30 19:55:00+00:00,-1,4,321.3957759412378,5.137245974614994,10.541923039830264,21.010472103056745,3.441703800064935,2025-10-30 19:35:00+00:00,2025-10-30 19:55:00+00:00,2025-10-30 20:00:00+00:00,2025-10-30 20:55:00+00:00,-0.002837834125436145,0.030359132029485814,reversal
NFLX_20251103_090000,NFLX,2025-11-03 09:00:00+00:00,1,3,99.9286860402937,4.0982595111241205,0.15103157414795396,4.915220206364991,108.50604092903238,2025-10-31 23:10:00+00:00,2025-11-03 09:00:00+00:00,2025-11-03 09:05:00+00:00,2025-11-03 10:00:00+00:00,0.01063392857142853,0.005442128791158352,continuation
NFLX_20251103_143000,NFLX,2025-11-03 14:30:00+00:00,-1,14,124.86136453078167,4.198147091553182,303.73603504928803,12.07864395488801,0.17686274596474294,2025-11-03 14:10:00+00:00,2025-11-03 14:30:00+00:00,2025-11-03 14:35:00+00:00,2025-11-03 15:30:00+00:00,-0.005386044043512839,-0.021500786939472327,continuation
NFLX_20251104_090000,NFLX,2025-11-04 09:00:00+00:00,-1,3,69.98844227559032,4.220593247811006,1.670930745478606,7.412485347844638,29.106890010533835,2025-11-04 00:40:00+00:00,2025-11-04 09:00:00+00:00,2025-11-04 09:05:00+00:00,2025-11-04 10:00:00+00:00,-0.005917159763313529,-0.0028113553113553458,unclear
NFLX_20251105_142500,NFLX,2025-11-05 14:25:00+00:00,-1,7,78.25870003142387,4.565781486492366,840.6678832116788,14.387628837710276,0.4162627163175676,2025-11-05 14:05:00+00:00,2025-11-05 14:25:00+00:00,2025-11-05 14:30:00+00:00,2025-11-05 15:25:00+00:00,-0.003277604869584505,0.0008336096680299221,unclear
NFLX_20251106_143000,NFLX,2025-11-06 14:30:00+00:00,-1,3,75.78962859402738,4.334253376561999,677.9677419354839,24.265790209674403,0.04031300035834373,2025-11-06 14:10:00+00:00,2025-11-06 14:30:00+00:00,2025-11-06 14:35:00+00:00,2025-11-06 15:30:00+00:00,-0.0039058569559927703,0.006446517778430749,reversal
NFLX_20251110_143000,NFLX,2025-11-10 14:30:00+00:00,1,4,139.70994500077438,5.712521680231233,589.0766917293233,23.54874650699732,0.056728022859955284,2025-11-10 14:10:00+00:00,2025-11-10 14:30:00+00:00,2025-11-10 14:35:00+00:00,2025-11-10 15:30:00+00:00,0.00913052500518785,0.005592361129737489,continuation
NFLX_20251111_143000,NFLX,2025-11-11 14:30:00+00:00,1,7,132.69506084467199,7.398162327959609,694.5835543766578,25.452277518257794,0.10278970892347337,2025-11-11 14:10:00+00:00,2025-11-11 14:30:00+00:00,2025-11-11 14:35:00+00:00,2025-11-11 15:30:00+00:00,0.004644826328549012,0.0016994999377146769,unclear
NFLX_20251112_143000,NFLX,2025-11-12 14:30:00+00:00,-1,6,69.90469954252454,4.3767300181633315,324.5645390070922,17.678613481649023,0.12930042597636968,2025-11-12 14:10:00+00:00,2025-11-12 14:30:00+00:00,2025-11-12 14:35:00+00:00,2025-11-12 15:30:00+00:00,-0.004494184770682419,0.004972974879423164,reversal
NFLX_20251114_142500,NFLX,2025-11-14 14:25:00+00:00,-1,16,125.37440029686931,5.015936496497033,421.1080550098232,14.772989347077328,0.6320853841086782,2025-11-14 14:05:00+00:00,2025-11-14 14:25:00+00:00,2025-11-14 14:30:00+00:00,2025-11-14 15:25:00+00:00,-0.0013555310649090435,-0.02300792018553366,continuation
NFLX_20251117_144000,NFLX,2025-11-17 14:40:00+00:00,1,8,91.02024181497859,4.239129161527111,124.52911813643927,4.219017955842221,0.12117584353939877,2025-11-17 14:20:00+00:00,2025-11-17 14:40:00+00:00,2025-11-17 14:45:00+00:00,2025-11-17 15:40:00+00:00,0.00722489995007658,-0.0034955633234738936,reversal
NFLX_20251118_142500,NFLX,2025-11-18 14:25:00+00:00,1,22,157.43732083541852,4.306710401788417,493.64916719375924,6.459264595972892,0.27240607395307054,2025-11-18 14:05:00+00:00,2025-11-18 14:25:00+00:00,2025-11-18 14:30:00+00:00,2025-11-18 15:25:00+00:00,0.004557885141294404,0.01497277676950981,continuation
NFLX_20251119_142500,NFLX,2025-11-19 14:25:00+00:00,-1,10,198.66954332973918,6.962828272482881,552.4183780020884,8.22794346727128,0.8157485125303734,2025-11-19 14:05:00+00:00,2025-11-19 14:25:00+00:00,2025-11-19 14:30:00+00:00,2025-11-19 15:25:00+00:00,-0.006605019815059454,-0.015602836879432536,continuation
NFLX_20251120_142500,NFLX,2025-11-20 14:25:00+00:00,1,13,146.18547281863846,4.810764554203636,558.3456140350877,9.998139791452568,0.4976832448866139,2025-11-20 14:05:00+00:00,2025-11-20 14:25:00+00:00,2025-11-20 14:30:00+00:00,2025-11-20 15:25:00+00:00,0.0027088036117381975,-0.01692931112111662,reversal
NFLX_20251124_142500,NFLX,2025-11-24 14:25:00+00:00,1,7,132.5309358081972,4.311850969155789,980.3984632272228,7.243684954822755,0.6037303999802828,2025-11-24 14:05:00+00:00,2025-11-24 14:25:00+00:00,2025-11-24 14:30:00+00:00,2025-11-24 15:25:00+00:00,0.008906098741529478,0.0011034350412588712,unclear
NFLX_20251124_205000,NFLX,2025-11-24 20:50:00+00:00,1,3,246.00363740786779,4.828827759308344,30.72407514176659,14.683376440823315,0.8025871792300692,2025-11-24 20:30:00+00:00,2025-11-24 20:50:00+00:00,2025-11-24 20:55:00+00:00,2025-11-24 21:50:00+00:00,0.015011036261455724,0.0020568845356940813,unclear
NFLX_20251125_142000,NFLX,2025-11-25 14:20:00+00:00,-1,9,127.0687651763125,5.171539555565174,420.1894291754757,6.605730908575064,1.743214473475079,2025-11-25 14:00:00+00:00,2025-11-25 14:20:00+00:00,2025-11-25 14:25:00+00:00,2025-11-25 15:20:00+00:00,-0.004491017964071808,-0.017763157894736814,continuation
NFLX_20251126_142500,NFLX,2025-11-26 14:25:00+00:00,1,9,102.7006466336955,4.9431484981922935,791.7339707536557,8.700733311255467,0.4998059444053603,2025-11-26 14:05:00+00:00,2025-11-26 14:25:00+00:00,2025-11-26 14:30:00+00:00,2025-11-26 15:25:00+00:00,0.005896338563956105,0.0030254325423089146,continuation
NFLX_20251128_142500,NFLX,2025-11-28 14:25:00+00:00,1,9,92.87195926833691,5.254145133797913,891.1922246220303,7.467016000748997,0.7287004578184019,2025-11-28 14:05:00+00:00,2025-11-28 14:25:00+00:00,2025-11-28 14:30:00+00:00,2025-11-28 15:25:00+00:00,0.004016064257028162,0.008826291079812254,continuation
NFLX_20251202_144000,NFLX,2025-12-02 14:40:00+00:00,-1,4,97.80992625214368,4.781575295557929,302.62047440699126,7.869761818357914,0.05721493428258317,2025-12-02 14:20:00+00:00,2025-12-02 14:40:00+00:00,2025-12-02 14:45:00+00:00,2025-12-02 15:40:00+00:00,-0.007610270518110918,0.001246533684592821,unclear
NFLX_20251203_090000,NFLX,2025-12-03 09:00:00+00:00,-1,4,82.95695455802444,5.092450801271086,3.6627498855486036,6.509692022539556,5.441035546806768,2025-12-03 00:40:00+00:00,2025-12-03 09:00:00+00:00,2025-12-03 09:05:00+00:00,2025-12-03 10:00:00+00:00,-0.005482456140350811,-0.006615214994487362,continuation
NFLX_20251203_140500,NFLX,2025-12-03 14:05:00+00:00,-1,21,281.8791946308674,6.268751719776601,649.8993193420306,20.151894758812816,0.6728314246517973,2025-12-03 13:45:00+00:00,2025-12-03 14:05:00+00:00,2025-12-03 14:10:00+00:00,2025-12-03 15:05:00+00:00,-0.00391608391608389,-0.03837873256575863,continuation
NFLX_20251204_141000,NFLX,2025-12-04 14:10:00+00:00,1,11,129.12621359223442,4.278034910126396,761.4758135444151,22.38003208897253,0.8070514220696259,2025-12-04 13:50:00+00:00,2025-12-04 14:10:00+00:00,2025-12-04 14:15:00+00:00,2025-12-04 15:10:00+00:00,0.005379959650302579,-0.020367892976588697,reversal
NFLX_20251205_120500,NFLX,2025-12-05 12:05:00+00:00,-1,16,227.1590113079136,6.988489676361992,255.03593083314618,27.421871395472113,0.8174514195907246,2025-12-05 11:45:00+00:00,2025-12-05 12:05:00+00:00,2025-12-05 12:10:00+00:00,2025-12-05 13:05:00+00:00,-0.005876591576885359,-0.007389162561576401,continuation
NFLX_20251205_135000,NFLX,2025-12-05 13:50:00+00:00,1,29,370.52034824863523,5.136486288530311,1008.8921430251705,14.55142353342949,0.5920203579338867,2025-12-05 13:30:00+00:00,2025-12-05 13:50:00+00:00,2025-12-05 13:55:00+00:00,2025-12-05 14:50:00+00:00,0.009819100555836124,0.030407839746361187,continuation
NFLX_20251208_134500,NFLX,2025-12-08 13:45:00+00:00,-1,10,290.34087978959235,5.507282294508484,518.003010369049,13.186456649643361,0.5902574213996065,2025-12-08 13:25:00+00:00,2025-12-08 13:45:00+00:00,2025-12-08 13:50:00+00:00,2025-12-08 14:45:00+00:00,-0.005552801189885881,-0.03130920331039988,continuation
NFLX_20251209_143000,NFLX,2025-12-09 14:30:00+00:00,-1,4,72.98514415859492,4.189647043535262,324.9895100069013,7.1814634371949095,0.060283212426736045,2025-12-09 14:10:00+00:00,2025-12-09 14:30:00+00:00,2025-12-09 14:35:00+00:00,2025-12-09 15:30:00+00:00,-0.0032928586128834203,-0.003252116456741616,continuation
NFLX_20251210_143000,NFLX,2025-12-10 14:30:00+00:00,-1,4,128.11489283259814,6.475343022664611,576.5348618680699,10.358952276043974,0.03715953855690436,2025-12-10 14:10:00+00:00,2025-12-10 14:30:00+00:00,2025-12-10 14:35:00+00:00,2025-12-10 15:30:00+00:00,-0.005435345273837933,-0.008015406235361455,continuation
NFLX_20251212_140000,NFLX,2025-12-12 14:00:00+00:00,1,9,162.11578947368687,6.622278108482137,633.8621303090949,15.035957438089119,0.5176971409248854,2025-12-12 13:40:00+00:00,2025-12-12 14:00:00+00:00,2025-12-12 14:05:00+00:00,2025-12-12 15:00:00+00:00,0.003797736168412058,0.016608879849086877,continuation
NFLX_20251215_090000,NFLX,2025-12-15 09:00:00+00:00,1,3,88.87264746550771,4.4422707759106,1.0100449162923641,7.255007357077028,75.03635519346099,2025-12-13 00:40:00+00:00,2025-12-15 09:00:00+00:00,2025-12-15 09:05:00+00:00,2025-12-15 10:00:00+00:00,0.004113667687192901,0.004819782062028599,continuation
NFLX_20251215_143000,NFLX,2025-12-15 14:30:00+00:00,-1,3,170.03019227713523,5.098845786129198,440.20050324460334,17.86870875186051,0.10136890883415438,2025-12-15 14:10:00+00:00,2025-12-15 14:30:00+00:00,2025-12-15 14:35:00+00:00,2025-12-15 15:30:00+00:00,-0.014905392881400803,-0.006406093761053944,continuation
NFLX_20251216_143000,NFLX,2025-12-16 14:30:00+00:00,1,6,78.07145305003482,4.649431976723855,348.82980089916504,6.222554836870123,0.08477506873363462,2025-12-16 14:10:00+00:00,2025-12-16 14:30:00+00:00,2025-12-16 14:35:00+00:00,2025-12-16 15:30:00+00:00,0.004823734997927875,-0.001403180542563165,unclear
NFLX_20251218_090000,NFLX,2025-12-18 09:00:00+00:00,1,3,87.83998306699291,5.094241067993369,0.5126264193088044,3.0357060903065083,260.8166367293459,2025-12-18 00:40:00+00:00,2025-12-18 09:00:00+00:00,2025-12-18 09:05:00+00:00,2025-12-18 10:00:00+00:00,0.006667372208699396,0.002523128679562614,unclear
NFLX_20251222_143000,NFLX,2025-12-22 14:30:00+00:00,-1,4,138.16394798206844,4.898418702248278,459.73405372955125,9.835151887383482,0.05389865916207157,2025-12-22 14:10:00+00:00,2025-12-22 14:30:00+00:00,2025-12-22 14:35:00+00:00,2025-12-22 15:30:00+00:00,-0.008992511171953543,-0.0003550738777585716,unclear
NFLX_20251229_143500,NFLX,2025-12-29 14:35:00+00:00,1,7,90.41256518653285,5.568069304972711,679.1269565217391,10.14390145494394,0.07142563487933719,2025-12-29 14:15:00+00:00,2025-12-29 14:35:00+00:00,2025-12-29 14:40:00+00:00,2025-12-29 15:35:00+00:00,0.00643411677124317,-0.00796111375283981,reversal
NFLX_20260102_090000,NFLX,2026-01-02 09:00:00+00:00,1,3,95.1477023251468,4.803777706752345,1.0389192296636964,10.686367907992866,169.55081336158113,2026-01-01 00:40:00+00:00,2026-01-02 09:00:00+00:00,2026-01-02 09:05:00+00:00,2026-01-02 10:00:00+00:00,0.009190980014962102,-0.002541565180557148,unclear
NFLX_20260102_143000,NFLX,2026-01-02 14:30:00+00:00,-1,3,212.67361111110495,4.630440260274852,1362.434705882353,35.84899238516738,0.05581600578152039,2026-01-02 14:10:00+00:00,2026-01-02 14:30:00+00:00,2026-01-02 14:35:00+00:00,2026-01-02 15:30:00+00:00,-0.01944946327983843,0.002438760026013398,unclear
NFLX_20260105_143000,NFLX,2026-01-05 14:30:00+00:00,1,6,101.70423309510124,5.148418606287029,777.1105505267844,8.130886131203182,0.12477347838179559,2026-01-05 14:10:00+00:00,2026-01-05 14:30:00+00:00,2026-01-05 14:35:00+00:00,2026-01-05 15:30:00+00:00,0.0043931905546403804,0.00235101148168404,unclear
NFLX_20260106_143000,NFLX,2026-01-06 14:30:00+00:00,-1,7,140.01881675797856,4.973977345975461,1428.7269612881123,22.627347355272203,0.04076373354427367,2026-01-06 14:10:00+00:00,2026-01-06 14:30:00+00:00,2026-01-06 14:35:00+00:00,2026-01-06 15:30:00+00:00,-0.014454019853823552,-0.0005589683989152272,unclear
NFLX_20260109_142000,NFLX,2026-01-09 14:20:00+00:00,-1,13,151.90299764230585,5.887302647535856,1061.3328710124827,11.160547747028177,0.6260430626132063,2026-01-09 14:00:00+00:00,2026-01-09 14:20:00+00:00,2026-01-09 14:25:00+00:00,2026-01-09 15:20:00+00:00,-0.004073012021616806,-0.016397436564722256,continuation
NFLX_20260112_142500,NFLX,2026-01-12 14:25:00+00:00,1,5,113.22869955156855,5.562554975891636,541.64569356301,9.089414586877785,0.40991116062783917,2026-01-12 14:05:00+00:00,2026-01-12 14:25:00+00:00,2026-01-12 14:30:00+00:00,2026-01-12 15:25:00+00:00,0.0075213291423439355,0.0003342618384400975,unclear
NFLX_20260113_143000,NFLX,2026-01-13 14:30:00+00:00,1,8,144.49200878237312,4.958932832701213,805.945810754481,19.963219566311377,0.09138770817119767,2026-01-13 14:10:00+00:00,2026-01-13 14:30:00+00:00,2026-01-13 14:35:00+00:00,2026-01-13 15:30:00+00:00,0.009638433210579223,-0.010375390859443057,reversal
NFLX_20260114_143000,NFLX,2026-01-14 14:30:00+00:00,-1,5,228.74813039159613,5.005533220252302,284.63963577932515,8.624291603367892,0.0860573649156955,2026-01-14 14:10:00+00:00,2026-01-14 14:30:00+00:00,2026-01-14 14:35:00+00:00,2026-01-14 15:30:00+00:00,-0.007466375068343356,-0.020846737588027464,continuation
NFLX_20260115_143000,NFLX,2026-01-15 14:30:00+00:00,1,8,78.71766029246885,4.641608046744625,436.0070914127424,8.889550517793312,0.11266240714436725,2026-01-15 14:10:00+00:00,2026-01-15 14:30:00+00:00,2026-01-15 14:35:00+00:00,2026-01-15 15:30:00+00:00,0.007885546919004227,-0.001955962892589702,unclear
NVDA_20251017_080000,NVDA,2025-10-17 08:00:00+00:00,-1,4,228.80434782609038,4.903004355550709,5.423610163368522,11.472729952469368,16.857141650091673,2025-10-16 23:40:00+00:00,2025-10-17 08:00:00+00:00,2025-10-17 08:05:00+00:00,2025-10-17 09:00:00+00:00,-0.02069499778663131,0.0029381851056617947,unclear
NVDA_20251021_133000,NVDA,2025-10-21 13:30:00+00:00,-1,14,82.18875834298478,5.983082862926344,185.8836153701341,7.624667329010287,0.17924843140216462,2025-10-21 13:10:00+00:00,2025-10-21 13:30:00+00:00,2025-10-21 13:35:00+00:00,2025-10-21 14:30:00+00:00,-0.003473312037060361,-0.010670800296304517,continuation
NVDA_20251022_133000,NVDA,2025-10-22 13:30:00+00:00,-1,14,124.77915194345712,5.862676626322641,203.0049168723335,8.883863818311427,0.11775383578936716,2025-10-22 13:10:00+00:00,2025-10-22 13:30:00+00:00,2025-10-22 13:35:00+00:00,2025-10-22 14:30:00+00:00,-0.00336533156791341,0.000996955438693492,unclear
NVDA_20251024_133000,NVDA,2025-10-24 13:30:00+00:00,1,3,100.64740764919921,5.09815157736056,356.80033421378903,16.558255549284993,0.09328702973617274,2025-10-24 13:10:00+00:00,2025-10-24 13:30:00+00:00,2025-10-24 13:35:00+00:00,2025-10-24 14:30:00+00:00,0.005268875611081025,-0.0009185713513805149,unclear
NVDA_20251027_080000,NVDA,2025-10-27 08:00:00+00:00,1,3,195.72422145569536,5.174285929114939,5.779736238242934,18.51714322853877,45.46631727193763,2025-10-24 23:40:00+00:00,2025-10-27 08:00:00+00:00,2025-10-27 08:05:00+00:00,2025-10-27 09:00:00+00:00,0.018184081029857246,0.004004214963118979,continuation
NVDA_20251030_123000,NVDA,2025-10-30 12:30:00+00:00,-1,6,96.70626349892243,4.139338716991199,11.411533952565605,3.568758933205418,0.7076949066832647,2025-10-30 12:10:00+00:00,2025-10-30 12:30:00+00:00,2025-10-30 12:35:00+00:00,2025-10-30 13:30:00+00:00,-0.004624105882925389,-0.008044595294185553,continuation
NVDA_20251103_090000,NVDA,2025-11-03 09:00:00+00:00,1,3,96.73280031586629,4.319218334502678,2.27309773062601,6.037283201377558,17.760171143474267,2025-10-31 23:40:00+00:00,2025-11-03 09:00:00+00:00,2025-11-03 09:05:00+00:00,2025-11-03 10:00:00+00:00,0.005325735894986305,0.007113073338238962,continuation
NVDA_20251104_090000,NVDA,2025-11-04 09:00:00+00:00,-1,3,153.83103160170552,4.9335804289131175,1.5765370713538704,5.077184087990722,43.3257348672659,2025-11-04 00:40:00+00:00,2025-11-04 09:00:00+00:00,2025-11-04 09:05:00+00:00,2025-11-04 10:00:00+00:00,-0.012305009204534367,-0.011624484991171302,continuation
NVDA_20251105_205000,NVDA,2025-11-05 20:50:00+00:00,-1,7,152.9592621060738,4.079270670443501,11.341961639911446,3.448806288923195,8.842621171281287,2025-11-05 20:30:00+00:00,2025-11-05 20:50:00+00:00,2025-11-05 20:55:00+00:00,2025-11-05 21:50:00+00:00,-0.014450503882787569,-0.001835985312117594,unclear
NVDA_20251106_144000,NVDA,2025-11-06 14:40:00+00:00,-1,7,152.60043600125118,5.1243900573222945,117.5814558668386,7.763828912013333,0.19864272588256762,2025-11-06 14:20:00+00:00,2025-11-06 14:40:00+00:00,2025-11-06 14:45:00+00:00,2025-11-06 15:40:00+00:00,-0.005553574158047581,-0.024131570857669926,continuation
NVDA_20251106_153000,NVDA,2025-11-06 15:30:00+00:00,-1,4,136.2419278626592,4.16058998256062,112.61982119384714,6.4023241025410735,0.18850895366505022,2025-11-06 15:10:00+00:00,2025-11-06 15:30:00+00:00,2025-11-06 15:35:00+00:00,2025-11-06 16:30:00+00:00,-0.002804029494236304,-0.0105446781920433,continuation
NVDA_20251110_090000,NVDA,2025-11-10 09:00:00+00:00,1,3,219.93054824792634,4.568166281089664,1.5199961527363663,7.665204358982145,65.40945251576699,2025-11-08 00:40:00+00:00,2025-11-10 09:00:00+00:00,2025-11-10 09:05:00+00:00,2025-11-10 10:00:00+00:00,0.020461837883330558,0.0036082474226803996,continuation
NVDA_20251110_150000,NVDA,2025-11-10 15:00:00+00:00,1,11,101.06739703586109,4.194276446145538,53.43983041223455,3.4977618659940095,0.27496902483991176,2025-11-10 14:40:00+00:00,2025-11-10 15:00:00+00:00,2025-11-10 15:05:00+00:00,2025-11-10 16:00:00+00:00,0.0021275176395125772,-0.0022039064036181166,unclear
NVDA_20251112_090000,NVDA,2025-11-12 09:00:00+00:00,1,3,105.6701030927809,4.469106841661797,1.5236198400755363,1.8142907650864062,33.35863725622716,2025-11-12 00:40:00+00:00,2025-11-12 09:00:00+00:00,2025-11-12 09:05:00+00:00,2025-11-12 10:00:00+00:00,0.008550530544967572,0.0020939734422880107,unclear
NVDA_20251112_143000,NVDA,2025-11-12 14:30:00+00:00,-1,9,143.55306799336276,5.176619920481807,154.15631474817343,9.3515719074664,0.13621756921258743,2025-11-12 14:10:00+00:00,2025-11-12 14:30:00+00:00,2025-11-12 14:35:00+00:00,2025-11-12 15:30:00+00:00,-0.006338035367474126,-0.0124210536061381,continuation
NVDA_20251113_143000,NVDA,2025-11-13 14:30:00+00:00,-1,16,207.93243532178485,6.981655459522476,263.0084933296803,9.038277449066646,0.12847122967126784,2025-11-13 14:10:00+00:00,2025-11-13 14:30:00+00:00,2025-11-13 14:35:00+00:00,2025-11-13 15:30:00+00:00,-0.004690227162373106,-0.012256802156015878,continuation
NVDA_20251114_120000,NVDA,2025-11-14 12:00:00+00:00,-1,3,119.52191235059306,4.144177412328538,10.19805705225535,5.782890426401652,1.2146339905328212,2025-11-14 11:40:00+00:00,2025-11-14 12:00:00+00:00,2025-11-14 12:05:00+00:00,2025-11-14 13:00:00+00:00,-0.005756578947368474,0.0007168458781361409,unclear
NVDA_20251114_141000,NVDA,2025-11-14 14:10:00+00:00,1,20,275.9935619660769,5.391324792901134,111.37442093295549,12.698653255710697,0.5811460528659989,2025-11-14 13:50:00+00:00,2025-11-14 14:10:00+00:00,2025-11-14 14:15:00+00:00,2025-11-14 15:10:00+00:00,0.0014214148086979517,0.022797751833067537,continuation
NVDA_20251118_142500,NVDA,2025-11-18 14:25:00+00:00,-1,12,144.26677092928662,4.647069074738501,149.8959139329058,6.039058862063835,0.44015910811331543,2025-11-18 14:05:00+00:00,2025-11-18 14:25:00+00:00,2025-11-18 14:30:00+00:00,2025-11-18 15:25:00+00:00,-0.004399065877369268,-0.008018765001091,continuation
NVDA_20251119_143500,NVDA,2025-11-19 14:35:00+00:00,1,6,117.98744259023941,4.636382645148835,81.55313983996338,5.176438229959956,0.16415799603602588,2025-11-19 14:15:00+00:00,2025-11-19 14:35:00+00:00,2025-11-19 14:40:00+00:00,2025-11-19 15:35:00+00:00,0.004261672095548397,0.010525177717112033,continuation
NVDA_20251119_212000,NVDA,2025-11-19 21:20:00+00:00,1,4,362.50287133373416,5.560636463533681,4.403429878278635,12.751863895691681,5.56488122931154,2025-11-19 21:00:00+00:00,2025-11-19 21:20:00+00:00,2025-11-19 21:25:00+00:00,2025-11-19 22:20:00+00:00,0.02576049700085692,0.030687098626847042,continuation
NVDA_20251120_143000,NVDA,2025-11-20 14:30:00+00:00,-1,11,173.23651452282542,4.083188845499172,155.90914532705196,8.28229519988064,0.2244441968445909,2025-11-20 14:10:00+00:00,2025-11-20 14:30:00+00:00,2025-11-20 14:35:00+00:00,2025-11-20 15:30:00+00:00,-0.01672786617707056,0.006246369294605758,reversal
NVDA_20251124_144000,NVDA,2025-11-24 14:40:00+00:00,-1,6,163.69444758566055,5.37354532161239,124.24315532664679,6.770964618240395,0.15804339282507468,2025-11-24 14:20:00+00:00,2025-11-24 14:40:00+00:00,2025-11-24 14:45:00+00:00,2025-11-24 15:40:00+00:00,-0.006464916680599675,0.005946036910304597,reversal
NVDA_20251124_153500,NVDA,2025-11-24 15:35:00+00:00,1,13,158.8021270640927,4.232488887237467,47.98710573404909,3.7343149303269545,0.4968297079829706,2025-11-24 15:15:00+00:00,2025-11-24 15:35:00+00:00,2025-11-24 15:40:00+00:00,2025-11-24 16:35:00+00:00,0.004288841490794892,0.01660424727580012,continuation
NVDA_20251124_224500,NVDA,2025-11-24 22:45:00+00:00,-1,7,134.20950047334568,4.25271576094216,0.4561423178016374,3.7952184002819456,28.66804292066476,2025-11-24 22:25:00+00:00,2025-11-24 22:45:00+00:00,2025-11-24 22:50:00+00:00,2025-11-24 23:45:00+00:00,-0.006046613896218078,-0.006304612321645808,continuation
NVDA_20251125_143000,NVDA,2025-11-25 14:30:00+00:00,-1,14,194.22879742199362,4.671477745398284,115.87643633229473,5.622895020008932,0.21957134628572622,2025-11-25 14:10:00+00:00,2025-11-25 14:30:00+00:00,2025-11-25 14:35:00+00:00,2025-11-25 15:30:00+00:00,-0.004064109902690238,-0.013104201390884529,continuation
NVDA_20251126_130500,NVDA,2025-11-26 13:05:00+00:00,1,9,147.29767572107866,4.867088923418038,26.52037336652147,4.370428169144412,0.660263637620323,2025-11-26 12:45:00+00:00,2025-11-26 13:05:00+00:00,2025-11-26 13:10:00+00:00,2025-11-26 14:05:00+00:00,0.003499661323097758,0.017999775002812468,continuation
NVDA_20251128_143500,NVDA,2025-11-28 14:35:00+00:00,-1,4,87.2023715806125,4.006923435299249,240.53533842915698,12.65643688262989,0.09753248396276266,2025-11-28 14:15:00+00:00,2025-11-28 14:35:00+00:00,2025-11-28 14:40:00+00:00,2025-11-28 15:35:00+00:00,-0.009804008908685935,-0.0025731109901530047,unclear
NVDA_20251201_142500,NVDA,2025-12-01 14:25:00+00:00,-1,8,143.6255436026568,4.506299449609205,224.46622367036971,8.338769480885496,0.4321387341802397,2025-12-01 14:05:00+00:00,2025-12-01 14:25:00+00:00,2025-12-01 14:30:00+00:00,2025-12-01 15:25:00+00:00,-0.0015996343692870063,0.023460746166170887,reversal
NVDA_20251202_143000,NVDA,2025-12-02 14:30:00+00:00,1,4,193.68328381203392,5.639169369551963,412.2384423157018,17.329729656665755,0.14591364350823297,2025-12-02 14:10:00+00:00,2025-12-02 14:30:00+00:00,2025-12-02 14:35:00+00:00,2025-12-02 15:30:00+00:00,0.013008397826445028,-0.005770481144343309,reversal
NVDA_20251203_140000,NVDA,2025-12-03 14:00:00+00:00,-1,18,177.98724701968194,5.921436556723545,276.22231820323543,15.665926394879143,1.008624995099148,2025-12-03 13:40:00+00:00,2025-12-03 14:00:00+00:00,2025-12-03 14:05:00+00:00,2025-12-03 15:00:00+00:00,-0.012152588555858213,-0.0025928173442930635,unclear
NVDA_20251204_140500,NVDA,2025-12-04 14:05:00+00:00,1,10,96.11922107420679,4.612867533708503,320.290033972148,17.18017014493186,0.8352138768355489,2025-12-04 13:45:00+00:00,2025-12-04 14:05:00+00:00,2025-12-04 14:10:00+00:00,2025-12-04 15:05:00+00:00,0.006435616366898378,-0.003364027348919385,reversal
NVDA_20251205_090000,NVDA,2025-12-05 09:00:00+00:00,1,3,84.03361344537342,4.012855699522086,0.9908399489257759,3.1503469167052516,89.53496946181812,2025-12-05 00:40:00+00:00,2025-12-05 09:00:00+00:00,2025-12-05 09:05:00+00:00,2025-12-05 10:00:00+00:00,0.008403361344538007,-0.0007575757575758457,unclear
NVDA_20251205_143500,NVDA,2025-12-05 14:35:00+00:00,-1,7,147.83712204811115,5.652056886232312,300.57446584570044,11.909680087635905,0.14628310292917518,2025-12-05 14:15:00+00:00,2025-12-05 14:35:00+00:00,2025-12-05 14:40:00+00:00,2025-12-05 15:35:00+00:00,-0.00865588763677938,0.005271828665568412,reversal
NVDA_20251208_143000,NVDA,2025-12-08 14:30:00+00:00,1,11,155.7444474910863,6.863492591878221,591.7483237174489,26.225503555790755,0.10637379916691708,2025-12-08 14:10:00+00:00,2025-12-08 14:30:00+00:00,2025-12-08 14:35:00+00:00,2025-12-08 15:30:00+00:00,0.010992113019136829,-0.004311847469141261,reversal
NVDA_20251208_175500,NVDA,2025-12-08 17:55:00+00:00,1,7,229.7470599470697,5.317520423444979,11.896674153785009,11.427097131791907,1.45319552757119,2025-12-08 17:35:00+00:00,2025-12-08 17:55:00+00:00,2025-12-08 18:00:00+00:00,2025-12-08 18:55:00+00:00,0.013553682947448964,-0.007533767421837201,reversal
NVDA_20251209_142500,NVDA,2025-12-09 14:25:00+00:00,-1,7,128.28875842574305,4.0876822248978115,108.30006894501477,7.696459648997268,0.7656840884516445,2025-12-09 14:05:00+00:00,2025-12-09 14:25:00+00:00,2025-12-09 14:30:00+00:00,2025-12-09 15:25:00+00:00,-0.0037044990872973083,-0.005065473945142007,continuation
NVDA_20251211_142500,NVDA,2025-12-11 14:25:00+00:00,-1,13,137.27028238458504,5.297282555624381,250.96373231057797,11.929682101071442,0.8968302033317246,2025-12-11 14:05:00+00:00,2025-12-11 14:25:00+00:00,2025-12-11 14:30:00+00:00,2025-12-11 15:25:00+00:00,-0.003262552532625529,-0.01201109570041603,continuation
NVDA_20251212_125000,NVDA,2025-12-12 12:50:00+00:00,1,3,121.16182572613931,4.509865630715578,52.097474652842834,19.793275674959887,1.3348502163831206,2025-12-12 12:30:00+00:00,2025-12-12 12:50:00+00:00,2025-12-12 12:55:00+00:00,2025-12-12 13:50:00+00:00,0.01116515586999789,-0.006122225866404318,reversal
NVDA_20251215_090000,NVDA,2025-12-15 09:00:00+00:00,1,3,79.35148712679086,4.220647323282699,1.180891733310616,7.099070755558408,71.8153888746812,2025-12-13 00:40:00+00:00,2025-12-15 09:00:00+00:00,2025-12-15 09:05:00+00:00,2025-12-15 10:00:00+00:00,0.006225369809812031,0.00516517198319888,continuation
NVDA_20251217_131000,NVDA,2025-12-17 13:10:00+00:00,-1,3,63.43961597222281,5.180696158418541,29.382974622550595,8.176429324778704,0.9928923554459532,2025-12-17 12:50:00+00:00,2025-12-17 13:10:00+00:00,2025-12-17 13:15:00+00:00,2025-12-17 14:10:00+00:00,-0.004601313057628786,-0.002311291504594415,unclear
NVDA_20251217_142500,NVDA,2025-12-17 14:25:00+00:00,-1,5,168.24576514498534,6.672523902665562,426.3845266476967,12.806767428560672,0.7526489570856602,2025-12-17 14:05:00+00:00,2025-12-17 14:25:00+00:00,2025-12-17 14:30:00+00:00,2025-12-17 15:25:00+00:00,-0.007473966276101973,-0.009485941493893923,continuation
NVDA_20251218_133000,NVDA,2025-12-18 13:30:00+00:00,1,4,76.15767759531656,4.1926345836116194,17.364395532596934,4.579944676361323,0.5304611592996321,2025-12-18 13:10:00+00:00,2025-12-18 13:30:00+00:00,2025-12-18 13:35:00+00:00,2025-12-18 14:30:00+00:00,0.004742959579020489,-8.57552969724118e-05,unclear
NVDA_20251219_142500,NVDA,2025-12-19 14:25:00+00:00,1,11,169.198121215548,4.979973315261279,1116.033952056711,10.522111077019453,0.14657666873575115,2025-12-19 14:05:00+00:00,2025-12-19 14:25:00+00:00,2025-12-19 14:30:00+00:00,2025-12-19 15:25:00+00:00,0.0034069615581171497,0.011035029143794839,continuation
NVDA_20251222_090000,NVDA,2025-12-22 09:00:00+00:00,1,3,70.01874517587493,4.216090923727192,0.9918190611355685,4.924203855427038,51.92424584991314,2025-12-20 00:40:00+00:00,2025-12-22 09:00:00+00:00,2025-12-22 09:05:00+00:00,2025-12-22 10:00:00+00:00,0.006013135914078704,0.0042760813551889765,continuation
NVDA_20251223_142500,NVDA,2025-12-23 14:25:00+00:00,1,4,106.22051563357715,5.932624178706248,467.88930772018847,16.475365840186722,1.0301448062554877,2025-12-23 14:05:00+00:00,2025-12-23 14:25:00+00:00,2025-12-23 14:30:00+00:00,2025-12-23 15:25:00+00:00,0.0035105040864460424,0.012708390270565806,continuation
NVDA_20251226_143000,NVDA,2025-12-26 14:30:00+00:00,1,8,115.84434732241134,4.679489160010577,642.0312048772662,21.052460735200906,0.1393656364656467,2025-12-26 14:10:00+00:00,2025-12-26 14:30:00+00:00,2025-12-26 14:35:00+00:00,2025-12-26 15:30:00+00:00,0.005202858944713062,0.0036074658859204245,continuation
NVDA_20251229_090000,NVDA,2025-12-29 09:00:00+00:00,-1,3,109.56281246676357,5.676152366017207,2.3116438356164384,11.608641758219251,31.591022694393253,2025-12-27 00:40:00+00:00,2025-12-29 09:00:00+00:00,2025-12-29 09:05:00+00:00,2025-12-29 10:00:00+00:00,-0.007626602548932548,-0.004557498675145655,continuation
NVDA_20251231_143000,NVDA,2025-12-31 14:30:00+00:00,1,3,88.5847655421168,5.078035288343612,373.65690350796143,10.99862702203938,0.06729393798415953,2025-12-31 14:10:00+00:00,2025-12-31 14:30:00+00:00,2025-12-31 14:35:00+00:00,2025-12-31 15:30:00+00:00,0.0028473503822830093,-0.006648088753351877,reversal
NVDA_20260102_090000,NVDA,2026-01-02 09:00:00+00:00,1,3,196.8633369319761,4.890262884475196,2.6975182689570087,13.09564760412825,69.45281625864412,2026-01-01 00:40:00+00:00,2026-01-02 09:00:00+00:00,2026-01-02 09:05:00+00:00,2026-01-02 10:00:00+00:00,0.0193081255028158,0.000473559589581507,unclear
NVDA_20260102_142500,NVDA,2026-01-02 14:25:00+00:00,1,16,139.18289585097554,4.3839701660894095,380.705915139692,14.912096079070592,1.5414240620324624,2026-01-02 14:05:00+00:00,2026-01-02 14:25:00+00:00,2026-01-02 14:30:00+00:00,2026-01-02 15:25:00+00:00,0.004071489001691964,0.0036810785191427886,continuation
NVDA_20260105_090000,NVDA,2026-01-05 09:00:00+00:00,1,3,68.7939884637756,4.196279436861907,1.294121601183074,5.234019096569226,34.6530966529316,2026-01-03 00:40:00+00:00,2026-01-05 09:00:00+00:00,2026-01-05 09:05:00+00:00,2026-01-05 10:00:00+00:00,0.005665272409593802,0.0010529640939243023,unclear
NVDA_20260105_143000,NVDA,2026-01-05 14:30:00+00:00,1,4,169.19945911821887,5.567289595630495,356.872152137074,13.027009403750135,0.18104206452101457,2026-01-05 14:10:00+00:00,2026-01-05 14:30:00+00:00,2026-01-05 14:35:00+00:00,2026-01-05 15:30:00+00:00,0.004711823814234295,-0.015183313900764328,reversal
NVDA_20260106_144500,NVDA,2026-01-06 14:45:00+00:00,1,14,98.19043957861152,5.080325163281442,165.31084420634235,8.185671811685427,0.24951110989931363,2026-01-06 14:25:00+00:00,2026-01-06 14:45:00+00:00,2026-01-06 14:50:00+00:00,2026-01-06 15:45:00+00:00,0.0037528868360277023,-0.006876356315528187,reversal
NVDA_20260108_143000,NVDA,2026-01-08 14:30:00+00:00,-1,8,110.67151411462194,5.811837990607803,320.26193516998114,10.929135679671527,0.08805660585288966,2026-01-08 14:10:00+00:00,2026-01-08 14:30:00+00:00,2026-01-08 14:35:00+00:00,2026-01-08 15:30:00+00:00,-0.0065193948168936755,-0.009457269611879981,continuation
NVDA_20260109_142000,NVDA,2026-01-09 14:20:00+00:00,-1,6,80.14344317965217,4.526428381483313,305.3465858966065,13.291019613540172,0.7211152569089775,2026-01-09 14:00:00+00:00,2026-01-09 14:20:00+00:00,2026-01-09 14:25:00+00:00,2026-01-09 15:20:00+00:00,-0.00333386541889924,-0.00579702329594467,continuation
NVDA_20260112_090000,NVDA,2026-01-12 09:00:00+00:00,-1,3,124.8425778897233,4.500443117693917,2.765623259440793,16.588279652527735,66.00762170044835,2026-01-10 00:40:00+00:00,2026-01-12 09:00:00+00:00,2026-01-12 09:05:00+00:00,2026-01-12 10:00:00+00:00,-0.012276906435911394,0.0003285330997098157,unclear
NVDA_20260112_143000,NVDA,2026-01-12 14:30:00+00:00,1,4,166.32602874474767,4.783188444835366,270.88613458210324,14.789669761024511,0.16285164896163204,2026-01-12 14:10:00+00:00,2026-01-12 14:30:00+00:00,2026-01-12 14:35:00+00:00,2026-01-12 15:30:00+00:00,0.009940466437271311,-0.004732031799253744,reversal
NVDA_20260113_164000,NVDA,2026-01-13 16:40:00+00:00,1,8,89.69471813923047,4.055895438264312,42.89022080434073,3.23509004810792,0.6340457501858522,2026-01-13 16:20:00+00:00,2026-01-13 16:40:00+00:00,2026-01-13 16:45:00+00:00,2026-01-13 17:40:00+00:00,0.005271915606270383,-0.0050353546175273545,reversal
NVDA_20260114_143000,NVDA,2026-01-14 14:30:00+00:00,-1,11,119.18270332376358,6.47441944809801,422.4542872172541,16.781799972885622,0.10464345533331855,2026-01-14 14:10:00+00:00,2026-01-14 14:30:00+00:00,2026-01-14 14:35:00+00:00,2026-01-14 15:30:00+00:00,-0.0055202490455315,-0.008450089952570572,continuation
NVDA_20260115_090000,NVDA,2026-01-15 09:00:00+00:00,1,3,116.55266757865546,4.15990116959052,5.000611557128544,21.45713037566938,19.766646366584556,2026-01-15 00:40:00+00:00,2026-01-15 09:00:00+00:00,2026-01-15 09:05:00+00:00,2026-01-15 10:00:00+00:00,0.010937972578225486,0.00481497511361173,continuation
PLTR_20251017_080000,PLTR,2025-10-17 08:00:00+00:00,-1,5,335.397919831717,4.9196299427230015,5.77589833479404,7.414238539273853,12.037070217902025,2025-10-16 23:40:00+00:00,2025-10-17 08:00:00+00:00,2025-10-17 08:05:00+00:00,2025-10-17 09:00:00+00:00,-0.03122529644268779,0.01101591187270512,reversal
PLTR_20251020_080000,PLTR,2025-10-20 08:00:00+00:00,1,3,104.85846652535047,4.521009692788912,3.3622632165407946,7.406683549910681,15.897463724176811,2025-10-17 23:40:00+00:00,2025-10-20 08:00:00+00:00,2025-10-20 08:05:00+00:00,2025-10-20 09:00:00+00:00,0.010817779272462413,-0.0018298768991904524,unclear
PLTR_20251020_132500,PLTR,2025-10-20 13:25:00+00:00,-1,13,138.34234435092796,4.2412966713787075,330.499642820696,19.71610028929971,0.6405434088092701,2025-10-20 13:05:00+00:00,2025-10-20 13:25:00+00:00,2025-10-20 13:30:00+00:00,2025-10-20 14:25:00+00:00,-0.006256228546118847,0.015042620758816572,reversal
PLTR_20251021_132500,PLTR,2025-10-21 13:25:00+00:00,1,14,139.78614390732557,4.1261601792350096,478.65807478122514,31.590266639781582,1.1024271516905528,2025-10-21 13:05:00+00:00,2025-10-21 13:25:00+00:00,2025-10-21 13:30:00+00:00,2025-10-21 14:25:00+00:00,0.0029194667841798694,-0.01073762838468717,reversal
PLTR_20251022_132500,PLTR,2025-10-22 13:25:00+00:00,1,30,208.8549965854769,4.624802356130164,439.3430860327412,26.502394016808235,0.9051555577892135,2025-10-22 13:05:00+00:00,2025-10-22 13:25:00+00:00,2025-10-22 13:30:00+00:00,2025-10-22 14:25:00+00:00,0.007863550780817352,-0.033901098901098825,reversal
PLTR_20251024_123000,PLTR,2025-10-24 12:30:00+00:00,1,4,110.46879074350535,5.739422836218437,62.904820261437905,25.69420673326044,0.4226727388092708,2025-10-24 12:10:00+00:00,2025-10-24 12:30:00+00:00,2025-10-24 12:35:00+00:00,2025-10-24 13:30:00+00:00,0.007174392935982432,0.0071780821917808435,continuation
PLTR_20251024_133500,PLTR,2025-10-24 13:35:00+00:00,1,4,134.48502077411328,5.149264357995515,470.45566502463055,27.244214711609835,0.056358792458944706,2025-10-24 13:15:00+00:00,2025-10-24 13:35:00+00:00,2025-10-24 13:40:00+00:00,2025-10-24 14:35:00+00:00,0.009324899116588625,-0.0019449997298611743,unclear
PLTR_20251027_080000,PLTR,2025-10-27 08:00:00+00:00,1,4,170.31630170316836,4.8124836396380255,5.425529217898339,7.300069108810591,27.427543908117567,2025-10-24 23:40:00+00:00,2025-10-27 08:00:00+00:00,2025-10-27 08:05:00+00:00,2025-10-27 09:00:00+00:00,0.017141621153950126,-0.00191387559808609,unclear
PLTR_20251029_134000,PLTR,2025-10-29 13:40:00+00:00,1,7,247.8711162255487,6.022528311538783,289.7060633484163,19.622813138442506,0.13966506821613695,2025-10-29 13:20:00+00:00,2025-10-29 13:40:00+00:00,2025-10-29 13:45:00+00:00,2025-10-29 14:40:00+00:00,0.018066628254151285,0.010912275267790372,continuation
PLTR_20251103_210500,PLTR,2025-11-03 21:05:00+00:00,1,6,329.4789297982481,5.189598547482378,4.581393881229065,22.194019915705354,6.679665267526045,2025-11-03 20:45:00+00:00,2025-11-03 21:05:00+00:00,2025-11-03 21:10:00+00:00,2025-11-03 22:05:00+00:00,0.0321489001692048,-0.01854800936768153,reversal
PLTR_20251106_143500,PLTR,2025-11-06 14:35:00+00:00,1,24,357.9763656788559,6.675190297770413,257.9788872040126,12.73792961923385,0.3629179722235705,2025-11-06 14:15:00+00:00,2025-11-06 14:35:00+00:00,2025-11-06 14:40:00+00:00,2025-11-06 15:35:00+00:00,0.0029248355510413937,-0.04409628152467815,reversal
PLTR_20251107_142500,PLTR,2025-11-07 14:25:00+00:00,1,21,188.28329932963683,4.341226787311581,166.69350708617498,10.885465413016982,0.9591124663652436,2025-11-07 14:05:00+00:00,2025-11-07 14:25:00+00:00,2025-11-07 14:30:00+00:00,2025-11-07 15:25:00+00:00,0.007328990228013144,-0.002598452477191482,unclear
PLTR_20251110_090000,PLTR,2025-11-10 09:00:00+00:00,1,3,253.72543511294364,4.578851237646607,1.539423556077095,6.89717655206701,47.377994131312605,2025-11-08 00:40:00+00:00,2025-11-10 09:00:00+00:00,2025-11-10 09:05:00+00:00,2025-11-10 10:00:00+00:00,0.02386578423679553,-0.001626016260162677,unclear
PLTR_20251110_142500,PLTR,2025-11-10 14:25:00+00:00,1,21,277.89296569692203,4.716860399627624,318.4060543171002,10.916401316414962,0.36529910167595,2025-11-10 14:05:00+00:00,2025-11-10 14:25:00+00:00,2025-11-10 14:30:00+00:00,2025-11-10 15:25:00+00:00,0.0029395753946652725,0.049554928354320404,continuation
PLTR_20251111_090000,PLTR,2025-11-11 09:00:00+00:00,-1,3,113.44122391631961,4.182783833919675,0.8400089792515153,4.126581737098781,150.61169662548198,2025-11-11 00:40:00+00:00,2025-11-11 09:00:00+00:00,2025-11-11 09:05:00+00:00,2025-11-11 10:00:00+00:00,-0.009624787688506942,-0.002182725288431442,unclear
PLTR_20251112_142500,PLTR,2025-11-12 14:25:00+00:00,-1,25,292.3684634814849,5.626056910838938,631.2109193095142,37.51685290729545,0.7919973196333109,2025-11-12 14:05:00+00:00,2025-11-12 14:25:00+00:00,2025-11-12 14:30:00+00:00,2025-11-12 15:25:00+00:00,-0.004338054669942082,-0.026141732283464503,continuation
PLTR_20251113_142500,PLTR,2025-11-13 14:25:00+00:00,1,20,201.95439739413735,5.073051215794396,257.2729654971612,7.3203117175029995,0.4891549847087286,2025-11-13 14:05:00+00:00,2025-11-13 14:25:00+00:00,2025-11-13 14:30:00+00:00,2025-11-13 15:25:00+00:00,0.008471659357131012,-0.02942925089179549,reversal
PLTR_20251114_134000,PLTR,2025-11-14 13:40:00+00:00,-1,28,298.7044145873341,4.373155360680787,173.09559128724305,12.966303142343518,1.5114104357563707,2025-11-14 13:20:00+00:00,2025-11-14 13:40:00+00:00,2025-11-14 13:45:00+00:00,2025-11-14 14:40:00+00:00,-0.0005183359821976374,0.03773064427144002,reversal
PLTR_20251117_142500,PLTR,2025-11-17 14:25:00+00:00,-1,22,199.00786661969371,4.6708072064840485,150.49865297616023,5.787269783236769,0.4695309979707279,2025-11-17 14:05:00+00:00,2025-11-17 14:25:00+00:00,2025-11-17 14:30:00+00:00,2025-11-17 15:25:00+00:00,-0.004205116224740069,0.005161290322580614,reversal
PLTR_20251119_142500,PLTR,2025-11-19 14:25:00+00:00,-1,9,120.85180304300724,4.49327789753276,236.30996063780105,6.4728406487100605,0.8309788455131485,2025-11-19 14:05:00+00:00,2025-11-19 14:25:00+00:00,2025-11-19 14:30:00+00:00,2025-11-19 15:25:00+00:00,-0.00456566854432261,0.004378127233738427,reversal
PLTR_20251119_154500,PLTR,2025-11-19 15:45:00+00:00,-1,5,141.36428962023828,4.079826249750774,63.81334262323637,3.1531113444672436,0.20409669129124303,2025-11-19 15:25:00+00:00,2025-11-19 15:45:00+00:00,2025-11-19 15:50:00+00:00,2025-11-19 16:45:00+00:00,-0.006316164042344918,-0.008319904506117637,continuation
PLTR_20251120_143000,PLTR,2025-11-20 14:30:00+00:00,1,10,153.19146440177178,4.07647041989463,231.85009549541155,6.166570442579631,0.15480027720099626,2025-11-20 14:10:00+00:00,2025-11-20 14:30:00+00:00,2025-11-20 14:35:00+00:00,2025-11-20 15:30:00+00:00,0.008767841538013466,-0.013023014062545135,reversal
PLTR_20251124_143000,PLTR,2025-11-24 14:30:00+00:00,1,16,209.2623264110105,4.317592559619833,306.27483879914024,12.593128351418331,0.10813983495123045,2025-11-24 14:10:00+00:00,2025-11-24 14:30:00+00:00,2025-11-24 14:35:00+00:00,2025-11-24 15:30:00+00:00,0.019951632406287834,0.0064181199887687335,continuation
PLTR_20251125_143500,PLTR,2025-11-25 14:35:00+00:00,-1,11,202.93086970372576,4.808357001251115,155.5304899964059,6.170804621876994,0.17624763476711042,2025-11-25 14:15:00+00:00,2025-11-25 14:35:00+00:00,2025-11-25 14:40:00+00:00,2025-11-25 15:35:00+00:00,-0.004747033104309795,-0.0023848374544997997,unclear
PLTR_20251201_142500,PLTR,2025-12-01 14:25:00+00:00,-1,16,205.1500578316179,4.446162887457043,116.30846029173419,10.205364053443024,0.5068412636677303,2025-12-01 14:05:00+00:00,2025-12-01 14:25:00+00:00,2025-12-01 14:30:00+00:00,2025-12-01 15:25:00+00:00,-0.0035630170904040748,0.007576363636363714,reversal
PLTR_20251202_143000,PLTR,2025-12-02 14:30:00+00:00,1,26,237.04227843622584,6.496616768349608,785.5719832735962,32.382789983209236,0.3658836346586198,2025-12-02 14:10:00+00:00,2025-12-02 14:30:00+00:00,2025-12-02 14:35:00+00:00,2025-12-02 15:30:00+00:00,0.014957233509336643,0.0010150517676401627,unclear
PLTR_20251203_140000,PLTR,2025-12-03 14:00:00+00:00,-1,6,171.56717742412786,6.243767792336591,58.16450624558096,23.746892029299993,0.544635259825618,2025-12-03 13:40:00+00:00,2025-12-03 14:00:00+00:00,2025-12-03 14:05:00+00:00,2025-12-03 15:00:00+00:00,-0.009638834049471634,0.013253400562851736,reversal
PLTR_20251210_090000,PLTR,2025-12-10 09:00:00+00:00,1,3,189.8035753696803,4.739625639386526,3.2217542303997635,4.633830593721291,25.793097589211577,2025-12-10 00:40:00+00:00,2025-12-10 09:00:00+00:00,2025-12-10 09:05:00+00:00,2025-12-10 10:00:00+00:00,0.017574789267808866,-0.0011369788846777862,unclear
PLTR_20251212_143000,PLTR,2025-12-12 14:30:00+00:00,-1,4,114.53454969620137,5.01406317327355,289.77665761923225,12.76468329194377,0.03748296099530725,2025-12-12 14:10:00+00:00,2025-12-12 14:30:00+00:00,2025-12-12 14:35:00+00:00,2025-12-12 15:30:00+00:00,-0.008875174412364406,-0.019580239346524086,continuation
PLTR_20251215_143000,PLTR,2025-12-15 14:30:00+00:00,1,7,156.50165486200018,4.92249504578178,527.8931708699348,19.714134982896837,0.10521156860721464,2025-12-15 14:10:00+00:00,2025-12-15 14:30:00+00:00,2025-12-15 14:35:00+00:00,2025-12-15 15:30:00+00:00,0.01045220687787718,-0.010451280951870645,reversal
PLTR_20251216_143000,PLTR,2025-12-16 14:30:00+00:00,1,10,185.3578283520707,5.196611599653003,235.08639830099432,10.298524784691557,0.08408526899998008,2025-12-16 14:10:00+00:00,2025-12-16 14:30:00+00:00,2025-12-16 14:35:00+00:00,2025-12-16 15:30:00+00:00,0.009148513759444032,0.004705749911606549,continuation
PLTR_20251217_143000,PLTR,2025-12-17 14:30:00+00:00,-1,5,117.62178419894242,5.2743890690487785,282.7471521107885,9.666059167973193,0.0505750573108453,2025-12-17 14:10:00+00:00,2025-12-17 14:30:00+00:00,2025-12-17 14:35:00+00:00,2025-12-17 15:30:00+00:00,-0.008129649309245535,-0.0053752611560508035,continuation
PLTR_20251217_151500,PLTR,2025-12-17 15:15:00+00:00,1,17,182.7224276702255,4.823574035706146,155.69726435887463,8.643473457137453,0.11810687069210471,2025-12-17 14:55:00+00:00,2025-12-17 15:15:00+00:00,2025-12-17 15:20:00+00:00,2025-12-17 16:15:00+00:00,-0.0010502320932754827,-0.02803563307562673,reversal
PLTR_20251218_133000,PLTR,2025-12-18 13:30:00+00:00,1,4,118.64964924010567,5.341111788688808,26.527924750146973,8.47376238546095,0.6472957324768949,2025-12-18 13:10:00+00:00,2025-12-18 13:30:00+00:00,2025-12-18 13:35:00+00:00,2025-12-18 14:30:00+00:00,0.006512499187534715,0.016778893917650972,continuation
PLTR_20251218_143000,PLTR,2025-12-18 14:30:00+00:00,1,12,224.26989622026827,4.481533580363896,559.812757201646,19.949426150345285,0.13378956847682408,2025-12-18 14:10:00+00:00,2025-12-18 14:30:00+00:00,2025-12-18 14:35:00+00:00,2025-12-18 15:30:00+00:00,0.011364260225089184,0.01465638909998912,continuation
PLTR_20251219_141500,PLTR,2025-12-19 14:15:00+00:00,1,11,161.28168033005653,5.417204183257219,1544.9071005017486,25.10098956064856,0.23880734099436116,2025-12-19 13:55:00+00:00,2025-12-19 14:15:00+00:00,2025-12-19 14:20:00+00:00,2025-12-19 15:15:00+00:00,0.0031700227990996144,0.022583975851770743,continuation
PLTR_20251222_143500,PLTR,2025-12-22 14:35:00+00:00,1,15,170.296015568987,5.1503679048355755,333.0865211440098,28.18874203903337,0.36259186346644146,2025-12-22 14:15:00+00:00,2025-12-22 14:35:00+00:00,2025-12-22 14:40:00+00:00,2025-12-22 15:35:00+00:00,0.017032628770777825,-0.024314467312348653,reversal
PLTR_20251223_142500,PLTR,2025-12-23 14:25:00+00:00,1,10,122.21471276318896,5.867366756141168,549.7566765578636,32.97567711520982,0.8062416694266475,2025-12-23 14:05:00+00:00,2025-12-23 14:25:00+00:00,2025-12-23 14:30:00+00:00,2025-12-23 15:25:00+00:00,0.004742053152683612,-0.0011928841865047612,unclear
PLTR_20251226_143000,PLTR,2025-12-26 14:30:00+00:00,-1,7,106.02271543191044,5.805676027798274,608.2669935368843,27.419282542615072,0.10504930008248417,2025-12-26 14:10:00+00:00,2025-12-26 14:30:00+00:00,2025-12-26 14:35:00+00:00,2025-12-26 15:30:00+00:00,-0.0037750385208011883,-0.010491583533111637,continuation
PLTR_20251229_090000,PLTR,2025-12-29 09:00:00+00:00,-1,3,62.50667806389831,4.798566843131582,7.4258936138391745,14.043932606000714,5.333490704973166,2025-12-27 00:40:00+00:00,2025-12-29 09:00:00+00:00,2025-12-29 09:05:00+00:00,2025-12-29 10:00:00+00:00,-0.005413150772170083,-0.0010671789125445974,unclear
PLTR_20251229_145000,PLTR,2025-12-29 14:50:00+00:00,-1,8,122.37383582412997,4.380629458205419,161.73120425815037,12.713580983487134,0.13444639797503466,2025-12-29 14:30:00+00:00,2025-12-29 14:50:00+00:00,2025-12-29 14:55:00+00:00,2025-12-29 15:50:00+00:00,-0.006114455416348585,0.005599831079251993,reversal
PLTR_20251230_143000,PLTR,2025-12-30 14:30:00+00:00,-1,5,121.33523663115486,5.897004441750398,364.1113725490196,18.49565385710098,0.08979523681063209,2025-12-30 14:10:00+00:00,2025-12-30 14:30:00+00:00,2025-12-30 14:35:00+00:00,2025-12-30 15:30:00+00:00,-0.0056170628459785155,0.0026470186928639894,unclear
PLTR_20251231_143500,PLTR,2025-12-31 14:35:00+00:00,-1,3,86.71966201567294,5.80075421929472,292.05110525248426,15.762257052994402,0.060032646967952276,2025-12-31 14:15:00+00:00,2025-12-31 14:35:00+00:00,2025-12-31 14:40:00+00:00,2025-12-31 15:35:00+00:00,-0.007831890132921626,0.0025015287119907192,unclear
PLTR_20260102_090000,PLTR,2026-01-02 09:00:00+00:00,1,4,272.85513361463563,5.827788782775641,4.039033124440466,8.71480102609687,145.65264035932867,2026-01-01 00:40:00+00:00,2026-01-02 09:00:00+00:00,2026-01-02 09:05:00+00:00,2026-01-02 10:00:00+00:00,0.022381578118390477,0.005557083906464921,continuation
PLTR_20260105_090000,PLTR,2026-01-05 09:00:00+00:00,1,5,320.75471698113313,4.711176527412027,1.934912848345684,7.195733652429237,98.78633422008176,2026-01-03 00:40:00+00:00,2026-01-05 09:00:00+00:00,2026-01-05 09:05:00+00:00,2026-01-05 10:00:00+00:00,0.03175061625643805,-0.006512797074954224,reversal
PLTR_20260106_105500,PLTR,2026-01-06 10:55:00+00:00,1,3,85.16025087749179,4.125375698552574,8.42588932806324,17.085249027386634,3.0598055002470836,2026-01-06 10:35:00+00:00,2026-01-06 10:55:00+00:00,2026-01-06 11:00:00+00:00,2026-01-06 12:00:00+00:00,0.008922403868293793,-0.0020539738688880593,unclear
PLTR_20260108_142500,PLTR,2026-01-08 14:25:00+00:00,-1,21,249.33227395940395,7.639487862802977,253.2017296050735,16.144112589785713,0.6889305936029352,2026-01-08 14:05:00+00:00,2026-01-08 14:25:00+00:00,2026-01-08 14:30:00+00:00,2026-01-08 15:25:00+00:00,-0.002849002849002802,-0.020862533692722396,continuation
PLTR_20260109_141500,PLTR,2026-01-09 14:15:00+00:00,-1,19,147.39488117001542,5.035490231533453,343.05566488614,19.16587842348183,0.34232559411421337,2026-01-09 13:55:00+00:00,2026-01-09 14:15:00+00:00,2026-01-09 14:20:00+00:00,2026-01-09 15:15:00+00:00,-0.0026428250112460194,-0.0025376331961436405,unclear
PLTR_20260112_090000,PLTR,2026-01-12 09:00:00+00:00,-1,3,182.49641319942444,4.728846892310331,1.2667933233817343,9.389994471837054,336.00406907409086,2026-01-10 00:40:00+00:00,2026-01-12 09:00:00+00:00,2026-01-12 09:05:00+00:00,2026-01-12 10:00:00+00:00,-0.017867207755608128,0.0021233859397418176,unclear
PLTR_20260113_133000,PLTR,2026-01-13 13:30:00+00:00,1,3,91.31652661064527,5.1403504402760705,38.914994829369185,16.243744913765735,0.5551672109006195,2026-01-13 13:10:00+00:00,2026-01-13 13:30:00+00:00,2026-01-13 13:35:00+00:00,2026-01-13 14:30:00+00:00,0.008397245703409384,-0.013081108088602744,reversal
PLTR_20260113_142500,PLTR,2026-01-13 14:25:00+00:00,-1,6,106.66932172756383,4.435314872441069,483.16765793280825,20.95338756331761,1.442579626489648,2026-01-13 14:05:00+00:00,2026-01-13 14:25:00+00:00,2026-01-13 14:30:00+00:00,2026-01-13 15:25:00+00:00,-0.004233275775636369,-0.008754265257034155,continuation
PLTR_20260114_143000,PLTR,2026-01-14 14:30:00+00:00,1,19,221.57072785703002,4.595478321466205,390.60454878943506,30.54226710357937,0.3001354281697986,2026-01-14 14:10:00+00:00,2026-01-14 14:30:00+00:00,2026-01-14 14:35:00+00:00,2026-01-14 15:30:00+00:00,0.018367690838622774,-0.022448979591836893,reversal
PLTR_20260115_144500,PLTR,2026-01-15 14:45:00+00:00,1,14,140.02530577814863,5.12799844895628,196.28241888541555,14.71339750589296,0.12382129515180454,2026-01-15 14:25:00+00:00,2026-01-15 14:45:00+00:00,2026-01-15 14:50:00+00:00,2026-01-15 15:45:00+00:00,0.005062370643843961,-0.004786976485320782,reversal
QQQ_20251017_080000,QQQ,2025-10-17 08:00:00+00:00,-1,3,126.61870503597905,4.267347501280644,2.172123519016198,2.2079944293062295,23.600516555393956,2025-10-16 23:40:00+00:00,2025-10-17 08:00:00+00:00,2025-10-17 08:05:00+00:00,2025-10-17 09:00:00+00:00,-0.011561564073819919,0.0031146319994583838,reversal
QQQ_20251027_080000,QQQ,2025-10-27 08:00:00+00:00,1,3,106.41571777968207,5.20927442570823,1.8662650602409638,6.6000139259801385,59.02506297170847,2025-10-24 23:40:00+00:00,2025-10-27 08:00:00+00:00,2025-10-27 08:05:00+00:00,2025-10-27 09:00:00+00:00,0.0104308390022676,0.0006251602975122506,unclear
QQQ_20251029_183500,QQQ,2025-10-29 18:35:00+00:00,-1,5,68.1684871351762,4.273612920260333,7.256058208734595,10.975182711520008,2.9177341767968112,2025-10-29 18:15:00+00:00,2025-10-29 18:35:00+00:00,2025-10-29 18:40:00+00:00,2025-10-29 19:35:00+00:00,-0.006362598683894549,0.004991838739837995,reversal
QQQ_20251030_133500,QQQ,2025-10-30 13:35:00+00:00,-1,4,66.05966062844803,4.517202361570338,134.46689132266218,5.135074435403299,0.16324632231500916,2025-10-30 13:15:00+00:00,2025-10-30 13:35:00+00:00,2025-10-30 13:40:00+00:00,2025-10-30 14:35:00+00:00,-0.005745034422726891,0.0030562541784724395,reversal
QQQ_20251104_090000,QQQ,2025-11-04 09:00:00+00:00,-1,3,105.4100885637288,5.44382620987277,3.6143746843965663,3.937642926351699,22.236293445181673,2025-11-04 00:40:00+00:00,2025-11-04 09:00:00+00:00,2025-11-04 09:05:00+00:00,2025-11-04 10:00:00+00:00,-0.008942185514612455,-0.004631632931070384,continuation
QQQ_20251106_145000,QQQ,2025-11-06 14:50:00+00:00,-1,10,83.82312328411246,6.333417598876365,79.85688529910215,6.9191413916285915,0.40739998726765725,2025-11-06 14:30:00+00:00,2025-11-06 14:50:00+00:00,2025-11-06 14:55:00+00:00,2025-11-06 15:50:00+00:00,-0.003558031329995437,-0.008450203580430249,continuation
QQQ_20251110_090000,QQQ,2025-11-10 09:00:00+00:00,1,3,114.2490747836944,4.603709875408394,1.262073899083332,7.065160531693569,97.37152331009213,2025-11-08 00:40:00+00:00,2025-11-10 09:00:00+00:00,2025-11-10 09:05:00+00:00,2025-11-10 10:00:00+00:00,0.011444414606236908,0.0007271904592611733,unclear
QQQ_20251113_143500,QQQ,2025-11-13 14:35:00+00:00,-1,13,72.90652864026637,4.8095849481673225,83.5494914912899,5.639472005388403,0.27479311543194385,2025-11-13 14:15:00+00:00,2025-11-13 14:35:00+00:00,2025-11-13 14:40:00+00:00,2025-11-13 15:35:00+00:00,-0.004130892596792446,-0.0016229361529076503,unclear
QQQ_20251114_143000,QQQ,2025-11-14 14:30:00+00:00,-1,5,102.74259132210473,4.730863369300901,64.86162297549015,4.983983085476607,0.11029729349003704,2025-11-14 14:10:00+00:00,2025-11-14 14:30:00+00:00,2025-11-14 14:35:00+00:00,2025-11-14 15:30:00+00:00,-0.0033188792528352495,0.014859189103261228,reversal
QQQ_20251118_144500,QQQ,2025-11-18 14:45:00+00:00,-1,4,73.5356124875608,4.103022920576861,74.4834752276221,4.44260931024563,0.09616491206395845,2025-11-18 14:25:00+00:00,2025-11-18 14:45:00+00:00,2025-11-18 14:50:00+00:00,2025-11-18 15:45:00+00:00,-0.0038526968878215273,-0.0057071341269442355,continuation
QQQ_20251119_144000,QQQ,2025-11-19 14:40:00+00:00,1,6,65.64668380854455,5.296658573225427,91.01512580945781,5.332046043005396,0.21213904976039027,2025-11-19 14:20:00+00:00,2025-11-19 14:40:00+00:00,2025-11-19 14:45:00+00:00,2025-11-19 15:40:00+00:00,0.0041486834621433655,0.006830373504814524,continuation
QQQ_20251125_144000,QQQ,2025-11-25 14:40:00+00:00,-1,6,89.87843419226094,5.5833452982905225,111.49486692940204,8.849867304598,0.20199258005954307,2025-11-25 14:20:00+00:00,2025-11-25 14:40:00+00:00,2025-11-25 14:45:00+00:00,2025-11-25 15:40:00+00:00,-0.005367526464887473,0.004696946984460215,reversal
QQQ_20251201_090000,QQQ,2025-12-01 09:00:00+00:00,-1,3,68.1278657604656,4.303685041553506,0.08201358459803153,3.2580862318164665,176.5936439061798,2025-11-28 21:40:00+00:00,2025-12-01 09:00:00+00:00,2025-12-01 09:05:00+00:00,2025-12-01 10:00:00+00:00,-0.006557476615285052,-0.0006341257194887318,unclear
QQQ_20251203_140000,QQQ,2025-12-03 14:00:00+00:00,-1,3,86.04515753380282,6.693739615356562,126.33878471732694,14.364735311488088,0.3342060059784909,2025-12-03 13:40:00+00:00,2025-12-03 14:00:00+00:00,2025-12-03 14:05:00+00:00,2025-12-03 15:00:00+00:00,-0.005212510024057759,0.0019348649738009094,unclear
QQQ_20251211_143000,QQQ,2025-12-11 14:30:00+00:00,-1,8,67.60581604100979,4.210854853215745,127.61528014764774,8.23172747684252,0.1454522723546546,2025-12-11 14:10:00+00:00,2025-12-11 14:30:00+00:00,2025-12-11 14:35:00+00:00,2025-12-11 15:30:00+00:00,-0.0036670670189766774,0.00016056960258281627,unclear
QQQ_20251212_155500,QQQ,2025-12-12 15:55:00+00:00,-1,3,84.9497727328341,4.938461445146669,94.64043599059629,7.273740990960172,0.14825526064733963,2025-12-12 15:35:00+00:00,2025-12-12 15:55:00+00:00,2025-12-12 16:00:00+00:00,2025-12-12 16:55:00+00:00,-0.004875757281238902,-0.0025556297104163406,unclear
QQQ_20251217_153500,QQQ,2025-12-17 15:35:00+00:00,-1,5,69.39143091837741,5.418721624321664,73.4367378540551,5.613789815149942,0.18614985464699058,2025-12-17 15:15:00+00:00,2025-12-17 15:35:00+00:00,2025-12-17 15:40:00+00:00,2025-12-17 16:35:00+00:00,-0.00391755385714565,-0.00648335554787649,continuation
QQQ_20251218_144000,QQQ,2025-12-18 14:40:00+00:00,-1,8,65.98107774578921,4.620342301784348,108.07593773335631,5.266313401526256,0.17054720154340514,2025-12-18 14:20:00+00:00,2025-12-18 14:40:00+00:00,2025-12-18 14:45:00+00:00,2025-12-18 15:40:00+00:00,-0.0027238120241535047,0.007181875020566775,reversal
QQQ_20251219_143000,QQQ,2025-12-19 14:30:00+00:00,1,5,70.33624154495044,4.320958591134474,210.58529116225657,8.401599116852722,0.06952478103028782,2025-12-19 14:10:00+00:00,2025-12-19 14:30:00+00:00,2025-12-19 14:35:00+00:00,2025-12-19 15:30:00+00:00,0.004440337563783814,0.002597064259022508,unclear
QQQ_20260102_090000,QQQ,2026-01-02 09:00:00+00:00,1,3,113.95825871781452,5.2257000797550655,1.5166855756817026,10.359875597738421,83.61178141234593,2026-01-01 00:40:00+00:00,2026-01-02 09:00:00+00:00,2026-01-02 09:05:00+00:00,2026-01-02 10:00:00+00:00,0.010483477128439,0.0006282823726520004,unclear
QQQ_20260102_151000,QQQ,2026-01-02 15:10:00+00:00,-1,8,82.48344236317706,4.845000019130775,128.57398910238027,12.551326618330966,0.23302017474666525,2026-01-02 14:50:00+00:00,2026-01-02 15:10:00+00:00,2026-01-02 15:15:00+00:00,2026-01-02 16:10:00+00:00,-0.005422888774459289,-0.008558901095345295,continuation
QQQ_20260108_143000,QQQ,2026-01-08 14:30:00+00:00,-1,3,63.32385629361559,6.535034163612895,287.78109172763084,10.992159616643017,0.04851629583508125,2026-01-08 14:10:00+00:00,2026-01-08 14:30:00+00:00,2026-01-08 14:35:00+00:00,2026-01-08 15:30:00+00:00,-0.0034177337055935064,-0.0015134682574184932,unclear
QQQ_20260109_150500,QQQ,2026-01-09 15:05:00+00:00,-1,5,60.7238680092137,4.2183135810562025,168.5231009070295,9.535534934369466,0.10605771987575609,2026-01-09 14:45:00+00:00,2026-01-09 15:05:00+00:00,2026-01-09 15:10:00+00:00,2026-01-09 16:05:00+00:00,-0.002419632652404191,0.009348128929982824,reversal
QQQ_20260112_090000,QQQ,2026-01-12 09:00:00+00:00,-1,3,101.50812064965153,5.031793987806723,1.002756840777781,5.3246730323959826,139.13683661111057,2026-01-10 00:40:00+00:00,2026-01-12 09:00:00+00:00,2026-01-12 09:05:00+00:00,2026-01-12 10:00:00+00:00,-0.010017227078415014,0.0006283836040217317,unclear
QQQ_20260115_090000,QQQ,2026-01-15 09:00:00+00:00,1,3,69.32661075289337,4.318013519528041,1.0422015585588977,1.744704365891508,32.96893164411525,2026-01-15 00:40:00+00:00,2026-01-15 09:00:00+00:00,2026-01-15 09:05:00+00:00,2026-01-15 10:00:00+00:00,0.006077356996234018,0.0026186842316651138,unclear
SPY_20251017_080000,SPY,2025-10-17 08:00:00+00:00,-1,3,110.6252397391616,4.473900241777019,3.0772957324878396,8.137875116208768,20.68077464868308,2025-10-16 23:40:00+00:00,2025-10-17 08:00:00+00:00,2025-10-17 08:05:00+00:00,2025-10-17 09:00:00+00:00,-0.009614946457051743,0.0027913254194658066,unclear
SPY_20251027_080000,SPY,2025-10-27 08:00:00+00:00,1,3,78.9959394610551,5.038304749411914,0.2769959132629134,4.516226399957333,233.95736089648673,2025-10-24 23:40:00+00:00,2025-10-27 08:00:00+00:00,2025-10-27 08:05:00+00:00,2025-10-27 09:00:00+00:00,0.00789959394610551,-7.324934075603196e-05,unclear
SPY_20251029_183500,SPY,2025-10-29 18:35:00+00:00,-1,5,68.93120051515655,4.535456472960246,12.284038167301862,13.9596050526757,2.0998456486398553,2025-10-29 18:15:00+00:00,2025-10-29 18:35:00+00:00,2025-10-29 18:40:00+00:00,2025-10-29 19:35:00+00:00,-0.0065402223675604665,0.002706458927657085,unclear
SPY_20251104_090000,SPY,2025-11-04 09:00:00+00:00,-1,3,86.3790323773439,5.322832305314714,1.4603017697049576,8.45395308096846,82.7545290819418,2025-11-04 00:40:00+00:00,2025-11-04 09:00:00+00:00,2025-11-04 09:05:00+00:00,2025-11-04 10:00:00+00:00,-0.007554864452529064,-0.003946609906434251,continuation
SPY_20251110_090000,SPY,2025-11-10 09:00:00+00:00,1,3,72.72889523469495,4.411804547561175,0.5299346405228759,6.255463870412576,290.6175450038425,2025-11-08 00:45:00+00:00,2025-11-10 09:00:00+00:00,2025-11-10 09:05:00+00:00,2025-11-10 10:00:00+00:00,0.0072748370972062215,0.0007532456023748857,unclear
SPY_20251114_143000,SPY,2025-11-14 14:30:00+00:00,-1,3,63.89294917194866,4.272145861316961,138.91230302437114,5.038523982064806,0.054763168699828724,2025-11-14 14:10:00+00:00,2025-11-14 14:30:00+00:00,2025-11-14 14:35:00+00:00,2025-11-14 15:30:00+00:00,-0.0029148824280669228,0.009282560540076146,reversal
SPY_20251121_123000,SPY,2025-11-21 12:30:00+00:00,1,4,72.74684712396117,4.283041738985295,21.947763419483103,6.89053668041963,0.6077252114352816,2025-11-21 12:10:00+00:00,2025-11-21 12:30:00+00:00,2025-11-21 12:35:00+00:00,2025-11-21 13:30:00+00:00,0.0031779173127408633,0.002999510284035223,unclear
SPY_20251125_144500,SPY,2025-11-25 14:45:00+00:00,-1,2,67.89882098171107,5.475519594007964,277.8011822212118,10.407977981222906,0.10240482690436134,2025-11-25 14:25:00+00:00,2025-11-25 14:45:00+00:00,2025-11-25 14:50:00+00:00,2025-11-25 15:45:00+00:00,-0.00556319913860126,0.007481653031761182,reversal
SPY_20251212_155500,SPY,2025-12-12 15:55:00+00:00,-1,3,67.29158708236093,5.885702324011325,132.8449448548647,9.13761183794443,0.11579000139666007,2025-12-12 15:35:00+00:00,2025-12-12 15:55:00+00:00,2025-12-12 16:00:00+00:00,2025-12-12 16:55:00+00:00,-0.004701141705842904,-0.0016437833714723071,unclear
SPY_20260112_090000,SPY,2026-01-12 09:00:00+00:00,-1,3,75.01233278198293,4.90269824101796,0.7431985761505212,2.710803674795412,186.52204721454117,2026-01-10 00:40:00+00:00,2026-01-12 09:00:00+00:00,2026-01-12 09:05:00+00:00,2026-01-12 10:00:00+00:00,-0.007430946661906579,0.00033371057137054905,unclear
TSLA_20251017_080000,TSLA,2025-10-17 08:00:00+00:00,-1,3,237.75684725267254,4.565264713111773,5.527227036715386,5.666706526902198,12.512284435919314,2025-10-16 23:40:00+00:00,2025-10-17 08:00:00+00:00,2025-10-17 08:05:00+00:00,2025-10-17 09:00:00+00:00,-0.019938794726930387,0.003915163452069326,reversal
TSLA_20251020_080000,TSLA,2025-10-20 08:00:00+00:00,1,3,142.09267903905643,4.331215493792975,5.67794440380395,11.520890560576738,14.495065810582442,2025-10-17 23:40:00+00:00,2025-10-20 08:00:00+00:00,2025-10-20 08:05:00+00:00,2025-10-20 09:00:00+00:00,0.014255459658870873,-0.0037944273558004893,reversal
TSLA_20251021_080000,TSLA,2025-10-21 08:00:00+00:00,-1,3,94.62297599422742,4.594964771001457,3.8093742111020727,10.205386096194353,13.741214914675224,2025-10-20 23:40:00+00:00,2025-10-21 08:00:00+00:00,2025-10-21 08:05:00+00:00,2025-10-21 09:00:00+00:00,-0.008365019011406849,0.0018946228798266684,unclear
TSLA_20251022_140500,TSLA,2025-10-22 14:05:00+00:00,-1,14,112.806075608749,4.6373018468468965,123.3461143883047,8.027920531465162,0.14161915034027392,2025-10-22 13:45:00+00:00,2025-10-22 14:05:00+00:00,2025-10-22 14:10:00+00:00,2025-10-22 15:05:00+00:00,-0.001992640815171254,-0.007623455739713458,continuation
TSLA_20251022_212500,TSLA,2025-10-22 21:25:00+00:00,1,11,290.38724237226756,4.385633675105396,1.2732414858178653,7.408908304074109,14.94819660143321,2025-10-22 21:05:00+00:00,2025-10-22 21:25:00+00:00,2025-10-22 21:30:00+00:00,2025-10-22 22:25:00+00:00,0.0036379293536541457,-0.013180945966979274,reversal
TSLA_20251023_132500,TSLA,2025-10-23 13:25:00+00:00,-1,8,199.6083888147826,5.273078783886583,208.01787740333017,7.757854135125727,0.7199273220642431,2025-10-23 13:05:00+00:00,2025-10-23 13:25:00+00:00,2025-10-23 13:30:00+00:00,2025-10-23 14:25:00+00:00,-0.007397253799068859,0.010618809523809558,reversal
TSLA_20251024_133000,TSLA,2025-10-24 13:30:00+00:00,-1,12,90.07216959855401,4.526124881724715,455.57568890500363,23.229208905238828,0.09666496033262004,2025-10-24 13:10:00+00:00,2025-10-24 13:30:00+00:00,2025-10-24 13:35:00+00:00,2025-10-24 14:30:00+00:00,-0.003650021574110651,-0.012135649594354758,continuation
TSLA_20251027_080000,TSLA,2025-10-27 08:00:00+00:00,1,3,157.9250720461056,4.582260012216759,2.8925467521908033,7.268943711637127,39.0477663408063,2025-10-24 23:40:00+00:00,2025-10-27 08:00:00+00:00,2025-10-27 08:05:00+00:00,2025-10-27 09:00:00+00:00,0.013796827206774553,0.0012047645026367348,unclear
TSLA_20251027_133000,TSLA,2025-10-27 13:30:00+00:00,1,8,147.94107141555156,4.244038417259336,224.02741273711126,15.218108088663048,0.12148682655379377,2025-10-27 13:10:00+00:00,2025-10-27 13:30:00+00:00,2025-10-27 13:35:00+00:00,2025-10-27 14:30:00+00:00,0.008451025056947614,0.012158749520001955,continuation
TSLA_20251027_150500,TSLA,2025-10-27 15:05:00+00:00,1,6,138.06908931180084,4.353604255421784,105.766066881974,10.392915825597878,0.30923967299279614,2025-10-27 14:45:00+00:00,2025-10-27 15:05:00+00:00,2025-10-27 15:10:00+00:00,2025-10-27 16:05:00+00:00,0.004083051946599747,0.015554237611630217,continuation
TSLA_20251031_133000,TSLA,2025-10-31 13:30:00+00:00,1,11,90.98683443187205,4.211712243855831,193.48828024383963,7.907317662674231,0.10045103946829421,2025-10-31 13:10:00+00:00,2025-10-31 13:30:00+00:00,2025-10-31 13:35:00+00:00,2025-10-31 14:30:00+00:00,0.004626325348655147,0.014643944547918286,continuation
TSLA_20251103_143000,TSLA,2025-11-03 14:30:00+00:00,1,16,259.70399207372543,6.441168878520552,216.780948632159,17.53145150582819,0.15357429822189608,2025-11-03 14:10:00+00:00,2025-11-03 14:30:00+00:00,2025-11-03 14:35:00+00:00,2025-11-03 15:30:00+00:00,0.0033076753903673595,0.026059175281233804,continuation
TSLA_20251104_090000,TSLA,2025-11-04 09:00:00+00:00,-1,3,171.60345392939868,4.881509815127469,1.8044321424299896,3.586805069552766,28.53442803085542,2025-11-04 00:40:00+00:00,2025-11-04 09:00:00+00:00,2025-11-04 09:05:00+00:00,2025-11-04 10:00:00+00:00,-0.015252744419858688,-0.007700866074739743,continuation
TSLA_20251106_144000,TSLA,2025-11-06 14:40:00+00:00,1,28,172.31051885956416,5.612656372564593,168.80916480923037,9.526880820562482,0.6681547974907162,2025-11-06 14:20:00+00:00,2025-11-06 14:40:00+00:00,2025-11-06 14:45:00+00:00,2025-11-06 15:40:00+00:00,0.006333369482702578,-0.037649632519343945,reversal
TSLA_20251107_142000,TSLA,2025-11-07 14:20:00+00:00,-1,17,280.97931973428246,5.2269034239728684,120.2883910006308,8.508523262278377,0.4519475481919535,2025-11-07 14:00:00+00:00,2025-11-07 14:20:00+00:00,2025-11-07 14:25:00+00:00,2025-11-07 15:20:00+00:00,-0.006848072562358198,-0.011054842686880728,continuation
TSLA_20251110_090000,TSLA,2025-11-10 09:00:00+00:00,1,4,228.70370370369653,4.182071091328884,1.8567083574427679,4.314679041334994,73.29100593889736,2025-11-08 00:40:00+00:00,2025-11-10 09:00:00+00:00,2025-11-10 09:05:00+00:00,2025-11-10 10:00:00+00:00,0.02287037037037032,-0.0021272743731329813,unclear
TSLA_20251112_143000,TSLA,2025-11-12 14:30:00+00:00,-1,6,105.72507699804889,4.146339780566357,271.7082009818077,17.66201827807649,0.12307886126269456,2025-11-12 14:10:00+00:00,2025-11-12 14:30:00+00:00,2025-11-12 14:35:00+00:00,2025-11-12 15:30:00+00:00,-0.007218300298669544,-0.01509857788753921,continuation
TSLA_20251113_143500,TSLA,2025-11-13 14:35:00+00:00,-1,15,137.04368641531684,4.972851171528117,188.40688301675195,8.388958695761817,0.18594090080541376,2025-11-13 14:15:00+00:00,2025-11-13 14:35:00+00:00,2025-11-13 14:40:00+00:00,2025-11-13 15:35:00+00:00,-0.009058290674907377,-0.026924315727303694,continuation
TSLA_20251114_090000,TSLA,2025-11-14 09:00:00+00:00,-1,4,195.55917702179127,4.487216230195206,2.2258628408194587,2.676629947015064,22.80456422669541,2025-11-14 00:40:00+00:00,2025-11-14 09:00:00+00:00,2025-11-14 09:05:00+00:00,2025-11-14 10:00:00+00:00,-0.01526660523497625,-0.011760242792109188,continuation
TSLA_20251117_143000,TSLA,2025-11-17 14:30:00+00:00,1,12,253.29572520997655,5.420410993038941,152.59746438666704,9.193068684341727,0.16429520884955767,2025-11-17 14:10:00+00:00,2025-11-17 14:30:00+00:00,2025-11-17 14:35:00+00:00,2025-11-17 15:30:00+00:00,0.018022517652636072,0.02716049382716057,continuation
TSLA_20251118_141500,TSLA,2025-11-18 14:15:00+00:00,1,20,145.71098730110864,4.033536592637923,228.13652468309581,8.311476458933676,0.6697476678854944,2025-11-18 13:55:00+00:00,2025-11-18 14:15:00+00:00,2025-11-18 14:20:00+00:00,2025-11-18 15:15:00+00:00,0.005057357838904597,-0.02441089837997057,reversal
TSLA_20251119_142500,TSLA,2025-11-19 14:25:00+00:00,1,23,168.2650392327778,4.47052077784027,154.9093885733378,7.071556423110562,0.4828969490485412,2025-11-19 14:05:00+00:00,2025-11-19 14:25:00+00:00,2025-11-19 14:30:00+00:00,2025-11-19 15:25:00+00:00,0.0033586881359279896,0.011531456138623719,continuation
TSLA_20251120_142500,TSLA,2025-11-20 14:25:00+00:00,1,35,188.2433768049596,6.396948540435393,254.17202871576708,10.819097754609881,1.1212967717615616,2025-11-20 14:05:00+00:00,2025-11-20 14:25:00+00:00,2025-11-20 14:30:00+00:00,2025-11-20 15:25:00+00:00,0.00479958144452497,0.0312855868669093,continuation
TSLA_20251124_140500,TSLA,2025-11-24 14:05:00+00:00,1,11,227.84620381243403,4.748580955947501,318.3849239864865,14.676620574486504,0.6021446110100768,2025-11-24 13:45:00+00:00,2025-11-24 14:05:00+00:00,2025-11-24 14:10:00+00:00,2025-11-24 15:05:00+00:00,0.003314384443526386,0.03413200299735375,continuation
TSLA_20251125_090000,TSLA,2025-11-25 09:00:00+00:00,-1,3,127.37781432129668,4.945546265923932,1.7832787231793679,5.577131430036027,27.20893089302967,2025-11-25 00:40:00+00:00,2025-11-25 09:00:00+00:00,2025-11-25 09:05:00+00:00,2025-11-25 10:00:00+00:00,-0.007409107536059278,-0.0019510080208107183,unclear
TSLA_20251126_143000,TSLA,2025-11-26 14:30:00+00:00,-1,5,107.6574967250199,4.346401369713387,155.4353991416309,10.278330421347805,0.13927072852872,2025-11-26 14:10:00+00:00,2025-11-26 14:30:00+00:00,2025-11-26 14:35:00+00:00,2025-11-26 15:30:00+00:00,-0.0067589538171536345,-0.002494475501830795,unclear
TSLA_20251128_142000,TSLA,2025-11-28 14:20:00+00:00,-1,9,132.31361141087916,4.648805793815351,317.8690092028206,23.897392117829977,0.9273356476965561,2025-11-28 14:00:00+00:00,2025-11-28 14:20:00+00:00,2025-11-28 14:25:00+00:00,2025-11-28 15:20:00+00:00,-0.004553840405408516,0.002850373011776819,unclear
TSLA_20251202_145000,TSLA,2025-12-02 14:50:00+00:00,-1,9,170.34516381247312,5.6499458745753675,246.28988579964343,12.585252426558506,0.1538157693600122,2025-12-02 14:30:00+00:00,2025-12-02 14:50:00+00:00,2025-12-02 14:55:00+00:00,2025-12-02 15:50:00+00:00,-0.0051127434415626505,0.006709292864686578,reversal
TSLA_20251203_130500,TSLA,2025-12-03 13:05:00+00:00,1,6,65.03600464576209,5.242008321800973,42.543446116378185,7.515253406990102,0.5848784769470615,2025-12-03 12:45:00+00:00,2025-12-03 13:05:00+00:00,2025-12-03 13:10:00+00:00,2025-12-03 14:05:00+00:00,0.004087225099277836,-0.005481416379489845,reversal
TSLA_20251203_140000,TSLA,2025-12-03 14:00:00+00:00,-1,21,102.57072372212627,4.787370737058103,609.6767145135566,18.721353221288865,0.9935821504962687,2025-12-03 13:40:00+00:00,2025-12-03 14:00:00+00:00,2025-12-03 14:05:00+00:00,2025-12-03 15:00:00+00:00,-0.0077335604299492156,0.023868618218088056,reversal
TSLA_20251204_143000,TSLA,2025-12-04 14:30:00+00:00,-1,15,160.8203518995821,5.292723527643177,248.23446045887655,10.240311180021349,0.23366859438219426,2025-12-04 14:10:00+00:00,2025-12-04 14:30:00+00:00,2025-12-04 14:35:00+00:00,2025-12-04 15:30:00+00:00,-0.006834067939984978,0.009862153984086186,reversal
TSLA_20251208_090000,TSLA,2025-12-08 09:00:00+00:00,-1,3,86.31018415797831,4.581730864339366,1.626028044745549,13.059603755064934,59.49476247013216,2025-12-06 00:40:00+00:00,2025-12-08 09:00:00+00:00,2025-12-08 09:05:00+00:00,2025-12-08 10:00:00+00:00,-0.008797009016934254,-0.003439094741513271,continuation
TSLA_20251208_143000,TSLA,2025-12-08 14:30:00+00:00,-1,5,119.13834650812527,4.708120457680107,270.0354547363999,9.744170035437739,0.09668510606127836,2025-12-08 14:10:00+00:00,2025-12-08 14:30:00+00:00,2025-12-08 14:35:00+00:00,2025-12-08 15:30:00+00:00,-0.004032138423218257,-0.006759010315134484,continuation
TSLA_20251209_142500,TSLA,2025-12-09 14:25:00+00:00,1,7,121.30959218839665,5.906485317272479,291.3264596848934,11.442809658247194,1.3740826349920576,2025-12-09 14:05:00+00:00,2025-12-09 14:25:00+00:00,2025-12-09 14:30:00+00:00,2025-12-09 15:25:00+00:00,0.0039690733475576945,0.017812614259597792,continuation
TSLA_20251212_143000,TSLA,2025-12-12 14:30:00+00:00,1,12,232.3171412618641,7.084740509625522,616.9048766303896,19.947309812113822,0.11793320106774272,2025-12-12 14:10:00+00:00,2025-12-12 14:30:00+00:00,2025-12-12 14:35:00+00:00,2025-12-12 15:30:00+00:00,0.012421484072587141,-0.005288493386623072,reversal
TSLA_20251215_090000,TSLA,2025-12-15 09:00:00+00:00,1,3,139.6522896469876,4.384759924179086,1.3543641082684463,4.109276627212072,61.21119831993467,2025-12-13 00:40:00+00:00,2025-12-15 09:00:00+00:00,2025-12-15 09:05:00+00:00,2025-12-15 10:00:00+00:00,0.012891909668932167,0.004891986666089476,continuation
TSLA_20251215_143000,TSLA,2025-12-15 14:30:00+00:00,1,21,199.39370650270627,5.167015005387306,477.44375543320774,21.652258393632916,0.4695265967915811,2025-12-15 14:10:00+00:00,2025-12-15 14:30:00+00:00,2025-12-15 14:35:00+00:00,2025-12-15 15:30:00+00:00,0.01154296667021626,-0.003115986272817284,reversal
TSLA_20251216_143000,TSLA,2025-12-16 14:30:00+00:00,-1,10,155.8319241389694,4.523554314814385,221.44003131524008,12.791642619097875,0.17168444051945445,2025-12-16 14:10:00+00:00,2025-12-16 14:30:00+00:00,2025-12-16 14:35:00+00:00,2025-12-16 15:30:00+00:00,-0.008868144690781787,0.014609242888027785,reversal
TSLA_20251218_133000,TSLA,2025-12-18 13:30:00+00:00,1,3,86.65036262438531,4.180515511212722,22.190119982224857,5.97364700281208,0.456118025143047,2025-12-18 13:10:00+00:00,2025-12-18 13:30:00+00:00,2025-12-18 13:35:00+00:00,2025-12-18 14:30:00+00:00,0.005819838056680071,-0.0013207547169811207,unclear
TSLA_20251219_142000,TSLA,2025-12-19 14:20:00+00:00,1,6,88.20127241179642,4.284123306962093,365.22458946772366,14.276581163221653,0.656159142645343,2025-12-19 14:00:00+00:00,2025-12-19 14:20:00+00:00,2025-12-19 14:25:00+00:00,2025-12-19 15:20:00+00:00,0.0038023595182306025,-0.012879051577632583,reversal
TSLA_20251222_090000,TSLA,2025-12-22 09:00:00+00:00,1,3,114.36148172702998,4.163089475489606,0.7094702067784168,2.4487816539640397,104.96186208478609,2025-12-20 00:40:00+00:00,2025-12-22 09:00:00+00:00,2025-12-22 09:05:00+00:00,2025-12-22 10:00:00+00:00,0.009065507606333512,0.0009845547966278456,unclear
TSLA_20251222_142500,TSLA,2025-12-22 14:25:00+00:00,1,10,150.38469791251342,4.796984237967697,488.3065852992076,27.434080337706195,0.5827686115528308,2025-12-22 14:05:00+00:00,2025-12-22 14:25:00+00:00,2025-12-22 14:30:00+00:00,2025-12-22 15:25:00+00:00,0.0038530906706017998,-0.0037464271131074645,reversal
TSLA_20251224_143000,TSLA,2025-12-24 14:30:00+00:00,-1,5,149.613498462311,7.296305406438304,517.9109542245502,29.18128978787784,0.08809481850610364,2025-12-24 14:10:00+00:00,2025-12-24 14:30:00+00:00,2025-12-24 14:35:00+00:00,2025-12-24 15:30:00+00:00,-0.005265206613263351,-0.014767063475717768,continuation
TSLA_20251226_143500,TSLA,2025-12-26 14:35:00+00:00,1,15,88.88911895641449,5.006520318977719,555.4085554866708,12.815150354690926,0.07577809850055121,2025-12-26 14:15:00+00:00,2025-12-26 14:35:00+00:00,2025-12-26 14:40:00+00:00,2025-12-26 15:35:00+00:00,0.0031559984352804715,-0.02610689658074039,reversal
TSLA_20251229_090000,TSLA,2025-12-29 09:00:00+00:00,-1,3,115.92903349771922,5.926982555606127,2.723061322516945,14.860050695057351,70.33677182491667,2025-12-27 00:40:00+00:00,2025-12-29 09:00:00+00:00,2025-12-29 09:05:00+00:00,2025-12-29 10:00:00+00:00,-0.009092059741793945,-0.0026185255359462145,unclear
TSLA_20251230_090000,TSLA,2025-12-30 09:00:00+00:00,1,4,138.44052454582646,4.729786760357052,0.6397818725537623,3.162658459832023,119.00843723685541,2025-12-30 00:40:00+00:00,2025-12-30 09:00:00+00:00,2025-12-30 09:05:00+00:00,2025-12-30 10:00:00+00:00,0.011994494330471284,0.002461139896372977,unclear
TSLA_20251230_142500,TSLA,2025-12-30 14:25:00+00:00,-1,8,148.77809405096087,4.2253785230960155,259.64646363454216,18.904689577682866,1.0917955276109361,2025-12-30 14:05:00+00:00,2025-12-30 14:25:00+00:00,2025-12-30 14:30:00+00:00,2025-12-30 15:25:00+00:00,-0.0036982306047054214,-0.0010369543466862696,unclear
TSLA_20251231_143000,TSLA,2025-12-31 14:30:00+00:00,-1,3,62.1357299709957,4.5514566234387575,290.6506900133551,14.508509474521494,0.03112639564320636,2025-12-31 14:10:00+00:00,2025-12-31 14:30:00+00:00,2025-12-31 14:35:00+00:00,2025-12-31 15:30:00+00:00,-0.00411336032388665,-0.0003331352687409028,unclear
TSLA_20260102_090000,TSLA,2026-01-02 09:00:00+00:00,1,3,242.89336714266474,5.195403860035062,3.396090027928372,14.541654562162414,83.66146943870513,2026-01-01 00:40:00+00:00,2026-01-02 09:00:00+00:00,2026-01-02 09:05:00+00:00,2026-01-02 10:00:00+00:00,0.023480970398397583,0.005414809176905511,continuation
TSLA_20260105_090000,TSLA,2026-01-05 09:00:00+00:00,1,3,103.11614730878604,4.048637723283144,1.8679300462069368,5.731794640225054,49.96068577949952,2026-01-03 00:40:00+00:00,2026-01-05 09:00:00+00:00,2026-01-05 09:05:00+00:00,2026-01-05 10:00:00+00:00,0.011254459114968585,-0.005047106325706596,reversal
TSLA_20260105_142500,TSLA,2026-01-05 14:25:00+00:00,1,5,123.89559133516137,4.423901465320906,257.00782519941026,13.017130450809939,0.6518353560433741,2026-01-05 14:05:00+00:00,2026-01-05 14:25:00+00:00,2026-01-05 14:30:00+00:00,2026-01-05 15:25:00+00:00,0.006447699496764825,0.016361972365454447,continuation
TSLA_20260106_142500,TSLA,2026-01-06 14:25:00+00:00,-1,8,193.65221119786557,6.002547108578336,368.5148307971837,18.002940810978803,0.6004104060606938,2026-01-06 14:05:00+00:00,2026-01-06 14:25:00+00:00,2026-01-06 14:30:00+00:00,2026-01-06 15:25:00+00:00,-0.003497495121773664,-0.01609201326640375,continuation
TSLA_20260109_142500,TSLA,2026-01-09 14:25:00+00:00,-1,15,102.87307326347195,5.9587890993641,459.1764070932922,18.315666255232525,0.7742909009075389,2026-01-09 14:05:00+00:00,2026-01-09 14:25:00+00:00,2026-01-09 14:30:00+00:00,2026-01-09 15:25:00+00:00,-0.005041437410104765,0.017939806581799278,reversal
TSLA_20260112_090000,TSLA,2026-01-12 09:00:00+00:00,-1,3,109.34912316522104,5.098404347614429,2.8880697784752383,7.896793049601308,67.72502435038818,2026-01-10 00:40:00+00:00,2026-01-12 09:00:00+00:00,2026-01-12 09:05:00+00:00,2026-01-12 10:00:00+00:00,-0.00828431592654122,-0.0015167636338940804,unclear
TSLA_20260112_143000,TSLA,2026-01-12 14:30:00+00:00,1,7,139.27198733890256,4.320260772872557,340.7076086956522,12.767055780134163,0.12701822058253234,2026-01-12 14:10:00+00:00,2026-01-12 14:30:00+00:00,2026-01-12 14:35:00+00:00,2026-01-12 15:30:00+00:00,0.006204627949183417,0.011893086227693361,continuation
TSLA_20260114_143000,TSLA,2026-01-14 14:30:00+00:00,-1,3,87.7295653930843,4.993107472851659,292.5461923784161,11.199943547441062,0.08165361558788398,2026-01-14 14:10:00+00:00,2026-01-14 14:30:00+00:00,2026-01-14 14:35:00+00:00,2026-01-14 15:30:00+00:00,-0.008450929577464739,-0.00020431822825417445,unclear
TSLA_20260114_150000,TSLA,2026-01-14 15:00:00+00:00,-1,10,100.07186903014498,4.138267929590696,161.5910176236498,7.032801759454065,0.15131072641049764,2026-01-14 14:40:00+00:00,2026-01-14 15:00:00+00:00,2026-01-14 15:05:00+00:00,2026-01-14 16:00:00+00:00,-0.0024781175400705457,-0.003008478439237794,continuation
XLK_20251016_232500,XLK,2025-10-16 23:25:00+00:00,-1,4,180.97115212327708,4.708678884439141,0.27929258751877467,3.2077725543980713,533.2254369185073,2025-10-16 21:20:00+00:00,2025-10-16 23:25:00+00:00,2025-10-17 08:00:00+00:00,2025-10-17 09:20:00+00:00,-0.0021510079542849114,-0.008502388954954143,continuation
XLK_20251024_120000,XLK,2025-10-24 12:00:00+00:00,-1,4,96.53840849537465,5.187780551861312,0.19394021189014105,12.189824819373891,306.9925960655209,2025-10-24 09:55:00+00:00,2025-10-24 12:00:00+00:00,2025-10-24 12:05:00+00:00,2025-10-24 13:25:00+00:00,-0.003093421323984269,0.008481588746379831,reversal
XLK_20251027_080000,XLK,2025-10-27 08:00:00+00:00,1,3,124.55334354261937,4.863639585234571,0.07803263635146251,13.063371464464849,630.3803356477796,2025-10-24 21:45:00+00:00,2025-10-27 08:00:00+00:00,2025-10-27 08:05:00+00:00,2025-10-27 09:10:00+00:00,0.012872905598692475,0.0,unclear
XLK_20251030_203000,XLK,2025-10-30 20:30:00+00:00,-1,5,118.74979152072918,5.114374396700759,0.06593025826069814,3.733843014084367,2830.5591059222916,2025-10-30 20:05:00+00:00,2025-10-30 20:30:00+00:00,2025-10-30 20:35:00+00:00,2025-10-30 23:05:00+00:00,-0.0038875598086123286,0.008473931752226438,reversal
XLK_20251104_090000,XLK,2025-11-04 09:00:00+00:00,-1,3,146.3907117617369,4.971065959443932,0.01629336095829101,2.831847302131096,2321.4665467020236,2025-11-04 00:25:00+00:00,2025-11-04 09:00:00+00:00,2025-11-04 09:05:00+00:00,2025-11-04 10:10:00+00:00,-0.01152441049485231,-0.005678191042569614,continuation
XLK_20251106_144000,XLK,2025-11-06 14:40:00+00:00,-1,12,98.99969062596713,5.357103047719687,209.65371955233707,9.915989463451334,0.11765514418250253,2025-11-06 14:20:00+00:00,2025-11-06 14:40:00+00:00,2025-11-06 14:45:00+00:00,2025-11-06 15:40:00+00:00,-0.004138820097024709,-0.013319707034576855,continuation
XLK_20251114_143500,XLK,2025-11-14 14:35:00+00:00,1,11,148.12177318853205,5.477518754188411,1497.0683477106834,23.387384757566377,0.017868291778003614,2025-11-14 14:15:00+00:00,2025-11-14 14:35:00+00:00,2025-11-14 14:40:00+00:00,2025-11-14 15:35:00+00:00,0.006041866581369737,0.016109089624474437,continuation
XLK_20251125_090000,XLK,2025-11-25 09:00:00+00:00,-1,3,71.68071464592751,5.136793175130082,0.03939699734332846,4.96656778483391,240.7332462020819,2025-11-25 00:00:00+00:00,2025-11-25 09:00:00+00:00,2025-11-25 09:20:00+00:00,2025-11-25 10:55:00+00:00,-0.005935991417843622,-0.0025540487067881035,unclear
XLK_20251125_144000,XLK,2025-11-25 14:40:00+00:00,-1,9,134.47343418840464,6.0167147421761324,382.94142259414224,26.749963107446966,0.06493955329203682,2025-11-25 14:20:00+00:00,2025-11-25 14:40:00+00:00,2025-11-25 14:45:00+00:00,2025-11-25 15:40:00+00:00,-0.007040982126737649,0.007563636363636217,reversal
XLK_20251201_090000,XLK,2025-12-01 09:00:00+00:00,-1,3,88.47373986605733,4.46963055409618,0.0234128645179294,4.732568180552598,2128.604200851296,2025-11-28 21:00:00+00:00,2025-12-01 09:00:00+00:00,2025-12-01 09:10:00+00:00,2025-12-01 12:10:00+00:00,-0.007301054984978572,-0.0027096456346554776,unclear
XLK_20251202_143000,XLK,2025-12-02 14:30:00+00:00,1,3,80.5220047202626,5.15050995881762,98.73641997812614,10.429094936966461,0.1027146809934209,2025-12-02 14:10:00+00:00,2025-12-02 14:30:00+00:00,2025-12-02 14:35:00+00:00,2025-12-02 15:30:00+00:00,0.004617093661042793,-0.00041466533052281207,unclear
XLK_20251203_140000,XLK,2025-12-03 14:00:00+00:00,-1,3,110.10452961672135,5.430892242192548,0.23345901163890395,9.357868942557264,38.374139986766785,2025-12-03 13:35:00+00:00,2025-12-03 14:00:00+00:00,2025-12-03 14:05:00+00:00,2025-12-03 15:00:00+00:00,-0.008126474895267854,0.0014236111111112226,unclear
XLK_20251222_143000,XLK,2025-12-22 14:30:00+00:00,-1,4,76.66804807294314,5.076869677723427,514.0550660792951,24.224757117828933,0.04686035473095523,2025-12-22 14:10:00+00:00,2025-12-22 14:30:00+00:00,2025-12-22 14:35:00+00:00,2025-12-22 15:30:00+00:00,-0.004116355653128401,-0.0017911270322402695,unclear
XLK_20251229_143000,XLK,2025-12-29 14:30:00+00:00,1,5,77.82650786705148,5.106421455220197,276.7220149253731,17.554501325195684,0.06203451290836962,2025-12-29 14:10:00+00:00,2025-12-29 14:30:00+00:00,2025-12-29 14:35:00+00:00,2025-12-29 15:30:00+00:00,0.0026152787336544137,0.0008580450302031473,unclear
XLK_20260102_090000,XLK,2026-01-02 09:00:00+00:00,1,3,136.90062543433302,5.010301197894105,0.10959990787773329,10.687127552113626,366.3433273393165,2025-12-31 23:45:00+00:00,2026-01-02 09:00:00+00:00,2026-01-02 09:05:00+00:00,2026-01-02 11:15:00+00:00,0.013629093943397619,0.00048020854771202437,unclear
XLK_20260106_144500,XLK,2026-01-06 14:45:00+00:00,1,4,69.62156200455149,5.031592234219407,814.0,15.18191000075777,0.017125498474374768,2026-01-06 14:25:00+00:00,2026-01-06 14:45:00+00:00,2026-01-06 14:50:00+00:00,2026-01-06 15:45:00+00:00,0.002548033881964118,0.002678939414754611,unclear
XLK_20260108_143000,XLK,2026-01-08 14:30:00+00:00,-1,6,97.65219198005548,6.536619282815671,833.4585635359116,27.312274634807967,0.022128644636915294,2026-01-08 14:05:00+00:00,2026-01-08 14:30:00+00:00,2026-01-08 14:35:00+00:00,2026-01-08 15:30:00+00:00,-0.005954417904318721,-0.00743596805287805,continuation
XLK_20260112_090000,XLK,2026-01-12 09:00:00+00:00,-1,3,120.81774081773577,4.549197980035726,0.04734367596855904,1.6451318436931133,3118.767135886802,2026-01-10 00:40:00+00:00,2026-01-12 09:00:00+00:00,2026-01-12 09:05:00+00:00,2026-01-12 10:15:00+00:00,-0.012658227848101222,0.0018711018711017324,unclear
XLK_20260115_090000,XLK,2026-01-15 09:00:00+00:00,1,4,97.63866768229157,4.032708750008727,0.018092766242464836,1.6287400682753428,2035.5279883285418,2026-01-15 00:25:00+00:00,2026-01-15 09:00:00+00:00,2026-01-15 09:05:00+00:00,2026-01-15 10:50:00+00:00,0.008697916197817346,0.004324843825084246,continuation
